"roll_call_id","bill_id","session","roll_call_date","roll_call_desc","yea","nay","nv","absent","n_total","passed","roll_call_chamber","bill_title","bill_number","session_year","bill_url","pct_of_total","n_present","pct_of_present","final_vote","R_pct_of_present","D_pct_of_present","rc_unity_D","rc_unity_R","rc_mean_partisanship"
1475155,1942322,"2025-2025_2nd_Special_Session","2025-01-27","House Select Committee on Illegal Immigration B",24,8,0,0,32,1,"H","Immigration","H0001",2025,"https://legiscan.com/FL/bill/H0001/2025/X2",0.75,32,0.75,"N",1,0,1,1,1
1475156,1942322,"2025-2025_2nd_Special_Session","2025-01-27","House Select Committee on Illegal Immigration C",24,6,0,2,32,1,"H","Immigration","H0001",2025,"https://legiscan.com/FL/bill/H0001/2025/X2",0.75,30,0.8,"N",1,0,1,1,1
1475196,1942320,"2025-2025_2nd_Special_Session","2025-01-27","Senate Appropriations",12,6,0,1,19,1,"S","Immigration","S0002",2025,"https://legiscan.com/FL/bill/S0002/2025/X2",0.631578947368421,18,0.666666666666667,"N",1,0,1,1,1
1475197,1942322,"2025-2025_2nd_Special_Session","2025-01-27","House Select Committee on Illegal Immigration A",24,7,0,1,32,1,"H","Immigration","H0001",2025,"https://legiscan.com/FL/bill/H0001/2025/X2",0.75,31,0.774193548387097,"N",1,0,1,1,1
1475915,1942320,"2025-2025_2nd_Special_Session","2025-01-28","Senate: Third Reading RCS#2",13,24,0,3,40,0,"S","Immigration","S0002",2025,"https://legiscan.com/FL/bill/S0002/2025/X2",0.325,37,0.351351351351351,"Y",0.111111111111111,1,1,0.888888888888889,0.918918918918919
1475916,1942320,"2025-2025_2nd_Special_Session","2025-01-28","Senate: Third Reading RCS#3",21,16,0,3,40,1,"S","Immigration","S0002",2025,"https://legiscan.com/FL/bill/S0002/2025/X2",0.525,37,0.567567567567568,"Y",0.777777777777778,0,1,0.777777777777778,0.837837837837838
1475919,1942320,"2025-2025_2nd_Special_Session","2025-01-28","House: Third Reading RCS#6",82,30,7,0,119,1,"H","Immigration","S0002",2025,"https://legiscan.com/FL/bill/S0002/2025/X2",0.689075630252101,112,0.732142857142857,"Y",0.987951807228916,0,1,0.987951807228916,0.991071428571429
1487331,1964470,"2025-2025_3rd_Special_Session","2025-02-12","Senate Appropriations",14,4,0,1,19,1,"S","Secretary of Homeland Security","S0006",2025,"https://legiscan.com/FL/bill/S0006/2025/X3",0.736842105263158,18,0.777777777777778,"N",1,0.333333333333333,0.666666666666667,1,0.888888888888889
1487334,1964468,"2025-2025_3rd_Special_Session","2025-02-12","Senate Appropriations",11,7,0,1,19,1,"S","Immigration","S0004",2025,"https://legiscan.com/FL/bill/S0004/2025/X3",0.578947368421053,18,0.611111111111111,"N",0.916666666666667,0,1,0.916666666666667,0.944444444444444
1487378,1964471,"2025-2025_3rd_Special_Session","2025-02-12","House Budget Committee",22,8,0,1,31,1,"H","Immigration","H0001",2025,"https://legiscan.com/FL/bill/H0001/2025/X3",0.709677419354839,30,0.733333333333333,"N",1,0,1,1,1
1487438,1964469,"2025-2025_3rd_Special_Session","2025-02-12","Senate Appropriations",12,6,0,1,19,1,"S","Immigration","S0002",2025,"https://legiscan.com/FL/bill/S0002/2025/X3",0.631578947368421,18,0.666666666666667,"N",1,0,1,1,1
1487528,1964467,"2025-2025_3rd_Special_Session","2025-02-12","House Budget Committee",22,8,0,1,31,1,"H","Immigration Guidance and Training Opportunities","H0005",2025,"https://legiscan.com/FL/bill/H0005/2025/X3",0.709677419354839,30,0.733333333333333,"N",1,0,1,1,1
1487584,1964472,"2025-2025_3rd_Special_Session","2025-02-12","House Budget Committee",22,8,0,1,31,1,"H","Immigration","H0003",2025,"https://legiscan.com/FL/bill/H0003/2025/X3",0.709677419354839,30,0.733333333333333,"N",1,0,1,1,1
1488606,1964469,"2025-2025_3rd_Special_Session","2025-02-13","Senate: Third Reading RCS#3",14,22,1,3,40,0,"S","Immigration","S0002",2025,"https://legiscan.com/FL/bill/S0002/2025/X3",0.35,36,0.388888888888889,"Y",0.153846153846154,1,1,0.846153846153846,0.888888888888889
1488621,1964468,"2025-2025_3rd_Special_Session","2025-02-13","Senate: Third Reading RCS#2",25,11,1,3,40,1,"S","Immigration","S0004",2025,"https://legiscan.com/FL/bill/S0004/2025/X3",0.625,36,0.694444444444444,"Y",0.961538461538462,0,1,0.961538461538462,0.972222222222222
1488727,1964469,"2025-2025_3rd_Special_Session","2025-02-13","Senate: Third Reading RCS#4",27,10,0,3,40,1,"S","Immigration","S0002",2025,"https://legiscan.com/FL/bill/S0002/2025/X3",0.675,37,0.72972972972973,"Y",1,0,1,1,1
1488753,1964470,"2025-2025_3rd_Special_Session","2025-02-13","House: Third Reading RCS#11",85,27,7,0,119,1,"H","Secretary of Homeland Security","S0006",2025,"https://legiscan.com/FL/bill/S0006/2025/X3",0.714285714285714,112,0.758928571428571,"Y",1,0,1,1,1
1488830,1964468,"2025-2025_3rd_Special_Session","2025-02-13","House: Third Reading RCS#12",85,29,5,0,119,1,"H","Immigration","S0004",2025,"https://legiscan.com/FL/bill/S0004/2025/X3",0.714285714285714,114,0.745614035087719,"Y",1,0,1,1,1
1489088,1964469,"2025-2025_3rd_Special_Session","2025-02-13","House: Third Reading RCS#13",85,30,4,0,119,1,"H","Immigration","S0002",2025,"https://legiscan.com/FL/bill/S0002/2025/X3",0.714285714285714,115,0.739130434782609,"Y",1,0,1,1,1
1482245,1918360,"2025-2025_Regular_Session","2025-02-04","House Student Academic Success Subcommittee",15,0,0,3,18,1,"H","Interscholastic Activities","H0151",2025,"https://legiscan.com/FL/bill/H0151/2025",0.833333333333333,15,1,"N",1,1,1,1,1
1483036,1902581,"2025-2025_Regular_Session","2025-02-05","House Industries & Professional Activities Subcommittee",12,4,0,2,18,1,"H","Pari-mutuel Wagering","H0105",2025,"https://legiscan.com/FL/bill/H0105/2025",0.666666666666667,16,0.75,"N",1,0,1,1,1
1486021,1951899,"2025-2025_Regular_Session","2025-02-11","Senate Environment and Natural Resources",9,0,0,0,9,1,"S","OGSR/Site-specific Location Information for Endangered and Threatened Species","S7000",2025,"https://legiscan.com/FL/bill/S7000/2025",1,9,1,"N",1,1,1,1,1
1486029,1892656,"2025-2025_Regular_Session","2025-02-11","Senate Environment and Natural Resources",9,0,0,0,9,1,"S","Nature-based Methods for Improving Coastal Resilience","S0050",2025,"https://legiscan.com/FL/bill/S0050/2025",1,9,1,"N",1,1,1,1,1
1486065,1894640,"2025-2025_Regular_Session","2025-02-11","Senate Environment and Natural Resources",9,0,0,0,9,1,"S","State Land Management","S0080",2025,"https://legiscan.com/FL/bill/S0080/2025",1,9,1,"N",1,1,1,1,1
1486153,1892690,"2025-2025_Regular_Session","2025-02-11","Senate Environment and Natural Resources",6,3,0,0,9,1,"S","Geoengineering and Weather Modification Activities","S0056",2025,"https://legiscan.com/FL/bill/S0056/2025",0.666666666666667,9,0.666666666666667,"N",1,0,1,1,1
1486164,1903465,"2025-2025_Regular_Session","2025-02-11","Senate Criminal Justice",8,0,0,1,9,1,"S","Abandoning Restrained Dogs During Natural Disasters","S0150",2025,"https://legiscan.com/FL/bill/S0150/2025",0.888888888888889,8,1,"N",1,1,1,1,1
1486167,1892861,"2025-2025_Regular_Session","2025-02-11","Senate Environment and Natural Resources",9,0,0,0,9,1,"S","Resilient Buildings","S0062",2025,"https://legiscan.com/FL/bill/S0062/2025",1,9,1,"N",1,1,1,1,1
1486293,1914959,"2025-2025_Regular_Session","2025-02-11","Senate Environment and Natural Resources",9,0,0,0,9,1,"S","Comprehensive Waste Reduction and Recycling Plan","S0200",2025,"https://legiscan.com/FL/bill/S0200/2025",1,9,1,"N",1,1,1,1,1
1486433,1896852,"2025-2025_Regular_Session","2025-02-11","Senate Governmental Oversight and Accountability",5,2,0,1,8,1,"S","Display of Flags by Governmental Entities","S0100",2025,"https://legiscan.com/FL/bill/S0100/2025",0.625,7,0.714285714285714,"N",1,0,1,1,1
1486453,1892666,"2025-2025_Regular_Session","2025-02-11","Senate Judiciary",10,0,0,1,11,1,"S","Foreclosure Procedures","S0048",2025,"https://legiscan.com/FL/bill/S0048/2025",0.909090909090909,10,1,"N",1,1,1,1,1
1486514,1894929,"2025-2025_Regular_Session","2025-02-11","House Health Professions & Programs Subcommittee",15,0,0,3,18,1,"H","Social Work Licensure Interstate Compact","H0027",2025,"https://legiscan.com/FL/bill/H0027/2025",0.833333333333333,15,1,"N",1,1,1,1,1
1486757,1894885,"2025-2025_Regular_Session","2025-02-11","House Health Professions & Programs Subcommittee",14,1,0,3,18,1,"H","Dental Therapy","H0021",2025,"https://legiscan.com/FL/bill/H0021/2025",0.777777777777778,15,0.933333333333333,"N",1,0.666666666666667,0.666666666666667,1,0.933333333333333
1486767,1894965,"2025-2025_Regular_Session","2025-02-11","House Health Professions & Programs Subcommittee",15,0,0,3,18,1,"H","Pub. Rec. and Meetings/Social Work Licensure Interstate Compact","H0029",2025,"https://legiscan.com/FL/bill/H0029/2025",0.833333333333333,15,1,"N",1,1,1,1,1
1487333,1901186,"2025-2025_Regular_Session","2025-02-11","Senate Criminal Justice",8,0,0,1,9,1,"S","Driving and Boating Offenses","S0138",2025,"https://legiscan.com/FL/bill/S0138/2025",0.888888888888889,8,1,"N",1,1,1,1,1
1487362,1898257,"2025-2025_Regular_Session","2025-02-11","Senate Criminal Justice",8,0,0,1,9,1,"S","Compensation of Victims of Wrongful Incarceration","S0130",2025,"https://legiscan.com/FL/bill/S0130/2025",0.888888888888889,8,1,"N",1,1,1,1,1
1487991,1947432,"2025-2025_Regular_Session","2025-02-11","Senate Governmental Oversight and Accountability",7,0,0,1,8,1,"S","Administrative Procedures","S0108",2025,"https://legiscan.com/FL/bill/S0108/2025",0.875,7,1,"N",1,1,1,1,1
1488139,1922154,"2025-2025_Regular_Session","2025-02-12","House Criminal Justice Subcommittee",17,0,0,1,18,1,"H","Education in Correctional Facilities for Licensed Professions","H0195",2025,"https://legiscan.com/FL/bill/H0195/2025",0.944444444444444,17,1,"N",1,1,1,1,1
1488176,1904632,"2025-2025_Regular_Session","2025-02-12","House Criminal Justice Subcommittee",16,1,0,1,18,1,"H","Fleeing or Attempting to Elude a Law Enforcement Officer","H0113",2025,"https://legiscan.com/FL/bill/H0113/2025",0.888888888888889,17,0.941176470588235,"N",1,0.8,0.8,1,0.941176470588235
1488845,1917016,"2025-2025_Regular_Session","2025-02-11","Senate Criminal Justice",7,1,0,1,9,1,"S","Criminal Offenses Against Law Enforcement Officers and Other Personnel","S0234",2025,"https://legiscan.com/FL/bill/S0234/2025",0.777777777777778,8,0.875,"N",1,0.666666666666667,0.666666666666667,1,0.875
1490018,1901151,"2025-2025_Regular_Session","2025-02-12","House Criminal Justice Subcommittee",17,0,0,1,18,1,"H","Probation for Misdemeanor Offenses","H0091",2025,"https://legiscan.com/FL/bill/H0091/2025",0.944444444444444,17,1,"N",1,1,1,1,1
1491707,1942180,"2025-2025_Regular_Session","2025-02-18","Senate Ethics and Elections",7,0,0,2,9,1,"S","Ethics","S0348",2025,"https://legiscan.com/FL/bill/S0348/2025",0.777777777777778,7,1,"N",1,1,1,1,1
1491715,1928340,"2025-2025_Regular_Session","2025-02-18","Senate Commerce and Tourism",7,0,0,2,9,1,"S","Limited Liability Companies","S0316",2025,"https://legiscan.com/FL/bill/S0316/2025",0.777777777777778,7,1,"N",1,1,1,1,1
1491746,1893312,"2025-2025_Regular_Session","2025-02-18","Senate Ethics and Elections",7,0,0,2,9,1,"S","Use of Campaign Funds for Child Care Expenses","S0072",2025,"https://legiscan.com/FL/bill/S0072/2025",0.777777777777778,7,1,"N",1,1,1,1,1
1491761,1897165,"2025-2025_Regular_Session","2025-02-18","Senate Education Pre-K - 12",8,0,0,0,8,1,"S","Exceptional Student Education","S0102",2025,"https://legiscan.com/FL/bill/S0102/2025",1,8,1,"N",1,1,1,1,1
1491768,1930818,"2025-2025_Regular_Session","2025-02-18","Senate Commerce and Tourism",7,0,0,2,9,1,"S","Licensure Requirements for Surveyors and Mappers","S0320",2025,"https://legiscan.com/FL/bill/S0320/2025",0.777777777777778,7,1,"N",1,1,1,1,1
1491844,1941927,"2025-2025_Regular_Session","2025-02-18","Senate Health Policy",9,0,0,1,10,1,"S","Public Records/Agency for Health Care Administration","S0342",2025,"https://legiscan.com/FL/bill/S0342/2025",0.9,9,1,"N",1,1,1,1,1
1491867,1897545,"2025-2025_Regular_Session","2025-02-18","Senate Community Affairs",7,0,0,1,8,1,"S","Regulation of Presidential Libraries","S0118",2025,"https://legiscan.com/FL/bill/S0118/2025",0.875,7,1,"N",1,1,1,1,1
1491887,1928691,"2025-2025_Regular_Session","2025-02-18","Senate Agriculture",5,0,0,1,6,1,"S","Ad Valorem Tax Exemption","S0318",2025,"https://legiscan.com/FL/bill/S0318/2025",0.833333333333333,5,1,"N",1,1,1,1,1
1491900,1915847,"2025-2025_Regular_Session","2025-02-18","Senate Agriculture",5,0,0,1,6,1,"S","Animal Cremation","S0210",2025,"https://legiscan.com/FL/bill/S0210/2025",0.833333333333333,5,1,"N",1,1,1,1,1
1492000,1924116,"2025-2025_Regular_Session","2025-02-18","Senate Health Policy",9,0,0,1,10,1,"S","Collaborative Pharmacy Practice for Chronic Health Conditions","S0294",2025,"https://legiscan.com/FL/bill/S0294/2025",0.9,9,1,"N",1,1,1,1,1
1492013,1963580,"2025-2025_Regular_Session","2025-02-18","Senate Regulated Industries",7,0,0,2,9,1,"S","Public Records and Meetings/NG911 Systems","S7006",2025,"https://legiscan.com/FL/bill/S7006/2025",0.777777777777778,7,1,"N",1,1,1,1,1
1492014,1904298,"2025-2025_Regular_Session","2025-02-18","Senate Health Policy",10,0,0,0,10,1,"S","Protection from Surgical Smoke","S0152",2025,"https://legiscan.com/FL/bill/S0152/2025",1,10,1,"N",1,1,1,1,1
1492031,1919924,"2025-2025_Regular_Session","2025-02-18","Senate Governmental Oversight and Accountability",7,0,0,1,8,1,"S","Public Records/Congressional Members and Public Officers","S0268",2025,"https://legiscan.com/FL/bill/S0268/2025",0.875,7,1,"N",1,1,1,1,1
1492085,1930979,"2025-2025_Regular_Session","2025-02-18","Senate Judiciary",9,0,0,1,10,1,"S","Property Rights","S0322",2025,"https://legiscan.com/FL/bill/S0322/2025",0.9,9,1,"N",1,1,1,1,1
1492123,1898276,"2025-2025_Regular_Session","2025-02-18","Senate Health Policy",10,0,0,0,10,1,"S","Prescription Hearing Aids","S0126",2025,"https://legiscan.com/FL/bill/S0126/2025",1,10,1,"N",1,1,1,1,1
1492211,1927762,"2025-2025_Regular_Session","2025-02-18","Senate Military and Veterans Affairs, Space, and Domestic Security",5,0,0,0,5,1,"S","Florida National Guard Increased Force Structure","S0314",2025,"https://legiscan.com/FL/bill/S0314/2025",1,5,1,"N",1,1,1,1,1
1492220,1919599,"2025-2025_Regular_Session","2025-02-18","Senate Health Policy",9,0,0,1,10,1,"S","Step-therapy Protocols","S0264",2025,"https://legiscan.com/FL/bill/S0264/2025",0.9,9,1,"N",1,1,1,1,1
1492235,1920769,"2025-2025_Regular_Session","2025-02-18","Senate Education Postsecondary",6,0,0,1,7,1,"S","Florida Bright Futures Scholarship Program","S0270",2025,"https://legiscan.com/FL/bill/S0270/2025",0.857142857142857,6,1,"N",1,1,1,1,1
1492381,1927189,"2025-2025_Regular_Session","2025-02-18","Senate Judiciary",9,1,0,0,10,1,"S","Public Records/Judicial Qualifications Commission","S0302",2025,"https://legiscan.com/FL/bill/S0302/2025",0.9,10,0.9,"N",0.875,1,1,0.875,0.9
1492432,1927008,"2025-2025_Regular_Session","2025-02-18","Senate Judiciary",9,1,0,0,10,1,"S","Public Records/Appellate Court Clerks and their Spouses and Children","S0300",2025,"https://legiscan.com/FL/bill/S0300/2025",0.9,10,0.9,"N",0.875,1,1,0.875,0.9
1492568,1922014,"2025-2025_Regular_Session","2025-02-18","Senate Transportation",8,0,0,1,9,1,"S","Transportation Facility Designations/Harris Rosen Way and Geraldine Thompson Way","S0274",2025,"https://legiscan.com/FL/bill/S0274/2025",0.888888888888889,8,1,"N",1,1,1,1,1
1492631,1909517,"2025-2025_Regular_Session","2025-02-18","Senate Regulated Industries",8,0,0,1,9,1,"S","Public Accountancy","S0160",2025,"https://legiscan.com/FL/bill/S0160/2025",0.888888888888889,8,1,"N",1,1,1,1,1
1492943,1963605,"2025-2025_Regular_Session","2025-02-18","Senate Environment and Natural Resources",7,0,0,2,9,1,"S","Water Management Districts","S7002",2025,"https://legiscan.com/FL/bill/S7002/2025",0.777777777777778,7,1,"N",1,1,1,1,1
1493381,1942733,"2025-2025_Regular_Session","2025-02-19","House Intergovernmental Affairs Subcommittee",17,0,0,1,18,1,"H","Compensation for Health Care Services for Inmates in Martin County","H4007",2025,"https://legiscan.com/FL/bill/H4007/2025",0.944444444444444,17,1,"N",1,1,1,1,1
1493558,1941318,"2025-2025_Regular_Session","2025-02-19","House Criminal Justice Subcommittee",15,3,0,0,18,1,"H","Withholding Funds from the Return of Cash Bonds","H0243",2025,"https://legiscan.com/FL/bill/H0243/2025",0.833333333333333,18,0.833333333333333,"N",0.769230769230769,1,1,0.769230769230769,0.833333333333333
1493842,1958195,"2025-2025_Regular_Session","2025-02-18","Senate Military and Veterans Affairs, Space, and Domestic Security",5,0,0,0,5,1,"S","Veterans","S0116",2025,"https://legiscan.com/FL/bill/S0116/2025",1,5,1,"N",1,1,1,1,1
1493875,1957959,"2025-2025_Regular_Session","2025-02-18","Senate Education Pre-K - 12",8,0,0,0,8,1,"S","Children with Developmental Disabilities","S0112",2025,"https://legiscan.com/FL/bill/S0112/2025",1,8,1,"N",1,1,1,1,1
1494090,1918834,"2025-2025_Regular_Session","2025-02-18","Senate Judiciary",9,0,0,1,10,1,"S","Trusts","S0262",2025,"https://legiscan.com/FL/bill/S0262/2025",0.9,9,1,"N",1,1,1,1,1
1494717,1941914,"2025-2025_Regular_Session","2025-02-19","House Intergovernmental Affairs Subcommittee",17,0,0,1,18,1,"H","Florida National Guard","H4005",2025,"https://legiscan.com/FL/bill/H4005/2025",0.944444444444444,17,1,"N",1,1,1,1,1
1494749,1942081,"2025-2025_Regular_Session","2025-02-18","Senate Regulated Industries",8,0,0,1,9,1,"S","Telecommunications Access System Act of 1991","S0344",2025,"https://legiscan.com/FL/bill/S0344/2025",0.888888888888889,8,1,"N",1,1,1,1,1
1494829,1911850,"2025-2025_Regular_Session","2025-02-18","Senate Community Affairs",7,0,0,1,8,1,"S","Housing","S0184",2025,"https://legiscan.com/FL/bill/S0184/2025",0.875,7,1,"N",1,1,1,1,1
1494906,1894915,"2025-2025_Regular_Session","2025-02-18","Senate Transportation",7,1,0,1,9,1,"S","Utility Terrain Vehicles","S0088",2025,"https://legiscan.com/FL/bill/S0088/2025",0.777777777777778,8,0.875,"N",1,0.5,NA,1,1
1494937,1897317,"2025-2025_Regular_Session","2025-02-19","House Criminal Justice Subcommittee",17,0,0,1,18,1,"H","Compensation of Victims of Wrongful Incarceration","H0059",2025,"https://legiscan.com/FL/bill/H0059/2025",0.944444444444444,17,1,"N",1,1,1,1,1
1495072,1963716,"2025-2025_Regular_Session","2025-02-18","Senate Community Affairs",7,0,0,1,8,1,"S","OGSR/Applicants or Participants in Certain Federal, State, or Local Housing Assistance Programs","S7004",2025,"https://legiscan.com/FL/bill/S7004/2025",0.875,7,1,"N",1,1,1,1,1
1495184,1946447,"2025-2025_Regular_Session","2025-02-19","House Civil Justice & Claims Subcommittee",17,1,0,0,18,1,"H","Suits Against the Government","H0301",2025,"https://legiscan.com/FL/bill/H0301/2025",0.944444444444444,18,0.944444444444444,"N",1,0.8,0.8,1,0.944444444444444
1495303,1915804,"2025-2025_Regular_Session","2025-02-19","House Civil Justice & Claims Subcommittee",18,0,0,0,18,1,"H","Relief/Marcus Button/Pasco County School Board","H6507",2025,"https://legiscan.com/FL/bill/H6507/2025",1,18,1,"N",1,1,1,1,1
1495363,1902126,"2025-2025_Regular_Session","2025-02-20","House Health Care Facilities & Systems Subcommittee",17,0,0,2,19,1,"H","Protection from Surgical Smoke","H0103",2025,"https://legiscan.com/FL/bill/H0103/2025",0.894736842105263,17,1,"N",1,1,1,1,1
1495430,1939864,"2025-2025_Regular_Session","2025-02-20","House Health Care Facilities & Systems Subcommittee",15,2,0,2,19,1,"H","Electronic Monitoring Devices in Long-term Care Facilities","H0223",2025,"https://legiscan.com/FL/bill/H0223/2025",0.789473684210526,17,0.882352941176471,"N",1,0.6,0.6,1,0.882352941176471
1496493,1941318,"2025-2025_Regular_Session","2025-02-19","House Criminal Justice Subcommittee",15,3,0,0,18,1,"H","Withholding Funds from the Return of Cash Bonds","H0243",2025,"https://legiscan.com/FL/bill/H0243/2025",0.833333333333333,18,0.833333333333333,"N",0.769230769230769,1,1,0.769230769230769,0.833333333333333
1503173,1923039,"2025-2025_Regular_Session","2025-03-03","Senate Banking and Insurance",10,0,0,0,10,1,"S","Warranty Associations","S0282",2025,"https://legiscan.com/FL/bill/S0282/2025",1,10,1,"N",1,1,1,1,1
1503225,1971020,"2025-2025_Regular_Session","2025-03-03","Senate Environment and Natural Resources",9,0,0,0,9,1,"S","Vessel Accountability","S0164",2025,"https://legiscan.com/FL/bill/S0164/2025",1,9,1,"N",1,1,1,1,1
1503239,1917185,"2025-2025_Regular_Session","2025-03-03","Senate Commerce and Tourism",8,0,0,1,9,1,"S","Debt Collection","S0232",2025,"https://legiscan.com/FL/bill/S0232/2025",0.888888888888889,8,1,"N",1,1,1,1,1
1503248,1942321,"2025-2025_Regular_Session","2025-03-03","Senate Agriculture",6,0,0,0,6,1,"S","Farm Products","S0374",2025,"https://legiscan.com/FL/bill/S0374/2025",1,6,1,"N",1,1,1,1,1
1503253,1963822,"2025-2025_Regular_Session","2025-03-03","Senate Agriculture",6,0,0,0,6,1,"S","Dangerous Dogs","S0572",2025,"https://legiscan.com/FL/bill/S0572/2025",1,6,1,"N",1,1,1,1,1
1503316,1927121,"2025-2025_Regular_Session","2025-03-03","Senate Education Pre-K - 12",6,1,0,2,9,1,"S","Middle School and High School Start Times","S0296",2025,"https://legiscan.com/FL/bill/S0296/2025",0.666666666666667,7,0.857142857142857,"N",0.8,1,1,0.8,0.857142857142857
1503321,1975511,"2025-2025_Regular_Session","2025-03-03","Senate Education Pre-K - 12",7,0,0,2,9,1,"S","Administrative Efficiency in Public Schools","S0166",2025,"https://legiscan.com/FL/bill/S0166/2025",0.777777777777778,7,1,"N",1,1,1,1,1
1503332,1947986,"2025-2025_Regular_Session","2025-03-03","Senate Commerce and Tourism",8,0,0,1,9,1,"S","Repair of Motorized Wheelchairs","S0412",2025,"https://legiscan.com/FL/bill/S0412/2025",0.888888888888889,8,1,"N",1,1,1,1,1
1503347,1943586,"2025-2025_Regular_Session","2025-03-03","Senate Environment and Natural Resources",9,0,0,0,9,1,"S","Trust Funds for Wildlife Management","S0388",2025,"https://legiscan.com/FL/bill/S0388/2025",1,9,1,"N",1,1,1,1,1
1503353,1942300,"2025-2025_Regular_Session","2025-03-03","Senate Education Pre-K - 12",7,0,0,2,9,1,"S","Holocaust Remembrance Day","S0356",2025,"https://legiscan.com/FL/bill/S0356/2025",0.777777777777778,7,1,"N",1,1,1,1,1
1503384,1895701,"2025-2025_Regular_Session","2025-03-03","Senate Commerce and Tourism",8,0,0,1,9,1,"S","Motor Vehicle Safety","S0092",2025,"https://legiscan.com/FL/bill/S0092/2025",0.888888888888889,8,1,"N",1,1,1,1,1
1503397,1964335,"2025-2025_Regular_Session","2025-03-03","Senate Banking and Insurance",10,0,0,0,10,1,"S","My Safe Florida Condominium Pilot Program","S0592",2025,"https://legiscan.com/FL/bill/S0592/2025",1,10,1,"N",1,1,1,1,1
1503418,1903465,"2025-2025_Regular_Session","2025-03-03","Senate Agriculture",6,0,0,0,6,1,"S","Abandoning Restrained Dogs During Natural Disasters","S0150",2025,"https://legiscan.com/FL/bill/S0150/2025",1,6,1,"N",1,1,1,1,1
1503437,1893073,"2025-2025_Regular_Session","2025-03-03","Senate Community Affairs",6,0,0,2,8,1,"S","Health Facilities","S0068",2025,"https://legiscan.com/FL/bill/S0068/2025",0.75,6,1,"N",1,1,1,1,1
1503631,1963432,"2025-2025_Regular_Session","2025-03-03","Senate Agriculture",5,1,0,0,6,1,"S","Chemical Additives in Food Products","S0560",2025,"https://legiscan.com/FL/bill/S0560/2025",0.833333333333333,6,0.833333333333333,"N",1,0.5,NA,1,1
1503687,1975386,"2025-2025_Regular_Session","2025-03-03","Senate Community Affairs",6,0,0,2,8,1,"S","Rural Communities","S0110",2025,"https://legiscan.com/FL/bill/S0110/2025",0.75,6,1,"N",1,1,1,1,1
1503883,1964238,"2025-2025_Regular_Session","2025-03-03","Senate Commerce and Tourism",7,0,0,2,9,1,"S","Manufacturing","S0600",2025,"https://legiscan.com/FL/bill/S0600/2025",0.777777777777778,7,1,"N",1,1,1,1,1
1503889,1981409,"2025-2025_Regular_Session","2025-03-03","Senate Banking and Insurance",10,0,0,0,10,1,"S","OGSR/Department of Financial Services","S7010",2025,"https://legiscan.com/FL/bill/S7010/2025",1,10,1,"N",1,1,1,1,1
1503905,1981248,"2025-2025_Regular_Session","2025-03-03","Senate Banking and Insurance",10,0,0,0,10,1,"S","OGSR/Financial Technology Sandbox","S7008",2025,"https://legiscan.com/FL/bill/S7008/2025",1,10,1,"N",1,1,1,1,1
1503906,1964260,"2025-2025_Regular_Session","2025-03-03","Senate Commerce and Tourism",7,0,0,2,9,1,"S","Fees/Florida Manufacturing Promotional Campaign","S0602",2025,"https://legiscan.com/FL/bill/S0602/2025",0.777777777777778,7,1,"N",1,1,1,1,1
1503914,1898276,"2025-2025_Regular_Session","2025-03-03","Senate Commerce and Tourism",8,0,0,1,9,1,"S","Prescription Hearing Aids","S0126",2025,"https://legiscan.com/FL/bill/S0126/2025",0.888888888888889,8,1,"N",1,1,1,1,1
1504141,1921139,"2025-2025_Regular_Session","2025-03-03","Senate Ethics and Elections",8,0,0,1,9,1,"S","Candidate Qualification","S0280",2025,"https://legiscan.com/FL/bill/S0280/2025",0.888888888888889,8,1,"N",1,1,1,1,1
1504148,1915759,"2025-2025_Regular_Session","2025-03-03","Senate Community Affairs",6,0,0,2,8,1,"S","Tax Exemption for Disabled Ex-servicemembers","S0218",2025,"https://legiscan.com/FL/bill/S0218/2025",0.75,6,1,"N",1,1,1,1,1
1504153,1943534,"2025-2025_Regular_Session","2025-03-03","Senate Community Affairs",6,0,0,2,8,1,"S","Annexing State-owned Lands","S0384",2025,"https://legiscan.com/FL/bill/S0384/2025",0.75,6,1,"N",1,1,1,1,1
1504472,1982521,"2025-2025_Regular_Session","2025-03-04","Senate Health Policy",10,0,0,0,10,1,"S","Quality of Care in Nursing Homes","S0170",2025,"https://legiscan.com/FL/bill/S0170/2025",1,10,1,"N",1,1,1,1,1
1504551,1942180,"2025-2025_Regular_Session","2025-03-04","Senate Military and Veterans Affairs, Space, and Domestic Security",6,0,0,0,6,1,"S","Ethics","S0348",2025,"https://legiscan.com/FL/bill/S0348/2025",1,6,1,"N",1,1,1,1,1
1504685,1958912,"2025-2025_Regular_Session","2025-03-04","House Health Care Facilities & Systems Subcommittee",17,0,0,1,18,1,"H","Background Screening of Athletic Coaches","H0431",2025,"https://legiscan.com/FL/bill/H0431/2025",0.944444444444444,17,1,"N",1,1,1,1,1
1504723,1957248,"2025-2025_Regular_Session","2025-03-04","Senate Judiciary",11,0,0,0,11,1,"S","Medical Review Committees","S0514",2025,"https://legiscan.com/FL/bill/S0514/2025",1,11,1,"N",1,1,1,1,1
1504737,1969855,"2025-2025_Regular_Session","2025-03-04","Senate Health Policy",10,0,0,0,10,1,"S","Nonopioid Advance Directives","S0714",2025,"https://legiscan.com/FL/bill/S0714/2025",1,10,1,"N",1,1,1,1,1
1504769,1896448,"2025-2025_Regular_Session","2025-03-04","House Human Services Subcommittee",18,0,0,0,18,1,"H","Child Care and Early Learning Providers","H0047",2025,"https://legiscan.com/FL/bill/H0047/2025",1,18,1,"N",1,1,1,1,1
1504770,1968812,"2025-2025_Regular_Session","2025-03-04","House Education Administration Subcommittee",18,0,0,0,18,1,"H","Diabetes Management in Schools","H0597",2025,"https://legiscan.com/FL/bill/H0597/2025",1,18,1,"N",1,1,1,1,1
1504802,1958668,"2025-2025_Regular_Session","2025-03-04","Senate Health Policy",10,0,0,0,10,1,"S","Nursing Education Programs","S0526",2025,"https://legiscan.com/FL/bill/S0526/2025",1,10,1,"N",1,1,1,1,1
1504820,1981909,"2025-2025_Regular_Session","2025-03-04","Senate Criminal Justice",9,0,0,0,9,1,"S","Mental Health","S0168",2025,"https://legiscan.com/FL/bill/S0168/2025",1,9,1,"N",1,1,1,1,1
1504825,1942658,"2025-2025_Regular_Session","2025-03-04","House Human Services Subcommittee",17,0,0,1,18,1,"H","Special Observances","H0259",2025,"https://legiscan.com/FL/bill/H0259/2025",0.944444444444444,17,1,"N",1,1,1,1,1
1504826,1924331,"2025-2025_Regular_Session","2025-03-04","House Natural Resources & Disasters Subcommittee",18,0,0,0,18,1,"H","State Land Management","H0209",2025,"https://legiscan.com/FL/bill/H0209/2025",1,18,1,"N",1,1,1,1,1
1504832,1940388,"2025-2025_Regular_Session","2025-03-04","House Health Care Facilities & Systems Subcommittee",17,0,0,1,18,1,"H","Health Facilities","H0229",2025,"https://legiscan.com/FL/bill/H0229/2025",0.944444444444444,17,1,"N",1,1,1,1,1
1504833,1901158,"2025-2025_Regular_Session","2025-03-04","House Education Administration Subcommittee",18,0,0,0,18,1,"H","Hazardous Walking Conditions","H0085",2025,"https://legiscan.com/FL/bill/H0085/2025",1,18,1,"N",1,1,1,1,1
1504882,1916603,"2025-2025_Regular_Session","2025-03-04","House Natural Resources & Disasters Subcommittee",17,1,0,0,18,1,"H","Resilient Buildings","H0143",2025,"https://legiscan.com/FL/bill/H0143/2025",0.944444444444444,18,0.944444444444444,"N",1,0.8,0.8,1,0.944444444444444
1504904,1921284,"2025-2025_Regular_Session","2025-03-04","Senate Criminal Justice",8,0,0,1,9,1,"S","Sheltering or Aiding Unmarried Minors","S0276",2025,"https://legiscan.com/FL/bill/S0276/2025",0.888888888888889,8,1,"N",1,1,1,1,1
1504933,1960474,"2025-2025_Regular_Session","2025-03-04","Senate Judiciary",11,0,0,0,11,1,"S","State Courts System","S0538",2025,"https://legiscan.com/FL/bill/S0538/2025",1,11,1,"N",1,1,1,1,1
1504959,1946372,"2025-2025_Regular_Session","2025-03-04","Senate Criminal Justice",8,0,0,1,9,1,"S","Unlawful Use of Uniforms, Medals, or Insignia","S0402",2025,"https://legiscan.com/FL/bill/S0402/2025",0.888888888888889,8,1,"N",1,1,1,1,1
1504965,1969805,"2025-2025_Regular_Session","2025-03-04","Senate Judiciary",9,2,0,0,11,1,"S","Actions for Recovery of Damages for Wrongful Death","S0734",2025,"https://legiscan.com/FL/bill/S0734/2025",0.818181818181818,11,0.818181818181818,"N",0.75,1,1,0.75,0.818181818181818
1504966,1907537,"2025-2025_Regular_Session","2025-03-04","House Education Administration Subcommittee",13,5,0,0,18,1,"H","Education","H0123",2025,"https://legiscan.com/FL/bill/H0123/2025",0.722222222222222,18,0.722222222222222,"N",1,0,1,1,1
1504980,1965399,"2025-2025_Regular_Session","2025-03-04","House Health Care Facilities & Systems Subcommittee",17,0,0,1,18,1,"H","Pub. Rec./Agency for Health Care Administration Personnel","H0527",2025,"https://legiscan.com/FL/bill/H0527/2025",0.944444444444444,17,1,"N",1,1,1,1,1
1505022,1946032,"2025-2025_Regular_Session","2025-03-04","Senate Military and Veterans Affairs, Space, and Domestic Security",6,0,0,0,6,1,"S","Interstate Compact on Educational Opportunity for Military Children","S0400",2025,"https://legiscan.com/FL/bill/S0400/2025",1,6,1,"N",1,1,1,1,1
1505208,1946221,"2025-2025_Regular_Session","2025-03-04","House Natural Resources & Disasters Subcommittee",18,0,0,0,18,1,"H","Comprehensive Waste Reduction and Recycling Plan","H0295",2025,"https://legiscan.com/FL/bill/H0295/2025",1,18,1,"N",1,1,1,1,1
1505245,1967715,"2025-2025_Regular_Session","2025-03-04","House Natural Resources & Disasters Subcommittee",16,2,0,0,18,1,"H","Former Phosphate Mining Lands","H0585",2025,"https://legiscan.com/FL/bill/H0585/2025",0.888888888888889,18,0.888888888888889,"N",1,0.6,0.6,1,0.888888888888889
1505339,1894688,"2025-2025_Regular_Session","2025-03-04","Senate Criminal Justice",9,0,0,0,9,1,"S","Peer Support for First Responders","S0086",2025,"https://legiscan.com/FL/bill/S0086/2025",1,9,1,"N",1,1,1,1,1
1505346,1953383,"2025-2025_Regular_Session","2025-03-04","Senate Criminal Justice",9,0,0,0,9,1,"S","Education in Correctional Facilities for Professional Licensure","S0472",2025,"https://legiscan.com/FL/bill/S0472/2025",1,9,1,"N",1,1,1,1,1
1505357,1964835,"2025-2025_Regular_Session","2025-03-04","Senate Criminal Justice",8,0,0,1,9,1,"S","Boating Safety","S0628",2025,"https://legiscan.com/FL/bill/S0628/2025",0.888888888888889,8,1,"N",1,1,1,1,1
1505445,1956520,"2025-2025_Regular_Session","2025-03-04","Senate Criminal Justice",7,1,0,1,9,1,"S","Concealed Carry Licensing Requirements for Law Enforcement Officers, Correctional Officers, Correctional Probation Officers, and Military Servicemembers","S0490",2025,"https://legiscan.com/FL/bill/S0490/2025",0.777777777777778,8,0.875,"N",1,0.666666666666667,0.666666666666667,1,0.875
1505653,1924116,"2025-2025_Regular_Session","2025-03-05","Senate Appropriations Committee on Health and Human Services",10,0,0,0,10,1,"S","Collaborative Pharmacy Practice for Chronic Health Conditions","S0294",2025,"https://legiscan.com/FL/bill/S0294/2025",1,10,1,"N",1,1,1,1,1
1505660,1922014,"2025-2025_Regular_Session","2025-03-05","Senate Appropriations Committee on Transportation, Tourism, and Economic Development",13,0,0,2,15,1,"S","Transportation Facility Designations/Harris Rosen Way and Geraldine Thompson Way","S0274",2025,"https://legiscan.com/FL/bill/S0274/2025",0.866666666666667,13,1,"N",1,1,1,1,1
1505668,1987597,"2025-2025_Regular_Session","2025-03-04","Senate Children, Families, and Elder Affairs",7,0,0,0,7,1,"S","Child Welfare","S7012",2025,"https://legiscan.com/FL/bill/S7012/2025",1,7,1,"N",1,1,1,1,1
1505711,1958195,"2025-2025_Regular_Session","2025-03-05","Senate Appropriations Committee on Health and Human Services",10,0,0,0,10,1,"S","Veterans","S0116",2025,"https://legiscan.com/FL/bill/S0116/2025",1,10,1,"N",1,1,1,1,1
1505755,1945994,"2025-2025_Regular_Session","2025-03-04","Senate Children, Families, and Elder Affairs",7,0,0,0,7,1,"S","Awareness Program for Alzheimer's Disease and Dementia-related Disorders","S0398",2025,"https://legiscan.com/FL/bill/S0398/2025",1,7,1,"N",1,1,1,1,1
1505756,1892656,"2025-2025_Regular_Session","2025-03-05","Senate Appropriations Committee on Agriculture, Environment, and General Government",11,0,0,2,13,1,"S","Nature-based Methods for Improving Coastal Resilience","S0050",2025,"https://legiscan.com/FL/bill/S0050/2025",0.846153846153846,11,1,"N",1,1,1,1,1
1505794,1908822,"2025-2025_Regular_Session","2025-03-05","Senate Appropriations Committee on Agriculture, Environment, and General Government",11,0,0,2,13,1,"S","Coverage for Diagnostic and Supplemental Breast Examinations","S0158",2025,"https://legiscan.com/FL/bill/S0158/2025",0.846153846153846,11,1,"N",1,1,1,1,1
1505832,1894915,"2025-2025_Regular_Session","2025-03-05","Senate Appropriations Committee on Transportation, Tourism, and Economic Development",10,3,0,2,15,1,"S","Utility Terrain Vehicles","S0088",2025,"https://legiscan.com/FL/bill/S0088/2025",0.666666666666667,13,0.769230769230769,"N",1,0.25,0.75,1,0.923076923076923
1505876,1963605,"2025-2025_Regular_Session","2025-03-05","Senate Appropriations Committee on Agriculture, Environment, and General Government",11,0,0,2,13,1,"S","Water Management Districts","S7002",2025,"https://legiscan.com/FL/bill/S7002/2025",0.846153846153846,11,1,"N",1,1,1,1,1
1505898,1909517,"2025-2025_Regular_Session","2025-03-05","Senate Appropriations Committee on Agriculture, Environment, and General Government",11,0,0,2,13,1,"S","Public Accountancy","S0160",2025,"https://legiscan.com/FL/bill/S0160/2025",0.846153846153846,11,1,"N",1,1,1,1,1
1506010,1917016,"2025-2025_Regular_Session","2025-03-05","Senate Appropriations Committee on Criminal and Civil Justice",8,0,0,1,9,1,"S","Criminal Offenses Against Law Enforcement Officers and Other Personnel","S0234",2025,"https://legiscan.com/FL/bill/S0234/2025",0.888888888888889,8,1,"N",1,1,1,1,1
1506013,1930979,"2025-2025_Regular_Session","2025-03-05","Senate Appropriations Committee on Criminal and Civil Justice",8,0,0,1,9,1,"S","Property Rights","S0322",2025,"https://legiscan.com/FL/bill/S0322/2025",0.888888888888889,8,1,"N",1,1,1,1,1
1506122,1964133,"2025-2025_Regular_Session","2025-03-04","Senate Transportation",7,1,0,1,9,1,"S","Anchoring or Mooring at Seaports","S0594",2025,"https://legiscan.com/FL/bill/S0594/2025",0.777777777777778,8,0.875,"N",1,0.5,NA,1,1
1506167,1892647,"2025-2025_Regular_Session","2025-03-04","Senate Transportation",9,0,0,0,9,1,"S","Motor Vehicles","S0044",2025,"https://legiscan.com/FL/bill/S0044/2025",1,9,1,"N",1,1,1,1,1
1506171,1954507,"2025-2025_Regular_Session","2025-03-05","House Civil Justice & Claims Subcommittee",18,0,0,0,18,1,"H","Trusts","H0385",2025,"https://legiscan.com/FL/bill/H0385/2025",1,18,1,"N",1,1,1,1,1
1506188,1975198,"2025-2025_Regular_Session","2025-03-05","House Health Professions & Programs Subcommittee",18,0,0,0,18,1,"H","Type 1 Diabetes Early Detection Program","H0723",2025,"https://legiscan.com/FL/bill/H0723/2025",1,18,1,"N",1,1,1,1,1
1506190,1918297,"2025-2025_Regular_Session","2025-03-05","House Civil Justice & Claims Subcommittee",18,0,0,0,18,1,"H","Service of Process","H0157",2025,"https://legiscan.com/FL/bill/H0157/2025",1,18,1,"N",1,1,1,1,1
1506209,1897268,"2025-2025_Regular_Session","2025-03-04","Senate Children, Families, and Elder Affairs",7,0,0,0,7,1,"S","Exploitation of Vulnerable Adults","S0106",2025,"https://legiscan.com/FL/bill/S0106/2025",1,7,1,"N",1,1,1,1,1
1506211,1894920,"2025-2025_Regular_Session","2025-03-05","House Economic Infrastructure Subcommittee",18,0,0,0,18,1,"H","Municipal Water and Sewer Utility Rates","H0011",2025,"https://legiscan.com/FL/bill/H0011/2025",1,18,1,"N",1,1,1,1,1
1506215,1956354,"2025-2025_Regular_Session","2025-03-05","House Civil Justice & Claims Subcommittee",18,0,0,0,18,1,"H","Limited Liability Companies","H0403",2025,"https://legiscan.com/FL/bill/H0403/2025",1,18,1,"N",1,1,1,1,1
1506239,1898257,"2025-2025_Regular_Session","2025-03-05","Senate Appropriations Committee on Criminal and Civil Justice",8,0,0,1,9,1,"S","Compensation of Victims of Wrongful Incarceration","S0130",2025,"https://legiscan.com/FL/bill/S0130/2025",0.888888888888889,8,1,"N",1,1,1,1,1
1506280,1901209,"2025-2025_Regular_Session","2025-03-05","House Civil Justice & Claims Subcommittee",18,0,0,0,18,1,"H","Relief/Sidney Holmes/State of Florida","H6501",2025,"https://legiscan.com/FL/bill/H6501/2025",1,18,1,"N",1,1,1,1,1
1506342,1971252,"2025-2025_Regular_Session","2025-03-05","House Health Professions & Programs Subcommittee",12,6,0,0,18,1,"H","Autonomous Practice by a Certified Registered Nurse Anesthetist","H0649",2025,"https://legiscan.com/FL/bill/H0649/2025",0.666666666666667,18,0.666666666666667,"N",0.846153846153846,0.2,0.8,0.846153846153846,0.833333333333333
1506743,1901381,"2025-2025_Regular_Session","2025-03-05","House Civil Justice & Claims Subcommittee",18,0,0,0,18,1,"H","Service of Process in Proceedings for Protection of Vulnerable Adults","H0097",2025,"https://legiscan.com/FL/bill/H0097/2025",1,18,1,"N",1,1,1,1,1
1506779,1964997,"2025-2025_Regular_Session","2025-03-04","Senate Transportation",8,0,0,1,9,1,"S","Specialty License Plates/Miami Dade College and St. Petersburg College","S0620",2025,"https://legiscan.com/FL/bill/S0620/2025",0.888888888888889,8,1,"N",1,1,1,1,1
1506882,1957306,"2025-2025_Regular_Session","2025-03-05","House Civil Justice & Claims Subcommittee",17,0,0,1,18,1,"H","Curators of Estates","H0417",2025,"https://legiscan.com/FL/bill/H0417/2025",0.944444444444444,17,1,"N",1,1,1,1,1
1506936,1961673,"2025-2025_Regular_Session","2025-03-05","House Civil Justice & Claims Subcommittee",18,0,0,0,18,1,"H","Recovery of Damages for Medical Negligence Resulting in Death","H6017",2025,"https://legiscan.com/FL/bill/H6017/2025",1,18,1,"N",1,1,1,1,1
1507005,1901186,"2025-2025_Regular_Session","2025-03-05","Senate Appropriations Committee on Criminal and Civil Justice",6,2,0,1,9,1,"S","Driving and Boating Offenses","S0138",2025,"https://legiscan.com/FL/bill/S0138/2025",0.666666666666667,8,0.75,"N",1,0.333333333333333,0.666666666666667,1,0.875
1507082,1957959,"2025-2025_Regular_Session","2025-03-06","Senate Fiscal Policy",16,0,0,3,19,1,"S","Children with Developmental Disabilities","S0112",2025,"https://legiscan.com/FL/bill/S0112/2025",0.842105263157895,16,1,"N",1,1,1,1,1
1507126,1971879,"2025-2025_Regular_Session","2025-03-05","House Insurance & Banking Subcommittee",17,0,0,1,18,1,"H","Pet Insurance and Wellness Programs","H0655",2025,"https://legiscan.com/FL/bill/H0655/2025",0.944444444444444,17,1,"N",1,1,1,1,1
1507168,1953712,"2025-2025_Regular_Session","2025-03-05","House Insurance & Banking Subcommittee",17,0,0,1,18,1,"H","Securities","H0379",2025,"https://legiscan.com/FL/bill/H0379/2025",0.944444444444444,17,1,"N",1,1,1,1,1
1507186,1917097,"2025-2025_Regular_Session","2025-03-05","House Insurance & Banking Subcommittee",17,0,0,1,18,1,"H","Prohibited Practices in Consumer Debt Collection","H0147",2025,"https://legiscan.com/FL/bill/H0147/2025",0.944444444444444,17,1,"N",1,1,1,1,1
1507191,1963449,"2025-2025_Regular_Session","2025-03-05","House Insurance & Banking Subcommittee",16,0,0,2,18,1,"H","Nonprofit Agricultural Organization Medical Benefit Plans","H0497",2025,"https://legiscan.com/FL/bill/H0497/2025",0.888888888888889,16,1,"N",1,1,1,1,1
1507373,1956265,"2025-2025_Regular_Session","2025-03-06","House Intergovernmental Affairs Subcommittee",16,0,0,2,18,1,"H","St. Augustine-St. Johns County Airport Authority, St. Johns County","H4009",2025,"https://legiscan.com/FL/bill/H4009/2025",0.888888888888889,16,1,"N",1,1,1,1,1
1507424,1943776,"2025-2025_Regular_Session","2025-03-06","House Government Operations Subcommittee",16,1,0,1,18,1,"H","Motorcycle Specialty License Plates","H0267",2025,"https://legiscan.com/FL/bill/H0267/2025",0.888888888888889,17,0.941176470588235,"N",0.916666666666667,1,1,0.916666666666667,0.941176470588235
1507444,1922154,"2025-2025_Regular_Session","2025-03-06","House Industries & Professional Activities Subcommittee",15,0,0,3,18,1,"H","Education in Correctional Facilities for Licensed Professions","H0195",2025,"https://legiscan.com/FL/bill/H0195/2025",0.833333333333333,15,1,"N",1,1,1,1,1
1507455,1982451,"2025-2025_Regular_Session","2025-03-06","House Intergovernmental Affairs Subcommittee",14,0,0,4,18,1,"H","City Pension Fund for Firefighters and Police Officers in the City of Tampa, Hillsborough County","H4045",2025,"https://legiscan.com/FL/bill/H4045/2025",0.777777777777778,14,1,"N",1,1,1,1,1
1507521,1988799,"2025-2025_Regular_Session","2025-03-05","Senate Appropriations Committee on Criminal and Civil Justice",9,0,0,0,9,1,"S","Trust Funds of the State Courts System","S7014",2025,"https://legiscan.com/FL/bill/S7014/2025",1,9,1,"N",1,1,1,1,1
1507546,1974860,"2025-2025_Regular_Session","2025-03-05","House Insurance & Banking Subcommittee",17,0,0,1,18,1,"H","OGSR/Financial Technology Sandbox Applications/OFR","H7003",2025,"https://legiscan.com/FL/bill/H7003/2025",0.944444444444444,17,1,"N",1,1,1,1,1
1507584,1970927,"2025-2025_Regular_Session","2025-03-06","House Intergovernmental Affairs Subcommittee",16,0,0,2,18,1,"H","Bermont Drainage District, Charlotte County","H4017",2025,"https://legiscan.com/FL/bill/H4017/2025",0.888888888888889,16,1,"N",1,1,1,1,1
1507618,1940269,"2025-2025_Regular_Session","2025-03-06","House Government Operations Subcommittee",16,1,0,1,18,1,"H","Operating Vehicles and Vessels","H0241",2025,"https://legiscan.com/FL/bill/H0241/2025",0.888888888888889,17,0.941176470588235,"N",0.916666666666667,1,1,0.916666666666667,0.941176470588235
1507661,1898294,"2025-2025_Regular_Session","2025-03-06","House Intergovernmental Affairs Subcommittee",13,2,0,3,18,1,"H","Regulation of Presidential Libraries","H0069",2025,"https://legiscan.com/FL/bill/H0069/2025",0.722222222222222,15,0.866666666666667,"N",1,0.6,0.6,1,0.866666666666667
1507694,1953805,"2025-2025_Regular_Session","2025-03-05","House Insurance & Banking Subcommittee",17,0,0,1,18,1,"H","Home and Service Warranty Association Financial Requirements","H0367",2025,"https://legiscan.com/FL/bill/H0367/2025",0.944444444444444,17,1,"N",1,1,1,1,1
1507723,1915029,"2025-2025_Regular_Session","2025-03-06","House Industries & Professional Activities Subcommittee",15,0,0,3,18,1,"H","Pawnbroker Transaction Forms","H0139",2025,"https://legiscan.com/FL/bill/H0139/2025",0.833333333333333,15,1,"N",1,1,1,1,1
1507742,1970227,"2025-2025_Regular_Session","2025-03-06","House Intergovernmental Affairs Subcommittee",15,0,0,3,18,1,"H","Pub. Rec./County and City Administrators and Managers","H0623",2025,"https://legiscan.com/FL/bill/H0623/2025",0.833333333333333,15,1,"N",1,1,1,1,1
1507781,1985042,"2025-2025_Regular_Session","2025-03-06","House Government Operations Subcommittee",14,4,0,0,18,1,"H","Amendments to the State Constitution","H1205",2025,"https://legiscan.com/FL/bill/H1205/2025",0.777777777777778,18,0.777777777777778,"N",1,0.2,0.8,1,0.944444444444444
1507892,1943776,"2025-2025_Regular_Session","2025-03-06","House Government Operations Subcommittee",14,0,0,4,18,1,"H","Motorcycle Specialty License Plates","H0267",2025,"https://legiscan.com/FL/bill/H0267/2025",0.777777777777778,14,1,"N",1,1,1,1,1
1508014,1957846,"2025-2025_Regular_Session","2025-03-06","House Industries & Professional Activities Subcommittee",16,0,0,2,18,1,"H","Limitation of Size of Individual Wine Containers","H6015",2025,"https://legiscan.com/FL/bill/H6015/2025",0.888888888888889,16,1,"N",1,1,1,1,1
1508118,1972564,"2025-2025_Regular_Session","2025-03-06","House Intergovernmental Affairs Subcommittee",16,0,0,2,18,1,"H","Officers and Employees of North Springs Improvement District, Broward County","H4023",2025,"https://legiscan.com/FL/bill/H4023/2025",0.888888888888889,16,1,"N",1,1,1,1,1
1508229,1951409,"2025-2025_Regular_Session","2025-03-06","House Industries & Professional Activities Subcommittee",14,1,0,3,18,1,"H","Licensure Requirements for Surveyors and Mappers","H0339",2025,"https://legiscan.com/FL/bill/H0339/2025",0.777777777777778,15,0.933333333333333,"N",0.9,1,1,0.9,0.933333333333333
1508413,1953605,"2025-2025_Regular_Session","2025-03-06","House Criminal Justice Subcommittee",18,0,0,0,18,1,"H","Purchase and Possession of Firearms by Law Enforcement Officers, Correctional Officers, Correctional Probation Officers, and Servicemembers","H0383",2025,"https://legiscan.com/FL/bill/H0383/2025",1,18,1,"N",1,1,1,1,1
1508417,1942733,"2025-2025_Regular_Session","2025-03-06","House Criminal Justice Subcommittee",15,0,0,3,18,1,"H","Compensation for Health Care Services for Inmates in Martin County","H4007",2025,"https://legiscan.com/FL/bill/H4007/2025",0.833333333333333,15,1,"N",1,1,1,1,1
1508418,1973099,"2025-2025_Regular_Session","2025-03-06","House Criminal Justice Subcommittee",17,1,0,0,18,1,"H","Aggravating Factors for Capital Felonies","H0693",2025,"https://legiscan.com/FL/bill/H0693/2025",0.944444444444444,18,0.944444444444444,"N",1,0.8,0.8,1,0.944444444444444
1508419,1919798,"2025-2025_Regular_Session","2025-03-06","House Criminal Justice Subcommittee",17,0,0,1,18,1,"H","Criminal Offenses Against Law Enforcement Officers and Other Personnel","H0175",2025,"https://legiscan.com/FL/bill/H0175/2025",0.944444444444444,17,1,"N",1,1,1,1,1
1508420,1895697,"2025-2025_Regular_Session","2025-03-06","House Criminal Justice Subcommittee",18,0,0,0,18,1,"H","Pub. Rec./Victims of Domestic Violence and Dating Violence","H0041",2025,"https://legiscan.com/FL/bill/H0041/2025",1,18,1,"N",1,1,1,1,1
1508422,1946009,"2025-2025_Regular_Session","2025-03-06","House Criminal Justice Subcommittee",18,0,0,0,18,1,"H","Boating Safety","H0289",2025,"https://legiscan.com/FL/bill/H0289/2025",1,18,1,"N",1,1,1,1,1
1508432,1894906,"2025-2025_Regular_Session","2025-03-06","House Criminal Justice Subcommittee",18,0,0,0,18,1,"H","Victims of Domestic Violence and Dating Violence","H0019",2025,"https://legiscan.com/FL/bill/H0019/2025",1,18,1,"N",1,1,1,1,1
1508448,1963746,"2025-2025_Regular_Session","2025-03-06","House Criminal Justice Subcommittee",15,0,0,3,18,1,"H","Electronic Transmittal of Court Orders","H0513",2025,"https://legiscan.com/FL/bill/H0513/2025",0.833333333333333,15,1,"N",1,1,1,1,1
1508454,1923445,"2025-2025_Regular_Session","2025-03-06","House Criminal Justice Subcommittee",15,0,0,3,18,1,"H","Abandoning Restrained Dogs During Natural Disasters","H0205",2025,"https://legiscan.com/FL/bill/H0205/2025",0.833333333333333,15,1,"N",1,1,1,1,1
1508512,1897172,"2025-2025_Regular_Session","2025-03-06","House Criminal Justice Subcommittee",17,0,0,1,18,1,"H","Regulation of Xylazine","H0057",2025,"https://legiscan.com/FL/bill/H0057/2025",0.944444444444444,17,1,"N",1,1,1,1,1
1508544,1962096,"2025-2025_Regular_Session","2025-03-06","House Criminal Justice Subcommittee",18,0,0,0,18,1,"H","Leaving the Scene of a Crash Involving Only Damage to Vehicle or Property","H0479",2025,"https://legiscan.com/FL/bill/H0479/2025",1,18,1,"N",1,1,1,1,1
1508613,1957367,"2025-2025_Regular_Session","2025-03-06","House Criminal Justice Subcommittee",16,0,0,2,18,1,"H","Peer Support for First Responders","H0421",2025,"https://legiscan.com/FL/bill/H0421/2025",0.888888888888889,16,1,"N",1,1,1,1,1
1509081,1927298,"2025-2025_Regular_Session","2025-02-18","Senate Education Postsecondary",0,0,0,7,7,0,"S","Florida Institute for Human and Machine Cognition, Inc.","S0312",2025,"https://legiscan.com/FL/bill/S0312/2025",0,0,NA,"N",NA,NA,NA,NA,NA
1509096,1923039,"2025-2025_Regular_Session","2025-03-10","Senate Commerce and Tourism",8,0,0,1,9,1,"S","Warranty Associations","S0282",2025,"https://legiscan.com/FL/bill/S0282/2025",0.888888888888889,8,1,"N",1,1,1,1,1
1509137,1967866,"2025-2025_Regular_Session","2025-03-10","Senate Commerce and Tourism",5,3,0,1,9,1,"S","Minimum Wage Requirements","S0676",2025,"https://legiscan.com/FL/bill/S0676/2025",0.555555555555556,8,0.625,"N",1,0,1,1,1
1509138,1966580,"2025-2025_Regular_Session","2025-03-04","Senate Transportation",9,0,0,0,9,1,"S","Transportation Facility Designations/Heroes Memorial Overpass","S0654",2025,"https://legiscan.com/FL/bill/S0654/2025",1,9,1,"N",1,1,1,1,1
1509172,1982412,"2025-2025_Regular_Session","2025-03-10","Senate Commerce and Tourism",7,1,0,1,9,1,"S","Consumers' Right to Repair Certain Equipment","S1132",2025,"https://legiscan.com/FL/bill/S1132/2025",0.777777777777778,8,0.875,"N",1,0.666666666666667,0.666666666666667,1,0.875
1509310,1969171,"2025-2025_Regular_Session","2025-03-10","Senate Commerce and Tourism",7,1,0,1,9,1,"S","Provenance of Digital Content","S0702",2025,"https://legiscan.com/FL/bill/S0702/2025",0.777777777777778,8,0.875,"N",1,0.666666666666667,0.666666666666667,1,0.875
1509507,1983666,"2025-2025_Regular_Session","2025-03-10","Senate Commerce and Tourism",8,0,0,1,9,1,"S","Research and Development Tax Credit","S1244",2025,"https://legiscan.com/FL/bill/S1244/2025",0.888888888888889,8,1,"N",1,1,1,1,1
1509564,1967572,"2025-2025_Regular_Session","2025-03-10","Senate Commerce and Tourism",8,0,0,1,9,1,"S","Pawnbroker Transaction Forms","S0678",2025,"https://legiscan.com/FL/bill/S0678/2025",0.888888888888889,8,1,"N",1,1,1,1,1
1512484,1975511,"2025-2025_Regular_Session","2025-03-11","Senate Appropriations Committee on Pre-K - 12 Education",9,0,0,1,10,1,"S","Administrative Efficiency in Public Schools","S0166",2025,"https://legiscan.com/FL/bill/S0166/2025",0.9,9,1,"N",1,1,1,1,1
1512497,1992688,"2025-2025_Regular_Session","2025-03-10","Senate Ethics and Elections",6,3,0,0,9,1,"S","Amendments to the State Constitution","S7016",2025,"https://legiscan.com/FL/bill/S7016/2025",0.666666666666667,9,0.666666666666667,"N",1,0,1,1,1
1512542,1964260,"2025-2025_Regular_Session","2025-03-11","Senate Appropriations Committee on Transportation, Tourism, and Economic Development",15,0,0,0,15,1,"S","Fees/Florida Manufacturing Promotional Campaign","S0602",2025,"https://legiscan.com/FL/bill/S0602/2025",1,15,1,"N",1,1,1,1,1
1512596,1981384,"2025-2025_Regular_Session","2025-03-11","House Education Administration Subcommittee",17,0,0,1,18,1,"H","Wireless Communications Devices on School Grounds","H0949",2025,"https://legiscan.com/FL/bill/H0949/2025",0.944444444444444,17,1,"N",1,1,1,1,1
1512609,1987752,"2025-2025_Regular_Session","2025-03-11","House Education Administration Subcommittee",16,0,0,2,18,1,"H","Safety of Students","H1403",2025,"https://legiscan.com/FL/bill/H1403/2025",0.888888888888889,16,1,"N",1,1,1,1,1
1512712,1952078,"2025-2025_Regular_Session","2025-03-11","House Human Services Subcommittee",18,0,0,0,18,1,"H","Emergency Opioid Antagonists in Public K-12 Schools and Postsecondary Educational Institutions","H0355",2025,"https://legiscan.com/FL/bill/H0355/2025",1,18,1,"N",1,1,1,1,1
1512830,1965376,"2025-2025_Regular_Session","2025-03-11","House Human Services Subcommittee",18,0,0,0,18,1,"H","Public Education of Background Screening Requirements","H0531",2025,"https://legiscan.com/FL/bill/H0531/2025",1,18,1,"N",1,1,1,1,1
1512905,1902581,"2025-2025_Regular_Session","2025-02-05","House Industries & Professional Activities Subcommittee",12,4,0,2,18,1,"H","Pari-mutuel Wagering","H0105",2025,"https://legiscan.com/FL/bill/H0105/2025",0.666666666666667,16,0.75,"N",1,0,1,1,1
1512948,1897165,"2025-2025_Regular_Session","2025-03-11","Senate Appropriations Committee on Pre-K - 12 Education",9,0,0,1,10,1,"S","Exceptional Student Education","S0102",2025,"https://legiscan.com/FL/bill/S0102/2025",0.9,9,1,"N",1,1,1,1,1
1512993,1927121,"2025-2025_Regular_Session","2025-03-11","Senate Appropriations Committee on Pre-K - 12 Education",8,1,0,1,10,1,"S","Middle School and High School Start Times","S0296",2025,"https://legiscan.com/FL/bill/S0296/2025",0.8,9,0.888888888888889,"N",0.833333333333333,1,1,0.833333333333333,0.888888888888889
1513041,1946372,"2025-2025_Regular_Session","2025-03-11","Senate Military and Veterans Affairs, Space, and Domestic Security",5,0,0,1,6,1,"S","Unlawful Use of Uniforms, Medals, or Insignia","S0402",2025,"https://legiscan.com/FL/bill/S0402/2025",0.833333333333333,5,1,"N",1,1,1,1,1
1513072,1975198,"2025-2025_Regular_Session","2025-03-11","House Education Administration Subcommittee",17,0,0,1,18,1,"H","Type 1 Diabetes Early Detection Program","H0723",2025,"https://legiscan.com/FL/bill/H0723/2025",0.944444444444444,17,1,"N",1,1,1,1,1
1513115,1981199,"2025-2025_Regular_Session","2025-03-11","Senate Governmental Oversight and Accountability",6,1,0,1,8,1,"S","Gulf of America","S1058",2025,"https://legiscan.com/FL/bill/S1058/2025",0.75,7,0.857142857142857,"N",1,0.5,NA,1,1
1513129,1983927,"2025-2025_Regular_Session","2025-03-11","House Human Services Subcommittee",18,0,0,0,18,1,"H","Child Welfare","H1127",2025,"https://legiscan.com/FL/bill/H1127/2025",1,18,1,"N",1,1,1,1,1
1513135,1952198,"2025-2025_Regular_Session","2025-03-11","Senate Governmental Oversight and Accountability",7,0,0,1,8,1,"S","Administrative Procedure","S0448",2025,"https://legiscan.com/FL/bill/S0448/2025",0.875,7,1,"N",1,1,1,1,1
1513162,1975419,"2025-2025_Regular_Session","2025-03-11","Senate Health Policy",10,0,0,0,10,1,"S","Improving Screening for and Treatment of Blood Clots","S0890",2025,"https://legiscan.com/FL/bill/S0890/2025",1,10,1,"N",1,1,1,1,1
1513183,1941980,"2025-2025_Regular_Session","2025-03-11","Senate Military and Veterans Affairs, Space, and Domestic Security",5,0,0,1,6,1,"S","Educational Dollars for Duty Program","S0336",2025,"https://legiscan.com/FL/bill/S0336/2025",0.833333333333333,5,1,"N",1,1,1,1,1
1513198,1983495,"2025-2025_Regular_Session","2025-03-10","Senate Banking and Insurance",10,0,0,0,10,1,"S","Pet Insurance and Wellness Programs","S1226",2025,"https://legiscan.com/FL/bill/S1226/2025",1,10,1,"N",1,1,1,1,1
1513250,1980688,"2025-2025_Regular_Session","2025-03-11","House Education Administration Subcommittee",17,0,0,1,18,1,"H","Florida Institute for Pediatric Rare Diseases","H0907",2025,"https://legiscan.com/FL/bill/H0907/2025",0.944444444444444,17,1,"N",1,1,1,1,1
1513285,1983449,"2025-2025_Regular_Session","2025-03-11","Senate Criminal Justice",9,0,0,0,9,1,"S","Fraudulent Use of Gift Cards","S1198",2025,"https://legiscan.com/FL/bill/S1198/2025",1,9,1,"N",1,1,1,1,1
1513327,1953445,"2025-2025_Regular_Session","2025-03-11","House Natural Resources & Disasters Subcommittee",16,0,0,2,18,1,"H","Nature-based Methods for Improving Coastal Resilience","H0371",2025,"https://legiscan.com/FL/bill/H0371/2025",0.888888888888889,16,1,"N",1,1,1,1,1
1513340,1983587,"2025-2025_Regular_Session","2025-03-11","House Health Care Facilities & Systems Subcommittee",16,0,0,2,18,1,"H","Health Care Patient Protection","H1119",2025,"https://legiscan.com/FL/bill/H1119/2025",0.888888888888889,16,1,"N",1,1,1,1,1
1513414,1942658,"2025-2025_Regular_Session","2025-03-11","House Government Operations Subcommittee",17,0,0,1,18,1,"H","Special Observances","H0259",2025,"https://legiscan.com/FL/bill/H0259/2025",0.944444444444444,17,1,"N",1,1,1,1,1
1513526,1969327,"2025-2025_Regular_Session","2025-03-11","Senate Criminal Justice",9,0,0,0,9,1,"S","Sexual Offenses by Persons Previously Convicted of Sexual Offenses","S0716",2025,"https://legiscan.com/FL/bill/S0716/2025",1,9,1,"N",1,1,1,1,1
1513599,1963580,"2025-2025_Regular_Session","2025-03-11","Senate Governmental Oversight and Accountability",7,0,0,1,8,1,"S","Public Records and Meetings/NG911 Systems","S7006",2025,"https://legiscan.com/FL/bill/S7006/2025",0.875,7,1,"N",1,1,1,1,1
1513652,1973421,"2025-2025_Regular_Session","2025-03-11","Senate Environment and Natural Resources",9,0,0,0,9,1,"S","Requirements for Battery Manufacturers","S0800",2025,"https://legiscan.com/FL/bill/S0800/2025",1,9,1,"N",1,1,1,1,1
1513663,1986968,"2025-2025_Regular_Session","2025-03-11","House Government Operations Subcommittee",14,3,0,1,18,1,"H","Succession to Office of Governor, Auditing, and Government Efficiency","H1325",2025,"https://legiscan.com/FL/bill/H1325/2025",0.777777777777778,17,0.823529411764706,"N",1,0.4,0.6,1,0.882352941176471
1513713,1987620,"2025-2025_Regular_Session","2025-03-11","Senate Health Policy",10,0,0,0,10,1,"S","Tax Credits for Charitable Contributions","S0182",2025,"https://legiscan.com/FL/bill/S0182/2025",1,10,1,"N",1,1,1,1,1
1513729,1894965,"2025-2025_Regular_Session","2025-03-11","House Government Operations Subcommittee",17,0,0,1,18,1,"H","Pub. Rec. and Meetings/Social Work Licensure Interstate Compact","H0029",2025,"https://legiscan.com/FL/bill/H0029/2025",0.944444444444444,17,1,"N",1,1,1,1,1
1513730,1975477,"2025-2025_Regular_Session","2025-03-11","Senate Military and Veterans Affairs, Space, and Domestic Security",5,0,0,1,6,1,"S","Florida State Guard","S0884",2025,"https://legiscan.com/FL/bill/S0884/2025",0.833333333333333,5,1,"N",1,1,1,1,1
1513731,1977496,"2025-2025_Regular_Session","2025-03-11","Senate Health Policy",8,2,0,0,10,1,"S","Invalid Restrictive Covenants in Health Care","S0942",2025,"https://legiscan.com/FL/bill/S0942/2025",0.8,10,0.8,"N",0.857142857142857,0.666666666666667,0.666666666666667,0.857142857142857,0.8
1513734,1963716,"2025-2025_Regular_Session","2025-03-11","Senate Governmental Oversight and Accountability",7,0,0,1,8,1,"S","OGSR/Applicants or Participants in Certain Federal, State, or Local Housing Assistance Programs","S7004",2025,"https://legiscan.com/FL/bill/S7004/2025",0.875,7,1,"N",1,1,1,1,1
1513742,1969698,"2025-2025_Regular_Session","2025-03-11","Senate Criminal Justice",9,0,0,0,9,1,"S","Public Records/Crime Stoppers Organizations","S0710",2025,"https://legiscan.com/FL/bill/S0710/2025",1,9,1,"N",1,1,1,1,1
1513752,1972698,"2025-2025_Regular_Session","2025-03-11","House Health Care Facilities & Systems Subcommittee",16,0,0,2,18,1,"H","State Group Insurance Program Coverage of Standard Fertility Preservation Services","H0677",2025,"https://legiscan.com/FL/bill/H0677/2025",0.888888888888889,16,1,"N",1,1,1,1,1
1513815,1973264,"2025-2025_Regular_Session","2025-03-11","Senate Environment and Natural Resources",9,0,0,0,9,1,"S","Stormwater Management Systems","S0810",2025,"https://legiscan.com/FL/bill/S0810/2025",1,9,1,"N",1,1,1,1,1
1513838,1972320,"2025-2025_Regular_Session","2025-03-11","Senate Agriculture",6,0,0,0,6,1,"S","Improvements to Structures on Agricultural Lands","S0786",2025,"https://legiscan.com/FL/bill/S0786/2025",1,6,1,"N",1,1,1,1,1
1513840,1973249,"2025-2025_Regular_Session","2025-03-11","Senate Environment and Natural Resources",9,0,0,0,9,1,"S","General Permits for Distributed Wastewater Treatment Systems","S0796",2025,"https://legiscan.com/FL/bill/S0796/2025",1,9,1,"N",1,1,1,1,1
1513845,1927298,"2025-2025_Regular_Session","2025-03-10","Senate Education Postsecondary",5,0,0,2,7,1,"S","Florida Institute for Human and Machine Cognition, Inc.","S0312",2025,"https://legiscan.com/FL/bill/S0312/2025",0.714285714285714,5,1,"N",1,NA,NA,NA,NA
1513856,1967427,"2025-2025_Regular_Session","2025-03-11","House Housing, Agriculture & Tourism Subcommittee",17,0,0,1,18,1,"H","Land Use and Development","H0579",2025,"https://legiscan.com/FL/bill/H0579/2025",0.944444444444444,17,1,"N",1,1,1,1,1
1513876,1988803,"2025-2025_Regular_Session","2025-03-11","House Health Care Facilities & Systems Subcommittee",18,0,0,0,18,1,"H","Home Health Aide for Medically Fragile Children Program","H1529",2025,"https://legiscan.com/FL/bill/H1529/2025",1,18,1,"N",1,1,1,1,1
1513877,1983681,"2025-2025_Regular_Session","2025-03-11","House Student Academic Success Subcommittee",17,0,0,1,18,1,"H","Certificates of Completion","H1111",2025,"https://legiscan.com/FL/bill/H1111/2025",0.944444444444444,17,1,"N",1,1,1,1,1
1513913,1994035,"2025-2025_Regular_Session","2025-03-11","Senate Health Policy",9,1,0,0,10,1,"S","OGSR/Parental Consent Requirements Before Terminating a Pregnancy","S7018",2025,"https://legiscan.com/FL/bill/S7018/2025",0.9,10,0.9,"N",0.857142857142857,1,1,0.857142857142857,0.9
1513916,1944992,"2025-2025_Regular_Session","2025-03-11","House Natural Resources & Disasters Subcommittee",17,0,0,1,18,1,"H","Building and Plumbing Permits for the Use of Onsite Sewage Treatment and Disposal Systems","H0287",2025,"https://legiscan.com/FL/bill/H0287/2025",0.944444444444444,17,1,"N",1,1,1,1,1
1513942,1956553,"2025-2025_Regular_Session","2025-03-11","Senate Environment and Natural Resources",8,1,0,0,9,1,"S","Mitigation Banks","S0492",2025,"https://legiscan.com/FL/bill/S0492/2025",0.888888888888889,9,0.888888888888889,"N",1,0.666666666666667,0.666666666666667,1,0.888888888888889
1513955,1967478,"2025-2025_Regular_Session","2025-03-11","Senate Health Policy",9,1,0,0,10,1,"S","Storage and Disposal of Prescription Drugs and Sharps","S0668",2025,"https://legiscan.com/FL/bill/S0668/2025",0.9,10,0.9,"N",1,0.666666666666667,0.666666666666667,1,0.9
1513979,1987729,"2025-2025_Regular_Session","2025-03-10","Senate Education Postsecondary",5,0,0,2,7,1,"S","Higher Education","S1624",2025,"https://legiscan.com/FL/bill/S1624/2025",0.714285714285714,5,1,"N",1,NA,NA,NA,NA
1514021,1987792,"2025-2025_Regular_Session","2025-03-11","Senate Education Pre-K - 12",9,0,0,0,9,1,"S","Education","S1618",2025,"https://legiscan.com/FL/bill/S1618/2025",1,9,1,"N",1,1,1,1,1
1514037,1980686,"2025-2025_Regular_Session","2025-03-11","House Student Academic Success Subcommittee",17,0,0,1,18,1,"H","Required Instruction in Cursive Writing","H0921",2025,"https://legiscan.com/FL/bill/H0921/2025",0.944444444444444,17,1,"N",1,1,1,1,1
1514044,1975689,"2025-2025_Regular_Session","2025-03-11","Senate Governmental Oversight and Accountability",6,1,0,1,8,1,"S","Coverage for Fertility Preservation Services","S0924",2025,"https://legiscan.com/FL/bill/S0924/2025",0.75,7,0.857142857142857,"N",0.8,1,1,0.8,0.857142857142857
1514140,1951899,"2025-2025_Regular_Session","2025-03-11","Senate Governmental Oversight and Accountability",7,0,0,1,8,1,"S","OGSR/Site-specific Location Information for Endangered and Threatened Species","S7000",2025,"https://legiscan.com/FL/bill/S7000/2025",0.875,7,1,"N",1,1,1,1,1
1514150,1940859,"2025-2025_Regular_Session","2025-03-11","House Housing, Agriculture & Tourism Subcommittee",15,2,0,1,18,1,"H","Housing","H0247",2025,"https://legiscan.com/FL/bill/H0247/2025",0.833333333333333,17,0.882352941176471,"N",1,0.5,NA,1,1
1514223,1971008,"2025-2025_Regular_Session","2025-03-11","Senate Health Policy",10,0,0,0,10,1,"S","Preventing the Spread of Avian Influenza","S0762",2025,"https://legiscan.com/FL/bill/S0762/2025",1,10,1,"N",1,1,1,1,1
1514250,1976646,"2025-2025_Regular_Session","2025-03-11","House Health Care Facilities & Systems Subcommittee",18,0,0,0,18,1,"H","Surrendered Infants","H0791",2025,"https://legiscan.com/FL/bill/H0791/2025",1,18,1,"N",1,1,1,1,1
1514281,1969535,"2025-2025_Regular_Session","2025-03-11","Senate Agriculture",6,0,0,0,6,1,"S","Department of Agriculture and Consumer Services","S0700",2025,"https://legiscan.com/FL/bill/S0700/2025",1,6,1,"N",1,1,1,1,1
1514354,1963449,"2025-2025_Regular_Session","2025-03-11","House Health Care Facilities & Systems Subcommittee",18,0,0,0,18,1,"H","Nonprofit Agricultural Organization Medical Benefit Plans","H0497",2025,"https://legiscan.com/FL/bill/H0497/2025",1,18,1,"N",1,1,1,1,1
1514387,1942015,"2025-2025_Regular_Session","2025-03-11","House Student Academic Success Subcommittee",16,0,0,2,18,1,"H","Holocaust Remembrance Day","H0251",2025,"https://legiscan.com/FL/bill/H0251/2025",0.888888888888889,16,1,"N",1,1,1,1,1
1514466,1967393,"2025-2025_Regular_Session","2025-03-11","House Natural Resources & Disasters Subcommittee",13,5,0,0,18,1,"H","Regulation of Auxiliary Containers","H0565",2025,"https://legiscan.com/FL/bill/H0565/2025",0.722222222222222,18,0.722222222222222,"N",1,0,1,1,1
1514467,1974703,"2025-2025_Regular_Session","2025-03-11","House Natural Resources & Disasters Subcommittee",18,0,0,0,18,1,"H","Water Access Facilities","H0735",2025,"https://legiscan.com/FL/bill/H0735/2025",1,18,1,"N",1,1,1,1,1
1514577,1957008,"2025-2025_Regular_Session","2025-03-11","House Student Academic Success Subcommittee",17,0,0,1,18,1,"H","Family Empowerment Scholarship Program","H0423",2025,"https://legiscan.com/FL/bill/H0423/2025",0.944444444444444,17,1,"N",1,1,1,1,1
1514614,1985637,"2025-2025_Regular_Session","2025-03-11","Senate Education Pre-K - 12",9,0,0,0,9,1,"S","School Safety","S1470",2025,"https://legiscan.com/FL/bill/S1470/2025",1,9,1,"N",1,1,1,1,1
1514625,1942091,"2025-2025_Regular_Session","2025-03-11","Senate Education Pre-K - 12",6,2,0,1,9,1,"S","Health Screenings for K-12 Students","S0370",2025,"https://legiscan.com/FL/bill/S0370/2025",0.666666666666667,8,0.75,"N",0.6,1,1,0.6,0.75
1514627,1981161,"2025-2025_Regular_Session","2025-03-11","Senate Criminal Justice",9,0,0,0,9,1,"S","Tampering with an Electronic Monitoring Device","S1054",2025,"https://legiscan.com/FL/bill/S1054/2025",1,9,1,"N",1,1,1,1,1
1514660,1983455,"2025-2025_Regular_Session","2025-03-11","Senate Criminal Justice",9,0,0,0,9,1,"S","Installation or Use of Tracking Devices or Applications","S1168",2025,"https://legiscan.com/FL/bill/S1168/2025",1,9,1,"N",1,1,1,1,1
1514673,1967372,"2025-2025_Regular_Session","2025-03-11","House Government Operations Subcommittee",13,4,0,1,18,1,"H","The Designation of the Gulf of Mexico","H0575",2025,"https://legiscan.com/FL/bill/H0575/2025",0.722222222222222,17,0.764705882352941,"N",1,0.2,0.8,1,0.941176470588235
1514678,1956827,"2025-2025_Regular_Session","2025-03-11","Senate Education Pre-K - 12",9,0,0,0,9,1,"S","Family Empowerment Scholarship Program","S0508",2025,"https://legiscan.com/FL/bill/S0508/2025",1,9,1,"N",1,1,1,1,1
1514704,1970297,"2025-2025_Regular_Session","2025-03-11","Senate Environment and Natural Resources",9,0,0,0,9,1,"S","Brownfields","S0736",2025,"https://legiscan.com/FL/bill/S0736/2025",1,9,1,"N",1,1,1,1,1
1514765,1980979,"2025-2025_Regular_Session","2025-03-11","Senate Criminal Justice",9,0,0,0,9,1,"S","Fines for Public Nuisance Abatement","S1022",2025,"https://legiscan.com/FL/bill/S1022/2025",1,9,1,"N",1,1,1,1,1
1514767,1981374,"2025-2025_Regular_Session","2025-03-11","Senate Education Pre-K - 12",8,0,0,1,9,1,"S","Electrocardiograms for Student Athletes","S1070",2025,"https://legiscan.com/FL/bill/S1070/2025",0.888888888888889,8,1,"N",1,1,1,1,1
1514768,1982573,"2025-2025_Regular_Session","2025-03-11","House Housing, Agriculture & Tourism Subcommittee",18,0,0,0,18,1,"H","Flood Disclosures","H1015",2025,"https://legiscan.com/FL/bill/H1015/2025",1,18,1,"N",1,1,1,1,1
1514820,1985733,"2025-2025_Regular_Session","2025-03-11","Senate Education Pre-K - 12",7,2,0,0,9,1,"S","Public Records/School Security Guards","S1472",2025,"https://legiscan.com/FL/bill/S1472/2025",0.777777777777778,9,0.777777777777778,"N",0.833333333333333,0.666666666666667,0.666666666666667,0.833333333333333,0.777777777777778
1514899,1980682,"2025-2025_Regular_Session","2025-03-11","House Housing, Agriculture & Tourism Subcommittee",18,0,0,0,18,1,"H","Condominium and Cooperative Associations","H0913",2025,"https://legiscan.com/FL/bill/H0913/2025",1,18,1,"N",1,1,1,1,1
1514983,1979128,"2025-2025_Regular_Session","2025-03-11","Senate Agriculture",6,0,0,0,6,1,"S","Hunger-Free Campus Pilot Program","S0980",2025,"https://legiscan.com/FL/bill/S0980/2025",1,6,1,"N",1,1,1,1,1
1515087,1985146,"2025-2025_Regular_Session","2025-03-11","Senate Agriculture",6,0,0,0,6,1,"S","Agronomic Study on Emerging Crops","S0178",2025,"https://legiscan.com/FL/bill/S0178/2025",1,6,1,"N",1,1,1,1,1
1515106,1918478,"2025-2025_Regular_Session","2025-03-11","Senate Education Pre-K - 12",9,0,0,0,9,1,"S","Student Participation in Interscholastic and Intrascholastic Extracurricular Sports","S0248",2025,"https://legiscan.com/FL/bill/S0248/2025",1,9,1,"N",1,1,1,1,1
1515225,1988857,"2025-2025_Regular_Session","2025-03-11","House Government Operations Subcommittee",17,0,0,1,18,1,"H","Public Officers and Employees","H1445",2025,"https://legiscan.com/FL/bill/H1445/2025",0.944444444444444,17,1,"N",1,1,1,1,1
1515241,1962260,"2025-2025_Regular_Session","2025-03-11","House Natural Resources & Disasters Subcommittee",18,0,0,0,18,1,"H","Anchoring Limitation Areas","H0481",2025,"https://legiscan.com/FL/bill/H0481/2025",1,18,1,"N",1,1,1,1,1
1515316,1970101,"2025-2025_Regular_Session","2025-03-11","Senate Education Pre-K - 12",8,0,0,1,9,1,"S","International Baccalaureate Bonus Funding","S0754",2025,"https://legiscan.com/FL/bill/S0754/2025",0.888888888888889,8,1,"N",1,1,1,1,1
1515341,1982781,"2025-2025_Regular_Session","2025-03-11","Senate Environment and Natural Resources",9,0,0,0,9,1,"S","Spring Restoration","S1228",2025,"https://legiscan.com/FL/bill/S1228/2025",1,9,1,"N",1,1,1,1,1
1515400,1983230,"2025-2025_Regular_Session","2025-03-11","Senate Environment and Natural Resources",9,0,0,0,9,1,"S","Water Access Facilities","S1162",2025,"https://legiscan.com/FL/bill/S1162/2025",1,9,1,"N",1,1,1,1,1
1515413,1974993,"2025-2025_Regular_Session","2025-03-11","Senate Criminal Justice",9,0,0,0,9,1,"S","Probation for Misdemeanor Offenses","S0878",2025,"https://legiscan.com/FL/bill/S0878/2025",1,9,1,"N",1,1,1,1,1
1515480,1977223,"2025-2025_Regular_Session","2025-03-11","Senate Criminal Justice",9,0,0,0,9,1,"S","Restrictions on Firearms and Ammunition During Emergencies","S0952",2025,"https://legiscan.com/FL/bill/S0952/2025",1,9,1,"N",1,1,1,1,1
1515633,1979680,"2025-2025_Regular_Session","2025-03-10","Senate Banking and Insurance",10,0,0,0,10,1,"S","Securities","S0988",2025,"https://legiscan.com/FL/bill/S0988/2025",1,10,1,"N",1,1,1,1,1
1515644,1951702,"2025-2025_Regular_Session","2025-03-11","Senate Community Affairs",7,0,0,1,8,1,"S","Florida Museum of Black History","S0466",2025,"https://legiscan.com/FL/bill/S0466/2025",0.875,7,1,"N",1,1,1,1,1
1515648,1954289,"2025-2025_Regular_Session","2025-03-10","Senate Banking and Insurance",10,0,0,0,10,1,"S","Nonprofit Agricultural Organization Medical Benefit Plans","S0480",2025,"https://legiscan.com/FL/bill/S0480/2025",1,10,1,"N",1,1,1,1,1
1515662,1983487,"2025-2025_Regular_Session","2025-03-11","Senate Community Affairs",7,0,0,1,8,1,"S","Assessment of Homestead Property","S0176",2025,"https://legiscan.com/FL/bill/S0176/2025",0.875,7,1,"N",1,1,1,1,1
1515663,1986578,"2025-2025_Regular_Session","2025-03-12","House Agriculture & Natural Resources Budget Subcommittee",14,0,0,1,15,1,"H","Trust Funds/Re-creation/Resilient Florida Trust Fund/DEP","H1313",2025,"https://legiscan.com/FL/bill/H1313/2025",0.933333333333333,14,1,"N",1,1,1,1,1
1515665,1970257,"2025-2025_Regular_Session","2025-03-10","Senate Banking and Insurance",9,0,0,1,10,1,"S","Health Insurance Coverage for Individuals with Developmental Disabilities","S0756",2025,"https://legiscan.com/FL/bill/S0756/2025",0.9,9,1,"N",1,1,1,1,1
1515667,1963657,"2025-2025_Regular_Session","2025-03-11","Senate Community Affairs",7,0,0,1,8,1,"S","Unlawful Demolition of Historical Buildings and Structures","S0582",2025,"https://legiscan.com/FL/bill/S0582/2025",0.875,7,1,"N",1,1,1,1,1
1515670,1921139,"2025-2025_Regular_Session","2025-03-12","Senate Judiciary",11,0,0,0,11,1,"S","Candidate Qualification","S0280",2025,"https://legiscan.com/FL/bill/S0280/2025",1,11,1,"N",1,1,1,1,1
1515671,1983005,"2025-2025_Regular_Session","2025-03-11","Senate Community Affairs",7,0,0,1,8,1,"S","Assessment of Homestead Property","S0174",2025,"https://legiscan.com/FL/bill/S0174/2025",0.875,7,1,"N",1,1,1,1,1
1515673,1973837,"2025-2025_Regular_Session","2025-03-12","Senate Judiciary",10,0,0,1,11,1,"S","Former Phosphate Mining Lands","S0832",2025,"https://legiscan.com/FL/bill/S0832/2025",0.909090909090909,10,1,"N",1,1,1,1,1
1515674,1979915,"2025-2025_Regular_Session","2025-03-11","Senate Community Affairs",6,1,0,1,8,1,"S","Utility Service Restrictions","S1002",2025,"https://legiscan.com/FL/bill/S1002/2025",0.75,7,0.857142857142857,"N",1,0.666666666666667,0.666666666666667,1,0.857142857142857
1515675,1963560,"2025-2025_Regular_Session","2025-03-12","Senate Regulated Industries",8,0,0,1,9,1,"S","Swimming Pool and Spa Contractors","S0570",2025,"https://legiscan.com/FL/bill/S0570/2025",0.888888888888889,8,1,"N",1,1,1,1,1
1515677,1964414,"2025-2025_Regular_Session","2025-03-12","Senate Regulated Industries",8,0,0,1,9,1,"S","Public Lodging and Public Food Service Establishments","S0606",2025,"https://legiscan.com/FL/bill/S0606/2025",0.888888888888889,8,1,"N",1,1,1,1,1
1515690,1975493,"2025-2025_Regular_Session","2025-03-12","Senate Rules",23,0,0,2,25,1,"S","Florida Statutes","S0040",2025,"https://legiscan.com/FL/bill/S0040/2025",0.92,23,1,"N",1,1,1,1,1
1515693,1983199,"2025-2025_Regular_Session","2025-03-11","Senate Community Affairs",7,0,0,1,8,1,"S","Benefits for Firefighters Injured During Training Exercises","S1202",2025,"https://legiscan.com/FL/bill/S1202/2025",0.875,7,1,"N",1,1,1,1,1
1515714,1942180,"2025-2025_Regular_Session","2025-03-12","Senate Rules",25,0,0,0,25,1,"S","Ethics","S0348",2025,"https://legiscan.com/FL/bill/S0348/2025",1,25,1,"N",1,1,1,1,1
1515715,1963419,"2025-2025_Regular_Session","2025-03-12","Senate Children, Families, and Elder Affairs",7,0,0,0,7,1,"S","Contracts for Postadoption Contact","S0558",2025,"https://legiscan.com/FL/bill/S0558/2025",1,7,1,"N",1,1,1,1,1
1515718,1983327,"2025-2025_Regular_Session","2025-03-12","Senate Judiciary",10,0,0,1,11,1,"S","Electronic Delivery of Notices Between Landlords and Tenants","S1164",2025,"https://legiscan.com/FL/bill/S1164/2025",0.909090909090909,10,1,"N",1,1,1,1,1
1515723,1971107,"2025-2025_Regular_Session","2025-03-12","Senate Judiciary",11,0,0,0,11,1,"S","Electronic Transmittal of Court Orders","S0774",2025,"https://legiscan.com/FL/bill/S0774/2025",1,11,1,"N",1,1,1,1,1
1515726,1963937,"2025-2025_Regular_Session","2025-03-12","Senate Judiciary",10,0,0,1,11,1,"S","Service of Process","S0576",2025,"https://legiscan.com/FL/bill/S0576/2025",0.909090909090909,10,1,"N",1,1,1,1,1
1515728,1977285,"2025-2025_Regular_Session","2025-03-10","Senate Banking and Insurance",9,0,0,1,10,1,"S","Insurance Overpayment Claims Submitted to Psychologists","S0944",2025,"https://legiscan.com/FL/bill/S0944/2025",0.9,9,1,"N",1,1,1,1,1
1515729,1958195,"2025-2025_Regular_Session","2025-03-12","Senate Rules",25,0,0,0,25,1,"S","Veterans","S0116",2025,"https://legiscan.com/FL/bill/S0116/2025",1,25,1,"N",1,1,1,1,1
1515738,1930979,"2025-2025_Regular_Session","2025-03-12","Senate Rules",25,0,0,0,25,1,"S","Property Rights","S0322",2025,"https://legiscan.com/FL/bill/S0322/2025",1,25,1,"N",1,1,1,1,1
1515739,1897268,"2025-2025_Regular_Session","2025-03-12","Senate Judiciary",11,0,0,0,11,1,"S","Exploitation of Vulnerable Adults","S0106",2025,"https://legiscan.com/FL/bill/S0106/2025",1,11,1,"N",1,1,1,1,1
1515755,1981075,"2025-2025_Regular_Session","2025-03-12","Senate Rules",23,0,0,2,25,1,"S","Florida Statutes","S0042",2025,"https://legiscan.com/FL/bill/S0042/2025",0.92,23,1,"N",1,1,1,1,1
1515772,1892656,"2025-2025_Regular_Session","2025-03-12","Senate Rules",24,0,0,1,25,1,"S","Nature-based Methods for Improving Coastal Resilience","S0050",2025,"https://legiscan.com/FL/bill/S0050/2025",0.96,24,1,"N",1,1,1,1,1
1515774,1942235,"2025-2025_Regular_Session","2025-03-12","Senate Regulated Industries",5,2,0,2,9,1,"S","Florida Public Service Commission","S0354",2025,"https://legiscan.com/FL/bill/S0354/2025",0.555555555555556,7,0.714285714285714,"N",0.6,1,1,0.6,0.714285714285714
1515777,1964976,"2025-2025_Regular_Session","2025-03-11","Senate Community Affairs",4,3,0,1,8,0,"S","Gulf of America","S0608",2025,"https://legiscan.com/FL/bill/S0608/2025",0.5,7,0.571428571428571,"N",1,0,1,1,1
1515781,1970061,"2025-2025_Regular_Session","2025-03-12","Senate Judiciary",8,2,0,1,11,1,"S","Defamation, False Light, and Unauthorized Publication of Name or Likenesses","S0752",2025,"https://legiscan.com/FL/bill/S0752/2025",0.727272727272727,10,0.8,"N",1,0.333333333333333,0.666666666666667,1,0.9
1515782,1982339,"2025-2025_Regular_Session","2025-03-11","Senate Community Affairs",7,0,0,1,8,1,"S","Building Permits for a Single-family Dwelling","S1128",2025,"https://legiscan.com/FL/bill/S1128/2025",0.875,7,1,"N",1,1,1,1,1
1515797,1983633,"2025-2025_Regular_Session","2025-03-11","Senate Community Affairs",4,3,0,1,8,0,"S","Community Redevelopment Agencies","S1242",2025,"https://legiscan.com/FL/bill/S1242/2025",0.5,7,0.571428571428571,"N",1,0,1,1,1
1515803,1942300,"2025-2025_Regular_Session","2025-03-12","Senate Rules",25,0,0,0,25,1,"S","Holocaust Remembrance Day","S0356",2025,"https://legiscan.com/FL/bill/S0356/2025",1,25,1,"N",1,1,1,1,1
1515820,1927762,"2025-2025_Regular_Session","2025-03-12","Senate Rules",25,0,0,0,25,1,"S","Florida National Guard Increased Force Structure","S0314",2025,"https://legiscan.com/FL/bill/S0314/2025",1,25,1,"N",1,1,1,1,1
1515821,1897545,"2025-2025_Regular_Session","2025-03-12","Senate Rules",25,0,0,0,25,1,"S","Regulation of Presidential Libraries","S0118",2025,"https://legiscan.com/FL/bill/S0118/2025",1,25,1,"N",1,1,1,1,1
1515828,1911850,"2025-2025_Regular_Session","2025-03-11","Senate Appropriations Committee on Transportation, Tourism, and Economic Development",15,0,0,0,15,1,"S","Housing","S0184",2025,"https://legiscan.com/FL/bill/S0184/2025",1,15,1,"N",1,1,1,1,1
1515830,1915575,"2025-2025_Regular_Session","2025-03-12","Senate Regulated Industries",7,1,0,1,9,1,"S","Municipal Water and Sewer Utility Rates","S0202",2025,"https://legiscan.com/FL/bill/S0202/2025",0.777777777777778,8,0.875,"N",1,0.5,NA,1,1
1515839,1977478,"2025-2025_Regular_Session","2025-03-12","Senate Judiciary",11,0,0,0,11,1,"S","Flood Disclosures","S0948",2025,"https://legiscan.com/FL/bill/S0948/2025",1,11,1,"N",1,1,1,1,1
1515841,1976761,"2025-2025_Regular_Session","2025-03-12","Senate Regulated Industries",8,0,0,1,9,1,"S","Nonapproved Disposable Nicotine Dispensing Devices","S0928",2025,"https://legiscan.com/FL/bill/S0928/2025",0.888888888888889,8,1,"N",1,1,1,1,1
1515848,1898276,"2025-2025_Regular_Session","2025-03-12","Senate Rules",25,0,0,0,25,1,"S","Prescription Hearing Aids","S0126",2025,"https://legiscan.com/FL/bill/S0126/2025",1,25,1,"N",1,1,1,1,1
1515852,1981730,"2025-2025_Regular_Session","2025-03-10","Senate Banking and Insurance",9,0,0,1,10,1,"S","Fire Prevention","S1078",2025,"https://legiscan.com/FL/bill/S1078/2025",0.9,9,1,"N",1,1,1,1,1
1515858,1973300,"2025-2025_Regular_Session","2025-03-12","Senate Judiciary",10,0,0,1,11,1,"S","Florida Trust Code","S0806",2025,"https://legiscan.com/FL/bill/S0806/2025",0.909090909090909,10,1,"N",1,1,1,1,1
1515863,1942250,"2025-2025_Regular_Session","2025-03-12","Senate Regulated Industries",8,0,0,1,9,1,"S","State Preemption of the Regulation of Hoisting Equipment","S0346",2025,"https://legiscan.com/FL/bill/S0346/2025",0.888888888888889,8,1,"N",1,1,1,1,1
1515869,1984348,"2025-2025_Regular_Session","2025-03-12","Senate Transportation",9,0,0,0,9,1,"S","Traffic Offenses","S1318",2025,"https://legiscan.com/FL/bill/S1318/2025",1,9,1,"N",1,1,1,1,1
1515871,2000044,"2025-2025_Regular_Session","2025-03-12","Senate: Third Reading RCS#3",38,0,0,1,39,1,"S","Celebrating the Life and Legacy of Senator Geraldine F. ""Geri"" Thompson","S1856",2025,"https://legiscan.com/FL/bill/S1856/2025",0.974358974358974,38,1,"Y",1,1,1,1,1
1515891,1984179,"2025-2025_Regular_Session","2025-03-12","House Economic Infrastructure Subcommittee",18,0,0,0,18,1,"H","Utility Service Restrictions","H1137",2025,"https://legiscan.com/FL/bill/H1137/2025",1,18,1,"N",1,1,1,1,1
1515909,1966187,"2025-2025_Regular_Session","2025-03-12","Senate Regulated Industries",5,2,0,2,9,1,"S","Veterinary Professional Associates","S0652",2025,"https://legiscan.com/FL/bill/S0652/2025",0.555555555555556,7,0.714285714285714,"N",0.6,1,1,0.6,0.714285714285714
1515932,1963769,"2025-2025_Regular_Session","2025-03-12","Senate Regulated Industries",8,0,0,1,9,1,"S","Wine Containers","S0578",2025,"https://legiscan.com/FL/bill/S0578/2025",0.888888888888889,8,1,"N",1,1,1,1,1
1515938,1956291,"2025-2025_Regular_Session","2025-03-12","Senate Judiciary",9,2,0,0,11,1,"S","Trust Fund Interest for Purposes Approved by the Supreme Court","S0498",2025,"https://legiscan.com/FL/bill/S0498/2025",0.818181818181818,11,0.818181818181818,"N",1,0.333333333333333,0.666666666666667,1,0.909090909090909
1516071,1924116,"2025-2025_Regular_Session","2025-03-12","Senate Rules",25,0,0,0,25,1,"S","Collaborative Pharmacy Practice for Chronic Health Conditions","S0294",2025,"https://legiscan.com/FL/bill/S0294/2025",1,25,1,"N",1,1,1,1,1
1516074,1918834,"2025-2025_Regular_Session","2025-03-11","Senate Community Affairs",7,0,0,1,8,1,"S","Trusts","S0262",2025,"https://legiscan.com/FL/bill/S0262/2025",0.875,7,1,"N",1,1,1,1,1
1516093,1903465,"2025-2025_Regular_Session","2025-03-12","Senate Rules",25,0,0,0,25,1,"S","Abandoning Restrained Dogs During Natural Disasters","S0150",2025,"https://legiscan.com/FL/bill/S0150/2025",1,25,1,"N",1,1,1,1,1
1516106,1909517,"2025-2025_Regular_Session","2025-03-12","Senate Rules",24,0,0,1,25,1,"S","Public Accountancy","S0160",2025,"https://legiscan.com/FL/bill/S0160/2025",0.96,24,1,"N",1,1,1,1,1
1516107,1975596,"2025-2025_Regular_Session","2025-03-12","Senate Rules",24,0,0,1,25,1,"S","Florida Statutes","S0038",2025,"https://legiscan.com/FL/bill/S0038/2025",0.96,24,1,"N",1,1,1,1,1
1516115,1977909,"2025-2025_Regular_Session","2025-03-12","House Economic Infrastructure Subcommittee",18,0,0,0,18,1,"H","Indemnification and Insurance Obligations of Commuter Rail Transportation Providers","H0867",2025,"https://legiscan.com/FL/bill/H0867/2025",1,18,1,"N",1,1,1,1,1
1516128,1973541,"2025-2025_Regular_Session","2025-03-12","House Economic Infrastructure Subcommittee",18,0,0,0,18,1,"H","Utility Relocation","H0703",2025,"https://legiscan.com/FL/bill/H0703/2025",1,18,1,"N",1,1,1,1,1
1516157,1970006,"2025-2025_Regular_Session","2025-03-12","Senate Transportation",9,0,0,0,9,1,"S","Transportation Facility Designations/Senator James A. Sebesta Memorial Highway","S0706",2025,"https://legiscan.com/FL/bill/S0706/2025",1,9,1,"N",1,1,1,1,1
1516176,1947432,"2025-2025_Regular_Session","2025-03-12","Senate Rules",25,0,0,0,25,1,"S","Administrative Procedures","S0108",2025,"https://legiscan.com/FL/bill/S0108/2025",1,25,1,"N",1,1,1,1,1
1516182,1972242,"2025-2025_Regular_Session","2025-03-12","House Criminal Justice Subcommittee",16,0,0,3,19,1,"H","Use of Tracking Devices or Applications to Commit Dangerous Crimes","H0663",2025,"https://legiscan.com/FL/bill/H0663/2025",0.842105263157895,16,1,"N",1,1,1,1,1
1516183,1943836,"2025-2025_Regular_Session","2025-03-12","House Criminal Justice Subcommittee",17,0,0,2,19,1,"H","False Reporting","H0279",2025,"https://legiscan.com/FL/bill/H0279/2025",0.894736842105263,17,1,"N",1,1,1,1,1
1516190,1975439,"2025-2025_Regular_Session","2025-03-12","Senate Rules",24,0,0,1,25,1,"S","Florida Statutes","S0036",2025,"https://legiscan.com/FL/bill/S0036/2025",0.96,24,1,"N",1,1,1,1,1
1516195,1988977,"2025-2025_Regular_Session","2025-03-12","House Economic Infrastructure Subcommittee",14,4,0,0,18,1,"H","Utility Services","H1523",2025,"https://legiscan.com/FL/bill/H1523/2025",0.777777777777778,18,0.777777777777778,"N",1,0.2,0.8,1,0.944444444444444
1516197,1942526,"2025-2025_Regular_Session","2025-03-12","House Criminal Justice Subcommittee",16,0,0,3,19,1,"H","Aggravated Animal Cruelty","H0255",2025,"https://legiscan.com/FL/bill/H0255/2025",0.842105263157895,16,1,"N",1,1,1,1,1
1516219,1982314,"2025-2025_Regular_Session","2025-03-12","House Criminal Justice Subcommittee",16,1,0,2,19,1,"H","Carrying of Handguns or Weapons by Law Enforcement Officers Attending Athletic Events","H1021",2025,"https://legiscan.com/FL/bill/H1021/2025",0.842105263157895,17,0.941176470588235,"N",1,0.8,0.8,1,0.941176470588235
1516242,1972165,"2025-2025_Regular_Session","2025-03-12","House Intergovernmental Affairs Subcommittee",16,0,0,2,18,1,"H","Lee County","H4025",2025,"https://legiscan.com/FL/bill/H4025/2025",0.888888888888889,16,1,"N",1,1,1,1,1
1516253,1966658,"2025-2025_Regular_Session","2025-03-12","Senate Transportation",9,0,0,0,9,1,"S","Transportation Facility Designations/Harry Frisch Street","S0662",2025,"https://legiscan.com/FL/bill/S0662/2025",1,9,1,"N",1,1,1,1,1
1516272,1909031,"2025-2025_Regular_Session","2025-03-12","House Careers & Workforce Subcommittee",15,0,0,3,18,1,"H","Exceptional Student Education","H0127",2025,"https://legiscan.com/FL/bill/H0127/2025",0.833333333333333,15,1,"N",1,1,1,1,1
1516310,1967286,"2025-2025_Regular_Session","2025-03-12","House Intergovernmental Affairs Subcommittee",12,2,0,4,18,1,"H","Construction and Facilities","H0569",2025,"https://legiscan.com/FL/bill/H0569/2025",0.666666666666667,14,0.857142857142857,"N",1,0.333333333333333,0.666666666666667,1,0.928571428571429
1516316,1957959,"2025-2025_Regular_Session","2025-03-12","Senate: Third Reading RCS#2",38,0,0,1,39,1,"S","Children with Developmental Disabilities","S0112",2025,"https://legiscan.com/FL/bill/S0112/2025",0.974358974358974,38,1,"Y",1,1,1,1,1
1516331,1975073,"2025-2025_Regular_Session","2025-03-12","House Criminal Justice Subcommittee",13,5,0,1,19,1,"H","Minimum Age for Firearm Purchase or Transfer","H0759",2025,"https://legiscan.com/FL/bill/H0759/2025",0.684210526315789,18,0.722222222222222,"N",1,0,1,1,1
1516349,1976731,"2025-2025_Regular_Session","2025-03-12","House Intergovernmental Affairs Subcommittee",16,0,0,2,18,1,"H","Veteran and Spouse Nursing Home Beds","H0797",2025,"https://legiscan.com/FL/bill/H0797/2025",0.888888888888889,16,1,"N",1,1,1,1,1
1516361,1979604,"2025-2025_Regular_Session","2025-03-12","Senate Transportation",9,0,0,0,9,1,"S","Driver License Education Requirements","S0994",2025,"https://legiscan.com/FL/bill/S0994/2025",1,9,1,"N",1,1,1,1,1
1516362,1973683,"2025-2025_Regular_Session","2025-03-12","House Intergovernmental Affairs Subcommittee",16,0,0,2,18,1,"H","City of Oviedo, Seminole County","H4031",2025,"https://legiscan.com/FL/bill/H4031/2025",0.888888888888889,16,1,"N",1,1,1,1,1
1516366,1976248,"2025-2025_Regular_Session","2025-03-12","House Criminal Justice Subcommittee",17,0,0,2,19,1,"H","Offenses Involving Children","H0777",2025,"https://legiscan.com/FL/bill/H0777/2025",0.894736842105263,17,1,"N",1,1,1,1,1
1516370,1894920,"2025-2025_Regular_Session","2025-03-12","House Intergovernmental Affairs Subcommittee",16,0,0,2,18,1,"H","Municipal Water and Sewer Utility Rates","H0011",2025,"https://legiscan.com/FL/bill/H0011/2025",0.888888888888889,16,1,"N",1,1,1,1,1
1516397,1958912,"2025-2025_Regular_Session","2025-03-12","House Criminal Justice Subcommittee",15,0,0,4,19,1,"H","Background Screening of Athletic Coaches","H0431",2025,"https://legiscan.com/FL/bill/H0431/2025",0.789473684210526,15,1,"N",1,1,1,1,1
1516419,1942124,"2025-2025_Regular_Session","2025-03-12","House Criminal Justice Subcommittee",17,0,0,2,19,1,"H","Offenses Involving Motor Vehicles","H0253",2025,"https://legiscan.com/FL/bill/H0253/2025",0.894736842105263,17,1,"N",1,1,1,1,1
1516434,1972091,"2025-2025_Regular_Session","2025-03-12","House Intergovernmental Affairs Subcommittee",15,0,0,3,18,1,"H","Israeli Bonds","H0669",2025,"https://legiscan.com/FL/bill/H0669/2025",0.833333333333333,15,1,"N",1,1,1,1,1
1516436,1988190,"2025-2025_Regular_Session","2025-03-12","House Intergovernmental Affairs Subcommittee",16,0,0,2,18,1,"H","City of Coral Springs and City of Parkland, Broward County","H4071",2025,"https://legiscan.com/FL/bill/H4071/2025",0.888888888888889,16,1,"N",1,1,1,1,1
1516455,1975058,"2025-2025_Regular_Session","2025-03-12","House Intergovernmental Affairs Subcommittee",15,0,0,3,18,1,"H","Unlawful Demolition of Historical Buildings and Structures","H0717",2025,"https://legiscan.com/FL/bill/H0717/2025",0.833333333333333,15,1,"N",1,1,1,1,1
1516468,1990100,"2025-2025_Regular_Session","2025-03-12","House Intergovernmental Affairs Subcommittee",16,0,0,2,18,1,"H","Duval County","H4053",2025,"https://legiscan.com/FL/bill/H4053/2025",0.888888888888889,16,1,"N",1,1,1,1,1
1516471,1958878,"2025-2025_Regular_Session","2025-03-12","House Criminal Justice Subcommittee",17,1,0,1,19,1,"H","Tampering with an Electronic Monitoring Device","H0437",2025,"https://legiscan.com/FL/bill/H0437/2025",0.894736842105263,18,0.944444444444444,"N",1,0.8,0.8,1,0.944444444444444
1516476,1972025,"2025-2025_Regular_Session","2025-03-12","House Criminal Justice Subcommittee",16,0,0,3,19,1,"H","Aggravating Factors for Capital Felonies","H0653",2025,"https://legiscan.com/FL/bill/H0653/2025",0.842105263157895,16,1,"N",1,1,1,1,1
1516486,1982943,"2025-2025_Regular_Session","2025-03-12","House Intergovernmental Affairs Subcommittee",15,0,0,3,18,1,"H","Veterans","H1043",2025,"https://legiscan.com/FL/bill/H1043/2025",0.833333333333333,15,1,"N",1,1,1,1,1
1516491,1977580,"2025-2025_Regular_Session","2025-03-12","House Criminal Justice Subcommittee",16,0,0,3,19,1,"H","Veterans Affairs","H0845",2025,"https://legiscan.com/FL/bill/H0845/2025",0.842105263157895,16,1,"N",1,1,1,1,1
1516493,1973193,"2025-2025_Regular_Session","2025-03-12","House Intergovernmental Affairs Subcommittee",16,0,0,2,18,1,"H","Greater Naples Fire Rescue District; Collier County","H4029",2025,"https://legiscan.com/FL/bill/H4029/2025",0.888888888888889,16,1,"N",1,1,1,1,1
1516496,1967535,"2025-2025_Regular_Session","2025-03-12","House Careers & Workforce Subcommittee",15,0,0,3,18,1,"H","Career Planning Opportunities for Students","H0571",2025,"https://legiscan.com/FL/bill/H0571/2025",0.833333333333333,15,1,"N",1,1,1,1,1
1516498,1971907,"2025-2025_Regular_Session","2025-03-12","House Intergovernmental Affairs Subcommittee",15,0,0,3,18,1,"H","North River Ranch Improvement Stewardship District, Manatee County","H4021",2025,"https://legiscan.com/FL/bill/H4021/2025",0.833333333333333,15,1,"N",1,1,1,1,1
1516503,1984383,"2025-2025_Regular_Session","2025-03-12","House Careers & Workforce Subcommittee",16,0,0,2,18,1,"H","Workforce Education","H1145",2025,"https://legiscan.com/FL/bill/H1145/2025",0.888888888888889,16,1,"N",1,1,1,1,1
1516513,1968600,"2025-2025_Regular_Session","2025-03-12","House Intergovernmental Affairs Subcommittee",16,0,0,2,18,1,"H","Broward County Narcotics and Dangerous Drug Intelligence and Enforcement Unit, Broward County","H4015",2025,"https://legiscan.com/FL/bill/H4015/2025",0.888888888888889,16,1,"N",1,1,1,1,1
1516521,1940388,"2025-2025_Regular_Session","2025-03-12","House Intergovernmental Affairs Subcommittee",16,0,0,2,18,1,"H","Health Facilities","H0229",2025,"https://legiscan.com/FL/bill/H0229/2025",0.888888888888889,16,1,"N",1,1,1,1,1
1516525,1981949,"2025-2025_Regular_Session","2025-03-12","House Economic Infrastructure Subcommittee",17,0,0,1,18,1,"H","Transportation Facility Designations","H0987",2025,"https://legiscan.com/FL/bill/H0987/2025",0.944444444444444,17,1,"N",1,1,1,1,1
1516550,1941208,"2025-2025_Regular_Session","2025-03-12","House Criminal Justice Subcommittee",15,0,0,4,19,1,"H","Pub. Rec./Medical Examiners","H0231",2025,"https://legiscan.com/FL/bill/H0231/2025",0.789473684210526,15,1,"N",1,1,1,1,1
1516739,1978070,"2025-2025_Regular_Session","2025-03-12","House Criminal Justice Subcommittee",15,3,0,1,19,1,"H","Restrictions on Firearms and Ammunition During Emergencies","H6025",2025,"https://legiscan.com/FL/bill/H6025/2025",0.789473684210526,18,0.833333333333333,"N",1,0.4,0.6,1,0.888888888888889
1516791,1958304,"2025-2025_Regular_Session","2025-03-12","House Industries & Professional Activities Subcommittee",15,1,0,2,18,1,"H","Motor Vehicle Manufacturers and Franchised Motor Vehicle Dealers","H0429",2025,"https://legiscan.com/FL/bill/H0429/2025",0.833333333333333,16,0.9375,"N",0.916666666666667,1,1,0.916666666666667,0.9375
1516792,1956354,"2025-2025_Regular_Session","2025-03-12","House Industries & Professional Activities Subcommittee",16,0,0,2,18,1,"H","Limited Liability Companies","H0403",2025,"https://legiscan.com/FL/bill/H0403/2025",0.888888888888889,16,1,"N",1,1,1,1,1
1516800,1973157,"2025-2025_Regular_Session","2025-03-12","House Industries & Professional Activities Subcommittee",16,1,0,1,18,1,"H","Construction Regulations","H0683",2025,"https://legiscan.com/FL/bill/H0683/2025",0.888888888888889,17,0.941176470588235,"N",1,0.8,0.8,1,0.941176470588235
1516802,1919665,"2025-2025_Regular_Session","2025-03-12","Senate Transportation",9,0,0,0,9,1,"S","Tax of Electric Vertical Takeoff and Landing Aircraft","S0266",2025,"https://legiscan.com/FL/bill/S0266/2025",1,9,1,"N",1,1,1,1,1
1516808,1965049,"2025-2025_Regular_Session","2025-03-12","House Industries & Professional Activities Subcommittee",17,0,0,1,18,1,"H","Fire Prevention","H0551",2025,"https://legiscan.com/FL/bill/H0551/2025",0.944444444444444,17,1,"N",1,1,1,1,1
1516828,1987597,"2025-2025_Regular_Session","2025-03-13","Senate Fiscal Policy",18,0,0,1,19,1,"S","Child Welfare","S7012",2025,"https://legiscan.com/FL/bill/S7012/2025",0.947368421052632,18,1,"N",1,1,1,1,1
1516834,1963881,"2025-2025_Regular_Session","2025-03-12","House Industries & Professional Activities Subcommittee",15,0,0,3,18,1,"H","Location of Equipment Owned by Amusement Business Owner","H0505",2025,"https://legiscan.com/FL/bill/H0505/2025",0.833333333333333,15,1,"N",1,1,1,1,1
1516837,1948410,"2025-2025_Regular_Session","2025-03-13","House Ways & Means Committee",18,0,0,1,19,1,"H","Ad Valorem Tax Exemption for Nonprofit Homes for the Aged","H0321",2025,"https://legiscan.com/FL/bill/H0321/2025",0.947368421052632,18,1,"N",1,1,1,1,1
1516845,1976793,"2025-2025_Regular_Session","2025-03-13","House Ways & Means Committee",17,1,0,1,19,1,"H","Heated Tobacco Products","H0785",2025,"https://legiscan.com/FL/bill/H0785/2025",0.894736842105263,18,0.944444444444444,"N",1,0.8,0.8,1,0.944444444444444
1516853,1965119,"2025-2025_Regular_Session","2025-03-12","House Industries & Professional Activities Subcommittee",10,5,0,3,18,1,"H","Minimum Wage Requirements","H0541",2025,"https://legiscan.com/FL/bill/H0541/2025",0.555555555555556,15,0.666666666666667,"N",0.909090909090909,0,1,0.909090909090909,0.933333333333333
1516854,1987815,"2025-2025_Regular_Session","2025-03-12","Senate Children, Families, and Elder Affairs",7,0,0,0,7,1,"S","Child Welfare","S1626",2025,"https://legiscan.com/FL/bill/S1626/2025",1,7,1,"N",1,1,1,1,1
1516874,1918894,"2025-2025_Regular_Session","2025-03-13","House Ways & Means Committee",19,0,0,0,19,1,"H","Ad Valorem Property Tax Exemption for the Surviving Spouse of Quadriplegics","H0163",2025,"https://legiscan.com/FL/bill/H0163/2025",1,19,1,"N",1,1,1,1,1
1516876,1918948,"2025-2025_Regular_Session","2025-03-13","House Ways & Means Committee",19,0,0,0,19,1,"H","Tax Exemptions for Surviving Spouses of Quadriplegics","H0165",2025,"https://legiscan.com/FL/bill/H0165/2025",1,19,1,"N",1,1,1,1,1
1516881,1974755,"2025-2025_Regular_Session","2025-03-12","House Industries & Professional Activities Subcommittee",16,0,0,2,18,1,"H","Roofing Services","H0715",2025,"https://legiscan.com/FL/bill/H0715/2025",0.888888888888889,16,1,"N",1,1,1,1,1
1516882,1964238,"2025-2025_Regular_Session","2025-03-11","Senate Appropriations Committee on Transportation, Tourism, and Economic Development",15,0,0,0,15,1,"S","Manufacturing","S0600",2025,"https://legiscan.com/FL/bill/S0600/2025",1,15,1,"N",1,1,1,1,1
1516883,1975386,"2025-2025_Regular_Session","2025-03-13","Senate Fiscal Policy",19,0,0,0,19,1,"S","Rural Communities","S0110",2025,"https://legiscan.com/FL/bill/S0110/2025",1,19,1,"N",1,1,1,1,1
1516884,1909031,"2025-2025_Regular_Session","2025-03-12","House Careers & Workforce Subcommittee",15,0,0,3,18,1,"H","Exceptional Student Education","H0127",2025,"https://legiscan.com/FL/bill/H0127/2025",0.833333333333333,15,1,"N",1,1,1,1,1
1516906,1942214,"2025-2025_Regular_Session","2025-03-12","Senate Transportation",9,0,0,0,9,1,"S","Unlawful Speed","S0350",2025,"https://legiscan.com/FL/bill/S0350/2025",1,9,1,"N",1,1,1,1,1
1516908,1975043,"2025-2025_Regular_Session","2025-03-12","Senate Transportation",9,0,0,0,9,1,"S","Price Controls for the Storage of Electric Vehicles","S0872",2025,"https://legiscan.com/FL/bill/S0872/2025",1,9,1,"N",1,1,1,1,1
1516910,1963968,"2025-2025_Regular_Session","2025-03-13","House Ways & Means Committee",14,5,0,0,19,1,"H","Local Business Taxes","H0503",2025,"https://legiscan.com/FL/bill/H0503/2025",0.736842105263158,19,0.736842105263158,"N",1,0,1,1,1
1516949,1927986,"2025-2025_Regular_Session","2025-03-12","Senate Children, Families, and Elder Affairs",5,0,0,2,7,1,"S","Specific Medical Diagnoses in Child Protective Investigations","S0304",2025,"https://legiscan.com/FL/bill/S0304/2025",0.714285714285714,5,1,"N",1,1,1,1,1
1516976,1901151,"2025-2025_Regular_Session","2025-03-13","House Judiciary Committee",20,0,0,3,23,1,"H","Probation for Misdemeanor Offenses","H0091",2025,"https://legiscan.com/FL/bill/H0091/2025",0.869565217391304,20,1,"N",1,1,1,1,1
1516995,1964835,"2025-2025_Regular_Session","2025-03-12","Senate Transportation",9,0,0,0,9,1,"S","Boating Safety","S0628",2025,"https://legiscan.com/FL/bill/S0628/2025",1,9,1,"N",1,1,1,1,1
1517006,1983278,"2025-2025_Regular_Session","2025-03-12","Senate Children, Families, and Elder Affairs",7,0,0,0,7,1,"S","Licensure of Family Foster Homes","S1174",2025,"https://legiscan.com/FL/bill/S1174/2025",1,7,1,"N",1,1,1,1,1
1517007,1967535,"2025-2025_Regular_Session","2025-03-12","House Careers & Workforce Subcommittee",15,0,0,3,18,1,"H","Career Planning Opportunities for Students","H0571",2025,"https://legiscan.com/FL/bill/H0571/2025",0.833333333333333,15,1,"N",1,1,1,1,1
1517010,1966263,"2025-2025_Regular_Session","2025-03-12","Senate Transportation",9,0,0,0,9,1,"S","Hazardous Walking Conditions","S0650",2025,"https://legiscan.com/FL/bill/S0650/2025",1,9,1,"N",1,1,1,1,1
1517011,1984383,"2025-2025_Regular_Session","2025-03-12","House Careers & Workforce Subcommittee",16,0,0,2,18,1,"H","Workforce Education","H1145",2025,"https://legiscan.com/FL/bill/H1145/2025",0.888888888888889,16,1,"N",1,1,1,1,1
1517027,1962096,"2025-2025_Regular_Session","2025-03-13","House Judiciary Committee",21,0,0,2,23,1,"H","Leaving the Scene of a Crash Involving Only Damage to Vehicle or Property","H0479",2025,"https://legiscan.com/FL/bill/H0479/2025",0.91304347826087,21,1,"N",1,1,1,1,1
1517028,1973099,"2025-2025_Regular_Session","2025-03-13","House Judiciary Committee",20,0,0,3,23,1,"H","Aggravating Factors for Capital Felonies","H0693",2025,"https://legiscan.com/FL/bill/H0693/2025",0.869565217391304,20,1,"N",1,1,1,1,1
1517031,1953605,"2025-2025_Regular_Session","2025-03-13","House Judiciary Committee",21,0,0,2,23,1,"H","Purchase and Possession of Firearms by Law Enforcement Officers, Correctional Officers, Correctional Probation Officers, and Servicemembers","H0383",2025,"https://legiscan.com/FL/bill/H0383/2025",0.91304347826087,21,1,"N",1,1,1,1,1
1517034,1957367,"2025-2025_Regular_Session","2025-03-13","House Judiciary Committee",19,0,0,4,23,1,"H","Peer Support for First Responders","H0421",2025,"https://legiscan.com/FL/bill/H0421/2025",0.826086956521739,19,1,"N",1,1,1,1,1
1517035,1970026,"2025-2025_Regular_Session","2025-03-12","Senate Children, Families, and Elder Affairs",6,0,0,1,7,1,"S","Child Care and Early Learning Providers","S0738",2025,"https://legiscan.com/FL/bill/S0738/2025",0.857142857142857,6,1,"N",1,1,1,1,1
1517037,1918297,"2025-2025_Regular_Session","2025-03-13","House Judiciary Committee",20,0,0,3,23,1,"H","Service of Process","H0157",2025,"https://legiscan.com/FL/bill/H0157/2025",0.869565217391304,20,1,"N",1,1,1,1,1
1517038,1923445,"2025-2025_Regular_Session","2025-03-13","House Judiciary Committee",19,0,0,4,23,1,"H","Abandoning Restrained Dogs During Natural Disasters","H0205",2025,"https://legiscan.com/FL/bill/H0205/2025",0.826086956521739,19,1,"N",1,1,1,1,1
1517039,1974860,"2025-2025_Regular_Session","2025-03-13","House State Affairs Committee",24,0,0,2,26,1,"H","OGSR/Financial Technology Sandbox Applications/OFR","H7003",2025,"https://legiscan.com/FL/bill/H7003/2025",0.923076923076923,24,1,"N",1,1,1,1,1
1517049,1956265,"2025-2025_Regular_Session","2025-03-13","House State Affairs Committee",20,0,0,6,26,1,"H","St. Augustine-St. Johns County Airport Authority, St. Johns County","H4009",2025,"https://legiscan.com/FL/bill/H4009/2025",0.769230769230769,20,1,"N",1,1,1,1,1
1517056,1946184,"2025-2025_Regular_Session","2025-03-12","House Industries & Professional Activities Subcommittee",17,0,0,1,18,1,"H","Elevator Accessibility Requirements","H0299",2025,"https://legiscan.com/FL/bill/H0299/2025",0.944444444444444,17,1,"N",1,1,1,1,1
1517063,1965197,"2025-2025_Regular_Session","2025-03-12","House Industries & Professional Activities Subcommittee",17,0,0,1,18,1,"H","Third-party Reservation Platforms","H0543",2025,"https://legiscan.com/FL/bill/H0543/2025",0.944444444444444,17,1,"N",1,1,1,1,1
1517064,1987737,"2025-2025_Regular_Session","2025-03-11","Senate Community Affairs",7,0,0,1,8,1,"S","Emergencies","S0180",2025,"https://legiscan.com/FL/bill/S0180/2025",0.875,7,1,"N",1,1,1,1,1
1517065,1975226,"2025-2025_Regular_Session","2025-03-12","House Industries & Professional Activities Subcommittee",15,0,0,3,18,1,"H","Veterinary Professional Associates","H0729",2025,"https://legiscan.com/FL/bill/H0729/2025",0.833333333333333,15,1,"N",1,1,1,1,1
1517077,1922154,"2025-2025_Regular_Session","2025-03-13","House Judiciary Committee",21,0,0,2,23,1,"H","Education in Correctional Facilities for Licensed Professions","H0195",2025,"https://legiscan.com/FL/bill/H0195/2025",0.91304347826087,21,1,"N",1,1,1,1,1
1517099,1904632,"2025-2025_Regular_Session","2025-03-13","House Judiciary Committee",19,1,0,3,23,1,"H","Fleeing or Attempting to Elude a Law Enforcement Officer","H0113",2025,"https://legiscan.com/FL/bill/H0113/2025",0.826086956521739,20,0.95,"N",1,0.8,0.8,1,0.95
1517132,1980687,"2025-2025_Regular_Session","2025-03-13","House Health Professions & Programs Subcommittee",13,0,0,5,18,1,"H","Occupational Therapy Licensure Compact","H0909",2025,"https://legiscan.com/FL/bill/H0909/2025",0.722222222222222,13,1,"N",1,1,1,1,1
1517137,1981938,"2025-2025_Regular_Session","2025-03-13","House State Affairs Committee",17,8,0,1,26,1,"H","Community and Economic Development","H0991",2025,"https://legiscan.com/FL/bill/H0991/2025",0.653846153846154,25,0.68,"N",0.944444444444444,0,1,0.944444444444444,0.96
1517146,1965140,"2025-2025_Regular_Session","2025-03-13","House Education & Employment Committee",16,2,0,4,22,1,"H","Gulf of America","H0549",2025,"https://legiscan.com/FL/bill/H0549/2025",0.727272727272727,18,0.888888888888889,"N",1,0.6,0.6,1,0.888888888888889
1517191,1918360,"2025-2025_Regular_Session","2025-03-13","House Education & Employment Committee",19,0,0,3,22,1,"H","Interscholastic Activities","H0151",2025,"https://legiscan.com/FL/bill/H0151/2025",0.863636363636364,19,1,"N",1,1,1,1,1
1517215,1965086,"2025-2025_Regular_Session","2025-03-12","House Industries & Professional Activities Subcommittee",14,3,0,1,18,1,"H","Public Lodging and Public Food Service Establishments","H0535",2025,"https://legiscan.com/FL/bill/H0535/2025",0.777777777777778,17,0.823529411764706,"N",1,0.4,0.6,1,0.882352941176471
1517217,1970671,"2025-2025_Regular_Session","2025-03-13","House Civil Justice & Claims Subcommittee",18,0,0,1,19,1,"H","Relief/Eric Miles, Jr., and Jennifer Miles/South Broward Hospital District","H6525",2025,"https://legiscan.com/FL/bill/H6525/2025",0.947368421052632,18,1,"N",1,1,1,1,1
1517218,1979642,"2025-2025_Regular_Session","2025-03-13","House Health Professions & Programs Subcommittee",15,3,0,0,18,1,"H","Advanced Practice Registered Nurse Autonomous Practice","H0883",2025,"https://legiscan.com/FL/bill/H0883/2025",0.833333333333333,18,0.833333333333333,"N",0.923076923076923,0.6,0.6,0.923076923076923,0.833333333333333
1517222,1980681,"2025-2025_Regular_Session","2025-03-13","House Health Professions & Programs Subcommittee",15,0,0,3,18,1,"H","Nursing Education Programs","H0919",2025,"https://legiscan.com/FL/bill/H0919/2025",0.833333333333333,15,1,"N",1,1,1,1,1
1517248,1965336,"2025-2025_Regular_Session","2025-03-13","House Health Professions & Programs Subcommittee",14,0,0,4,18,1,"H","Administration of Controlled Substances by Paramedics","H0519",2025,"https://legiscan.com/FL/bill/H0519/2025",0.777777777777778,14,1,"N",1,1,1,1,1
1517249,1968812,"2025-2025_Regular_Session","2025-03-13","House Health Professions & Programs Subcommittee",14,0,0,4,18,1,"H","Diabetes Management in Schools","H0597",2025,"https://legiscan.com/FL/bill/H0597/2025",0.777777777777778,14,1,"N",1,1,1,1,1
1517258,1989181,"2025-2025_Regular_Session","2025-03-13","House Health Professions & Programs Subcommittee",15,0,0,3,18,1,"H","Uterine Fibroid Research Database","H1553",2025,"https://legiscan.com/FL/bill/H1553/2025",0.833333333333333,15,1,"N",1,1,1,1,1
1517277,1946009,"2025-2025_Regular_Session","2025-03-13","House State Affairs Committee",25,0,0,1,26,1,"H","Boating Safety","H0289",2025,"https://legiscan.com/FL/bill/H0289/2025",0.961538461538462,25,1,"N",1,1,1,1,1
1517298,1895792,"2025-2025_Regular_Session","2025-03-13","House Civil Justice & Claims Subcommittee",18,0,0,1,19,1,"H","Reusable Tenant Screening Reports","H0043",2025,"https://legiscan.com/FL/bill/H0043/2025",0.947368421052632,18,1,"N",1,1,1,1,1
1517311,1942733,"2025-2025_Regular_Session","2025-03-13","House State Affairs Committee",24,0,0,2,26,1,"H","Compensation for Health Care Services for Inmates in Martin County","H4007",2025,"https://legiscan.com/FL/bill/H4007/2025",0.923076923076923,24,1,"N",1,1,1,1,1
1517316,1943614,"2025-2025_Regular_Session","2025-03-13","House Civil Justice & Claims Subcommittee",15,0,0,4,19,1,"H","Postjudgment Execution Proceedings Relating to Terrorism","H0265",2025,"https://legiscan.com/FL/bill/H0265/2025",0.789473684210526,15,1,"N",1,1,1,1,1
1517339,1898294,"2025-2025_Regular_Session","2025-03-13","House State Affairs Committee",16,7,0,3,26,1,"H","Regulation of Presidential Libraries","H0069",2025,"https://legiscan.com/FL/bill/H0069/2025",0.615384615384615,23,0.695652173913043,"N",1,0,1,1,1
1517362,1989093,"2025-2025_Regular_Session","2025-03-13","House Civil Justice & Claims Subcommittee",16,1,0,2,19,1,"H","Attorney Fee Awards in Insurance Actions","H1551",2025,"https://legiscan.com/FL/bill/H1551/2025",0.842105263157895,17,0.941176470588235,"N",0.916666666666667,1,1,0.916666666666667,0.941176470588235
1517384,1901158,"2025-2025_Regular_Session","2025-03-13","House Education & Employment Committee",20,0,0,2,22,1,"H","Hazardous Walking Conditions","H0085",2025,"https://legiscan.com/FL/bill/H0085/2025",0.909090909090909,20,1,"N",1,1,1,1,1
1517402,1918102,"2025-2025_Regular_Session","2025-03-13","House Civil Justice & Claims Subcommittee",16,0,0,3,19,1,"H","Pub. Rec./Judicial Qualifications Commission Employees","H0155",2025,"https://legiscan.com/FL/bill/H0155/2025",0.842105263157895,16,1,"N",1,1,1,1,1
1517477,1967454,"2025-2025_Regular_Session","2025-03-13","House Civil Justice & Claims Subcommittee",15,0,0,4,19,1,"H","Relief/Darline Angervil and J.R./South Broward Hospital District","H6523",2025,"https://legiscan.com/FL/bill/H6523/2025",0.789473684210526,15,1,"N",1,1,1,1,1
1517488,1963800,"2025-2025_Regular_Session","2025-03-13","House Civil Justice & Claims Subcommittee",18,0,0,1,19,1,"H","Uniform Commercial Code","H0515",2025,"https://legiscan.com/FL/bill/H0515/2025",0.947368421052632,18,1,"N",1,1,1,1,1
1517494,1974849,"2025-2025_Regular_Session","2025-03-13","House Civil Justice & Claims Subcommittee",18,0,0,1,19,1,"H","Relief/J.N./Hillsborough County","H6529",2025,"https://legiscan.com/FL/bill/H6529/2025",0.947368421052632,18,1,"N",1,1,1,1,1
1517576,1970265,"2025-2025_Regular_Session","2025-03-13","House Civil Justice & Claims Subcommittee",12,4,0,3,19,1,"H","Electronic Delivery of Notices Between Landlords and Tenants","H0615",2025,"https://legiscan.com/FL/bill/H0615/2025",0.631578947368421,16,0.75,"N",1,0.2,0.8,1,0.9375
1517610,1977709,"2025-2025_Regular_Session","2025-03-13","House Insurance & Banking Subcommittee",17,0,0,1,18,1,"H","Insurance Overpayment Claims Submitted to Psychologists","H0839",2025,"https://legiscan.com/FL/bill/H0839/2025",0.944444444444444,17,1,"N",1,1,1,1,1
1517628,1948283,"2025-2025_Regular_Session","2025-03-13","House Insurance & Banking Subcommittee",17,0,0,1,18,1,"H","Virtual Currency Kiosk Businesses","H0319",2025,"https://legiscan.com/FL/bill/H0319/2025",0.944444444444444,17,1,"N",1,1,1,1,1
1517709,1983438,"2025-2025_Regular_Session","2025-03-13","House Insurance & Banking Subcommittee",16,0,0,2,18,1,"H","Insurance Research","H1097",2025,"https://legiscan.com/FL/bill/H1097/2025",0.888888888888889,16,1,"N",1,1,1,1,1
1517754,1980683,"2025-2025_Regular_Session","2025-03-13","House Health Professions & Programs Subcommittee",13,0,0,5,18,1,"H","Pub. Rec. and Meetings/Occupational Therapy Compact Commission","H0911",2025,"https://legiscan.com/FL/bill/H0911/2025",0.722222222222222,13,1,"N",1,1,1,1,1
1517755,1931432,"2025-2025_Regular_Session","2025-03-13","House Civil Justice & Claims Subcommittee",15,2,0,2,19,1,"H","Property Rights","H0213",2025,"https://legiscan.com/FL/bill/H0213/2025",0.789473684210526,17,0.882352941176471,"N",1,0.6,0.6,1,0.882352941176471
1517757,1901381,"2025-2025_Regular_Session","2025-03-13","House Insurance & Banking Subcommittee",17,0,0,1,18,1,"H","Service of Process in Proceedings for Protection of Vulnerable Adults","H0097",2025,"https://legiscan.com/FL/bill/H0097/2025",0.944444444444444,17,1,"N",1,1,1,1,1
1517759,1954507,"2025-2025_Regular_Session","2025-03-13","House Insurance & Banking Subcommittee",16,0,0,2,18,1,"H","Trusts","H0385",2025,"https://legiscan.com/FL/bill/H0385/2025",0.888888888888889,16,1,"N",1,1,1,1,1
1517760,1941914,"2025-2025_Regular_Session","2025-03-13","House State Affairs Committee",23,0,0,3,26,1,"H","Florida National Guard","H4005",2025,"https://legiscan.com/FL/bill/H4005/2025",0.884615384615385,23,1,"N",1,1,1,1,1
1517762,1977248,"2025-2025_Regular_Session","2025-03-13","House Civil Justice & Claims Subcommittee",16,0,0,3,19,1,"H","Courts","H0813",2025,"https://legiscan.com/FL/bill/H0813/2025",0.842105263157895,16,1,"N",1,1,1,1,1
1517765,1964159,"2025-2025_Regular_Session","2025-03-13","House Civil Justice & Claims Subcommittee",15,0,0,4,19,1,"H","Relief/Estate of Peniel Janvier/City of Miami Beach","H6519",2025,"https://legiscan.com/FL/bill/H6519/2025",0.789473684210526,15,1,"N",1,1,1,1,1
1518292,1980681,"2025-2025_Regular_Session","2025-03-13","House Health Professions & Programs Subcommittee",15,0,0,3,18,1,"H","Nursing Education Programs","H0919",2025,"https://legiscan.com/FL/bill/H0919/2025",0.833333333333333,15,1,"N",1,1,1,1,1
1518353,1975312,"2025-2025_Regular_Session","2025-03-17","Senate Education Postsecondary",7,0,0,0,7,1,"S","Florida State University Election Law Center","S0892",2025,"https://legiscan.com/FL/bill/S0892/2025",1,7,1,"N",1,1,1,1,1
1518454,1954289,"2025-2025_Regular_Session","2025-03-17","Senate Commerce and Tourism",6,3,0,0,9,1,"S","Nonprofit Agricultural Organization Medical Benefit Plans","S0480",2025,"https://legiscan.com/FL/bill/S0480/2025",0.666666666666667,9,0.666666666666667,"N",1,0,1,1,1
1518487,1960301,"2025-2025_Regular_Session","2025-03-17","Senate Ethics and Elections",6,2,0,1,9,1,"S","Term Limits Applicable to State Representatives and State Senators","S0536",2025,"https://legiscan.com/FL/bill/S0536/2025",0.666666666666667,8,0.75,"N",0.666666666666667,1,1,0.666666666666667,0.75
1518563,1988538,"2025-2025_Regular_Session","2025-03-17","Senate Commerce and Tourism",6,3,0,0,9,1,"S","Employment Rights","S1776",2025,"https://legiscan.com/FL/bill/S1776/2025",0.666666666666667,9,0.666666666666667,"N",1,0,1,1,1
1518589,1973321,"2025-2025_Regular_Session","2025-03-17","Senate Ethics and Elections",6,2,0,1,9,1,"S","Term Limits for Members of Boards of County Commissioners and District School Boards","S0802",2025,"https://legiscan.com/FL/bill/S0802/2025",0.666666666666667,8,0.75,"N",0.666666666666667,1,1,0.666666666666667,0.75
1518591,1971493,"2025-2025_Regular_Session","2025-03-17","Senate Education Pre-K - 12",8,0,0,1,9,1,"S","Diabetes Management in Schools","S0772",2025,"https://legiscan.com/FL/bill/S0772/2025",0.888888888888889,8,1,"N",1,1,1,1,1
1518637,1988299,"2025-2025_Regular_Session","2025-03-17","Senate Commerce and Tourism",9,0,0,0,9,1,"S","Uniform Commercial Code","S1666",2025,"https://legiscan.com/FL/bill/S1666/2025",1,9,1,"N",1,1,1,1,1
1518650,1982629,"2025-2025_Regular_Session","2025-03-17","Senate Education Pre-K - 12",9,0,0,0,9,1,"S","Florida Virtual School","S1122",2025,"https://legiscan.com/FL/bill/S1122/2025",1,9,1,"N",1,1,1,1,1
1518663,1986428,"2025-2025_Regular_Session","2025-03-17","Senate Commerce and Tourism",6,3,0,0,9,1,"S","United States Sovereign Wealth Fund","S1488",2025,"https://legiscan.com/FL/bill/S1488/2025",0.666666666666667,9,0.666666666666667,"N",1,0,1,1,1
1518686,1980745,"2025-2025_Regular_Session","2025-03-17","Senate Environment and Natural Resources",8,0,0,1,9,1,"S","Waste Incineration","S1008",2025,"https://legiscan.com/FL/bill/S1008/2025",0.888888888888889,8,1,"N",1,1,1,1,1
1518692,1984810,"2025-2025_Regular_Session","2025-03-17","Senate Commerce and Tourism",9,0,0,0,9,1,"S","Removal of Altered Sexual Depictions Posted Without Consent","S1400",2025,"https://legiscan.com/FL/bill/S1400/2025",1,9,1,"N",1,1,1,1,1
1518698,1982584,"2025-2025_Regular_Session","2025-03-17","Senate Environment and Natural Resources",8,0,0,1,9,1,"S","Release of Conservation Easements","S1142",2025,"https://legiscan.com/FL/bill/S1142/2025",0.888888888888889,8,1,"N",1,1,1,1,1
1518701,1973618,"2025-2025_Regular_Session","2025-03-17","Senate Environment and Natural Resources",8,0,0,1,9,1,"S","Disposition of Migrant Vessels","S0830",2025,"https://legiscan.com/FL/bill/S0830/2025",0.888888888888889,8,1,"N",1,1,1,1,1
1518816,1964133,"2025-2025_Regular_Session","2025-03-17","Senate Environment and Natural Resources",8,0,0,1,9,1,"S","Anchoring or Mooring at Seaports","S0594",2025,"https://legiscan.com/FL/bill/S0594/2025",0.888888888888889,8,1,"N",1,1,1,1,1
1518840,1985165,"2025-2025_Regular_Session","2025-03-17","Senate Education Pre-K - 12",8,0,0,1,9,1,"S","Access to School Readiness Programs for Economically Disadvantaged Households","S1382",2025,"https://legiscan.com/FL/bill/S1382/2025",0.888888888888889,8,1,"N",1,1,1,1,1
1518861,1985442,"2025-2025_Regular_Session","2025-03-17","Senate Education Pre-K - 12",9,0,0,0,9,1,"S","School District Reporting Requirements","S1374",2025,"https://legiscan.com/FL/bill/S1374/2025",1,9,1,"N",1,1,1,1,1
1518863,1983149,"2025-2025_Regular_Session","2025-03-17","Senate Environment and Natural Resources",8,0,0,1,9,1,"S","Service Lateral Assessment and Rehabilitation","S1208",2025,"https://legiscan.com/FL/bill/S1208/2025",0.888888888888889,8,1,"N",1,1,1,1,1
1518875,1975755,"2025-2025_Regular_Session","2025-03-17","Senate Commerce and Tourism",6,3,0,0,9,1,"S","Employment Agreements","S0922",2025,"https://legiscan.com/FL/bill/S0922/2025",0.666666666666667,9,0.666666666666667,"N",1,0,1,1,1
1518878,1942140,"2025-2025_Regular_Session","2025-03-17","Senate Education Pre-K - 12",9,0,0,0,9,1,"S","Council on the Social Status of Black Men and Boys","S0364",2025,"https://legiscan.com/FL/bill/S0364/2025",1,9,1,"N",1,1,1,1,1
1518885,1943534,"2025-2025_Regular_Session","2025-03-17","Senate Environment and Natural Resources",8,0,0,1,9,1,"S","Annexing State-owned Lands","S0384",2025,"https://legiscan.com/FL/bill/S0384/2025",0.888888888888889,8,1,"N",1,1,1,1,1
1518925,1984595,"2025-2025_Regular_Session","2025-03-17","Senate Education Pre-K - 12",9,0,0,0,9,1,"S","Students Enrolled in Dropout Retrieval Programs","S1402",2025,"https://legiscan.com/FL/bill/S1402/2025",1,9,1,"N",1,1,1,1,1
1518974,1979222,"2025-2025_Regular_Session","2025-03-17","Senate Environment and Natural Resources",8,0,0,1,9,1,"S","Advanced Wastewater Treatment","S0978",2025,"https://legiscan.com/FL/bill/S0978/2025",0.888888888888889,8,1,"N",1,1,1,1,1
1519001,1989079,"2025-2025_Regular_Session","2025-03-17","Senate Environment and Natural Resources",5,3,0,1,9,1,"S","Waste Management","S1822",2025,"https://legiscan.com/FL/bill/S1822/2025",0.555555555555556,8,0.625,"N",0.833333333333333,0,1,0.833333333333333,0.875
1519003,1973727,"2025-2025_Regular_Session","2025-03-17","Senate Environment and Natural Resources",8,0,0,1,9,1,"S","Recreational Fishing Vessel Licenses","S0834",2025,"https://legiscan.com/FL/bill/S0834/2025",0.888888888888889,8,1,"N",1,1,1,1,1
1519005,1982601,"2025-2025_Regular_Session","2025-03-17","Senate Environment and Natural Resources",8,0,0,1,9,1,"S","Carbon Sequestration","S1148",2025,"https://legiscan.com/FL/bill/S1148/2025",0.888888888888889,8,1,"N",1,1,1,1,1
1519021,1901497,"2025-2025_Regular_Session","2025-03-17","Senate Education Pre-K - 12",5,3,0,1,9,1,"S","Charter Schools","S0140",2025,"https://legiscan.com/FL/bill/S0140/2025",0.555555555555556,8,0.625,"N",1,0,1,1,1
1519036,1988840,"2025-2025_Regular_Session","2025-03-17","Senate Agriculture",6,0,0,0,6,1,"S","Food and Hemp Products","S0438",2025,"https://legiscan.com/FL/bill/S0438/2025",1,6,1,"N",1,1,1,1,1
1519057,1982284,"2025-2025_Regular_Session","2025-03-17","Senate Education Pre-K - 12",8,0,0,1,9,1,"S","School Readiness Program","S1102",2025,"https://legiscan.com/FL/bill/S1102/2025",0.888888888888889,8,1,"N",1,1,1,1,1
1519098,1983647,"2025-2025_Regular_Session","2025-03-17","Senate Commerce and Tourism",9,0,0,0,9,1,"S","Feasibility Study Relating to a Statewide Pawn Data Database","S1252",2025,"https://legiscan.com/FL/bill/S1252/2025",1,9,1,"N",1,1,1,1,1
1519134,1988515,"2025-2025_Regular_Session","2025-03-17","Senate Education Pre-K - 12",8,0,0,1,9,1,"S","Cardiac Emergencies","S0430",2025,"https://legiscan.com/FL/bill/S0430/2025",0.888888888888889,8,1,"N",1,1,1,1,1
1519196,1979176,"2025-2025_Regular_Session","2025-03-17","Senate Ethics and Elections",8,0,0,1,9,1,"S","Candidate Qualifying","S0982",2025,"https://legiscan.com/FL/bill/S0982/2025",0.888888888888889,8,1,"N",1,1,1,1,1
1519226,1983321,"2025-2025_Regular_Session","2025-03-17","Senate Commerce and Tourism",9,0,0,0,9,1,"S","Preferences for Veterans and Military Spouses","S1172",2025,"https://legiscan.com/FL/bill/S1172/2025",1,9,1,"N",1,1,1,1,1
1519338,1983010,"2025-2025_Regular_Session","2025-03-17","Senate Community Affairs",6,2,0,0,8,1,"S","Local Governing Authorities","S1188",2025,"https://legiscan.com/FL/bill/S1188/2025",0.75,8,0.75,"N",1,0.333333333333333,0.666666666666667,1,0.875
1519358,1969805,"2025-2025_Regular_Session","2025-03-18","Senate Appropriations Committee on Health and Human Services",8,2,0,0,10,1,"S","Actions for Recovery of Damages for Wrongful Death","S0734",2025,"https://legiscan.com/FL/bill/S0734/2025",0.8,10,0.8,"N",0.714285714285714,1,1,0.714285714285714,0.8
1519382,1966580,"2025-2025_Regular_Session","2025-03-18","Senate Appropriations Committee on Transportation, Tourism, and Economic Development",14,0,0,1,15,1,"S","Transportation Facility Designations/Heroes Memorial Overpass","S0654",2025,"https://legiscan.com/FL/bill/S0654/2025",0.933333333333333,14,1,"N",1,1,1,1,1
1519389,1983741,"2025-2025_Regular_Session","2025-03-17","Senate Community Affairs",8,0,0,0,8,1,"S","County Constitutional Officer Budget Processes","S1260",2025,"https://legiscan.com/FL/bill/S1260/2025",1,8,1,"N",1,1,1,1,1
1519394,1970257,"2025-2025_Regular_Session","2025-03-18","Senate Appropriations Committee on Health and Human Services",10,0,0,0,10,1,"S","Health Insurance Coverage for Individuals with Developmental Disabilities","S0756",2025,"https://legiscan.com/FL/bill/S0756/2025",1,10,1,"N",1,1,1,1,1
1519466,1981821,"2025-2025_Regular_Session","2025-03-17","Senate Community Affairs",6,2,0,0,8,1,"S","Local Government Land Regulation","S1080",2025,"https://legiscan.com/FL/bill/S1080/2025",0.75,8,0.75,"N",1,0.333333333333333,0.666666666666667,1,0.875
1519472,1971206,"2025-2025_Regular_Session","2025-03-18","House Natural Resources & Disasters Subcommittee",17,0,0,1,18,1,"H","Distributed Wastewater Treatment System Permits","H0645",2025,"https://legiscan.com/FL/bill/H0645/2025",0.944444444444444,17,1,"N",1,1,1,1,1
1519499,1981744,"2025-2025_Regular_Session","2025-03-18","House Natural Resources & Disasters Subcommittee",17,0,0,1,18,1,"H","Areas of Critical State Concern","H0995",2025,"https://legiscan.com/FL/bill/H0995/2025",0.944444444444444,17,1,"N",1,1,1,1,1
1519508,1976221,"2025-2025_Regular_Session","2025-03-18","House Natural Resources & Disasters Subcommittee",16,0,0,2,18,1,"H","OGSR/Disaster Recovery Assistance","H7005",2025,"https://legiscan.com/FL/bill/H7005/2025",0.888888888888889,16,1,"N",1,1,1,1,1
1519512,1902581,"2025-2025_Regular_Session","2025-03-17","House Commerce Committee",15,7,0,4,26,1,"H","Pari-mutuel Wagering","H0105",2025,"https://legiscan.com/FL/bill/H0105/2025",0.576923076923077,22,0.681818181818182,"N",0.882352941176471,0,1,0.882352941176471,0.909090909090909
1519541,1894920,"2025-2025_Regular_Session","2025-03-17","House Commerce Committee",23,0,0,3,26,1,"H","Municipal Water and Sewer Utility Rates","H0011",2025,"https://legiscan.com/FL/bill/H0011/2025",0.884615384615385,23,1,"N",1,1,1,1,1
1519542,1897172,"2025-2025_Regular_Session","2025-03-18","House Justice Budget Subcommittee",13,1,0,1,15,1,"H","Regulation of Xylazine","H0057",2025,"https://legiscan.com/FL/bill/H0057/2025",0.866666666666667,14,0.928571428571429,"N",1,0.75,0.75,1,0.928571428571429
1519549,1988622,"2025-2025_Regular_Session","2025-03-17","Senate Community Affairs",8,0,0,0,8,1,"S","Transportation Concurrency","S1738",2025,"https://legiscan.com/FL/bill/S1738/2025",1,8,1,"N",1,1,1,1,1
1519555,1972784,"2025-2025_Regular_Session","2025-03-18","House Natural Resources & Disasters Subcommittee",13,0,0,5,18,1,"H","Recreational Fishing Vessel Licenses","H0673",2025,"https://legiscan.com/FL/bill/H0673/2025",0.722222222222222,13,1,"N",1,1,1,1,1
1519557,1971879,"2025-2025_Regular_Session","2025-03-17","House Commerce Committee",24,0,0,2,26,1,"H","Pet Insurance and Wellness Programs","H0655",2025,"https://legiscan.com/FL/bill/H0655/2025",0.923076923076923,24,1,"N",1,1,1,1,1
1519558,1974923,"2025-2025_Regular_Session","2025-03-18","House Natural Resources & Disasters Subcommittee",17,0,0,1,18,1,"H","Brownfields","H0733",2025,"https://legiscan.com/FL/bill/H0733/2025",0.944444444444444,17,1,"N",1,1,1,1,1
1519559,1970800,"2025-2025_Regular_Session","2025-03-18","House Human Services Subcommittee",17,0,0,1,18,1,"H","Behavioral Health Managing Entities","H0633",2025,"https://legiscan.com/FL/bill/H0633/2025",0.944444444444444,17,1,"N",1,1,1,1,1
1519567,1983813,"2025-2025_Regular_Session","2025-03-18","House Human Services Subcommittee",17,0,0,1,18,1,"H","Services for Individuals with Developmental Disabilities","H1103",2025,"https://legiscan.com/FL/bill/H1103/2025",0.944444444444444,17,1,"N",1,1,1,1,1
1519569,1985318,"2025-2025_Regular_Session","2025-03-18","House Natural Resources & Disasters Subcommittee",12,3,0,3,18,1,"H","Mitigation Banks","H1175",2025,"https://legiscan.com/FL/bill/H1175/2025",0.666666666666667,15,0.8,"N",1,0,1,1,1
1519606,1909031,"2025-2025_Regular_Session","2025-03-18","House Human Services Subcommittee",17,0,0,1,18,1,"H","Exceptional Student Education","H0127",2025,"https://legiscan.com/FL/bill/H0127/2025",0.944444444444444,17,1,"N",1,1,1,1,1
1519637,1942081,"2025-2025_Regular_Session","2025-03-18","Senate Appropriations Committee on Agriculture, Environment, and General Government",12,0,0,1,13,1,"S","Telecommunications Access System Act of 1991","S0344",2025,"https://legiscan.com/FL/bill/S0344/2025",0.923076923076923,12,1,"N",1,1,1,1,1
1519716,1971020,"2025-2025_Regular_Session","2025-03-18","Senate Appropriations Committee on Agriculture, Environment, and General Government",12,0,0,1,13,1,"S","Vessel Accountability","S0164",2025,"https://legiscan.com/FL/bill/S0164/2025",0.923076923076923,12,1,"N",1,1,1,1,1
1519737,1945994,"2025-2025_Regular_Session","2025-03-18","Senate Appropriations Committee on Health and Human Services",10,0,0,0,10,1,"S","Awareness Program for Alzheimer's Disease and Dementia-related Disorders","S0398",2025,"https://legiscan.com/FL/bill/S0398/2025",1,10,1,"N",1,1,1,1,1
1519743,1969855,"2025-2025_Regular_Session","2025-03-18","Senate Appropriations Committee on Health and Human Services",9,0,0,1,10,1,"S","Nonopioid Advance Directives","S0714",2025,"https://legiscan.com/FL/bill/S0714/2025",0.9,9,1,"N",1,1,1,1,1
1519804,1943586,"2025-2025_Regular_Session","2025-03-18","Senate Appropriations Committee on Agriculture, Environment, and General Government",12,0,0,1,13,1,"S","Trust Funds for Wildlife Management","S0388",2025,"https://legiscan.com/FL/bill/S0388/2025",0.923076923076923,12,1,"N",1,1,1,1,1
1519821,1892690,"2025-2025_Regular_Session","2025-03-18","Senate Appropriations Committee on Agriculture, Environment, and General Government",10,2,0,1,13,1,"S","Geoengineering and Weather Modification Activities","S0056",2025,"https://legiscan.com/FL/bill/S0056/2025",0.769230769230769,12,0.833333333333333,"N",1,0.5,NA,1,1
1519871,1982361,"2025-2025_Regular_Session","2025-03-17","Senate Community Affairs",7,1,0,0,8,1,"S","Alternative Plans Review and Inspections","S1134",2025,"https://legiscan.com/FL/bill/S1134/2025",0.875,8,0.875,"N",1,0.666666666666667,0.666666666666667,1,0.875
1519908,1988884,"2025-2025_Regular_Session","2025-03-18","House Natural Resources & Disasters Subcommittee",17,0,0,1,18,1,"H","Emergencies","H1535",2025,"https://legiscan.com/FL/bill/H1535/2025",0.944444444444444,17,1,"N",1,1,1,1,1
1519924,1973452,"2025-2025_Regular_Session","2025-03-18","House Government Operations Subcommittee",14,0,0,5,19,1,"H","Noncriminal Traffic Infractions Causing Vehicle Crashes","H0699",2025,"https://legiscan.com/FL/bill/H0699/2025",0.736842105263158,14,1,"N",1,1,1,1,1
1519933,1988613,"2025-2025_Regular_Session","2025-03-17","Senate Community Affairs",5,3,0,0,8,1,"S","Official Actions of Local Governments","S0420",2025,"https://legiscan.com/FL/bill/S0420/2025",0.625,8,0.625,"N",1,0,1,1,1
1519942,1895701,"2025-2025_Regular_Session","2025-03-18","Senate Appropriations Committee on Agriculture, Environment, and General Government",12,0,0,1,13,1,"S","Motor Vehicle Safety","S0092",2025,"https://legiscan.com/FL/bill/S0092/2025",0.923076923076923,12,1,"N",1,1,1,1,1
1519977,1984383,"2025-2025_Regular_Session","2025-03-18","House Higher Education Budget Subcommittee",13,1,0,1,15,1,"H","Workforce Education","H1145",2025,"https://legiscan.com/FL/bill/H1145/2025",0.866666666666667,14,0.928571428571429,"N",1,0.75,0.75,1,0.928571428571429
1519987,1988246,"2025-2025_Regular_Session","2025-03-18","Senate Governmental Oversight and Accountability",6,2,0,0,8,1,"S","Prohibitions and Limitations on Diversity, Equity, and Inclusion and Requirements for Medical Institutions of Higher Education","S1710",2025,"https://legiscan.com/FL/bill/S1710/2025",0.75,8,0.75,"N",1,0,1,1,1
1519991,2006287,"2025-2025_Regular_Session","2025-03-18","Senate Governmental Oversight and Accountability",8,0,0,0,8,1,"S","Retirement","S7022",2025,"https://legiscan.com/FL/bill/S7022/2025",1,8,1,"N",1,1,1,1,1
1519996,1983070,"2025-2025_Regular_Session","2025-03-18","House Human Services Subcommittee",16,0,0,2,18,1,"H","Substance Abuse and Mental Health Care","H1091",2025,"https://legiscan.com/FL/bill/H1091/2025",0.888888888888889,16,1,"N",1,1,1,1,1
1520000,1988709,"2025-2025_Regular_Session","2025-03-18","Senate Criminal Justice",8,0,0,1,9,1,"S","Criminal Justice","S1732",2025,"https://legiscan.com/FL/bill/S1732/2025",0.888888888888889,8,1,"N",1,1,1,1,1
1520010,1968330,"2025-2025_Regular_Session","2025-03-18","House Student Academic Success Subcommittee",16,0,0,2,18,1,"H","Children with Developmental Disabilities","H0591",2025,"https://legiscan.com/FL/bill/H0591/2025",0.888888888888889,16,1,"N",1,1,1,1,1
1520020,1987620,"2025-2025_Regular_Session","2025-03-18","Senate Finance and Tax",4,0,0,2,6,1,"S","Tax Credits for Charitable Contributions","S0182",2025,"https://legiscan.com/FL/bill/S0182/2025",0.666666666666667,4,1,"N",1,NA,NA,NA,NA
1520051,1972281,"2025-2025_Regular_Session","2025-03-17","Senate Community Affairs",8,0,0,0,8,1,"S","Platting","S0784",2025,"https://legiscan.com/FL/bill/S0784/2025",1,8,1,"N",1,1,1,1,1
1520053,1988783,"2025-2025_Regular_Session","2025-03-18","Senate Governmental Oversight and Accountability",6,2,0,0,8,1,"S","Succession to Office of Governor, Auditing, and Government Efficiency","S1756",2025,"https://legiscan.com/FL/bill/S1756/2025",0.75,8,0.75,"N",1,0,1,1,1
1520067,1894688,"2025-2025_Regular_Session","2025-03-18","Senate Appropriations Committee on Agriculture, Environment, and General Government",12,0,0,1,13,1,"S","Peer Support for First Responders","S0086",2025,"https://legiscan.com/FL/bill/S0086/2025",0.923076923076923,12,1,"N",1,1,1,1,1
1520087,1989234,"2025-2025_Regular_Session","2025-03-18","House Human Services Subcommittee",17,0,0,1,18,1,"H","Insulin Administration by Direct Support Professionals and Relatives","H1567",2025,"https://legiscan.com/FL/bill/H1567/2025",0.944444444444444,17,1,"N",1,1,1,1,1
1520089,1988440,"2025-2025_Regular_Session","2025-03-18","Senate Criminal Justice",6,3,0,0,9,1,"S","Material that is Harmful to Minors","S1692",2025,"https://legiscan.com/FL/bill/S1692/2025",0.666666666666667,9,0.666666666666667,"N",1,0,1,1,1
1520175,1975159,"2025-2025_Regular_Session","2025-03-18","House Government Operations Subcommittee",17,0,0,2,19,1,"H","Benefits for Firefighters Injured During Training Exercises","H0749",2025,"https://legiscan.com/FL/bill/H0749/2025",0.894736842105263,17,1,"N",1,1,1,1,1
1520209,1984070,"2025-2025_Regular_Session","2025-03-18","House Student Academic Success Subcommittee",16,0,0,2,18,1,"H","Electrocardiograms for Student Athletes","H1135",2025,"https://legiscan.com/FL/bill/H1135/2025",0.888888888888889,16,1,"N",1,1,1,1,1
1520213,1985349,"2025-2025_Regular_Session","2025-03-18","Senate Criminal Justice",8,1,0,0,9,1,"S","Controlled Substances","S1360",2025,"https://legiscan.com/FL/bill/S1360/2025",0.888888888888889,9,0.888888888888889,"N",1,0.666666666666667,0.666666666666667,1,0.888888888888889
1520216,1983785,"2025-2025_Regular_Session","2025-03-18","House Student Academic Success Subcommittee",15,0,0,3,18,1,"H","Mathematics Education Requirements","H1113",2025,"https://legiscan.com/FL/bill/H1113/2025",0.833333333333333,15,1,"N",1,1,1,1,1
1520220,1984062,"2025-2025_Regular_Session","2025-03-18","Senate Criminal Justice",9,0,0,0,9,1,"S","Department of Law Enforcement","S1268",2025,"https://legiscan.com/FL/bill/S1268/2025",1,9,1,"N",1,1,1,1,1
1520231,1942015,"2025-2025_Regular_Session","2025-03-18","House Government Operations Subcommittee",17,0,0,2,19,1,"H","Holocaust Remembrance Day","H0251",2025,"https://legiscan.com/FL/bill/H0251/2025",0.894736842105263,17,1,"N",1,1,1,1,1
1520239,1972564,"2025-2025_Regular_Session","2025-03-18","House Government Operations Subcommittee",15,0,0,4,19,1,"H","Officers and Employees of North Springs Improvement District, Broward County","H4023",2025,"https://legiscan.com/FL/bill/H4023/2025",0.789473684210526,15,1,"N",1,1,1,1,1
1520241,1988264,"2025-2025_Regular_Session","2025-03-18","Senate Criminal Justice",9,0,0,0,9,1,"S","Public Records/Lethality Assessment Forms","S1640",2025,"https://legiscan.com/FL/bill/S1640/2025",1,9,1,"N",1,1,1,1,1
1520280,1974729,"2025-2025_Regular_Session","2025-03-18","House Government Operations Subcommittee",16,0,0,3,19,1,"H","Spectrum Alert","H0711",2025,"https://legiscan.com/FL/bill/H0711/2025",0.842105263157895,16,1,"N",1,1,1,1,1
1520303,1973118,"2025-2025_Regular_Session","2025-03-18","House Natural Resources & Disasters Subcommittee",16,1,0,1,18,1,"H","Spring Restoration","H0691",2025,"https://legiscan.com/FL/bill/H0691/2025",0.888888888888889,17,0.941176470588235,"N",0.916666666666667,1,1,0.916666666666667,0.941176470588235
1520323,1953805,"2025-2025_Regular_Session","2025-03-17","House Commerce Committee",24,0,0,2,26,1,"H","Home and Service Warranty Association Financial Requirements","H0367",2025,"https://legiscan.com/FL/bill/H0367/2025",0.923076923076923,24,1,"N",1,1,1,1,1
1520326,1981896,"2025-2025_Regular_Session","2025-03-18","House Human Services Subcommittee",17,0,0,1,18,1,"H","Licensure of Family Foster Homes","H0989",2025,"https://legiscan.com/FL/bill/H0989/2025",0.944444444444444,17,1,"N",1,1,1,1,1
1520328,1984840,"2025-2025_Regular_Session","2025-03-18","House Student Academic Success Subcommittee",15,0,0,3,18,1,"H","Student Online Personal Information Protection","H1223",2025,"https://legiscan.com/FL/bill/H1223/2025",0.833333333333333,15,1,"N",1,1,1,1,1
1520330,1982451,"2025-2025_Regular_Session","2025-03-18","House Government Operations Subcommittee",15,0,0,4,19,1,"H","City Pension Fund for Firefighters and Police Officers in the City of Tampa, Hillsborough County","H4045",2025,"https://legiscan.com/FL/bill/H4045/2025",0.789473684210526,15,1,"N",1,1,1,1,1
1520333,1977248,"2025-2025_Regular_Session","2025-03-18","House Justice Budget Subcommittee",14,0,0,1,15,1,"H","Courts","H0813",2025,"https://legiscan.com/FL/bill/H0813/2025",0.933333333333333,14,1,"N",1,1,1,1,1
1520335,1984338,"2025-2025_Regular_Session","2025-03-18","Senate Appropriations Committee on Agriculture, Environment, and General Government",12,0,0,1,13,1,"S","Resilient Florida Trust Fund/Department of Environmental Protection","S1320",2025,"https://legiscan.com/FL/bill/S1320/2025",0.923076923076923,12,1,"N",1,1,1,1,1
1520339,1958640,"2025-2025_Regular_Session","2025-03-18","House Government Operations Subcommittee",12,3,0,4,19,1,"H","Administrative Procedures","H0433",2025,"https://legiscan.com/FL/bill/H0433/2025",0.631578947368421,15,0.8,"N",1,0.25,0.75,1,0.933333333333333
1520341,1957846,"2025-2025_Regular_Session","2025-03-17","House Commerce Committee",22,0,0,4,26,1,"H","Limitation of Size of Individual Wine Containers","H6015",2025,"https://legiscan.com/FL/bill/H6015/2025",0.846153846153846,22,1,"N",1,1,1,1,1
1520381,2006597,"2025-2025_Regular_Session","2025-03-18","Senate Governmental Oversight and Accountability",8,0,0,0,8,1,"S","OGSR/Agency Cybersecurity Information","S7020",2025,"https://legiscan.com/FL/bill/S7020/2025",1,8,1,"N",1,1,1,1,1
1520425,1988472,"2025-2025_Regular_Session","2025-03-18","Senate Governmental Oversight and Accountability",8,0,0,0,8,1,"S","Entities that Boycott Israel","S1678",2025,"https://legiscan.com/FL/bill/S1678/2025",1,8,1,"N",1,1,1,1,1
1520430,1988227,"2025-2025_Regular_Session","2025-03-18","Senate Criminal Justice",9,0,0,0,9,1,"S","Registration of Sexual Predators and Sexual Offenders","S1654",2025,"https://legiscan.com/FL/bill/S1654/2025",1,9,1,"N",1,1,1,1,1
1520451,1989143,"2025-2025_Regular_Session","2025-03-18","Senate Criminal Justice",9,0,0,0,9,1,"S","Tampering With, Harassing, or Retaliating Against Court Officials","S1838",2025,"https://legiscan.com/FL/bill/S1838/2025",1,9,1,"N",1,1,1,1,1
1520473,1985682,"2025-2025_Regular_Session","2025-03-18","House Student Academic Success Subcommittee",15,2,0,1,18,1,"H","Education","H1255",2025,"https://legiscan.com/FL/bill/H1255/2025",0.833333333333333,17,0.882352941176471,"N",1,0.6,0.6,1,0.882352941176471
1520527,1967198,"2025-2025_Regular_Session","2025-03-18","House Government Operations Subcommittee",16,0,0,3,19,1,"H","Registration of Agents and Organizations Associated with Foreign Countries of Concern","H0583",2025,"https://legiscan.com/FL/bill/H0583/2025",0.842105263157895,16,1,"N",1,1,1,1,1
1520543,1988706,"2025-2025_Regular_Session","2025-03-18","Senate Criminal Justice",8,1,0,0,9,1,"S","Rebuttable Presumption for Certain Deaths","S1774",2025,"https://legiscan.com/FL/bill/S1774/2025",0.888888888888889,9,0.888888888888889,"N",1,0.666666666666667,0.666666666666667,1,0.888888888888889
1520562,1986709,"2025-2025_Regular_Session","2025-03-18","House Student Academic Success Subcommittee",15,0,0,3,18,1,"H","Reading Interventions and Instruction","H1309",2025,"https://legiscan.com/FL/bill/H1309/2025",0.833333333333333,15,1,"N",1,1,1,1,1
1520586,1979028,"2025-2025_Regular_Session","2025-03-18","Senate Criminal Justice",7,2,0,0,9,1,"S","Aggravating Factors","S0984",2025,"https://legiscan.com/FL/bill/S0984/2025",0.777777777777778,9,0.777777777777778,"N",0.833333333333333,0.666666666666667,0.666666666666667,0.833333333333333,0.777777777777778
1520596,1972053,"2025-2025_Regular_Session","2025-03-18","Senate Criminal Justice",7,2,0,0,9,1,"S","Aggravating Factors for Capital Felonies","S0776",2025,"https://legiscan.com/FL/bill/S0776/2025",0.777777777777778,9,0.777777777777778,"N",0.833333333333333,0.666666666666667,0.666666666666667,0.833333333333333,0.777777777777778
1520597,1981753,"2025-2025_Regular_Session","2025-03-18","Senate Criminal Justice",9,0,0,0,9,1,"S","Sexual Cyberharassment","S1084",2025,"https://legiscan.com/FL/bill/S1084/2025",1,9,1,"N",1,1,1,1,1
1520603,1985603,"2025-2025_Regular_Session","2025-03-18","Senate Criminal Justice",9,0,0,0,9,1,"S","Unmanned Aircraft or Unmanned Aircraft Systems","S1422",2025,"https://legiscan.com/FL/bill/S1422/2025",1,9,1,"N",1,1,1,1,1
1520718,1988523,"2025-2025_Regular_Session","2025-03-19","Senate Children, Families, and Elder Affairs",6,0,0,1,7,1,"S","Insulin Administration by Direct-support Professionals and Relatives","S1736",2025,"https://legiscan.com/FL/bill/S1736/2025",0.857142857142857,6,1,"N",1,1,1,1,1
1520722,1983597,"2025-2025_Regular_Session","2025-03-19","Senate Children, Families, and Elder Affairs",6,0,0,1,7,1,"S","Substance Abuse and Mental Health Care","S1240",2025,"https://legiscan.com/FL/bill/S1240/2025",0.857142857142857,6,1,"N",1,1,1,1,1
1520724,1953383,"2025-2025_Regular_Session","2025-03-18","Senate Appropriations Committee on Criminal and Civil Justice",5,0,0,4,9,1,"S","Education in Correctional Facilities for Professional Licensure","S0472",2025,"https://legiscan.com/FL/bill/S0472/2025",0.555555555555556,5,1,"N",1,1,1,1,1
1520729,1960474,"2025-2025_Regular_Session","2025-03-18","Senate Appropriations Committee on Criminal and Civil Justice",5,0,0,4,9,1,"S","State Courts System","S0538",2025,"https://legiscan.com/FL/bill/S0538/2025",0.555555555555556,5,1,"N",1,1,1,1,1
1520749,1953841,"2025-2025_Regular_Session","2025-03-18","House Housing, Agriculture & Tourism Subcommittee",16,0,0,2,18,1,"H","Platting","H0381",2025,"https://legiscan.com/FL/bill/H0381/2025",0.888888888888889,16,1,"N",1,1,1,1,1
1520757,1984094,"2025-2025_Regular_Session","2025-03-19","Senate Transportation",9,0,0,0,9,1,"S","Public Records/E-mail Addresses/DHSMV","S1292",2025,"https://legiscan.com/FL/bill/S1292/2025",1,9,1,"N",1,1,1,1,1
1520764,1971548,"2025-2025_Regular_Session","2025-03-18","House Housing, Agriculture & Tourism Subcommittee",14,3,0,1,18,1,"H","Department of Agriculture and Consumer Services","H0651",2025,"https://legiscan.com/FL/bill/H0651/2025",0.777777777777778,17,0.823529411764706,"N",1,0.4,0.6,1,0.882352941176471
1520771,1974993,"2025-2025_Regular_Session","2025-03-18","Senate Appropriations Committee on Criminal and Civil Justice",6,0,0,3,9,1,"S","Probation for Misdemeanor Offenses","S0878",2025,"https://legiscan.com/FL/bill/S0878/2025",0.666666666666667,6,1,"N",1,1,1,1,1
1520781,1986883,"2025-2025_Regular_Session","2025-03-18","Senate Military and Veterans Affairs, Space, and Domestic Security",5,0,0,1,6,1,"S","Aerospace Industry","S1516",2025,"https://legiscan.com/FL/bill/S1516/2025",0.833333333333333,5,1,"N",1,1,1,1,1
1520786,1885988,"2025-2025_Regular_Session","2025-03-19","Senate Judiciary",11,0,0,0,11,1,"S","Relief of Sidney Holmes by the State of Florida","S0010",2025,"https://legiscan.com/FL/bill/S0010/2025",1,11,1,"N",1,1,1,1,1
1520790,1953354,"2025-2025_Regular_Session","2025-03-18","House Housing, Agriculture & Tourism Subcommittee",17,0,0,1,18,1,"H","Rent of Affordable Housing Dwelling Units","H0365",2025,"https://legiscan.com/FL/bill/H0365/2025",0.944444444444444,17,1,"N",1,1,1,1,1
1520792,1951899,"2025-2025_Regular_Session","2025-03-19","Senate Rules",25,0,0,0,25,1,"S","OGSR/Site-specific Location Information for Endangered and Threatened Species","S7000",2025,"https://legiscan.com/FL/bill/S7000/2025",1,25,1,"N",1,1,1,1,1
1520793,1972204,"2025-2025_Regular_Session","2025-03-18","House Housing, Agriculture & Tourism Subcommittee",16,1,0,1,18,1,"H","Local Government Impact Fees and Development Permits and Orders","H0665",2025,"https://legiscan.com/FL/bill/H0665/2025",0.888888888888889,17,0.941176470588235,"N",1,0.8,0.8,1,0.941176470588235
1520794,1914829,"2025-2025_Regular_Session","2025-03-19","Senate Regulated Industries",8,0,0,1,9,1,"S","Chemicals in Consumer Products","S0196",2025,"https://legiscan.com/FL/bill/S0196/2025",0.888888888888889,8,1,"N",1,1,1,1,1
1520795,1970265,"2025-2025_Regular_Session","2025-03-18","House Housing, Agriculture & Tourism Subcommittee",16,1,0,1,18,1,"H","Electronic Delivery of Notices Between Landlords and Tenants","H0615",2025,"https://legiscan.com/FL/bill/H0615/2025",0.888888888888889,17,0.941176470588235,"N",1,0.8,0.8,1,0.941176470588235
1520800,1918478,"2025-2025_Regular_Session","2025-03-19","Senate Judiciary",9,2,0,0,11,1,"S","Student Participation in Interscholastic and Intrascholastic Extracurricular Sports","S0248",2025,"https://legiscan.com/FL/bill/S0248/2025",0.818181818181818,11,0.818181818181818,"N",1,0.333333333333333,0.666666666666667,1,0.909090909090909
1520809,1984006,"2025-2025_Regular_Session","2025-03-18","House Housing, Agriculture & Tourism Subcommittee",13,4,0,1,18,1,"H","Verification of Reemployment Assistance Benefit Eligibility","H1157",2025,"https://legiscan.com/FL/bill/H1157/2025",0.722222222222222,17,0.764705882352941,"N",1,0.2,0.8,1,0.941176470588235
1520812,1943821,"2025-2025_Regular_Session","2025-03-19","Senate Judiciary",11,0,0,0,11,1,"S","Self-storage Spaces","S0386",2025,"https://legiscan.com/FL/bill/S0386/2025",1,11,1,"N",1,1,1,1,1
1520813,1886200,"2025-2025_Regular_Session","2025-03-19","Senate Judiciary",10,1,0,0,11,1,"S","Relief of J.N., a Minor, by Hillsborough County","S0020",2025,"https://legiscan.com/FL/bill/S0020/2025",0.909090909090909,11,0.909090909090909,"N",0.875,1,1,0.875,0.909090909090909
1520823,1984362,"2025-2025_Regular_Session","2025-03-19","Senate Children, Families, and Elder Affairs",6,0,0,1,7,1,"S","Harming or Neglecting Children","S1286",2025,"https://legiscan.com/FL/bill/S1286/2025",0.857142857142857,6,1,"N",1,1,1,1,1
1520825,1886094,"2025-2025_Regular_Session","2025-03-19","Senate Judiciary",10,1,0,0,11,1,"S","Relief of Kristen and Lia McIntosh by the Department of Agriculture and Consumer Services","S0026",2025,"https://legiscan.com/FL/bill/S0026/2025",0.909090909090909,11,0.909090909090909,"N",0.875,1,1,0.875,0.909090909090909
1520826,1886040,"2025-2025_Regular_Session","2025-03-19","Senate Judiciary",11,0,0,0,11,1,"S","Relief of Marcus Button by the Pasco County School Board","S0008",2025,"https://legiscan.com/FL/bill/S0008/2025",1,11,1,"N",1,1,1,1,1
1520837,1957728,"2025-2025_Regular_Session","2025-03-19","Senate Judiciary",11,0,0,0,11,1,"S","Curators of Estates","S0520",2025,"https://legiscan.com/FL/bill/S0520/2025",1,11,1,"N",1,1,1,1,1
1520847,1984064,"2025-2025_Regular_Session","2025-03-19","Senate Regulated Industries",8,0,0,1,9,1,"S","Building Construction","S1298",2025,"https://legiscan.com/FL/bill/S1298/2025",0.888888888888889,8,1,"N",1,1,1,1,1
1520848,1985563,"2025-2025_Regular_Session","2025-03-18","Senate Military and Veterans Affairs, Space, and Domestic Security",5,0,0,1,6,1,"S","Veterans' Assistance","S1464",2025,"https://legiscan.com/FL/bill/S1464/2025",0.833333333333333,5,1,"N",1,1,1,1,1
1520862,1886227,"2025-2025_Regular_Session","2025-03-19","Senate Judiciary",10,1,0,0,11,1,"S","Relief of the Estate of Peniel Janvier by the City of Miami Beach","S0014",2025,"https://legiscan.com/FL/bill/S0014/2025",0.909090909090909,11,0.909090909090909,"N",0.875,1,1,0.875,0.909090909090909
1520864,1948551,"2025-2025_Regular_Session","2025-03-19","House Transportation & Economic Development Budget Subcommittee",14,0,0,1,15,1,"H","Toll Exemptions for Purple Heart Medal Recipients","H0313",2025,"https://legiscan.com/FL/bill/H0313/2025",0.933333333333333,14,1,"N",1,1,1,1,1
1520874,1976931,"2025-2025_Regular_Session","2025-03-19","House Transportation & Economic Development Budget Subcommittee",15,0,0,0,15,1,"H","Aerospace Innovation Funding","H0793",2025,"https://legiscan.com/FL/bill/H0793/2025",1,15,1,"N",1,1,1,1,1
1520876,1983419,"2025-2025_Regular_Session","2025-03-17","Senate Banking and Insurance",7,0,0,3,10,1,"S","Firefighter Health and Safety","S1212",2025,"https://legiscan.com/FL/bill/S1212/2025",0.7,7,1,"N",1,1,1,1,1
1520889,1982494,"2025-2025_Regular_Session","2025-03-17","Senate Community Affairs",5,3,0,0,8,1,"S","Land Use and Development Regulations","S1118",2025,"https://legiscan.com/FL/bill/S1118/2025",0.625,8,0.625,"N",1,0,1,1,1
1520891,1983907,"2025-2025_Regular_Session","2025-03-19","House Education Administration Subcommittee",15,0,0,3,18,1,"H","Students Enrolled in Dropout Retrieval Programs","H1079",2025,"https://legiscan.com/FL/bill/H1079/2025",0.833333333333333,15,1,"N",1,1,1,1,1
1520893,1984671,"2025-2025_Regular_Session","2025-03-19","Senate Regulated Industries",8,0,0,1,9,1,"S","Heated Tobacco Products","S1418",2025,"https://legiscan.com/FL/bill/S1418/2025",0.888888888888889,8,1,"N",1,1,1,1,1
1520895,1988158,"2025-2025_Regular_Session","2025-03-17","Senate Banking and Insurance",7,0,0,3,10,1,"S","Insurance Regulations","S1656",2025,"https://legiscan.com/FL/bill/S1656/2025",0.7,7,1,"N",1,1,1,1,1
1520904,1988285,"2025-2025_Regular_Session","2025-03-19","Senate Judiciary",10,1,0,0,11,1,"S","Public Records/Pleading, Request for Relief, or Other Document Stricken by a Court","S1652",2025,"https://legiscan.com/FL/bill/S1652/2025",0.909090909090909,11,0.909090909090909,"N",1,0.666666666666667,0.666666666666667,1,0.909090909090909
1520905,1963580,"2025-2025_Regular_Session","2025-03-19","Senate Rules",25,0,0,0,25,1,"S","Public Records and Meetings/NG911 Systems","S7006",2025,"https://legiscan.com/FL/bill/S7006/2025",1,25,1,"N",1,1,1,1,1
1520913,1987763,"2025-2025_Regular_Session","2025-03-17","Senate Banking and Insurance",7,0,0,3,10,1,"S","Financial Services","S1612",2025,"https://legiscan.com/FL/bill/S1612/2025",0.7,7,1,"N",1,1,1,1,1
1520917,1942029,"2025-2025_Regular_Session","2025-03-19","Senate Judiciary",11,0,0,0,11,1,"S","Reusable Tenant Screening Reports","S0362",2025,"https://legiscan.com/FL/bill/S0362/2025",1,11,1,"N",1,1,1,1,1
1520924,1885961,"2025-2025_Regular_Session","2025-03-19","Senate Judiciary",10,1,0,0,11,1,"S","Relief of Eric Miles, Jr., and Jennifer Miles by the South Broward Hospital District","S0022",2025,"https://legiscan.com/FL/bill/S0022/2025",0.909090909090909,11,0.909090909090909,"N",0.875,1,1,0.875,0.909090909090909
1520928,1986613,"2025-2025_Regular_Session","2025-03-18","Senate Military and Veterans Affairs, Space, and Domestic Security",5,0,0,1,6,1,"S","Educational Opportunities for Military Children","S1528",2025,"https://legiscan.com/FL/bill/S1528/2025",0.833333333333333,5,1,"N",1,1,1,1,1
1520931,1985682,"2025-2025_Regular_Session","2025-03-18","House Student Academic Success Subcommittee",15,2,0,1,18,1,"H","Education","H1255",2025,"https://legiscan.com/FL/bill/H1255/2025",0.833333333333333,17,0.882352941176471,"N",1,0.6,0.6,1,0.882352941176471
1520938,1989207,"2025-2025_Regular_Session","2025-03-18","Senate Health Policy",9,0,0,1,10,1,"S","Refund of Overpayments Made by Patients","S1808",2025,"https://legiscan.com/FL/bill/S1808/2025",0.9,9,1,"N",1,1,1,1,1
1520943,1924116,"2025-2025_Regular_Session","2025-03-19","Senate: Third Reading RCS#11",38,0,1,0,39,1,"S","Collaborative Pharmacy Practice for Chronic Health Conditions","S0294",2025,"https://legiscan.com/FL/bill/S0294/2025",0.974358974358974,38,1,"Y",1,1,1,1,1
1520949,1894915,"2025-2025_Regular_Session","2025-03-19","Senate Rules",22,3,0,0,25,1,"S","Utility Terrain Vehicles","S0088",2025,"https://legiscan.com/FL/bill/S0088/2025",0.88,25,0.88,"N",0.947368421052632,0.666666666666667,0.666666666666667,0.947368421052632,0.88
1520958,1981574,"2025-2025_Regular_Session","2025-03-18","Senate Health Policy",9,0,0,1,10,1,"S","Medicaid Oversight","S1060",2025,"https://legiscan.com/FL/bill/S1060/2025",0.9,9,1,"N",1,1,1,1,1
1520959,1979142,"2025-2025_Regular_Session","2025-03-18","Senate Health Policy",9,0,0,1,10,1,"S","Type 1 Diabetes Early Detection Program","S0958",2025,"https://legiscan.com/FL/bill/S0958/2025",0.9,9,1,"N",1,1,1,1,1
1520964,1988108,"2025-2025_Regular_Session","2025-03-19","Senate Judiciary",11,0,0,0,11,1,"S","Vexatious Litigants","S1650",2025,"https://legiscan.com/FL/bill/S1650/2025",1,11,1,"N",1,1,1,1,1
1520977,1968330,"2025-2025_Regular_Session","2025-03-18","House Student Academic Success Subcommittee",16,0,0,2,18,1,"H","Children with Developmental Disabilities","H0591",2025,"https://legiscan.com/FL/bill/H0591/2025",0.888888888888889,16,1,"N",1,1,1,1,1
1520986,1909517,"2025-2025_Regular_Session","2025-03-19","Senate: Third Reading RCS#16",39,0,0,0,39,1,"S","Public Accountancy","S0160",2025,"https://legiscan.com/FL/bill/S0160/2025",1,39,1,"Y",1,1,1,1,1
1520990,1921139,"2025-2025_Regular_Session","2025-03-19","Senate Rules",25,0,0,0,25,1,"S","Candidate Qualification","S0280",2025,"https://legiscan.com/FL/bill/S0280/2025",1,25,1,"N",1,1,1,1,1
1520994,1984993,"2025-2025_Regular_Session","2025-03-19","Senate Transportation",9,0,0,0,9,1,"S","Transportation Facility Designations","S1408",2025,"https://legiscan.com/FL/bill/S1408/2025",1,9,1,"N",1,1,1,1,1
1521006,1985621,"2025-2025_Regular_Session","2025-03-19","House Education Administration Subcommittee",16,0,0,2,18,1,"H","Hunger-Free Campus Pilot Program","H1245",2025,"https://legiscan.com/FL/bill/H1245/2025",0.888888888888889,16,1,"N",1,1,1,1,1
1521012,1976023,"2025-2025_Regular_Session","2025-03-18","Senate Military and Veterans Affairs, Space, and Domestic Security",5,0,0,1,6,1,"S","Veterans' Benefits Assistance","S0910",2025,"https://legiscan.com/FL/bill/S0910/2025",0.833333333333333,5,1,"N",1,1,1,1,1
1521021,1977185,"2025-2025_Regular_Session","2025-03-19","Senate Regulated Industries",8,0,0,1,9,1,"S","Third-party Reservation Platforms","S0940",2025,"https://legiscan.com/FL/bill/S0940/2025",0.888888888888889,8,1,"N",1,1,1,1,1
1521025,1988809,"2025-2025_Regular_Session","2025-03-17","Senate Banking and Insurance",7,0,0,3,10,1,"S","Insurance","S1740",2025,"https://legiscan.com/FL/bill/S1740/2025",0.7,7,1,"N",1,1,1,1,1
1521036,1903465,"2025-2025_Regular_Session","2025-03-19","Senate: Third Reading RCS#10",39,0,0,0,39,1,"S","Abandoning Restrained Dogs During Natural Disasters","S0150",2025,"https://legiscan.com/FL/bill/S0150/2025",1,39,1,"Y",1,1,1,1,1
1521037,1918834,"2025-2025_Regular_Session","2025-03-19","Senate Rules",25,0,0,0,25,1,"S","Trusts","S0262",2025,"https://legiscan.com/FL/bill/S0262/2025",1,25,1,"N",1,1,1,1,1
1521047,1981374,"2025-2025_Regular_Session","2025-03-18","Senate Health Policy",9,0,0,1,10,1,"S","Electrocardiograms for Student Athletes","S1070",2025,"https://legiscan.com/FL/bill/S1070/2025",0.9,9,1,"N",1,1,1,1,1
1521053,1946372,"2025-2025_Regular_Session","2025-03-19","Senate Rules",25,0,0,0,25,1,"S","Unlawful Use of Uniforms, Medals, or Insignia","S0402",2025,"https://legiscan.com/FL/bill/S0402/2025",1,25,1,"N",1,1,1,1,1
1521059,1987597,"2025-2025_Regular_Session","2025-03-19","Senate: Third Reading RCS#14",39,0,0,0,39,1,"S","Child Welfare","S7012",2025,"https://legiscan.com/FL/bill/S7012/2025",1,39,1,"Y",1,1,1,1,1
1521061,1987348,"2025-2025_Regular_Session","2025-03-19","House Education Administration Subcommittee",15,1,0,2,18,1,"H","School Attendance","H1367",2025,"https://legiscan.com/FL/bill/H1367/2025",0.833333333333333,16,0.9375,"N",1,0.75,0.75,1,0.9375
1521090,1988954,"2025-2025_Regular_Session","2025-03-19","House Education Administration Subcommittee",12,4,0,2,18,1,"H","Education","H1483",2025,"https://legiscan.com/FL/bill/H1483/2025",0.666666666666667,16,0.75,"N",1,0,1,1,1
1521101,1984120,"2025-2025_Regular_Session","2025-03-19","Senate Regulated Industries",8,0,0,1,9,1,"S","Solar Facilities","S1304",2025,"https://legiscan.com/FL/bill/S1304/2025",0.888888888888889,8,1,"N",1,1,1,1,1
1521112,1971304,"2025-2025_Regular_Session","2025-03-18","Senate Health Policy",8,1,0,1,10,1,"S","Foreign Countries of Concern","S0768",2025,"https://legiscan.com/FL/bill/S0768/2025",0.8,9,0.888888888888889,"N",1,0.666666666666667,0.666666666666667,1,0.888888888888889
1521113,1982897,"2025-2025_Regular_Session","2025-03-19","House Industries & Professional Activities Subcommittee",16,0,0,2,18,1,"H","Alternative Plans Reviews and Inspections","H1071",2025,"https://legiscan.com/FL/bill/H1071/2025",0.888888888888889,16,1,"N",1,1,1,1,1
1521116,1923039,"2025-2025_Regular_Session","2025-03-19","Senate Rules",25,0,0,0,25,1,"S","Warranty Associations","S0282",2025,"https://legiscan.com/FL/bill/S0282/2025",1,25,1,"N",1,1,1,1,1
1521127,1986709,"2025-2025_Regular_Session","2025-03-18","House Student Academic Success Subcommittee",15,0,0,3,18,1,"H","Reading Interventions and Instruction","H1309",2025,"https://legiscan.com/FL/bill/H1309/2025",0.833333333333333,15,1,"N",1,1,1,1,1
1521136,1963716,"2025-2025_Regular_Session","2025-03-19","Senate Rules",25,0,0,0,25,1,"S","OGSR/Applicants or Participants in Certain Federal, State, or Local Housing Assistance Programs","S7004",2025,"https://legiscan.com/FL/bill/S7004/2025",1,25,1,"N",1,1,1,1,1
1521142,1975596,"2025-2025_Regular_Session","2025-03-19","Senate: Third Reading RCS#3",39,0,0,0,39,1,"S","Florida Statutes","S0038",2025,"https://legiscan.com/FL/bill/S0038/2025",1,39,1,"Y",1,1,1,1,1
1521156,1983233,"2025-2025_Regular_Session","2025-03-17","Senate Banking and Insurance",7,0,0,3,10,1,"S","Residual Market Insurers","S1184",2025,"https://legiscan.com/FL/bill/S1184/2025",0.7,7,1,"N",1,1,1,1,1
1521157,1983785,"2025-2025_Regular_Session","2025-03-18","House Student Academic Success Subcommittee",15,0,0,3,18,1,"H","Mathematics Education Requirements","H1113",2025,"https://legiscan.com/FL/bill/H1113/2025",0.833333333333333,15,1,"N",1,1,1,1,1
1521165,1978976,"2025-2025_Regular_Session","2025-03-19","House Industries & Professional Activities Subcommittee",15,1,0,2,18,1,"H","Underground Utility and Excavation Contractors","H0869",2025,"https://legiscan.com/FL/bill/H0869/2025",0.833333333333333,16,0.9375,"N",1,0.8,0.8,1,0.9375
1521171,1983927,"2025-2025_Regular_Session","2025-03-19","House Health Care Budget Subcommittee",14,0,0,1,15,1,"H","Child Welfare","H1127",2025,"https://legiscan.com/FL/bill/H1127/2025",0.933333333333333,14,1,"N",1,1,1,1,1
1521177,1928340,"2025-2025_Regular_Session","2025-03-19","Senate Judiciary",11,0,0,0,11,1,"S","Limited Liability Companies","S0316",2025,"https://legiscan.com/FL/bill/S0316/2025",1,11,1,"N",1,1,1,1,1
1521184,1947432,"2025-2025_Regular_Session","2025-03-19","Senate: Third Reading RCS#15",39,0,0,0,39,1,"S","Administrative Procedures","S0108",2025,"https://legiscan.com/FL/bill/S0108/2025",1,39,1,"Y",1,1,1,1,1
1521188,1975493,"2025-2025_Regular_Session","2025-03-19","Senate: Third Reading RCS#4",39,0,0,0,39,1,"S","Florida Statutes","S0040",2025,"https://legiscan.com/FL/bill/S0040/2025",1,39,1,"Y",1,1,1,1,1
1521192,1984070,"2025-2025_Regular_Session","2025-03-18","House Student Academic Success Subcommittee",16,0,0,2,18,1,"H","Electrocardiograms for Student Athletes","H1135",2025,"https://legiscan.com/FL/bill/H1135/2025",0.888888888888889,16,1,"N",1,1,1,1,1
1521196,1942180,"2025-2025_Regular_Session","2025-03-19","Senate: Third Reading RCS#13",39,0,0,0,39,1,"S","Ethics","S0348",2025,"https://legiscan.com/FL/bill/S0348/2025",1,39,1,"Y",1,1,1,1,1
1521202,1958195,"2025-2025_Regular_Session","2025-03-19","Senate: Third Reading RCS#7",39,0,0,0,39,1,"S","Veterans","S0116",2025,"https://legiscan.com/FL/bill/S0116/2025",1,39,1,"Y",1,1,1,1,1
1521203,1978929,"2025-2025_Regular_Session","2025-03-19","Senate Regulated Industries",8,0,0,1,9,1,"S","Elevator Accessibility Requirements","S0960",2025,"https://legiscan.com/FL/bill/S0960/2025",0.888888888888889,8,1,"N",1,1,1,1,1
1521215,1973592,"2025-2025_Regular_Session","2025-03-19","Senate Transportation",9,0,0,0,9,1,"S","Specialty License Plates","S0824",2025,"https://legiscan.com/FL/bill/S0824/2025",1,9,1,"N",1,1,1,1,1
1521234,1973282,"2025-2025_Regular_Session","2025-03-19","House Criminal Justice Subcommittee",17,0,0,1,18,1,"H","Driving and Boating Offenses","H0687",2025,"https://legiscan.com/FL/bill/H0687/2025",0.944444444444444,17,1,"N",1,1,1,1,1
1521241,1984688,"2025-2025_Regular_Session","2025-03-18","Senate Health Policy",9,0,0,1,10,1,"S","Ambulatory Surgical Centers","S1370",2025,"https://legiscan.com/FL/bill/S1370/2025",0.9,9,1,"N",1,1,1,1,1
1521242,1985490,"2025-2025_Regular_Session","2025-03-17","Senate Education Postsecondary",7,0,0,0,7,1,"S","Florida Institute for Pediatric Rare Diseases","S1356",2025,"https://legiscan.com/FL/bill/S1356/2025",1,7,1,"N",1,1,1,1,1
1521247,1987557,"2025-2025_Regular_Session","2025-03-18","Senate Health Policy",9,0,0,1,10,1,"S","Background Screening of Athletic Coaches","S1546",2025,"https://legiscan.com/FL/bill/S1546/2025",0.9,9,1,"N",1,1,1,1,1
1521250,1967251,"2025-2025_Regular_Session","2025-03-19","Senate Transportation",9,0,0,0,9,1,"S","Specialty License Plates/Miami Northwestern Alumni Association","S0666",2025,"https://legiscan.com/FL/bill/S0666/2025",1,9,1,"N",1,1,1,1,1
1521260,1977285,"2025-2025_Regular_Session","2025-03-18","Senate Health Policy",9,0,0,1,10,1,"S","Insurance Overpayment Claims Submitted to Psychologists","S0944",2025,"https://legiscan.com/FL/bill/S0944/2025",0.9,9,1,"N",1,1,1,1,1
1521264,1982828,"2025-2025_Regular_Session","2025-03-19","House Criminal Justice Subcommittee",17,0,0,1,18,1,"H","Arrest and Detention of Individuals with Significant Medical Conditions","H1099",2025,"https://legiscan.com/FL/bill/H1099/2025",0.944444444444444,17,1,"N",1,1,1,1,1
1521266,1984091,"2025-2025_Regular_Session","2025-03-19","Senate Transportation",9,0,0,0,9,1,"S","Department of Highway Safety and Motor Vehicles","S1290",2025,"https://legiscan.com/FL/bill/S1290/2025",1,9,1,"N",1,1,1,1,1
1521269,1975386,"2025-2025_Regular_Session","2025-03-19","Senate: Third Reading RCS#17",39,0,0,0,39,1,"S","Rural Communities","S0110",2025,"https://legiscan.com/FL/bill/S0110/2025",1,39,1,"Y",1,1,1,1,1
1521273,1983700,"2025-2025_Regular_Session","2025-03-19","Senate Regulated Industries",8,0,0,1,9,1,"S","Construction Contracting","S1262",2025,"https://legiscan.com/FL/bill/S1262/2025",0.888888888888889,8,1,"N",1,1,1,1,1
1521279,1965224,"2025-2025_Regular_Session","2025-03-19","Senate Regulated Industries",8,0,0,1,9,1,"S","Home Inspectors","S0638",2025,"https://legiscan.com/FL/bill/S0638/2025",0.888888888888889,8,1,"N",1,1,1,1,1
1521295,1894929,"2025-2025_Regular_Session","2025-03-19","House Health Care Budget Subcommittee",14,0,0,1,15,1,"H","Social Work Licensure Interstate Compact","H0027",2025,"https://legiscan.com/FL/bill/H0027/2025",0.933333333333333,14,1,"N",1,1,1,1,1
1521297,1985119,"2025-2025_Regular_Session","2025-03-19","House Industries & Professional Activities Subcommittee",11,5,0,2,18,1,"H","Employment Agreements","H1219",2025,"https://legiscan.com/FL/bill/H1219/2025",0.611111111111111,16,0.6875,"N",1,0,1,1,1
1521305,1892656,"2025-2025_Regular_Session","2025-03-19","Senate: Third Reading RCS#6",39,0,0,0,39,1,"S","Nature-based Methods for Improving Coastal Resilience","S0050",2025,"https://legiscan.com/FL/bill/S0050/2025",1,39,1,"Y",1,1,1,1,1
1521307,1948479,"2025-2025_Regular_Session","2025-03-19","House Industries & Professional Activities Subcommittee",16,0,0,2,18,1,"H","Repair of Motorized Wheelchairs","H0311",2025,"https://legiscan.com/FL/bill/H0311/2025",0.888888888888889,16,1,"N",1,1,1,1,1
1521309,1981075,"2025-2025_Regular_Session","2025-03-19","Senate: Third Reading RCS#5",37,0,2,0,39,1,"S","Florida Statutes","S0042",2025,"https://legiscan.com/FL/bill/S0042/2025",0.948717948717949,37,1,"Y",1,1,1,1,1
1521314,1942386,"2025-2025_Regular_Session","2025-03-19","House Education Administration Subcommittee",16,0,0,2,18,1,"H","Middle School and High School Start Times","H0261",2025,"https://legiscan.com/FL/bill/H0261/2025",0.888888888888889,16,1,"N",1,1,1,1,1
1521316,1975135,"2025-2025_Regular_Session","2025-03-19","House Criminal Justice Subcommittee",17,0,0,1,18,1,"H","Sexual Images","H0757",2025,"https://legiscan.com/FL/bill/H0757/2025",0.944444444444444,17,1,"N",1,1,1,1,1
1521320,1974652,"2025-2025_Regular_Session","2025-03-19","House Industries & Professional Activities Subcommittee",15,0,0,3,18,1,"H","Social Media Use by Minors","H0743",2025,"https://legiscan.com/FL/bill/H0743/2025",0.833333333333333,15,1,"N",1,1,1,1,1
1521324,1985213,"2025-2025_Regular_Session","2025-03-19","House Criminal Justice Subcommittee",16,0,0,2,18,1,"H","Mental Health","H1207",2025,"https://legiscan.com/FL/bill/H1207/2025",0.888888888888889,16,1,"N",1,1,1,1,1
1521326,1962154,"2025-2025_Regular_Session","2025-03-19","House Health Care Facilities & Systems Subcommittee",17,0,0,1,18,1,"H","Ambulatory Surgical Centers","H0475",2025,"https://legiscan.com/FL/bill/H0475/2025",0.944444444444444,17,1,"N",1,1,1,1,1
1521331,1988466,"2025-2025_Regular_Session","2025-03-17","Senate Banking and Insurance",7,0,0,3,10,1,"S","Public Records/Uniform Mitigation Verification Inspection Form Database","S1658",2025,"https://legiscan.com/FL/bill/S1658/2025",0.7,7,1,"N",1,1,1,1,1
1521348,1976673,"2025-2025_Regular_Session","2025-03-19","House Industries & Professional Activities Subcommittee",15,1,0,2,18,1,"H","Air-Conditioning and Mechanical Contractors","H0801",2025,"https://legiscan.com/FL/bill/H0801/2025",0.833333333333333,16,0.9375,"N",0.909090909090909,1,1,0.909090909090909,0.9375
1521360,1930979,"2025-2025_Regular_Session","2025-03-19","Senate: Third Reading RCS#12",39,0,0,0,39,1,"S","Property Rights","S0322",2025,"https://legiscan.com/FL/bill/S0322/2025",1,39,1,"Y",1,1,1,1,1
1521361,1897545,"2025-2025_Regular_Session","2025-03-19","Senate: Third Reading RCS#8",36,3,0,0,39,1,"S","Regulation of Presidential Libraries","S0118",2025,"https://legiscan.com/FL/bill/S0118/2025",0.923076923076923,39,0.923076923076923,"Y",1,0.727272727272727,0.727272727272727,1,0.923076923076923
1521369,1980858,"2025-2025_Regular_Session","2025-03-19","Senate Transportation",9,0,0,0,9,1,"S","Specialty License Plates/United States Naval Academy and United States Military Academy","S1024",2025,"https://legiscan.com/FL/bill/S1024/2025",1,9,1,"N",1,1,1,1,1
1521370,1898276,"2025-2025_Regular_Session","2025-03-19","Senate: Third Reading RCS#9",39,0,0,0,39,1,"S","Prescription Hearing Aids","S0126",2025,"https://legiscan.com/FL/bill/S0126/2025",1,39,1,"Y",1,1,1,1,1
1521404,1983104,"2025-2025_Regular_Session","2025-03-19","House Health Care Facilities & Systems Subcommittee",14,3,0,1,18,1,"H","Children's Medical Services Program","H1085",2025,"https://legiscan.com/FL/bill/H1085/2025",0.777777777777778,17,0.823529411764706,"N",1,0.4,0.6,1,0.882352941176471
1521436,1968271,"2025-2025_Regular_Session","2025-03-19","House Intergovernmental Affairs Subcommittee",16,0,0,2,18,1,"H","Dangerous Dogs","H0593",2025,"https://legiscan.com/FL/bill/H0593/2025",0.888888888888889,16,1,"N",1,1,1,1,1
1521441,1981587,"2025-2025_Regular_Session","2025-03-19","House Education Administration Subcommittee",15,0,0,3,18,1,"H","Reporting of Student Mental Health Outcomes","H0969",2025,"https://legiscan.com/FL/bill/H0969/2025",0.833333333333333,15,1,"N",1,1,1,1,1
1521448,1984282,"2025-2025_Regular_Session","2025-03-19","House Industries & Professional Activities Subcommittee",14,0,0,4,18,1,"H","Removal of Altered Sexual Depictions Posted without Consent","H1161",2025,"https://legiscan.com/FL/bill/H1161/2025",0.777777777777778,14,1,"N",1,1,1,1,1
1521511,1983730,"2025-2025_Regular_Session","2025-03-19","House Health Care Facilities & Systems Subcommittee",15,2,0,1,18,1,"H","Out-of-network Providers","H1101",2025,"https://legiscan.com/FL/bill/H1101/2025",0.833333333333333,17,0.882352941176471,"N",1,0.6,0.6,1,0.882352941176471
1521513,1975885,"2025-2025_Regular_Session","2025-03-19","Senate Transportation",9,0,0,0,9,1,"S","Indemnification of Commuter Rail Transportation Providers","S0916",2025,"https://legiscan.com/FL/bill/S0916/2025",1,9,1,"N",1,1,1,1,1
1521547,1915029,"2025-2025_Regular_Session","2025-03-19","House Criminal Justice Subcommittee",17,0,0,1,18,1,"H","Pawnbroker Transaction Forms","H0139",2025,"https://legiscan.com/FL/bill/H0139/2025",0.944444444444444,17,1,"N",1,1,1,1,1
1521563,1982390,"2025-2025_Regular_Session","2025-03-19","House Criminal Justice Subcommittee",17,0,0,1,18,1,"H","Fraudulent Use of Gift Cards","H1007",2025,"https://legiscan.com/FL/bill/H1007/2025",0.944444444444444,17,1,"N",1,1,1,1,1
1521564,1988998,"2025-2025_Regular_Session","2025-03-19","House Criminal Justice Subcommittee",16,0,0,2,18,1,"H","Prearranged Transportation Services","H1525",2025,"https://legiscan.com/FL/bill/H1525/2025",0.888888888888889,16,1,"N",1,1,1,1,1
1521583,1973683,"2025-2025_Regular_Session","2025-03-19","House Industries & Professional Activities Subcommittee",14,0,0,4,18,1,"H","City of Oviedo, Seminole County","H4031",2025,"https://legiscan.com/FL/bill/H4031/2025",0.777777777777778,14,1,"N",1,1,1,1,1
1521590,1976881,"2025-2025_Regular_Session","2025-03-19","House Industries & Professional Activities Subcommittee",15,0,0,3,18,1,"H","Special Alcoholic Beverage Licenses Issued to Residential Condominiums","H0799",2025,"https://legiscan.com/FL/bill/H0799/2025",0.833333333333333,15,1,"N",1,1,1,1,1
1521608,1967029,"2025-2025_Regular_Session","2025-03-19","House Intergovernmental Affairs Subcommittee",18,0,0,0,18,1,"H","Removal, Storage, and Cleanup of Electric Vehicles","H0577",2025,"https://legiscan.com/FL/bill/H0577/2025",1,18,1,"N",1,1,1,1,1
1521622,1951666,"2025-2025_Regular_Session","2025-03-19","Senate Transportation",6,3,0,0,9,1,"S","Transportation","S0462",2025,"https://legiscan.com/FL/bill/S0462/2025",0.666666666666667,9,0.666666666666667,"N",1,0,1,1,1
1521630,1990100,"2025-2025_Regular_Session","2025-03-19","House Industries & Professional Activities Subcommittee",14,0,0,4,18,1,"H","Duval County","H4053",2025,"https://legiscan.com/FL/bill/H4053/2025",0.777777777777778,14,1,"N",1,1,1,1,1
1521632,1920600,"2025-2025_Regular_Session","2025-03-19","House Economic Infrastructure Subcommittee",17,0,0,1,18,1,"H","Transportation Facility Designations","H0177",2025,"https://legiscan.com/FL/bill/H0177/2025",0.944444444444444,17,1,"N",1,1,1,1,1
1521638,1982767,"2025-2025_Regular_Session","2025-03-19","House Industries & Professional Activities Subcommittee",15,0,0,3,18,1,"H","Building Permits for Single-family Dwellings","H1035",2025,"https://legiscan.com/FL/bill/H1035/2025",0.833333333333333,15,1,"N",1,1,1,1,1
1521667,1920769,"2025-2025_Regular_Session","2025-03-18","Senate Appropriations Committee on Higher Education",8,0,0,0,8,1,"S","Florida Bright Futures Scholarship Program","S0270",2025,"https://legiscan.com/FL/bill/S0270/2025",1,8,1,"N",1,1,1,1,1
1521673,1943751,"2025-2025_Regular_Session","2025-03-19","House Intergovernmental Affairs Subcommittee",16,0,0,2,18,1,"H","Annexing State-owned Lands","H0275",2025,"https://legiscan.com/FL/bill/H0275/2025",0.888888888888889,16,1,"N",1,1,1,1,1
1521682,1987091,"2025-2025_Regular_Session","2025-03-19","House Health Care Facilities & Systems Subcommittee",17,0,0,1,18,1,"H","Home Health Care Services","H1353",2025,"https://legiscan.com/FL/bill/H1353/2025",0.944444444444444,17,1,"N",1,1,1,1,1
1521685,1982323,"2025-2025_Regular_Session","2025-03-19","House Intergovernmental Affairs Subcommittee",16,0,0,2,18,1,"H","Osceola County","H4043",2025,"https://legiscan.com/FL/bill/H4043/2025",0.888888888888889,16,1,"N",1,1,1,1,1
1521690,1973135,"2025-2025_Regular_Session","2025-03-19","House Intergovernmental Affairs Subcommittee",12,5,0,1,18,1,"H","Term Limits for Members of County Commissions and District School Boards","H0679",2025,"https://legiscan.com/FL/bill/H0679/2025",0.666666666666667,17,0.705882352941177,"N",1,0,1,1,1
1521713,1987752,"2025-2025_Regular_Session","2025-03-19","House Criminal Justice Subcommittee",17,0,0,1,18,1,"H","Safety of Students","H1403",2025,"https://legiscan.com/FL/bill/H1403/2025",0.944444444444444,17,1,"N",1,1,1,1,1
1521730,1975632,"2025-2025_Regular_Session","2025-03-19","Senate Children, Families, and Elder Affairs",5,1,0,1,7,1,"S","Faith-based Activities in Batterers' Intervention Programs","S0894",2025,"https://legiscan.com/FL/bill/S0894/2025",0.714285714285714,6,0.833333333333333,"N",1,0.5,NA,1,1
1521736,1943836,"2025-2025_Regular_Session","2025-03-19","House Economic Infrastructure Subcommittee",17,0,0,1,18,1,"H","False Reporting","H0279",2025,"https://legiscan.com/FL/bill/H0279/2025",0.944444444444444,17,1,"N",1,1,1,1,1
1521737,1988977,"2025-2025_Regular_Session","2025-03-19","House Intergovernmental Affairs Subcommittee",12,0,0,6,18,1,"H","Utility Services","H1523",2025,"https://legiscan.com/FL/bill/H1523/2025",0.666666666666667,12,1,"N",1,1,1,1,1
1521753,1988205,"2025-2025_Regular_Session","2025-03-19","House Intergovernmental Affairs Subcommittee",17,0,0,1,18,1,"H","Leon County","H4075",2025,"https://legiscan.com/FL/bill/H4075/2025",0.944444444444444,17,1,"N",1,1,1,1,1
1521769,1963968,"2025-2025_Regular_Session","2025-03-19","House Intergovernmental Affairs Subcommittee",12,4,0,2,18,1,"H","Local Business Taxes","H0503",2025,"https://legiscan.com/FL/bill/H0503/2025",0.666666666666667,16,0.75,"N",1,0,1,1,1
1521786,1987331,"2025-2025_Regular_Session","2025-03-19","House Intergovernmental Affairs Subcommittee",16,0,0,2,18,1,"H","Fines for Public Nuisance Abatement","H1343",2025,"https://legiscan.com/FL/bill/H1343/2025",0.888888888888889,16,1,"N",1,1,1,1,1
1521815,1976731,"2025-2025_Regular_Session","2025-03-19","House Health Care Facilities & Systems Subcommittee",17,0,0,1,18,1,"H","Veteran and Spouse Nursing Home Beds","H0797",2025,"https://legiscan.com/FL/bill/H0797/2025",0.944444444444444,17,1,"N",1,1,1,1,1
1521825,1968600,"2025-2025_Regular_Session","2025-03-19","House Criminal Justice Subcommittee",18,0,0,0,18,1,"H","Broward County Narcotics and Dangerous Drug Intelligence and Enforcement Unit, Broward County","H4015",2025,"https://legiscan.com/FL/bill/H4015/2025",1,18,1,"N",1,1,1,1,1
1521836,1967535,"2025-2025_Regular_Session","2025-03-19","House Education Administration Subcommittee",16,0,0,2,18,1,"H","Career Planning Opportunities for Students","H0571",2025,"https://legiscan.com/FL/bill/H0571/2025",0.888888888888889,16,1,"N",1,1,1,1,1
1521839,1984274,"2025-2025_Regular_Session","2025-03-19","House Intergovernmental Affairs Subcommittee",17,0,0,1,18,1,"H","Sewer Collection Systems","H1123",2025,"https://legiscan.com/FL/bill/H1123/2025",0.944444444444444,17,1,"N",1,1,1,1,1
1521842,1980681,"2025-2025_Regular_Session","2025-03-19","House Careers & Workforce Subcommittee",18,0,0,0,18,1,"H","Nursing Education Programs","H0919",2025,"https://legiscan.com/FL/bill/H0919/2025",1,18,1,"N",1,1,1,1,1
1521863,1953506,"2025-2025_Regular_Session","2025-03-19","House Information Technology Budget & Policy Subcommittee",17,0,0,1,18,1,"H","Provenance of Digital Content","H0369",2025,"https://legiscan.com/FL/bill/H0369/2025",0.944444444444444,17,1,"N",1,1,1,1,1
1521872,1981045,"2025-2025_Regular_Session","2025-03-19","House Intergovernmental Affairs Subcommittee",17,0,0,1,18,1,"H","Firefighter Health and Safety","H0929",2025,"https://legiscan.com/FL/bill/H0929/2025",0.944444444444444,17,1,"N",1,1,1,1,1
1521876,1984840,"2025-2025_Regular_Session","2025-03-18","House Student Academic Success Subcommittee",15,0,0,3,18,1,"H","Student Online Personal Information Protection","H1223",2025,"https://legiscan.com/FL/bill/H1223/2025",0.833333333333333,15,1,"N",1,1,1,1,1
1521939,1975439,"2025-2025_Regular_Session","2025-03-19","Senate: Third Reading RCS#2",38,0,1,0,39,1,"S","Florida Statutes","S0036",2025,"https://legiscan.com/FL/bill/S0036/2025",0.974358974358974,38,1,"Y",1,1,1,1,1
1521940,1897268,"2025-2025_Regular_Session","2025-03-19","Senate Rules",25,0,0,0,25,1,"S","Exploitation of Vulnerable Adults","S0106",2025,"https://legiscan.com/FL/bill/S0106/2025",1,25,1,"N",1,1,1,1,1
1521991,1987003,"2025-2025_Regular_Session","2025-03-19","House Intergovernmental Affairs Subcommittee",16,0,0,2,18,1,"H","Sunbridge Stewardship District, Osceola County","H4059",2025,"https://legiscan.com/FL/bill/H4059/2025",0.888888888888889,16,1,"N",1,1,1,1,1
1522008,1967815,"2025-2025_Regular_Session","2025-03-18","Senate Military and Veterans Affairs, Space, and Domestic Security",5,0,0,1,6,1,"S","Credit for Military Service","S0684",2025,"https://legiscan.com/FL/bill/S0684/2025",0.833333333333333,5,1,"N",1,1,1,1,1
1522011,1986621,"2025-2025_Regular_Session","2025-03-19","House Criminal Justice Subcommittee",13,2,0,3,18,1,"H","Capital Human Trafficking of Vulnerable Persons for Sexual Exploitation","H1283",2025,"https://legiscan.com/FL/bill/H1283/2025",0.722222222222222,15,0.866666666666667,"N",1,0.5,NA,1,1
1522032,1943801,"2025-2025_Regular_Session","2025-03-19","House Intergovernmental Affairs Subcommittee",18,0,0,0,18,1,"H","Veterans' Benefits Assistance","H0277",2025,"https://legiscan.com/FL/bill/H0277/2025",1,18,1,"N",1,1,1,1,1
1522049,1988328,"2025-2025_Regular_Session","2025-03-19","House Intergovernmental Affairs Subcommittee",17,0,0,1,18,1,"H","Leon County","H4073",2025,"https://legiscan.com/FL/bill/H4073/2025",0.944444444444444,17,1,"N",1,1,1,1,1
1522071,1985766,"2025-2025_Regular_Session","2025-03-19","House Careers & Workforce Subcommittee",18,0,0,0,18,1,"H","Personal Financial Literacy","H1261",2025,"https://legiscan.com/FL/bill/H1261/2025",1,18,1,"N",1,1,1,1,1
1522106,1984203,"2025-2025_Regular_Session","2025-03-19","House Economic Infrastructure Subcommittee",17,0,0,1,18,1,"H","Mobile Cranes and Accessory Support Vehicles","H1165",2025,"https://legiscan.com/FL/bill/H1165/2025",0.944444444444444,17,1,"N",1,1,1,1,1
1522115,1968501,"2025-2025_Regular_Session","2025-03-19","House Intergovernmental Affairs Subcommittee",17,0,0,1,18,1,"H","Citrus County","H4013",2025,"https://legiscan.com/FL/bill/H4013/2025",0.944444444444444,17,1,"N",1,1,1,1,1
1522122,1983804,"2025-2025_Regular_Session","2025-03-19","House Criminal Justice Subcommittee",17,0,0,1,18,1,"H","Unmanned Aircraft and Unmanned Aircraft Systems","H1121",2025,"https://legiscan.com/FL/bill/H1121/2025",0.944444444444444,17,1,"N",1,1,1,1,1
1522125,1977392,"2025-2025_Regular_Session","2025-03-19","House Criminal Justice Subcommittee",17,0,0,1,18,1,"H","Expedited DNA Testing Grant Program","H0847",2025,"https://legiscan.com/FL/bill/H0847/2025",0.944444444444444,17,1,"N",1,1,1,1,1
1522127,1975960,"2025-2025_Regular_Session","2025-03-19","House Criminal Justice Subcommittee",15,0,0,3,18,1,"H","Cyberintimidation by Publication","H0781",2025,"https://legiscan.com/FL/bill/H0781/2025",0.833333333333333,15,1,"N",1,1,1,1,1
1522129,1985242,"2025-2025_Regular_Session","2025-03-19","House Criminal Justice Subcommittee",16,0,0,2,18,1,"H","Statute of Limitations Period for Violations Involving Required Reports Concerning Children","H1171",2025,"https://legiscan.com/FL/bill/H1171/2025",0.888888888888889,16,1,"N",1,1,1,1,1
1522134,1977082,"2025-2025_Regular_Session","2025-03-19","House Careers & Workforce Subcommittee",18,0,0,0,18,1,"H","School Social Workers","H0809",2025,"https://legiscan.com/FL/bill/H0809/2025",1,18,1,"N",1,1,1,1,1
1522143,1981684,"2025-2025_Regular_Session","2025-03-19","House Industries & Professional Activities Subcommittee",15,1,0,2,18,1,"H","Athlete Representation and Compensation","H0981",2025,"https://legiscan.com/FL/bill/H0981/2025",0.833333333333333,16,0.9375,"N",0.909090909090909,1,1,0.909090909090909,0.9375
1522146,1987215,"2025-2025_Regular_Session","2025-03-19","House Criminal Justice Subcommittee",15,0,0,3,18,1,"H","Registration of Sexual Predators and Sexual Offenders","H1351",2025,"https://legiscan.com/FL/bill/H1351/2025",0.833333333333333,15,1,"N",1,1,1,1,1
1522147,1988518,"2025-2025_Regular_Session","2025-03-19","House Criminal Justice Subcommittee",15,0,0,3,18,1,"H","Pub. Rec./Lethality Assessment Forms","H1479",2025,"https://legiscan.com/FL/bill/H1479/2025",0.833333333333333,15,1,"N",1,1,1,1,1
1522149,1964440,"2025-2025_Regular_Session","2025-03-19","House Intergovernmental Affairs Subcommittee",16,0,0,2,18,1,"H","Palm Beach County","H4011",2025,"https://legiscan.com/FL/bill/H4011/2025",0.888888888888889,16,1,"N",1,1,1,1,1
1522151,1986594,"2025-2025_Regular_Session","2025-03-19","House Education Administration Subcommittee",15,0,0,3,18,1,"H","Higher Education","H1321",2025,"https://legiscan.com/FL/bill/H1321/2025",0.833333333333333,15,1,"N",1,1,1,1,1
1522161,1975058,"2025-2025_Regular_Session","2025-03-19","House Industries & Professional Activities Subcommittee",14,0,0,4,18,1,"H","Unlawful Demolition of Historical Buildings and Structures","H0717",2025,"https://legiscan.com/FL/bill/H0717/2025",0.777777777777778,14,1,"N",1,1,1,1,1
1522191,1964997,"2025-2025_Regular_Session","2025-03-18","Senate Appropriations Committee on Transportation, Tourism, and Economic Development",14,0,0,1,15,1,"S","Specialty License Plates/Miami Dade College and St. Petersburg College","S0620",2025,"https://legiscan.com/FL/bill/S0620/2025",0.933333333333333,14,1,"N",1,1,1,1,1
1522207,1986343,"2025-2025_Regular_Session","2025-03-19","Senate Transportation",9,0,0,0,9,1,"S","Special Mobile Equipment","S1502",2025,"https://legiscan.com/FL/bill/S1502/2025",1,9,1,"N",1,1,1,1,1
1522295,2009168,"2025-2025_Regular_Session","2025-03-20","Senate Appropriations",18,0,0,1,19,1,"S","Information Technology","S7026",2025,"https://legiscan.com/FL/bill/S7026/2025",0.947368421052632,18,1,"N",1,1,1,1,1
1522306,1980686,"2025-2025_Regular_Session","2025-03-20","House Education & Employment Committee",21,0,0,1,22,1,"H","Required Instruction in Cursive Writing","H0921",2025,"https://legiscan.com/FL/bill/H0921/2025",0.954545454545455,21,1,"N",1,1,1,1,1
1522326,1987683,"2025-2025_Regular_Session","2025-03-20","House Education & Employment Committee",19,0,0,3,22,1,"H","Juvenile Justice","H1405",2025,"https://legiscan.com/FL/bill/H1405/2025",0.863636363636364,19,1,"N",1,1,1,1,1
1522350,1946032,"2025-2025_Regular_Session","2025-03-20","Senate Fiscal Policy",19,0,0,0,19,1,"S","Interstate Compact on Educational Opportunity for Military Children","S0400",2025,"https://legiscan.com/FL/bill/S0400/2025",1,19,1,"N",1,1,1,1,1
1522359,1974703,"2025-2025_Regular_Session","2025-03-20","House State Affairs Committee",23,0,0,3,26,1,"H","Water Access Facilities","H0735",2025,"https://legiscan.com/FL/bill/H0735/2025",0.884615384615385,23,1,"N",1,1,1,1,1
1522372,1917016,"2025-2025_Regular_Session","2025-03-20","Senate Fiscal Policy",18,1,0,0,19,1,"S","Criminal Offenses Against Law Enforcement Officers and Other Personnel","S0234",2025,"https://legiscan.com/FL/bill/S0234/2025",0.947368421052632,19,0.947368421052632,"N",1,0.8,0.8,1,0.947368421052632
1522427,1919798,"2025-2025_Regular_Session","2025-03-20","House Judiciary Committee",16,3,0,4,23,1,"H","Criminal Offenses Against Law Enforcement Officers and Other Personnel","H0175",2025,"https://legiscan.com/FL/bill/H0175/2025",0.695652173913043,19,0.842105263157895,"N",1,0.4,0.6,1,0.894736842105263
1522430,1965140,"2025-2025_Regular_Session","2025-03-20","House State Affairs Committee",18,7,0,1,26,1,"H","Gulf of America","H0549",2025,"https://legiscan.com/FL/bill/H0549/2025",0.692307692307692,25,0.72,"N",1,0,1,1,1
1522434,1897165,"2025-2025_Regular_Session","2025-03-20","Senate Fiscal Policy",19,0,0,0,19,1,"S","Exceptional Student Education","S0102",2025,"https://legiscan.com/FL/bill/S0102/2025",1,19,1,"N",1,1,1,1,1
1522438,2008946,"2025-2025_Regular_Session","2025-03-20","Senate Appropriations",18,0,0,1,19,1,"S","State Planning and Budgeting","S7024",2025,"https://legiscan.com/FL/bill/S7024/2025",0.947368421052632,18,1,"N",1,1,1,1,1
1522441,1927121,"2025-2025_Regular_Session","2025-03-20","Senate Fiscal Policy",19,0,0,0,19,1,"S","Middle School and High School Start Times","S0296",2025,"https://legiscan.com/FL/bill/S0296/2025",1,19,1,"N",1,1,1,1,1
1522462,1982314,"2025-2025_Regular_Session","2025-03-20","House Judiciary Committee",21,0,0,2,23,1,"H","Carrying of Handguns or Weapons by Law Enforcement Officers Attending Athletic Events","H1021",2025,"https://legiscan.com/FL/bill/H1021/2025",0.91304347826087,21,1,"N",1,1,1,1,1
1522491,1946009,"2025-2025_Regular_Session","2025-03-20","House Judiciary Committee",20,0,0,3,23,1,"H","Boating Safety","H0289",2025,"https://legiscan.com/FL/bill/H0289/2025",0.869565217391304,20,1,"N",1,1,1,1,1
1522504,1984625,"2025-2025_Regular_Session","2025-03-20","House Ways & Means Committee",16,1,0,2,19,1,"H","Ad Valorem Tax Exemption","H1215",2025,"https://legiscan.com/FL/bill/H1215/2025",0.842105263157895,17,0.941176470588235,"N",1,0.75,0.75,1,0.941176470588235
1522509,1961673,"2025-2025_Regular_Session","2025-03-20","House Judiciary Committee",20,1,0,2,23,1,"H","Recovery of Damages for Medical Negligence Resulting in Death","H6017",2025,"https://legiscan.com/FL/bill/H6017/2025",0.869565217391304,21,0.952380952380952,"N",0.933333333333333,1,1,0.933333333333333,0.952380952380952
1522524,1975073,"2025-2025_Regular_Session","2025-03-20","House Judiciary Committee",16,6,0,1,23,1,"H","Minimum Age for Firearm Purchase or Transfer","H0759",2025,"https://legiscan.com/FL/bill/H0759/2025",0.695652173913043,22,0.727272727272727,"N",0.941176470588235,0,1,0.941176470588235,0.954545454545455
1522543,1986968,"2025-2025_Regular_Session","2025-03-20","House State Affairs Committee",17,8,0,1,26,1,"H","Succession to Office of Governor, Auditing, and Government Efficiency","H1325",2025,"https://legiscan.com/FL/bill/H1325/2025",0.653846153846154,25,0.68,"N",0.944444444444444,0,1,0.944444444444444,0.96
1522599,1983286,"2025-2025_Regular_Session","2025-03-20","House Ways & Means Committee",17,0,0,2,19,1,"H","Assessment of Homestead Property","H1041",2025,"https://legiscan.com/FL/bill/H1041/2025",0.894736842105263,17,1,"N",1,1,1,1,1
1522632,1908822,"2025-2025_Regular_Session","2025-03-20","Senate Appropriations",18,0,0,1,19,1,"S","Coverage for Diagnostic and Supplemental Breast Examinations","S0158",2025,"https://legiscan.com/FL/bill/S0158/2025",0.947368421052632,18,1,"N",1,1,1,1,1
1522676,1898257,"2025-2025_Regular_Session","2025-03-20","Senate Fiscal Policy",19,0,0,0,19,1,"S","Compensation of Victims of Wrongful Incarceration","S0130",2025,"https://legiscan.com/FL/bill/S0130/2025",1,19,1,"N",1,1,1,1,1
1522703,1967372,"2025-2025_Regular_Session","2025-03-20","House State Affairs Committee",16,7,0,3,26,1,"H","The Designation of the Gulf of Mexico","H0575",2025,"https://legiscan.com/FL/bill/H0575/2025",0.615384615384615,23,0.695652173913043,"N",1,0,1,1,1
1522720,1922014,"2025-2025_Regular_Session","2025-03-20","Senate Fiscal Policy",19,0,0,0,19,1,"S","Transportation Facility Designations/Harris Rosen Way and Geraldine Thompson Way","S0274",2025,"https://legiscan.com/FL/bill/S0274/2025",1,19,1,"N",1,1,1,1,1
1522774,1953445,"2025-2025_Regular_Session","2025-03-20","House State Affairs Committee",23,0,0,3,26,1,"H","Nature-based Methods for Improving Coastal Resilience","H0371",2025,"https://legiscan.com/FL/bill/H0371/2025",0.884615384615385,23,1,"N",1,1,1,1,1
1522796,1978070,"2025-2025_Regular_Session","2025-03-20","House Judiciary Committee",19,1,0,3,23,1,"H","Restrictions on Firearms and Ammunition During Emergencies","H6025",2025,"https://legiscan.com/FL/bill/H6025/2025",0.826086956521739,20,0.95,"N",1,0.8,0.8,1,0.95
1522798,1956326,"2025-2025_Regular_Session","2025-03-20","House Ways & Means Committee",17,0,0,2,19,1,"H","Affordable Property Ad Valorem Tax Exemption on Leased Land","H0411",2025,"https://legiscan.com/FL/bill/H0411/2025",0.894736842105263,17,1,"N",1,1,1,1,1
1522812,1983089,"2025-2025_Regular_Session","2025-03-20","House Ways & Means Committee",17,0,0,2,19,1,"H","Limitation on the Assessment of Homestead Property","H1039",2025,"https://legiscan.com/FL/bill/H1039/2025",0.894736842105263,17,1,"N",1,1,1,1,1
1522823,1901186,"2025-2025_Regular_Session","2025-03-20","Senate Fiscal Policy",18,1,0,0,19,1,"S","Driving and Boating Offenses","S0138",2025,"https://legiscan.com/FL/bill/S0138/2025",0.947368421052632,19,0.947368421052632,"N",1,0.8,0.8,1,0.947368421052632
1522839,1972698,"2025-2025_Regular_Session","2025-03-20","House Budget Committee",26,0,0,4,30,1,"H","State Group Insurance Program Coverage of Standard Fertility Preservation Services","H0677",2025,"https://legiscan.com/FL/bill/H0677/2025",0.866666666666667,26,1,"N",1,1,1,1,1
1522863,1897317,"2025-2025_Regular_Session","2025-03-20","House Budget Committee",26,0,0,4,30,1,"H","Compensation of Victims of Wrongful Incarceration","H0059",2025,"https://legiscan.com/FL/bill/H0059/2025",0.866666666666667,26,1,"N",1,1,1,1,1
1522906,1946447,"2025-2025_Regular_Session","2025-03-20","House Budget Committee",25,3,0,2,30,1,"H","Suits Against the Government","H0301",2025,"https://legiscan.com/FL/bill/H0301/2025",0.833333333333333,28,0.892857142857143,"N",0.85,1,1,0.85,0.892857142857143
1522945,1972165,"2025-2025_Regular_Session","2025-03-20","House Ways & Means Committee",17,0,0,2,19,1,"H","Lee County","H4025",2025,"https://legiscan.com/FL/bill/H4025/2025",0.894736842105263,17,1,"N",1,1,1,1,1
1522964,1981805,"2025-2025_Regular_Session","2025-03-20","House Insurance & Banking Subcommittee",16,0,0,2,18,1,"H","Legal Tender","H0999",2025,"https://legiscan.com/FL/bill/H0999/2025",0.888888888888889,16,1,"N",1,1,1,1,1
1523003,1985026,"2025-2025_Regular_Session","2025-03-20","House Ways & Means Committee",13,4,0,2,19,1,"H","Local Option Taxes","H1221",2025,"https://legiscan.com/FL/bill/H1221/2025",0.684210526315789,17,0.764705882352941,"N",1,0,1,1,1
1523032,1987672,"2025-2025_Regular_Session","2025-03-20","House Health Professions & Programs Subcommittee",18,0,0,0,18,1,"H","Improving Screening for and Treatment of Blood Clots","H1421",2025,"https://legiscan.com/FL/bill/H1421/2025",1,18,1,"N",1,1,1,1,1
1523042,1988199,"2025-2025_Regular_Session","2025-03-20","House Civil Justice & Claims Subcommittee",17,0,0,1,18,1,"H","Attorney Fees and Costs for Motor Vehicle Personal Injury Protection Benefits","H1437",2025,"https://legiscan.com/FL/bill/H1437/2025",0.944444444444444,17,1,"N",1,1,1,1,1
1523061,1982813,"2025-2025_Regular_Session","2025-03-20","House Health Professions & Programs Subcommittee",17,0,0,1,18,1,"H","Newborn Screenings","H1089",2025,"https://legiscan.com/FL/bill/H1089/2025",0.944444444444444,17,1,"N",1,1,1,1,1
1523086,1970927,"2025-2025_Regular_Session","2025-03-20","House Ways & Means Committee",17,0,0,2,19,1,"H","Bermont Drainage District, Charlotte County","H4017",2025,"https://legiscan.com/FL/bill/H4017/2025",0.894736842105263,17,1,"N",1,1,1,1,1
1523115,1917097,"2025-2025_Regular_Session","2025-03-20","House Civil Justice & Claims Subcommittee",18,0,0,0,18,1,"H","Prohibited Practices in Consumer Debt Collection","H0147",2025,"https://legiscan.com/FL/bill/H0147/2025",1,18,1,"N",1,1,1,1,1
1523116,1986356,"2025-2025_Regular_Session","2025-03-20","House Health Professions & Programs Subcommittee",18,0,0,0,18,1,"H","Electronic Prescribing","H1297",2025,"https://legiscan.com/FL/bill/H1297/2025",1,18,1,"N",1,1,1,1,1
1523144,1985626,"2025-2025_Regular_Session","2025-03-20","House Insurance & Banking Subcommittee",15,0,0,3,18,1,"H","Insurance Claims Payments to Physicians","H1231",2025,"https://legiscan.com/FL/bill/H1231/2025",0.833333333333333,15,1,"N",1,1,1,1,1
1523197,1971907,"2025-2025_Regular_Session","2025-03-20","House State Affairs Committee",23,0,0,3,26,1,"H","North River Ranch Improvement Stewardship District, Manatee County","H4021",2025,"https://legiscan.com/FL/bill/H4021/2025",0.884615384615385,23,1,"N",1,1,1,1,1
1523199,1989093,"2025-2025_Regular_Session","2025-03-20","House Insurance & Banking Subcommittee",15,1,0,2,18,1,"H","Attorney Fee Awards in Insurance Actions","H1551",2025,"https://legiscan.com/FL/bill/H1551/2025",0.833333333333333,16,0.9375,"N",0.909090909090909,1,1,0.909090909090909,0.9375
1523234,1956390,"2025-2025_Regular_Session","2025-03-20","House Rules & Ethics Committee",16,0,0,2,18,1,"H","Ethics","H0399",2025,"https://legiscan.com/FL/bill/H0399/2025",0.888888888888889,16,1,"N",1,1,1,1,1
1523236,1926955,"2025-2025_Regular_Session","2025-03-20","House Civil Justice & Claims Subcommittee",18,0,0,0,18,1,"H","Relief/L.P./Department of Children and Families","H6511",2025,"https://legiscan.com/FL/bill/H6511/2025",1,18,1,"N",1,1,1,1,1
1523250,1987648,"2025-2025_Regular_Session","2025-03-20","House Insurance & Banking Subcommittee",15,1,0,2,18,1,"H","Framework for a Sovereign Wealth Fund","H4063",2025,"https://legiscan.com/FL/bill/H4063/2025",0.833333333333333,16,0.9375,"N",1,0.8,0.8,1,0.9375
1523281,1958842,"2025-2025_Regular_Session","2025-03-20","House Health Professions & Programs Subcommittee",12,6,0,0,18,1,"H","Optometry","H0449",2025,"https://legiscan.com/FL/bill/H0449/2025",0.666666666666667,18,0.666666666666667,"N",0.769230769230769,0.4,0.6,0.769230769230769,0.722222222222222
1523287,1975787,"2025-2025_Regular_Session","2025-03-20","House Civil Justice & Claims Subcommittee",15,0,0,3,18,1,"H","Relief/H.H./Department of Children and Families","H6531",2025,"https://legiscan.com/FL/bill/H6531/2025",0.833333333333333,15,1,"N",1,1,1,1,1
1523305,1982873,"2025-2025_Regular_Session","2025-03-20","House Health Professions & Programs Subcommittee",17,0,0,1,18,1,"H","Patient Access to Records","H1083",2025,"https://legiscan.com/FL/bill/H1083/2025",0.944444444444444,17,1,"N",1,1,1,1,1
1523312,1953674,"2025-2025_Regular_Session","2025-03-20","House Civil Justice & Claims Subcommittee",15,0,0,3,18,1,"H","Pub. Rec/Appellate Court Clerks","H0373",2025,"https://legiscan.com/FL/bill/H0373/2025",0.833333333333333,15,1,"N",1,1,1,1,1
1523315,1979933,"2025-2025_Regular_Session","2025-03-20","House Civil Justice & Claims Subcommittee",13,1,0,4,18,1,"H","Court-appointed Psychologists","H0901",2025,"https://legiscan.com/FL/bill/H0901/2025",0.722222222222222,14,0.928571428571429,"N",1,0.5,NA,1,1
1523318,1988985,"2025-2025_Regular_Session","2025-03-20","House Civil Justice & Claims Subcommittee",13,3,0,2,18,1,"H","Civil Liability for the Wrongful Death of an Unborn Child","H1517",2025,"https://legiscan.com/FL/bill/H1517/2025",0.722222222222222,16,0.8125,"N",1,0,1,1,1
1523323,1981258,"2025-2025_Regular_Session","2025-03-20","House Civil Justice & Claims Subcommittee",15,0,0,3,18,1,"H","Civil Actions","H0947",2025,"https://legiscan.com/FL/bill/H0947/2025",0.833333333333333,15,1,"N",1,1,1,1,1
1523331,1989220,"2025-2025_Regular_Session","2025-03-20","House Insurance & Banking Subcommittee",14,0,0,4,18,1,"H","Financial Services","H1549",2025,"https://legiscan.com/FL/bill/H1549/2025",0.777777777777778,14,1,"N",1,1,1,1,1
1523354,1927876,"2025-2025_Regular_Session","2025-03-20","House Civil Justice & Claims Subcommittee",18,0,0,0,18,1,"H","Relief/Michael Barnett/Department of Children and Families","H6515",2025,"https://legiscan.com/FL/bill/H6515/2025",1,18,1,"N",1,1,1,1,1
1523406,1988190,"2025-2025_Regular_Session","2025-03-20","House State Affairs Committee",24,0,0,2,26,1,"H","City of Coral Springs and City of Parkland, Broward County","H4071",2025,"https://legiscan.com/FL/bill/H4071/2025",0.923076923076923,24,1,"N",1,1,1,1,1
1523411,1972091,"2025-2025_Regular_Session","2025-03-20","House Ways & Means Committee",17,0,0,2,19,1,"H","Israeli Bonds","H0669",2025,"https://legiscan.com/FL/bill/H0669/2025",0.894736842105263,17,1,"N",1,1,1,1,1
1523414,1986578,"2025-2025_Regular_Session","2025-03-20","House Budget Committee",27,0,0,3,30,1,"H","Trust Funds/Re-creation/Resilient Florida Trust Fund/DEP","H1313",2025,"https://legiscan.com/FL/bill/H1313/2025",0.9,27,1,"N",1,1,1,1,1
1523723,1984439,"2025-2025_Regular_Session","2025-03-20","House Civil Justice & Claims Subcommittee",14,2,0,2,18,1,"H","Florida Trust Code","H1173",2025,"https://legiscan.com/FL/bill/H1173/2025",0.777777777777778,16,0.875,"N",1,0.5,NA,1,1
1524034,1982451,"2025-2025_Regular_Session","2025-03-18","House Government Operations Subcommittee",15,0,0,4,19,1,"H","City Pension Fund for Firefighters and Police Officers in the City of Tampa, Hillsborough County","H4045",2025,"https://legiscan.com/FL/bill/H4045/2025",0.789473684210526,15,1,"N",1,1,1,1,1
1524068,1973452,"2025-2025_Regular_Session","2025-03-18","House Government Operations Subcommittee",14,0,0,5,19,1,"H","Noncriminal Traffic Infractions Causing Vehicle Crashes","H0699",2025,"https://legiscan.com/FL/bill/H0699/2025",0.736842105263158,14,1,"N",1,1,1,1,1
1524069,1985682,"2025-2025_Regular_Session","2025-03-18","House Student Academic Success Subcommittee",15,2,0,1,18,1,"H","Education","H1255",2025,"https://legiscan.com/FL/bill/H1255/2025",0.833333333333333,17,0.882352941176471,"N",1,0.6,0.6,1,0.882352941176471
1524080,1968330,"2025-2025_Regular_Session","2025-03-18","House Student Academic Success Subcommittee",16,0,0,2,18,1,"H","Children with Developmental Disabilities","H0591",2025,"https://legiscan.com/FL/bill/H0591/2025",0.888888888888889,16,1,"N",1,1,1,1,1
1524082,1972564,"2025-2025_Regular_Session","2025-03-18","House Government Operations Subcommittee",15,0,0,4,19,1,"H","Officers and Employees of North Springs Improvement District, Broward County","H4023",2025,"https://legiscan.com/FL/bill/H4023/2025",0.789473684210526,15,1,"N",1,1,1,1,1
1524093,1975159,"2025-2025_Regular_Session","2025-03-18","House Government Operations Subcommittee",17,0,0,2,19,1,"H","Benefits for Firefighters Injured During Training Exercises","H0749",2025,"https://legiscan.com/FL/bill/H0749/2025",0.894736842105263,17,1,"N",1,1,1,1,1
1524098,1942015,"2025-2025_Regular_Session","2025-03-18","House Government Operations Subcommittee",17,0,0,2,19,1,"H","Holocaust Remembrance Day","H0251",2025,"https://legiscan.com/FL/bill/H0251/2025",0.894736842105263,17,1,"N",1,1,1,1,1
1524108,1967198,"2025-2025_Regular_Session","2025-03-18","House Government Operations Subcommittee",16,0,0,3,19,1,"H","Registration of Agents and Organizations Associated with Foreign Countries of Concern","H0583",2025,"https://legiscan.com/FL/bill/H0583/2025",0.842105263157895,16,1,"N",1,1,1,1,1
1524110,1983785,"2025-2025_Regular_Session","2025-03-18","House Student Academic Success Subcommittee",15,0,0,3,18,1,"H","Mathematics Education Requirements","H1113",2025,"https://legiscan.com/FL/bill/H1113/2025",0.833333333333333,15,1,"N",1,1,1,1,1
1524112,1986709,"2025-2025_Regular_Session","2025-03-18","House Student Academic Success Subcommittee",15,0,0,3,18,1,"H","Reading Interventions and Instruction","H1309",2025,"https://legiscan.com/FL/bill/H1309/2025",0.833333333333333,15,1,"N",1,1,1,1,1
1524135,1974729,"2025-2025_Regular_Session","2025-03-18","House Government Operations Subcommittee",16,0,0,3,19,1,"H","Spectrum Alert","H0711",2025,"https://legiscan.com/FL/bill/H0711/2025",0.842105263157895,16,1,"N",1,1,1,1,1
1524139,1984070,"2025-2025_Regular_Session","2025-03-18","House Student Academic Success Subcommittee",16,0,0,2,18,1,"H","Electrocardiograms for Student Athletes","H1135",2025,"https://legiscan.com/FL/bill/H1135/2025",0.888888888888889,16,1,"N",1,1,1,1,1
1524265,1984840,"2025-2025_Regular_Session","2025-03-18","House Student Academic Success Subcommittee",15,0,0,3,18,1,"H","Student Online Personal Information Protection","H1223",2025,"https://legiscan.com/FL/bill/H1223/2025",0.833333333333333,15,1,"N",1,1,1,1,1
1524271,1958640,"2025-2025_Regular_Session","2025-03-18","House Government Operations Subcommittee",12,3,0,4,19,1,"H","Administrative Procedures","H0433",2025,"https://legiscan.com/FL/bill/H0433/2025",0.631578947368421,15,0.8,"N",1,0.25,0.75,1,0.933333333333333
1524528,1989093,"2025-2025_Regular_Session","2025-03-13","House Civil Justice & Claims Subcommittee",16,1,0,2,19,1,"H","Attorney Fee Awards in Insurance Actions","H1551",2025,"https://legiscan.com/FL/bill/H1551/2025",0.842105263157895,17,0.941176470588235,"N",0.916666666666667,1,1,0.916666666666667,0.941176470588235
1524529,1989093,"2025-2025_Regular_Session","2025-03-20","House Insurance & Banking Subcommittee",15,1,0,2,18,1,"H","Attorney Fee Awards in Insurance Actions","H1551",2025,"https://legiscan.com/FL/bill/H1551/2025",0.833333333333333,16,0.9375,"N",0.909090909090909,1,1,0.909090909090909,0.9375
1524796,1970006,"2025-2025_Regular_Session","2025-03-24","Senate Appropriations Committee on Transportation, Tourism, and Economic Development",14,0,0,1,15,1,"S","Transportation Facility Designations/Senator James A. Sebesta Memorial Highway","S0706",2025,"https://legiscan.com/FL/bill/S0706/2025",0.933333333333333,14,1,"N",1,1,1,1,1
1524901,1966658,"2025-2025_Regular_Session","2025-03-24","Senate Appropriations Committee on Transportation, Tourism, and Economic Development",14,0,0,1,15,1,"S","Transportation Facility Designations/Harry Frisch Street","S0662",2025,"https://legiscan.com/FL/bill/S0662/2025",0.933333333333333,14,1,"N",1,1,1,1,1
1525181,1975198,"2025-2025_Regular_Session","2025-03-24","House Health & Human Services Committee",26,0,0,1,27,1,"H","Type 1 Diabetes Early Detection Program","H0723",2025,"https://legiscan.com/FL/bill/H0723/2025",0.962962962962963,26,1,"N",1,1,1,1,1
1525194,1976646,"2025-2025_Regular_Session","2025-03-24","House Health & Human Services Committee",25,0,0,2,27,1,"H","Surrendered Infants","H0791",2025,"https://legiscan.com/FL/bill/H0791/2025",0.925925925925926,25,1,"N",1,1,1,1,1
1525209,1952078,"2025-2025_Regular_Session","2025-03-24","House Health & Human Services Committee",26,0,0,1,27,1,"H","Emergency Opioid Antagonists in Public K-12 Schools and Postsecondary Educational Institutions","H0355",2025,"https://legiscan.com/FL/bill/H0355/2025",0.962962962962963,26,1,"N",1,1,1,1,1
1525271,1979604,"2025-2025_Regular_Session","2025-03-24","Senate Appropriations Committee on Transportation, Tourism, and Economic Development",14,0,0,1,15,1,"S","Driver License Education Requirements","S0994",2025,"https://legiscan.com/FL/bill/S0994/2025",0.933333333333333,14,1,"N",1,1,1,1,1
1525277,1958912,"2025-2025_Regular_Session","2025-03-24","House Health & Human Services Committee",26,0,0,1,27,1,"H","Background Screening of Athletic Coaches","H0431",2025,"https://legiscan.com/FL/bill/H0431/2025",0.962962962962963,26,1,"N",1,1,1,1,1
1525306,1965336,"2025-2025_Regular_Session","2025-03-24","House Health & Human Services Committee",25,0,0,2,27,1,"H","Administration of Controlled Substances by Paramedics","H0519",2025,"https://legiscan.com/FL/bill/H0519/2025",0.925925925925926,25,1,"N",1,1,1,1,1
1525310,1980688,"2025-2025_Regular_Session","2025-03-24","House Health & Human Services Committee",25,0,0,2,27,1,"H","Florida Institute for Pediatric Rare Diseases","H0907",2025,"https://legiscan.com/FL/bill/H0907/2025",0.925925925925926,25,1,"N",1,1,1,1,1
1525327,1942658,"2025-2025_Regular_Session","2025-03-24","House Health & Human Services Committee",24,0,0,3,27,1,"H","Special Observances","H0259",2025,"https://legiscan.com/FL/bill/H0259/2025",0.888888888888889,24,1,"N",1,1,1,1,1
1525384,1983587,"2025-2025_Regular_Session","2025-03-24","House Health & Human Services Committee",26,0,0,1,27,1,"H","Health Care Patient Protection","H1119",2025,"https://legiscan.com/FL/bill/H1119/2025",0.962962962962963,26,1,"N",1,1,1,1,1
1525420,1971252,"2025-2025_Regular_Session","2025-03-24","House Health & Human Services Committee",18,7,0,2,27,1,"H","Autonomous Practice by a Certified Registered Nurse Anesthetist","H0649",2025,"https://legiscan.com/FL/bill/H0649/2025",0.666666666666667,25,0.72,"N",0.894736842105263,0.166666666666667,0.833333333333333,0.894736842105263,0.88
1525765,1963800,"2025-2025_Regular_Session","2025-03-24","House Commerce Committee",25,0,0,1,26,1,"H","Uniform Commercial Code","H0515",2025,"https://legiscan.com/FL/bill/H0515/2025",0.961538461538462,25,1,"N",1,1,1,1,1
1525776,1983449,"2025-2025_Regular_Session","2025-03-24","Senate Appropriations Committee on Criminal and Civil Justice",9,0,0,0,9,1,"S","Fraudulent Use of Gift Cards","S1198",2025,"https://legiscan.com/FL/bill/S1198/2025",1,9,1,"N",1,1,1,1,1
1525782,1968812,"2025-2025_Regular_Session","2025-03-04","House Education Administration Subcommittee",18,0,0,0,18,1,"H","Diabetes Management in Schools","H0597",2025,"https://legiscan.com/FL/bill/H0597/2025",1,18,1,"N",1,1,1,1,1
1525787,1942015,"2025-2025_Regular_Session","2025-03-11","House Student Academic Success Subcommittee",16,0,0,2,18,1,"H","Holocaust Remembrance Day","H0251",2025,"https://legiscan.com/FL/bill/H0251/2025",0.888888888888889,16,1,"N",1,1,1,1,1
1525793,1988120,"2025-2025_Regular_Session","2025-03-24","House Commerce Committee",24,0,0,2,26,1,"H","Nursing Education Programs","H1427",2025,"https://legiscan.com/FL/bill/H1427/2025",0.923076923076923,24,1,"N",1,1,1,1,1
1525795,1985274,"2025-2025_Regular_Session","2025-03-25","House Information Technology Budget & Policy Subcommittee",14,2,0,2,18,1,"H","Cybersecurity Incident Liability","H1183",2025,"https://legiscan.com/FL/bill/H1183/2025",0.777777777777778,16,0.875,"N",1,0.5,NA,1,1
1525797,1907537,"2025-2025_Regular_Session","2025-03-04","House Education Administration Subcommittee",13,5,0,0,18,1,"H","Education","H0123",2025,"https://legiscan.com/FL/bill/H0123/2025",0.722222222222222,18,0.722222222222222,"N",1,0,1,1,1
1525800,1983681,"2025-2025_Regular_Session","2025-03-11","House Student Academic Success Subcommittee",17,0,0,1,18,1,"H","Certificates of Completion","H1111",2025,"https://legiscan.com/FL/bill/H1111/2025",0.944444444444444,17,1,"N",1,1,1,1,1
1525819,1957008,"2025-2025_Regular_Session","2025-03-11","House Student Academic Success Subcommittee",17,0,0,1,18,1,"H","Family Empowerment Scholarship Program","H0423",2025,"https://legiscan.com/FL/bill/H0423/2025",0.944444444444444,17,1,"N",1,1,1,1,1
1525820,1971107,"2025-2025_Regular_Session","2025-03-24","Senate Appropriations Committee on Criminal and Civil Justice",9,0,0,0,9,1,"S","Electronic Transmittal of Court Orders","S0774",2025,"https://legiscan.com/FL/bill/S0774/2025",1,9,1,"N",1,1,1,1,1
1525842,1951409,"2025-2025_Regular_Session","2025-03-25","House Agriculture & Natural Resources Budget Subcommittee",14,0,0,1,15,1,"H","Licensure Requirements for Surveyors and Mappers","H0339",2025,"https://legiscan.com/FL/bill/H0339/2025",0.933333333333333,14,1,"N",1,1,1,1,1
1525857,1980686,"2025-2025_Regular_Session","2025-03-11","House Student Academic Success Subcommittee",17,0,0,1,18,1,"H","Required Instruction in Cursive Writing","H0921",2025,"https://legiscan.com/FL/bill/H0921/2025",0.944444444444444,17,1,"N",1,1,1,1,1
1525873,1983455,"2025-2025_Regular_Session","2025-03-24","Senate Appropriations Committee on Criminal and Civil Justice",9,0,0,0,9,1,"S","Installation or Use of Tracking Devices or Applications","S1168",2025,"https://legiscan.com/FL/bill/S1168/2025",1,9,1,"N",1,1,1,1,1
1525877,1967060,"2025-2025_Regular_Session","2025-03-25","House Economic Infrastructure Subcommittee",16,0,0,2,18,1,"H","Transportation","H0567",2025,"https://legiscan.com/FL/bill/H0567/2025",0.888888888888889,16,1,"N",1,1,1,1,1
1525904,1984362,"2025-2025_Regular_Session","2025-03-24","Senate Appropriations Committee on Criminal and Civil Justice",9,0,0,0,9,1,"S","Harming or Neglecting Children","S1286",2025,"https://legiscan.com/FL/bill/S1286/2025",1,9,1,"N",1,1,1,1,1
1525914,1973373,"2025-2025_Regular_Session","2025-03-25","House Careers & Workforce Subcommittee",16,0,0,2,18,1,"H","Apprenticeship and Preapprenticeship Program Funding","H0681",2025,"https://legiscan.com/FL/bill/H0681/2025",0.888888888888889,16,1,"N",1,1,1,1,1
1525916,1973837,"2025-2025_Regular_Session","2025-03-25","Senate Environment and Natural Resources",8,0,0,1,9,1,"S","Former Phosphate Mining Lands","S0832",2025,"https://legiscan.com/FL/bill/S0832/2025",0.888888888888889,8,1,"N",1,1,1,1,1
1525929,1946221,"2025-2025_Regular_Session","2025-03-25","House Agriculture & Natural Resources Budget Subcommittee",14,0,0,1,15,1,"H","Comprehensive Waste Reduction and Recycling Plan","H0295",2025,"https://legiscan.com/FL/bill/H0295/2025",0.933333333333333,14,1,"N",1,1,1,1,1
1525932,1974680,"2025-2025_Regular_Session","2025-03-25","Senate Commerce and Tourism",7,2,0,0,9,1,"S","Social Media Use by Minors","S0868",2025,"https://legiscan.com/FL/bill/S0868/2025",0.777777777777778,9,0.777777777777778,"N",1,0.333333333333333,0.666666666666667,1,0.888888888888889
1525943,1985540,"2025-2025_Regular_Session","2025-03-25","House Economic Infrastructure Subcommittee",15,1,0,2,18,1,"H","Energy Infrastructure Investment","H1239",2025,"https://legiscan.com/FL/bill/H1239/2025",0.833333333333333,16,0.9375,"N",0.909090909090909,1,1,0.909090909090909,0.9375
1525944,1979078,"2025-2025_Regular_Session","2025-03-25","House Careers & Workforce Subcommittee",12,4,0,2,18,1,"H","Educator Preparation","H0875",2025,"https://legiscan.com/FL/bill/H0875/2025",0.666666666666667,16,0.75,"N",1,0,1,1,1
1525951,1973300,"2025-2025_Regular_Session","2025-03-24","Senate Appropriations Committee on Criminal and Civil Justice",9,0,0,0,9,1,"S","Florida Trust Code","S0806",2025,"https://legiscan.com/FL/bill/S0806/2025",1,9,1,"N",1,1,1,1,1
1525959,1901158,"2025-2025_Regular_Session","2025-03-04","House Education Administration Subcommittee",18,0,0,0,18,1,"H","Hazardous Walking Conditions","H0085",2025,"https://legiscan.com/FL/bill/H0085/2025",1,18,1,"N",1,1,1,1,1
1525971,1963769,"2025-2025_Regular_Session","2025-03-25","Senate Commerce and Tourism",8,1,0,0,9,1,"S","Wine Containers","S0578",2025,"https://legiscan.com/FL/bill/S0578/2025",0.888888888888889,9,0.888888888888889,"N",0.833333333333333,1,1,0.833333333333333,0.888888888888889
1525983,1970061,"2025-2025_Regular_Session","2025-03-25","Senate Commerce and Tourism",6,3,0,0,9,1,"S","Defamation, False Light, and Unauthorized Publication of Name or Likenesses","S0752",2025,"https://legiscan.com/FL/bill/S0752/2025",0.666666666666667,9,0.666666666666667,"N",1,0,1,1,1
1525997,1987215,"2025-2025_Regular_Session","2025-03-25","House Justice Budget Subcommittee",14,0,0,1,15,1,"H","Registration of Sexual Predators and Sexual Offenders","H1351",2025,"https://legiscan.com/FL/bill/H1351/2025",0.933333333333333,14,1,"N",1,1,1,1,1
1526000,1974796,"2025-2025_Regular_Session","2025-03-25","Senate Environment and Natural Resources",7,1,0,1,9,1,"S","Anchoring Limitation Areas","S0866",2025,"https://legiscan.com/FL/bill/S0866/2025",0.777777777777778,8,0.875,"N",1,0.5,NA,1,1
1526002,1988718,"2025-2025_Regular_Session","2025-03-25","Senate Commerce and Tourism",8,1,0,0,9,1,"S","Florida Kratom Consumer Protection Act","S1734",2025,"https://legiscan.com/FL/bill/S1734/2025",0.888888888888889,9,0.888888888888889,"N",1,0.666666666666667,0.666666666666667,1,0.888888888888889
1526013,1983822,"2025-2025_Regular_Session","2025-03-25","House Careers & Workforce Subcommittee",15,0,0,3,18,1,"H","Education","H1105",2025,"https://legiscan.com/FL/bill/H1105/2025",0.833333333333333,15,1,"N",1,1,1,1,1
1526030,1988768,"2025-2025_Regular_Session","2025-03-25","Senate Environment and Natural Resources",8,0,0,1,9,1,"S","Dry Sandy Beaches","S1792",2025,"https://legiscan.com/FL/bill/S1792/2025",0.888888888888889,8,1,"N",1,1,1,1,1
1526035,1974038,"2025-2025_Regular_Session","2025-03-25","Senate Commerce and Tourism",9,0,0,0,9,1,"S","Advertisements for Representation Services","S0846",2025,"https://legiscan.com/FL/bill/S0846/2025",1,9,1,"N",1,1,1,1,1
1526038,1987748,"2025-2025_Regular_Session","2025-03-25","House Economic Infrastructure Subcommittee",14,1,0,3,18,1,"H","Transportation","H1397",2025,"https://legiscan.com/FL/bill/H1397/2025",0.777777777777778,15,0.933333333333333,"N",1,0.5,NA,1,1
1526046,1973421,"2025-2025_Regular_Session","2025-03-25","Senate Commerce and Tourism",9,0,0,0,9,1,"S","Requirements for Battery Manufacturers","S0800",2025,"https://legiscan.com/FL/bill/S0800/2025",1,9,1,"N",1,1,1,1,1
1526069,1976189,"2025-2025_Regular_Session","2025-03-25","Senate Commerce and Tourism",5,4,0,0,9,1,"S","Employment of Minors","S0918",2025,"https://legiscan.com/FL/bill/S0918/2025",0.555555555555556,9,0.555555555555556,"N",0.833333333333333,0,1,0.833333333333333,0.888888888888889
1526075,1973264,"2025-2025_Regular_Session","2025-03-24","Senate Appropriations Committee on Transportation, Tourism, and Economic Development",14,0,0,1,15,1,"S","Stormwater Management Systems","S0810",2025,"https://legiscan.com/FL/bill/S0810/2025",0.933333333333333,14,1,"N",1,1,1,1,1
1526089,1977606,"2025-2025_Regular_Session","2025-03-25","House Agriculture & Natural Resources Budget Subcommittee",14,0,0,1,15,1,"H","Fish and Wildlife Conservation Commission Trust Funds","H0843",2025,"https://legiscan.com/FL/bill/H0843/2025",0.933333333333333,14,1,"N",1,1,1,1,1
1526120,1981199,"2025-2025_Regular_Session","2025-03-24","Senate Appropriations Committee on Pre-K - 12 Education",8,0,0,2,10,1,"S","Gulf of America","S1058",2025,"https://legiscan.com/FL/bill/S1058/2025",0.8,8,1,"N",1,1,1,1,1
1526127,1987565,"2025-2025_Regular_Session","2025-03-25","Senate Banking and Insurance",9,0,0,1,10,1,"S","Coverage for Mammograms and Supplemental Breast Cancer Screenings","S1578",2025,"https://legiscan.com/FL/bill/S1578/2025",0.9,9,1,"N",1,1,1,1,1
1526137,1985733,"2025-2025_Regular_Session","2025-03-24","Senate Appropriations Committee on Pre-K - 12 Education",7,1,0,2,10,1,"S","Public Records/School Security Guards","S1472",2025,"https://legiscan.com/FL/bill/S1472/2025",0.7,8,0.875,"N",0.833333333333333,1,1,0.833333333333333,0.875
1526143,1898338,"2025-2025_Regular_Session","2025-03-25","Senate Banking and Insurance",9,0,0,1,10,1,"S","Sales Tax Exemption of Bullion","S0134",2025,"https://legiscan.com/FL/bill/S0134/2025",0.9,9,1,"N",1,1,1,1,1
1526153,2010901,"2025-2025_Regular_Session","2025-03-25","House Economic Infrastructure Subcommittee",15,0,0,3,18,1,"H","OGSR/Public Safety Communication Systems","H7009",2025,"https://legiscan.com/FL/bill/H7009/2025",0.833333333333333,15,1,"N",1,1,1,1,1
1526157,1986891,"2025-2025_Regular_Session","2025-03-25","Senate Community Affairs",7,1,0,0,8,1,"S","Homestead Property Exemptions and Assessment Limitation","S1510",2025,"https://legiscan.com/FL/bill/S1510/2025",0.875,8,0.875,"N",1,0.666666666666667,0.666666666666667,1,0.875
1526161,1896852,"2025-2025_Regular_Session","2025-03-25","Senate Community Affairs",5,3,0,0,8,1,"S","Display of Flags by Governmental Entities","S0100",2025,"https://legiscan.com/FL/bill/S0100/2025",0.625,8,0.625,"N",1,0,1,1,1
1526165,1987250,"2025-2025_Regular_Session","2025-03-25","Senate Environment and Natural Resources",8,0,0,1,9,1,"S","Infrastructure and Resiliency","S1580",2025,"https://legiscan.com/FL/bill/S1580/2025",0.888888888888889,8,1,"N",1,1,1,1,1
1526176,1984212,"2025-2025_Regular_Session","2025-03-25","Senate Environment and Natural Resources",8,0,0,1,9,1,"S","Areas of Critical State Concern","S1326",2025,"https://legiscan.com/FL/bill/S1326/2025",0.888888888888889,8,1,"N",1,1,1,1,1
1526178,1965119,"2025-2025_Regular_Session","2025-03-25","House Careers & Workforce Subcommittee",12,4,0,2,18,1,"H","Minimum Wage Requirements","H0541",2025,"https://legiscan.com/FL/bill/H0541/2025",0.666666666666667,16,0.75,"N",1,0,1,1,1
1526183,1988817,"2025-2025_Regular_Session","2025-03-25","House Government Operations Subcommittee",16,0,0,2,18,1,"H","Entities that Boycott Israel","H1519",2025,"https://legiscan.com/FL/bill/H1519/2025",0.888888888888889,16,1,"N",1,1,1,1,1
1526204,1970027,"2025-2025_Regular_Session","2025-03-25","Senate Community Affairs",7,0,0,1,8,1,"S","Homestead Property Exemption for the Surviving Spouses of Certain Quadriplegics","S0748",2025,"https://legiscan.com/FL/bill/S0748/2025",0.875,7,1,"N",1,1,1,1,1
1526207,1942124,"2025-2025_Regular_Session","2025-03-25","House Government Operations Subcommittee",18,0,0,0,18,1,"H","Offenses Involving Motor Vehicles","H0253",2025,"https://legiscan.com/FL/bill/H0253/2025",1,18,1,"N",1,1,1,1,1
1526208,1983199,"2025-2025_Regular_Session","2025-03-25","Senate Governmental Oversight and Accountability",7,0,0,1,8,1,"S","Benefits for Firefighters Injured During Training Exercises","S1202",2025,"https://legiscan.com/FL/bill/S1202/2025",0.875,7,1,"N",1,1,1,1,1
1526227,1984274,"2025-2025_Regular_Session","2025-03-25","House Economic Infrastructure Subcommittee",15,0,0,3,18,1,"H","Sewer Collection Systems","H1123",2025,"https://legiscan.com/FL/bill/H1123/2025",0.833333333333333,15,1,"N",1,1,1,1,1
1526233,1982681,"2025-2025_Regular_Session","2025-03-25","Senate Criminal Justice",9,0,0,0,9,1,"S","Age as an Element of a Criminal Offense","S1136",2025,"https://legiscan.com/FL/bill/S1136/2025",1,9,1,"N",1,1,1,1,1
1526248,1987696,"2025-2025_Regular_Session","2025-03-25","Senate Children, Families, and Elder Affairs",5,0,0,2,7,1,"S","Mental Health and Substance Use Disorders","S1620",2025,"https://legiscan.com/FL/bill/S1620/2025",0.714285714285714,5,1,"N",1,1,1,1,1
1526259,1977329,"2025-2025_Regular_Session","2025-03-25","Senate Environment and Natural Resources",8,0,0,1,9,1,"S","Waste Facilities","S0946",2025,"https://legiscan.com/FL/bill/S0946/2025",0.888888888888889,8,1,"N",1,1,1,1,1
1526265,1969068,"2025-2025_Regular_Session","2025-03-25","Senate Criminal Justice",9,0,0,0,9,1,"S","False Reporting","S0726",2025,"https://legiscan.com/FL/bill/S0726/2025",1,9,1,"N",1,1,1,1,1
1526267,1987715,"2025-2025_Regular_Session","2025-03-25","House Government Operations Subcommittee",10,7,0,1,18,1,"H","Public Employees Relations Commisson","H1387",2025,"https://legiscan.com/FL/bill/H1387/2025",0.555555555555556,17,0.588235294117647,"N",0.769230769230769,0,1,0.769230769230769,0.823529411764706
1526288,1986371,"2025-2025_Regular_Session","2025-03-25","Senate Community Affairs",7,1,0,0,8,1,"S","Property Tax Exemption and Assessment Limitation on Long-term Leased Property","S1512",2025,"https://legiscan.com/FL/bill/S1512/2025",0.875,8,0.875,"N",1,0.666666666666667,0.666666666666667,1,0.875
1526298,1988863,"2025-2025_Regular_Session","2025-03-25","Senate Governmental Oversight and Accountability",7,0,0,1,8,1,"S","Public Officers and Employees","S1760",2025,"https://legiscan.com/FL/bill/S1760/2025",0.875,7,1,"N",1,1,1,1,1
1526301,1909031,"2025-2025_Regular_Session","2025-03-25","House PreK-12 Budget Subcommittee",15,0,0,0,15,1,"H","Exceptional Student Education","H0127",2025,"https://legiscan.com/FL/bill/H0127/2025",1,15,1,"N",1,1,1,1,1
1526302,1946184,"2025-2025_Regular_Session","2025-03-24","House Commerce Committee",25,0,0,1,26,1,"H","Elevator Accessibility Requirements","H0299",2025,"https://legiscan.com/FL/bill/H0299/2025",0.961538461538462,25,1,"N",1,1,1,1,1
1526308,1987803,"2025-2025_Regular_Session","2025-03-25","Senate Criminal Justice",5,2,0,2,9,1,"S","Corrections","S1604",2025,"https://legiscan.com/FL/bill/S1604/2025",0.555555555555556,7,0.714285714285714,"N",0.75,0.666666666666667,0.666666666666667,0.75,0.714285714285714
1526316,1946071,"2025-2025_Regular_Session","2025-03-25","House Government Operations Subcommittee",18,0,0,0,18,1,"H","Office of Faith and Community","H0293",2025,"https://legiscan.com/FL/bill/H0293/2025",1,18,1,"N",1,1,1,1,1
1526324,1986443,"2025-2025_Regular_Session","2025-03-25","Senate Education Pre-K - 12",9,0,0,0,9,1,"S","Anaphylaxis in Public and Charter Schools","S1514",2025,"https://legiscan.com/FL/bill/S1514/2025",1,9,1,"N",1,1,1,1,1
1526337,1982412,"2025-2025_Regular_Session","2025-03-25","Senate Agriculture",5,0,0,1,6,1,"S","Consumers' Right to Repair Certain Equipment","S1132",2025,"https://legiscan.com/FL/bill/S1132/2025",0.833333333333333,5,1,"N",1,1,1,1,1
1526344,1982957,"2025-2025_Regular_Session","2025-03-25","Senate Criminal Justice",9,0,0,0,9,1,"S","Sexual Images","S1180",2025,"https://legiscan.com/FL/bill/S1180/2025",1,9,1,"N",1,1,1,1,1
1526360,1967165,"2025-2025_Regular_Session","2025-03-25","Senate Community Affairs",8,0,0,0,8,1,"S","Bonuses for Employees of County Tax Collectors and Property Appraisers","S0674",2025,"https://legiscan.com/FL/bill/S0674/2025",1,8,1,"N",1,1,1,1,1
1526362,1948551,"2025-2025_Regular_Session","2025-03-25","House Economic Infrastructure Subcommittee",16,0,0,2,18,1,"H","Toll Exemptions for Purple Heart Medal Recipients","H0313",2025,"https://legiscan.com/FL/bill/H0313/2025",0.888888888888889,16,1,"N",1,1,1,1,1
1526366,1927298,"2025-2025_Regular_Session","2025-03-25","Senate Governmental Oversight and Accountability",6,0,0,2,8,1,"S","Florida Institute for Human and Machine Cognition, Inc.","S0312",2025,"https://legiscan.com/FL/bill/S0312/2025",0.75,6,1,"N",1,1,1,1,1
1526371,1967866,"2025-2025_Regular_Session","2025-03-25","Senate Governmental Oversight and Accountability",5,1,0,2,8,1,"S","Minimum Wage Requirements","S0676",2025,"https://legiscan.com/FL/bill/S0676/2025",0.625,6,0.833333333333333,"N",1,0,1,1,1
1526374,1988278,"2025-2025_Regular_Session","2025-03-25","House Human Services Subcommittee",17,0,0,1,18,1,"H","Mental Health and Substance Use Disorders","H1439",2025,"https://legiscan.com/FL/bill/H1439/2025",0.944444444444444,17,1,"N",1,1,1,1,1
1526375,1975187,"2025-2025_Regular_Session","2025-03-25","Senate Environment and Natural Resources",8,0,0,1,9,1,"S","Designation of the State Birds","S0880",2025,"https://legiscan.com/FL/bill/S0880/2025",0.888888888888889,8,1,"N",1,1,1,1,1
1526376,1953324,"2025-2025_Regular_Session","2025-03-25","Senate Criminal Justice",9,0,0,0,9,1,"S","Fleeing or Attempting to Elude a Law Enforcement Officer","S0468",2025,"https://legiscan.com/FL/bill/S0468/2025",1,9,1,"N",1,1,1,1,1
1526379,1886200,"2025-2025_Regular_Session","2025-03-25","Senate Community Affairs",8,0,0,0,8,1,"S","Relief of J.N., a Minor, by Hillsborough County","S0020",2025,"https://legiscan.com/FL/bill/S0020/2025",1,8,1,"N",1,1,1,1,1
1526405,1973193,"2025-2025_Regular_Session","2025-03-25","House Government Operations Subcommittee",18,0,0,0,18,1,"H","Greater Naples Fire Rescue District; Collier County","H4029",2025,"https://legiscan.com/FL/bill/H4029/2025",1,18,1,"N",1,1,1,1,1
1526409,1985410,"2025-2025_Regular_Session","2025-03-25","Senate Criminal Justice",9,0,0,0,9,1,"S","Assault or Battery on a Utility Worker","S1386",2025,"https://legiscan.com/FL/bill/S1386/2025",1,9,1,"N",1,1,1,1,1
1526421,1886148,"2025-2025_Regular_Session","2025-03-25","Senate Judiciary",10,1,0,0,11,1,"S","Relief of Patricia Ermini by the Lee County Sheriff's Office","S0004",2025,"https://legiscan.com/FL/bill/S0004/2025",0.909090909090909,11,0.909090909090909,"N",0.875,1,1,0.875,0.909090909090909
1526426,1943724,"2025-2025_Regular_Session","2025-03-25","Senate Judiciary",11,0,0,0,11,1,"S","Rent of Affordable Housing Dwelling Units","S0382",2025,"https://legiscan.com/FL/bill/S0382/2025",1,11,1,"N",1,1,1,1,1
1526429,1985481,"2025-2025_Regular_Session","2025-03-25","Senate Criminal Justice",9,0,0,0,9,1,"S","Juvenile Justice","S1344",2025,"https://legiscan.com/FL/bill/S1344/2025",1,9,1,"N",1,1,1,1,1
1526438,1988775,"2025-2025_Regular_Session","2025-03-25","Senate Regulated Industries",8,0,0,1,9,1,"S","Condominium and Cooperative Associations","S1742",2025,"https://legiscan.com/FL/bill/S1742/2025",0.888888888888889,8,1,"N",1,1,1,1,1
1526458,1964855,"2025-2025_Regular_Session","2025-03-25","Senate Regulated Industries",8,0,0,1,9,1,"S","Jai Alai Permitholders","S0622",2025,"https://legiscan.com/FL/bill/S0622/2025",0.888888888888889,8,1,"N",1,1,1,1,1
1526463,1984155,"2025-2025_Regular_Session","2025-03-25","Senate Education Pre-K - 12",5,4,0,0,9,1,"S","Parental Rights","S1288",2025,"https://legiscan.com/FL/bill/S1288/2025",0.555555555555556,9,0.555555555555556,"N",0.833333333333333,0,1,0.833333333333333,0.888888888888889
1526469,1984138,"2025-2025_Regular_Session","2025-03-25","Senate Environment and Natural Resources",7,0,0,2,9,1,"S","Permits for Drilling, Exploration, and Extraction of Oil and Gas Resources","S1300",2025,"https://legiscan.com/FL/bill/S1300/2025",0.777777777777778,7,1,"N",1,1,1,1,1
1526481,1988213,"2025-2025_Regular_Session","2025-03-25","Senate Criminal Justice",9,0,0,0,9,1,"S","Prostitution and Related Acts","S1660",2025,"https://legiscan.com/FL/bill/S1660/2025",1,9,1,"N",1,1,1,1,1
1526492,1956161,"2025-2025_Regular_Session","2025-03-25","Senate Criminal Justice",9,0,0,0,9,1,"S","Aggravated Animal Cruelty","S0494",2025,"https://legiscan.com/FL/bill/S0494/2025",1,9,1,"N",1,1,1,1,1
1526495,1973795,"2025-2025_Regular_Session","2025-03-25","Senate Criminal Justice",3,4,0,2,9,0,"S","Weapons or Firearms at School-sponsored Events or on School Property","S0814",2025,"https://legiscan.com/FL/bill/S0814/2025",0.333333333333333,7,0.428571428571429,"N",0.75,0,1,0.75,0.857142857142857
1526497,1973172,"2025-2025_Regular_Session","2025-03-25","Senate Banking and Insurance",9,0,0,1,10,1,"S","Mandatory Human Reviews of Insurance Claim Denials","S0794",2025,"https://legiscan.com/FL/bill/S0794/2025",0.9,9,1,"N",1,1,1,1,1
1526505,1989117,"2025-2025_Regular_Session","2025-03-25","Senate Criminal Justice",8,1,0,0,9,1,"S","Trespass","S1828",2025,"https://legiscan.com/FL/bill/S1828/2025",0.888888888888889,9,0.888888888888889,"N",1,0.666666666666667,0.666666666666667,1,0.888888888888889
1526509,1886332,"2025-2025_Regular_Session","2025-03-25","Senate Judiciary",10,1,0,0,11,1,"S","Relief of Jose Correa by Miami-Dade County","S0006",2025,"https://legiscan.com/FL/bill/S0006/2025",0.909090909090909,11,0.909090909090909,"N",0.875,1,1,0.875,0.909090909090909
1526513,1982852,"2025-2025_Regular_Session","2025-03-25","House Government Operations Subcommittee",16,0,0,2,18,1,"H","Florida State University College of Law Election Law Center","H1055",2025,"https://legiscan.com/FL/bill/H1055/2025",0.888888888888889,16,1,"N",1,1,1,1,1
1526551,1963657,"2025-2025_Regular_Session","2025-03-25","Senate Governmental Oversight and Accountability",6,0,0,2,8,1,"S","Unlawful Demolition of Historical Buildings and Structures","S0582",2025,"https://legiscan.com/FL/bill/S0582/2025",0.75,6,1,"N",1,1,1,1,1
1526559,1957189,"2025-2025_Regular_Session","2025-03-25","Senate Criminal Justice",9,0,0,0,9,1,"S","Spectrum Alert","S0500",2025,"https://legiscan.com/FL/bill/S0500/2025",1,9,1,"N",1,1,1,1,1
1526561,1983210,"2025-2025_Regular_Session","2025-03-24","Senate Appropriations Committee on Higher Education",8,0,0,0,8,1,"S","Insurance Research","S0114",2025,"https://legiscan.com/FL/bill/S0114/2025",1,8,1,"N",1,1,1,1,1
1526565,1886121,"2025-2025_Regular_Session","2025-03-25","Senate Judiciary",10,0,0,1,11,1,"S","Relief of Mande Penney-Lemmon by Sarasota County","S0024",2025,"https://legiscan.com/FL/bill/S0024/2025",0.909090909090909,10,1,"N",1,1,1,1,1
1526572,1964918,"2025-2025_Regular_Session","2025-03-25","Senate Criminal Justice",9,0,0,0,9,1,"S","Unlawful Distribution of Controlled Substances Resulting in Death","S0612",2025,"https://legiscan.com/FL/bill/S0612/2025",1,9,1,"N",1,1,1,1,1
1526591,1886227,"2025-2025_Regular_Session","2025-03-25","Senate Community Affairs",8,0,0,0,8,1,"S","Relief of the Estate of Peniel Janvier by the City of Miami Beach","S0014",2025,"https://legiscan.com/FL/bill/S0014/2025",1,8,1,"N",1,1,1,1,1
1526608,1885934,"2025-2025_Regular_Session","2025-03-25","Senate Judiciary",10,0,0,1,11,1,"S","Relief of Darline Angervil and J.R. by the South Broward Hospital District","S0028",2025,"https://legiscan.com/FL/bill/S0028/2025",0.909090909090909,10,1,"N",1,1,1,1,1
1526610,1987641,"2025-2025_Regular_Session","2025-03-25","Senate Judiciary",9,2,0,0,11,1,"S","Beaches","S1622",2025,"https://legiscan.com/FL/bill/S1622/2025",0.818181818181818,11,0.818181818181818,"N",0.75,1,1,0.75,0.818181818181818
1526618,1963907,"2025-2025_Regular_Session","2025-03-25","House Human Services Subcommittee",17,0,0,1,18,1,"H","Specific Medical Diagnoses in Child Protective Investigations","H0511",2025,"https://legiscan.com/FL/bill/H0511/2025",0.944444444444444,17,1,"N",1,1,1,1,1
1526619,1979058,"2025-2025_Regular_Session","2025-03-25","Senate Criminal Justice",9,0,0,0,9,1,"S","Parole","S0964",2025,"https://legiscan.com/FL/bill/S0964/2025",1,9,1,"N",1,1,1,1,1
1526622,1964335,"2025-2025_Regular_Session","2025-03-25","Senate Regulated Industries",8,0,0,1,9,1,"S","My Safe Florida Condominium Pilot Program","S0592",2025,"https://legiscan.com/FL/bill/S0592/2025",0.888888888888889,8,1,"N",1,1,1,1,1
1526626,1958771,"2025-2025_Regular_Session","2025-03-25","Senate Transportation",8,0,0,1,9,1,"S","Toll Payments","S0532",2025,"https://legiscan.com/FL/bill/S0532/2025",0.888888888888889,8,1,"N",1,1,1,1,1
1526649,1927986,"2025-2025_Regular_Session","2025-03-25","Senate Judiciary",11,0,0,0,11,1,"S","Specific Medical Diagnoses in Child Protective Investigations","S0304",2025,"https://legiscan.com/FL/bill/S0304/2025",1,11,1,"N",1,1,1,1,1
1526657,1984396,"2025-2025_Regular_Session","2025-03-25","House Natural Resources & Disasters Subcommittee",16,0,0,2,18,1,"H","Permits for Drilling, Exploration, and Extraction of Oil and Gas Resources","H1143",2025,"https://legiscan.com/FL/bill/H1143/2025",0.888888888888889,16,1,"N",1,1,1,1,1
1526662,1975721,"2025-2025_Regular_Session","2025-03-25","Senate Banking and Insurance",9,0,0,1,10,1,"S","Consumer Transparency for Homeowners' Insurance","S0888",2025,"https://legiscan.com/FL/bill/S0888/2025",0.9,9,1,"N",1,1,1,1,1
1526664,1952247,"2025-2025_Regular_Session","2025-03-25","House Government Operations Subcommittee",15,1,0,2,18,1,"H","Dangerous Excessive Speeding","H0351",2025,"https://legiscan.com/FL/bill/H0351/2025",0.833333333333333,16,0.9375,"N",1,0.75,0.75,1,0.9375
1526666,1973861,"2025-2025_Regular_Session","2025-03-25","Senate Regulated Industries",8,0,0,1,9,1,"S","Utility Relocation","S0818",2025,"https://legiscan.com/FL/bill/S0818/2025",0.888888888888889,8,1,"N",1,1,1,1,1
1526668,1985637,"2025-2025_Regular_Session","2025-03-24","Senate Appropriations Committee on Pre-K - 12 Education",8,0,0,2,10,1,"S","School Safety","S1470",2025,"https://legiscan.com/FL/bill/S1470/2025",0.8,8,1,"N",1,1,1,1,1
1526673,1988101,"2025-2025_Regular_Session","2025-03-25","Senate Transportation",8,0,0,1,9,1,"S","Prearranged Transportation Services","S1696",2025,"https://legiscan.com/FL/bill/S1696/2025",0.888888888888889,8,1,"N",1,1,1,1,1
1526696,1982673,"2025-2025_Regular_Session","2025-03-25","House Human Services Subcommittee",17,0,0,1,18,1,"H","Crisis Care Coordination","H1013",2025,"https://legiscan.com/FL/bill/H1013/2025",0.944444444444444,17,1,"N",1,1,1,1,1
1526735,1985598,"2025-2025_Regular_Session","2025-03-25","Senate Judiciary",11,0,0,0,11,1,"S","Postjudgment Execution Proceedings Relating to Terrorism","S1430",2025,"https://legiscan.com/FL/bill/S1430/2025",1,11,1,"N",1,1,1,1,1
1526743,1974884,"2025-2025_Regular_Session","2025-03-25","House Government Operations Subcommittee",14,4,0,0,18,1,"H","Standardized Tests for Admission to Medical Institutions of Higher Education","H0731",2025,"https://legiscan.com/FL/bill/H0731/2025",0.777777777777778,18,0.777777777777778,"N",0.923076923076923,0.4,0.6,0.923076923076923,0.833333333333333
1526762,1988316,"2025-2025_Regular_Session","2025-03-25","Senate Regulated Industries",8,0,0,1,9,1,"S","First Responders","S1682",2025,"https://legiscan.com/FL/bill/S1682/2025",0.888888888888889,8,1,"N",1,1,1,1,1
1526768,1979491,"2025-2025_Regular_Session","2025-03-25","House Student Academic Success Subcommittee",15,0,0,3,18,1,"H","School Readiness Program","H0877",2025,"https://legiscan.com/FL/bill/H0877/2025",0.833333333333333,15,1,"N",1,1,1,1,1
1526769,1987348,"2025-2025_Regular_Session","2025-03-25","House PreK-12 Budget Subcommittee",13,0,0,2,15,1,"H","School Attendance","H1367",2025,"https://legiscan.com/FL/bill/H1367/2025",0.866666666666667,13,1,"N",1,1,1,1,1
1526773,1983681,"2025-2025_Regular_Session","2025-03-25","House PreK-12 Budget Subcommittee",15,0,0,0,15,1,"H","Certificates of Completion","H1111",2025,"https://legiscan.com/FL/bill/H1111/2025",1,15,1,"N",1,1,1,1,1
1526780,1951551,"2025-2025_Regular_Session","2025-03-25","House Student Academic Success Subcommittee",16,0,0,2,18,1,"H","Student Elopement","H0345",2025,"https://legiscan.com/FL/bill/H0345/2025",0.888888888888889,16,1,"N",1,1,1,1,1
1526782,1984523,"2025-2025_Regular_Session","2025-03-25","Senate Children, Families, and Elder Affairs",5,0,0,2,7,1,"S","Behavioral Health Managing Entities","S1354",2025,"https://legiscan.com/FL/bill/S1354/2025",0.714285714285714,5,1,"N",1,1,1,1,1
1526793,1983528,"2025-2025_Regular_Session","2025-03-25","Senate Transportation",8,0,0,1,9,1,"S","Traffic Infractions Resulting in a Crash with Another Vehicle","S1210",2025,"https://legiscan.com/FL/bill/S1210/2025",0.888888888888889,8,1,"N",1,1,1,1,1
1526796,1974117,"2025-2025_Regular_Session","2025-03-25","Senate Commerce and Tourism",9,0,0,0,9,1,"S","Consumer Protection","S0854",2025,"https://legiscan.com/FL/bill/S0854/2025",1,9,1,"N",1,1,1,1,1
1526798,1988684,"2025-2025_Regular_Session","2025-03-25","Senate Governmental Oversight and Accountability",5,2,0,1,8,1,"S","Gender Identity Employment Practices","S0440",2025,"https://legiscan.com/FL/bill/S0440/2025",0.625,7,0.714285714285714,"N",1,0,1,1,1
1526801,1982584,"2025-2025_Regular_Session","2025-03-25","Senate Judiciary",11,0,0,0,11,1,"S","Release of Conservation Easements","S1142",2025,"https://legiscan.com/FL/bill/S1142/2025",1,11,1,"N",1,1,1,1,1
1526811,1984167,"2025-2025_Regular_Session","2025-03-25","House Natural Resources & Disasters Subcommittee",16,0,0,2,18,1,"H","Fish and Wildlife Conservation Commission","H1133",2025,"https://legiscan.com/FL/bill/H1133/2025",0.888888888888889,16,1,"N",1,1,1,1,1
1526823,1893312,"2025-2025_Regular_Session","2025-03-25","Senate Judiciary",11,0,0,0,11,1,"S","Use of Campaign Funds for Child Care Expenses","S0072",2025,"https://legiscan.com/FL/bill/S0072/2025",1,11,1,"N",1,1,1,1,1
1526830,1942335,"2025-2025_Regular_Session","2025-03-25","House Student Academic Success Subcommittee",15,0,0,3,18,1,"H","Exceptional Students and Video Cameras in Public Schools","H0257",2025,"https://legiscan.com/FL/bill/H0257/2025",0.833333333333333,15,1,"N",1,1,1,1,1
1526844,1986439,"2025-2025_Regular_Session","2025-03-25","House Natural Resources & Disasters Subcommittee",16,0,0,2,18,1,"H","Disposition of Migrant Vessels","H1285",2025,"https://legiscan.com/FL/bill/H1285/2025",0.888888888888889,16,1,"N",1,1,1,1,1
1526854,1984295,"2025-2025_Regular_Session","2025-03-25","House Natural Resources & Disasters Subcommittee",15,1,0,2,18,1,"H","Vessel Accountability","H1149",2025,"https://legiscan.com/FL/bill/H1149/2025",0.833333333333333,16,0.9375,"N",1,0.8,0.8,1,0.9375
1526855,1886175,"2025-2025_Regular_Session","2025-03-25","Senate Judiciary",10,0,0,1,11,1,"S","Relief of the Estate of M.N. by the Broward County Sheriff's Office","S0030",2025,"https://legiscan.com/FL/bill/S0030/2025",0.909090909090909,10,1,"N",1,1,1,1,1
1526857,1976850,"2025-2025_Regular_Session","2025-03-25","House Natural Resources & Disasters Subcommittee",13,3,0,2,18,1,"H","Anchoring and Mooring at Seaports","H0795",2025,"https://legiscan.com/FL/bill/H0795/2025",0.722222222222222,16,0.8125,"N",1,0.4,0.6,1,0.875
1526859,1896450,"2025-2025_Regular_Session","2025-03-25","Senate Judiciary",10,1,0,0,11,1,"S","Relief of Jacob Rodgers by the City of Gainesville","S0096",2025,"https://legiscan.com/FL/bill/S0096/2025",0.909090909090909,11,0.909090909090909,"N",0.875,1,1,0.875,0.909090909090909
1526861,1988328,"2025-2025_Regular_Session","2025-03-25","House Government Operations Subcommittee",17,0,0,1,18,1,"H","Leon County","H4073",2025,"https://legiscan.com/FL/bill/H4073/2025",0.944444444444444,17,1,"N",1,1,1,1,1
1526865,1984979,"2025-2025_Regular_Session","2025-03-25","Senate Regulated Industries",8,0,0,1,9,1,"S","Gambling","S1404",2025,"https://legiscan.com/FL/bill/S1404/2025",0.888888888888889,8,1,"N",1,1,1,1,1
1527026,1984946,"2025-2025_Regular_Session","2025-03-25","Senate Environment and Natural Resources",8,0,0,1,9,1,"S","Vessels","S1388",2025,"https://legiscan.com/FL/bill/S1388/2025",0.888888888888889,8,1,"N",1,1,1,1,1
1527037,1988908,"2025-2025_Regular_Session","2025-03-25","Senate Environment and Natural Resources",8,0,0,1,9,1,"S","Sewer Collection Systems","S1784",2025,"https://legiscan.com/FL/bill/S1784/2025",0.888888888888889,8,1,"N",1,1,1,1,1
1527079,1982781,"2025-2025_Regular_Session","2025-03-25","Senate Regulated Industries",8,0,0,1,9,1,"S","Spring Restoration","S1228",2025,"https://legiscan.com/FL/bill/S1228/2025",0.888888888888889,8,1,"N",1,1,1,1,1
1527095,1988622,"2025-2025_Regular_Session","2025-03-25","Senate Transportation",8,0,0,1,9,1,"S","Transportation Concurrency","S1738",2025,"https://legiscan.com/FL/bill/S1738/2025",0.888888888888889,8,1,"N",1,1,1,1,1
1527126,1966032,"2025-2025_Regular_Session","2025-03-25","Senate Judiciary",10,0,0,1,11,1,"S","Waiver or Release of Liens","S0658",2025,"https://legiscan.com/FL/bill/S0658/2025",0.909090909090909,10,1,"N",1,1,1,1,1
1527136,1958981,"2025-2025_Regular_Session","2025-03-25","House Student Academic Success Subcommittee",17,0,0,1,18,1,"H","Disability History and Awareness Instruction","H0447",2025,"https://legiscan.com/FL/bill/H0447/2025",0.944444444444444,17,1,"N",1,1,1,1,1
1527139,1979819,"2025-2025_Regular_Session","2025-03-25","House Government Operations Subcommittee",18,0,0,0,18,1,"H","Driver License Education Requirements","H0889",2025,"https://legiscan.com/FL/bill/H0889/2025",1,18,1,"N",1,1,1,1,1
1527213,1983670,"2025-2025_Regular_Session","2025-03-25","Senate Transportation",8,0,0,1,9,1,"S","Specialty License Plates/Save Coastal Wildlife","S1246",2025,"https://legiscan.com/FL/bill/S1246/2025",0.888888888888889,8,1,"N",1,1,1,1,1
1527215,1966426,"2025-2025_Regular_Session","2025-03-25","Senate Health Policy",10,0,0,0,10,1,"S","Health Care Billing and Collection Activities","S0656",2025,"https://legiscan.com/FL/bill/S0656/2025",1,10,1,"N",1,1,1,1,1
1527221,1987578,"2025-2025_Regular_Session","2025-03-25","Senate Health Policy",7,3,0,0,10,1,"S","Electronic Prescribing","S1568",2025,"https://legiscan.com/FL/bill/S1568/2025",0.7,10,0.7,"N",0.857142857142857,0.333333333333333,0.666666666666667,0.857142857142857,0.8
1527245,1988251,"2025-2025_Regular_Session","2025-03-25","Senate Transportation",7,0,0,2,9,1,"S","Transportation","S1662",2025,"https://legiscan.com/FL/bill/S1662/2025",0.777777777777778,7,1,"N",1,1,1,1,1
1527246,1977478,"2025-2025_Regular_Session","2025-03-25","Senate Regulated Industries",8,0,0,1,9,1,"S","Flood Disclosures","S0948",2025,"https://legiscan.com/FL/bill/S0948/2025",0.888888888888889,8,1,"N",1,1,1,1,1
1527273,1956326,"2025-2025_Regular_Session","2025-03-25","House Housing, Agriculture & Tourism Subcommittee",16,0,0,2,18,1,"H","Affordable Property Ad Valorem Tax Exemption on Leased Land","H0411",2025,"https://legiscan.com/FL/bill/H0411/2025",0.888888888888889,16,1,"N",1,1,1,1,1
1527296,1959191,"2025-2025_Regular_Session","2025-03-25","Senate Health Policy",10,0,0,0,10,1,"S","Newborn Screenings","S0524",2025,"https://legiscan.com/FL/bill/S0524/2025",1,10,1,"N",1,1,1,1,1
1527304,1988803,"2025-2025_Regular_Session","2025-03-26","House Health Care Budget Subcommittee",12,0,0,3,15,1,"H","Home Health Aide for Medically Fragile Children Program","H1529",2025,"https://legiscan.com/FL/bill/H1529/2025",0.8,12,1,"N",1,1,1,1,1
1527307,1974742,"2025-2025_Regular_Session","2025-03-26","House Industries & Professional Activities Subcommittee",12,0,0,6,18,1,"H","Jai Alai Permitholders","H0709",2025,"https://legiscan.com/FL/bill/H0709/2025",0.666666666666667,12,1,"N",1,1,1,1,1
1527317,1989175,"2025-2025_Regular_Session","2025-03-25","Senate Transportation",8,0,0,1,9,1,"S","Motor Vehicle Manufacturers and Franchised Motor Vehicle Dealers","S1820",2025,"https://legiscan.com/FL/bill/S1820/2025",0.888888888888889,8,1,"N",1,1,1,1,1
1527319,2011825,"2025-2025_Regular_Session","2025-03-25","Senate Health Policy",10,0,0,0,10,1,"S","Cancer","S7028",2025,"https://legiscan.com/FL/bill/S7028/2025",1,10,1,"N",1,1,1,1,1
1527324,1894688,"2025-2025_Regular_Session","2025-03-26","Senate Rules",24,0,0,1,25,1,"S","Peer Support for First Responders","S0086",2025,"https://legiscan.com/FL/bill/S0086/2025",0.96,24,1,"N",1,1,1,1,1
1527325,1981399,"2025-2025_Regular_Session","2025-03-25","House Housing, Agriculture & Tourism Subcommittee",14,1,0,3,18,1,"H","Real Property and Land Use and Development","H0943",2025,"https://legiscan.com/FL/bill/H0943/2025",0.777777777777778,15,0.933333333333333,"N",1,0.8,0.8,1,0.933333333333333
1527336,1990952,"2025-2025_Regular_Session","2025-03-25","Senate Health Policy",8,2,0,0,10,1,"S","Health Care Provider Referrals","S1842",2025,"https://legiscan.com/FL/bill/S1842/2025",0.8,10,0.8,"N",0.857142857142857,0.666666666666667,0.666666666666667,0.857142857142857,0.8
1527340,1954083,"2025-2025_Regular_Session","2025-03-25","House Housing, Agriculture & Tourism Subcommittee",16,0,0,2,18,1,"H","My Safe Florida Condominium Pilot Program","H0393",2025,"https://legiscan.com/FL/bill/H0393/2025",0.888888888888889,16,1,"N",1,1,1,1,1
1527342,1983510,"2025-2025_Regular_Session","2025-03-25","Senate Health Policy",10,0,0,0,10,1,"S","Administration of Controlled Substances","S1224",2025,"https://legiscan.com/FL/bill/S1224/2025",1,10,1,"N",1,1,1,1,1
1527347,1896448,"2025-2025_Regular_Session","2025-03-26","House Health Care Budget Subcommittee",12,0,0,3,15,1,"H","Child Care and Early Learning Providers","H0047",2025,"https://legiscan.com/FL/bill/H0047/2025",0.8,12,1,"N",1,1,1,1,1
1527353,1893073,"2025-2025_Regular_Session","2025-03-25","Senate Health Policy",10,0,0,0,10,1,"S","Health Facilities","S0068",2025,"https://legiscan.com/FL/bill/S0068/2025",1,10,1,"N",1,1,1,1,1
1527356,1972871,"2025-2025_Regular_Session","2025-03-25","Senate Military and Veterans Affairs, Space, and Domestic Security",6,0,0,0,6,1,"S","Veterans' Nursing Homes","S0788",2025,"https://legiscan.com/FL/bill/S0788/2025",1,6,1,"N",1,1,1,1,1
1527360,1973519,"2025-2025_Regular_Session","2025-03-25","House Housing, Agriculture & Tourism Subcommittee",16,0,0,2,18,1,"H","Local Housing Assistance Plans","H0701",2025,"https://legiscan.com/FL/bill/H0701/2025",0.888888888888889,16,1,"N",1,1,1,1,1
1527362,1988205,"2025-2025_Regular_Session","2025-03-26","House Criminal Justice Subcommittee",17,0,0,1,18,1,"H","Leon County","H4075",2025,"https://legiscan.com/FL/bill/H4075/2025",0.944444444444444,17,1,"N",1,1,1,1,1
1527368,1989181,"2025-2025_Regular_Session","2025-03-26","House Health Care Budget Subcommittee",12,0,0,3,15,1,"H","Uterine Fibroid Research Database","H1553",2025,"https://legiscan.com/FL/bill/H1553/2025",0.8,12,1,"N",1,1,1,1,1
1527369,1956354,"2025-2025_Regular_Session","2025-03-26","House Judiciary Committee",19,0,0,3,22,1,"H","Limited Liability Companies","H0403",2025,"https://legiscan.com/FL/bill/H0403/2025",0.863636363636364,19,1,"N",1,1,1,1,1
1527370,1985332,"2025-2025_Regular_Session","2025-03-25","Senate Health Policy",10,0,0,0,10,1,"S","Fentanyl Testing","S1346",2025,"https://legiscan.com/FL/bill/S1346/2025",1,10,1,"N",1,1,1,1,1
1527375,1988079,"2025-2025_Regular_Session","2025-03-25","Senate Health Policy",6,1,0,3,10,1,"S","Surrendered Infants","S1690",2025,"https://legiscan.com/FL/bill/S1690/2025",0.6,7,0.857142857142857,"N",1,0,1,1,1
1527378,1981960,"2025-2025_Regular_Session","2025-03-25","Senate Health Policy",7,3,0,0,10,1,"S","Health Care Practitioner Specialty Titles and Designations","S0172",2025,"https://legiscan.com/FL/bill/S0172/2025",0.7,10,0.7,"N",1,0,1,1,1
1527394,1984993,"2025-2025_Regular_Session","2025-03-26","Senate Appropriations Committee on Transportation, Tourism, and Economic Development",14,0,0,1,15,1,"S","Transportation Facility Designations","S1408",2025,"https://legiscan.com/FL/bill/S1408/2025",0.933333333333333,14,1,"N",1,1,1,1,1
1527400,1971548,"2025-2025_Regular_Session","2025-03-26","House Criminal Justice Subcommittee",14,4,0,0,18,1,"H","Department of Agriculture and Consumer Services","H0651",2025,"https://legiscan.com/FL/bill/H0651/2025",0.777777777777778,18,0.777777777777778,"N",1,0.2,0.8,1,0.944444444444444
1527402,1977285,"2025-2025_Regular_Session","2025-03-26","Senate Rules",24,0,0,1,25,1,"S","Insurance Overpayment Claims Submitted to Psychologists","S0944",2025,"https://legiscan.com/FL/bill/S0944/2025",0.96,24,1,"N",1,1,1,1,1
1527407,1974993,"2025-2025_Regular_Session","2025-03-26","Senate Rules",23,1,0,1,25,1,"S","Probation for Misdemeanor Offenses","S0878",2025,"https://legiscan.com/FL/bill/S0878/2025",0.92,24,0.958333333333333,"N",1,0.833333333333333,0.833333333333333,1,0.958333333333333
1527411,1964073,"2025-2025_Regular_Session","2025-03-25","Senate Transportation",8,0,0,1,9,1,"S","Toll Exemptions for Purple Heart Medal Recipients","S0574",2025,"https://legiscan.com/FL/bill/S0574/2025",0.888888888888889,8,1,"N",1,1,1,1,1
1527412,1946009,"2025-2025_Regular_Session","2025-03-26","House: Third Reading RCS#20",112,0,7,0,119,1,"H","Boating Safety","H0289",2025,"https://legiscan.com/FL/bill/H0289/2025",0.941176470588235,112,1,"Y",1,1,1,1,1
1527421,1946297,"2025-2025_Regular_Session","2025-03-26","House Industries & Professional Activities Subcommittee",12,0,0,6,18,1,"H","Personal Mobility Device Battery Safety Standards","H0291",2025,"https://legiscan.com/FL/bill/H0291/2025",0.666666666666667,12,1,"N",1,1,1,1,1
1527422,1985490,"2025-2025_Regular_Session","2025-03-26","Senate Appropriations Committee on Health and Human Services",10,0,0,0,10,1,"S","Florida Institute for Pediatric Rare Diseases","S1356",2025,"https://legiscan.com/FL/bill/S1356/2025",1,10,1,"N",1,1,1,1,1
1527438,1942386,"2025-2025_Regular_Session","2025-03-26","House Education & Employment Committee",18,0,0,4,22,1,"H","Middle School and High School Start Times","H0261",2025,"https://legiscan.com/FL/bill/H0261/2025",0.818181818181818,18,1,"N",1,1,1,1,1
1527441,1970265,"2025-2025_Regular_Session","2025-03-26","House Judiciary Committee",18,3,0,1,22,1,"H","Electronic Delivery of Notices Between Landlords and Tenants","H0615",2025,"https://legiscan.com/FL/bill/H0615/2025",0.818181818181818,21,0.857142857142857,"N",1,0.5,NA,1,1
1527453,1948923,"2025-2025_Regular_Session","2025-03-26","House Criminal Justice Subcommittee",18,0,0,0,18,1,"H","Complaints Against Law Enforcement and Correctional Officers","H0317",2025,"https://legiscan.com/FL/bill/H0317/2025",1,18,1,"N",1,1,1,1,1
1527455,1982828,"2025-2025_Regular_Session","2025-03-26","House Judiciary Committee",22,0,0,0,22,1,"H","Arrest and Detention of Individuals with Significant Medical Conditions","H1099",2025,"https://legiscan.com/FL/bill/H1099/2025",1,22,1,"N",1,1,1,1,1
1527459,1961673,"2025-2025_Regular_Session","2025-03-26","House: Third Reading RCS#24",104,6,9,0,119,1,"H","Recovery of Damages for Medical Negligence Resulting in Death","H6017",2025,"https://legiscan.com/FL/bill/H6017/2025",0.873949579831933,110,0.945454545454545,"Y",0.925925925925926,1,1,0.925925925925926,0.945454545454545
1527477,1963853,"2025-2025_Regular_Session","2025-03-26","House Industries & Professional Activities Subcommittee",13,2,0,3,18,1,"H","Malt Beverages","H0499",2025,"https://legiscan.com/FL/bill/H0499/2025",0.722222222222222,15,0.866666666666667,"N",0.909090909090909,0.75,0.75,0.909090909090909,0.866666666666667
1527479,1987239,"2025-2025_Regular_Session","2025-03-26","House Industries & Professional Activities Subcommittee",8,4,0,6,18,0,"H","Labor Pool Act","H6033",2025,"https://legiscan.com/FL/bill/H6033/2025",0.444444444444444,12,0.666666666666667,"N",1,0,1,1,1
1527499,1987236,"2025-2025_Regular_Session","2025-03-26","House Criminal Justice Subcommittee",18,0,0,0,18,1,"H","Law Enforcement Officers and Other Personnel","H1371",2025,"https://legiscan.com/FL/bill/H1371/2025",1,18,1,"N",1,1,1,1,1
1527500,1954507,"2025-2025_Regular_Session","2025-03-26","House Judiciary Committee",22,0,0,0,22,1,"H","Trusts","H0385",2025,"https://legiscan.com/FL/bill/H0385/2025",1,22,1,"N",1,1,1,1,1
1527512,1894920,"2025-2025_Regular_Session","2025-03-26","House: Third Reading RCS#22",112,0,7,0,119,1,"H","Municipal Water and Sewer Utility Rates","H0011",2025,"https://legiscan.com/FL/bill/H0011/2025",0.941176470588235,112,1,"Y",1,1,1,1,1
1527514,1984383,"2025-2025_Regular_Session","2025-03-26","House Education & Employment Committee",18,0,0,4,22,1,"H","Workforce Education","H1145",2025,"https://legiscan.com/FL/bill/H1145/2025",0.818181818181818,18,1,"N",1,1,1,1,1
1527551,1974652,"2025-2025_Regular_Session","2025-03-26","House Criminal Justice Subcommittee",15,0,0,3,18,1,"H","Social Media Use by Minors","H0743",2025,"https://legiscan.com/FL/bill/H0743/2025",0.833333333333333,15,1,"N",1,1,1,1,1
1527554,1976248,"2025-2025_Regular_Session","2025-03-26","House Judiciary Committee",22,0,0,0,22,1,"H","Offenses Involving Children","H0777",2025,"https://legiscan.com/FL/bill/H0777/2025",1,22,1,"N",1,1,1,1,1
1527556,1954289,"2025-2025_Regular_Session","2025-03-26","Senate Rules",22,2,0,1,25,1,"S","Nonprofit Agricultural Organization Medical Benefit Plans","S0480",2025,"https://legiscan.com/FL/bill/S0480/2025",0.88,24,0.916666666666667,"N",1,0.666666666666667,0.666666666666667,1,0.916666666666667
1527557,1943801,"2025-2025_Regular_Session","2025-03-26","House Industries & Professional Activities Subcommittee",12,0,0,6,18,1,"H","Veterans' Benefits Assistance","H0277",2025,"https://legiscan.com/FL/bill/H0277/2025",0.666666666666667,12,1,"N",1,1,1,1,1
1527569,1943534,"2025-2025_Regular_Session","2025-03-26","Senate Rules",24,0,0,1,25,1,"S","Annexing State-owned Lands","S0384",2025,"https://legiscan.com/FL/bill/S0384/2025",0.96,24,1,"N",1,1,1,1,1
1527578,1980709,"2025-2025_Regular_Session","2025-03-26","House Intergovernmental Affairs Subcommittee",14,0,0,5,19,1,"H","Collier County","H4041",2025,"https://legiscan.com/FL/bill/H4041/2025",0.736842105263158,14,1,"N",1,1,1,1,1
1527584,1984348,"2025-2025_Regular_Session","2025-03-26","Senate Appropriations Committee on Transportation, Tourism, and Economic Development",15,0,0,0,15,1,"S","Traffic Offenses","S1318",2025,"https://legiscan.com/FL/bill/S1318/2025",1,15,1,"N",1,1,1,1,1
1527628,1983487,"2025-2025_Regular_Session","2025-03-26","Senate Finance and Tax",6,0,0,0,6,1,"S","Assessment of Homestead Property","S0176",2025,"https://legiscan.com/FL/bill/S0176/2025",1,6,1,"N",1,1,1,1,1
1527645,1892666,"2025-2025_Regular_Session","2025-03-26","Senate Appropriations Committee on Criminal and Civil Justice",9,0,0,0,9,1,"S","Foreclosure Procedures","S0048",2025,"https://legiscan.com/FL/bill/S0048/2025",1,9,1,"N",1,1,1,1,1
1527649,2006597,"2025-2025_Regular_Session","2025-03-26","Senate Rules",21,3,0,1,25,1,"S","OGSR/Agency Cybersecurity Information","S7020",2025,"https://legiscan.com/FL/bill/S7020/2025",0.84,24,0.875,"N",0.944444444444444,0.666666666666667,0.666666666666667,0.944444444444444,0.875
1527650,1974860,"2025-2025_Regular_Session","2025-03-26","House: Third Reading RCS#27",113,0,6,0,119,1,"H","OGSR/Financial Technology Sandbox Applications/OFR","H7003",2025,"https://legiscan.com/FL/bill/H7003/2025",0.949579831932773,113,1,"Y",1,1,1,1,1
1527651,1982937,"2025-2025_Regular_Session","2025-03-26","House Criminal Justice Subcommittee",17,0,0,1,18,1,"H","Criminal Offender Substance Abuse Program","H1095",2025,"https://legiscan.com/FL/bill/H1095/2025",0.944444444444444,17,1,"N",1,1,1,1,1
1527658,1976931,"2025-2025_Regular_Session","2025-03-25","House Housing, Agriculture & Tourism Subcommittee",16,0,0,2,18,1,"H","Aerospace Innovation Funding","H0793",2025,"https://legiscan.com/FL/bill/H0793/2025",0.888888888888889,16,1,"N",1,1,1,1,1
1527661,1986883,"2025-2025_Regular_Session","2025-03-26","Senate Appropriations Committee on Transportation, Tourism, and Economic Development",14,0,0,1,15,1,"S","Aerospace Industry","S1516",2025,"https://legiscan.com/FL/bill/S1516/2025",0.933333333333333,14,1,"N",1,1,1,1,1
1527662,1975109,"2025-2025_Regular_Session","2025-03-26","House Intergovernmental Affairs Subcommittee",11,4,0,4,19,1,"H","Broward County","H4039",2025,"https://legiscan.com/FL/bill/H4039/2025",0.578947368421053,15,0.733333333333333,"N",0.909090909090909,0.25,0.75,0.909090909090909,0.866666666666667
1527663,1949074,"2025-2025_Regular_Session","2025-03-26","House Intergovernmental Affairs Subcommittee",14,0,0,5,19,1,"H","Bonuses for Employees of Property Appraisers","H0307",2025,"https://legiscan.com/FL/bill/H0307/2025",0.736842105263158,14,1,"N",1,1,1,1,1
1527665,1960310,"2025-2025_Regular_Session","2025-03-26","House Industries & Professional Activities Subcommittee",12,0,0,6,18,1,"H","Pool/Spa Contractors","H0453",2025,"https://legiscan.com/FL/bill/H0453/2025",0.666666666666667,12,1,"N",1,1,1,1,1
1527690,1983907,"2025-2025_Regular_Session","2025-03-26","House Education & Employment Committee",18,1,0,3,22,1,"H","Students Enrolled in Dropout Retrieval Programs","H1079",2025,"https://legiscan.com/FL/bill/H1079/2025",0.818181818181818,19,0.947368421052632,"N",0.923076923076923,1,1,0.923076923076923,0.947368421052632
1527694,1988761,"2025-2025_Regular_Session","2025-03-26","House Criminal Justice Subcommittee",18,0,0,0,18,1,"H","Trespass","H1447",2025,"https://legiscan.com/FL/bill/H1447/2025",1,18,1,"N",1,1,1,1,1
1527697,1928340,"2025-2025_Regular_Session","2025-03-26","Senate Rules",24,0,0,1,25,1,"S","Limited Liability Companies","S0316",2025,"https://legiscan.com/FL/bill/S0316/2025",0.96,24,1,"N",1,1,1,1,1
1527707,1892690,"2025-2025_Regular_Session","2025-03-26","Senate Rules",20,4,0,1,25,1,"S","Geoengineering and Weather Modification Activities","S0056",2025,"https://legiscan.com/FL/bill/S0056/2025",0.8,24,0.833333333333333,"N",1,0.333333333333333,0.666666666666667,1,0.916666666666667
1527708,1984266,"2025-2025_Regular_Session","2025-03-25","Senate Military and Veterans Affairs, Space, and Domestic Security",6,0,0,0,6,1,"S","Public Records/Veterans Florida Opportunity Program","S1282",2025,"https://legiscan.com/FL/bill/S1282/2025",1,6,1,"N",1,1,1,1,1
1527711,1983429,"2025-2025_Regular_Session","2025-03-26","House Intergovernmental Affairs Subcommittee",15,0,0,4,19,1,"H","Pasco County Mosquito Control District, Pasco County","H4051",2025,"https://legiscan.com/FL/bill/H4051/2025",0.789473684210526,15,1,"N",1,1,1,1,1
1527713,1983230,"2025-2025_Regular_Session","2025-03-26","Senate Appropriations Committee on Agriculture, Environment, and General Government",12,0,0,1,13,1,"S","Water Access Facilities","S1162",2025,"https://legiscan.com/FL/bill/S1162/2025",0.923076923076923,12,1,"N",1,1,1,1,1
1527717,1981545,"2025-2025_Regular_Session","2025-03-26","House Intergovernmental Affairs Subcommittee",12,3,0,4,19,1,"H","Special Districts","H0973",2025,"https://legiscan.com/FL/bill/H0973/2025",0.631578947368421,15,0.8,"N",1,0.25,0.75,1,0.933333333333333
1527724,1901158,"2025-2025_Regular_Session","2025-03-26","House: Third Reading RCS#23",113,0,6,0,119,1,"H","Hazardous Walking Conditions","H0085",2025,"https://legiscan.com/FL/bill/H0085/2025",0.949579831932773,113,1,"Y",1,1,1,1,1
1527725,1970297,"2025-2025_Regular_Session","2025-03-26","Senate Appropriations Committee on Agriculture, Environment, and General Government",12,0,0,1,13,1,"S","Brownfields","S0736",2025,"https://legiscan.com/FL/bill/S0736/2025",0.923076923076923,12,1,"N",1,1,1,1,1
1527730,1960474,"2025-2025_Regular_Session","2025-03-26","Senate Rules",24,0,0,1,25,1,"S","State Courts System","S0538",2025,"https://legiscan.com/FL/bill/S0538/2025",0.96,24,1,"N",1,1,1,1,1
1527748,1969805,"2025-2025_Regular_Session","2025-03-26","Senate Rules",23,1,0,1,25,1,"S","Actions for Recovery of Damages for Wrongful Death","S0734",2025,"https://legiscan.com/FL/bill/S0734/2025",0.92,24,0.958333333333333,"N",0.944444444444444,1,1,0.944444444444444,0.958333333333333
1527751,1967251,"2025-2025_Regular_Session","2025-03-26","Senate Appropriations Committee on Transportation, Tourism, and Economic Development",15,0,0,0,15,1,"S","Specialty License Plates/Miami Northwestern Alumni Association","S0666",2025,"https://legiscan.com/FL/bill/S0666/2025",1,15,1,"N",1,1,1,1,1
1527765,1988409,"2025-2025_Regular_Session","2025-03-26","House Intergovernmental Affairs Subcommittee",9,6,0,4,19,0,"H","Special Beverage Licenses for Equestrian Sport Facilities in Marion County","H4067",2025,"https://legiscan.com/FL/bill/H4067/2025",0.473684210526316,15,0.6,"N",0.818181818181818,0,1,0.818181818181818,0.866666666666667
1527766,1897317,"2025-2025_Regular_Session","2025-03-26","House Judiciary Committee",22,0,0,0,22,1,"H","Compensation of Victims of Wrongful Incarceration","H0059",2025,"https://legiscan.com/FL/bill/H0059/2025",1,22,1,"N",1,1,1,1,1
1527772,1981258,"2025-2025_Regular_Session","2025-03-26","House Judiciary Committee",19,3,0,0,22,1,"H","Civil Actions","H0947",2025,"https://legiscan.com/FL/bill/H0947/2025",0.863636363636364,22,0.863636363636364,"N",0.8125,1,1,0.8125,0.863636363636364
1527774,1983089,"2025-2025_Regular_Session","2025-03-26","House Intergovernmental Affairs Subcommittee",13,0,0,6,19,1,"H","Limitation on the Assessment of Homestead Property","H1039",2025,"https://legiscan.com/FL/bill/H1039/2025",0.684210526315789,13,1,"N",1,1,1,1,1
1527805,1904298,"2025-2025_Regular_Session","2025-03-26","Senate Appropriations Committee on Health and Human Services",10,0,0,0,10,1,"S","Protection from Surgical Smoke","S0152",2025,"https://legiscan.com/FL/bill/S0152/2025",1,10,1,"N",1,1,1,1,1
1527808,1942015,"2025-2025_Regular_Session","2025-03-26","House Education & Employment Committee",18,0,0,4,22,1,"H","Holocaust Remembrance Day","H0251",2025,"https://legiscan.com/FL/bill/H0251/2025",0.818181818181818,18,1,"N",1,1,1,1,1
1527811,1920331,"2025-2025_Regular_Session","2025-03-26","House Criminal Justice Subcommittee",18,0,0,0,18,1,"H","Parole","H0181",2025,"https://legiscan.com/FL/bill/H0181/2025",1,18,1,"N",1,1,1,1,1
1527815,1985042,"2025-2025_Regular_Session","2025-03-26","House State Affairs Committee",18,7,0,2,27,1,"H","Amendments to the State Constitution","H1205",2025,"https://legiscan.com/FL/bill/H1205/2025",0.666666666666667,25,0.72,"N",1,0,1,1,1
1527818,1989057,"2025-2025_Regular_Session","2025-03-26","House Intergovernmental Affairs Subcommittee",14,1,0,4,19,1,"H","Local Government Salaries and Benefits","H1581",2025,"https://legiscan.com/FL/bill/H1581/2025",0.736842105263158,15,0.933333333333333,"N",0.909090909090909,1,1,0.909090909090909,0.933333333333333
1527821,1983147,"2025-2025_Regular_Session","2025-03-26","House Criminal Justice Subcommittee",16,0,0,2,18,1,"H","Department of Law Enforcement","H1053",2025,"https://legiscan.com/FL/bill/H1053/2025",0.888888888888889,16,1,"N",1,1,1,1,1
1527822,1979950,"2025-2025_Regular_Session","2025-03-26","House Criminal Justice Subcommittee",14,3,0,1,18,1,"H","Corrections","H0903",2025,"https://legiscan.com/FL/bill/H0903/2025",0.777777777777778,17,0.823529411764706,"N",1,0.25,0.75,1,0.941176470588235
1527825,1984282,"2025-2025_Regular_Session","2025-03-26","House Judiciary Committee",20,0,0,2,22,1,"H","Removal of Altered Sexual Depictions Posted without Consent","H1161",2025,"https://legiscan.com/FL/bill/H1161/2025",0.909090909090909,20,1,"N",1,1,1,1,1
1527827,1984969,"2025-2025_Regular_Session","2025-03-25","Senate Transportation",8,0,0,1,9,1,"S","Leaving the Scene of a Crash Involving Only Damage to Vehicle or Property","S1378",2025,"https://legiscan.com/FL/bill/S1378/2025",0.888888888888889,8,1,"N",1,1,1,1,1
1527834,1989073,"2025-2025_Regular_Session","2025-03-26","House Intergovernmental Affairs Subcommittee",11,3,0,5,19,1,"H","Waste Incineration","H1609",2025,"https://legiscan.com/FL/bill/H1609/2025",0.578947368421053,14,0.785714285714286,"N",1,0.25,0.75,1,0.928571428571429
1527840,1916134,"2025-2025_Regular_Session","2025-03-26","House Intergovernmental Affairs Subcommittee",15,0,0,4,19,1,"H","Lee County","H4001",2025,"https://legiscan.com/FL/bill/H4001/2025",0.789473684210526,15,1,"N",1,1,1,1,1
1527841,1918297,"2025-2025_Regular_Session","2025-03-26","House: Third Reading RCS#25",113,0,6,0,119,1,"H","Service of Process","H0157",2025,"https://legiscan.com/FL/bill/H0157/2025",0.949579831932773,113,1,"Y",1,1,1,1,1
1527845,1963746,"2025-2025_Regular_Session","2025-03-26","House Judiciary Committee",22,0,0,0,22,1,"H","Electronic Transmittal of Court Orders","H0513",2025,"https://legiscan.com/FL/bill/H0513/2025",1,22,1,"N",1,1,1,1,1
1527855,1963529,"2025-2025_Regular_Session","2025-03-26","House Criminal Justice Subcommittee",13,0,0,5,18,1,"H","Use of Artificial Intelligence by Governmental Agencies to Detect Concealed Firearms","H0491",2025,"https://legiscan.com/FL/bill/H0491/2025",0.722222222222222,13,1,"N",1,1,1,1,1
1527861,1964440,"2025-2025_Regular_Session","2025-03-26","House Industries & Professional Activities Subcommittee",13,0,0,5,18,1,"H","Palm Beach County","H4011",2025,"https://legiscan.com/FL/bill/H4011/2025",0.722222222222222,13,1,"N",1,1,1,1,1
1527863,1957367,"2025-2025_Regular_Session","2025-03-26","House: Third Reading RCS#28",113,0,6,0,119,1,"H","Peer Support for First Responders","H0421",2025,"https://legiscan.com/FL/bill/H0421/2025",0.949579831932773,113,1,"Y",1,1,1,1,1
1527865,1977973,"2025-2025_Regular_Session","2025-03-26","House Criminal Justice Subcommittee",18,0,0,0,18,1,"H","Assault or Battery on a Utility Worker","H0857",2025,"https://legiscan.com/FL/bill/H0857/2025",1,18,1,"N",1,1,1,1,1
1527872,1972242,"2025-2025_Regular_Session","2025-03-26","House Judiciary Committee",21,0,0,1,22,1,"H","Use of Tracking Devices or Applications to Commit Dangerous Crimes","H0663",2025,"https://legiscan.com/FL/bill/H0663/2025",0.954545454545455,21,1,"N",1,1,1,1,1
1527874,1988496,"2025-2025_Regular_Session","2025-03-26","House Criminal Justice Subcommittee",17,1,0,0,18,1,"H","Sexual Offenses by Persons Previously Convicted of Sexual Offenses","H1455",2025,"https://legiscan.com/FL/bill/H1455/2025",0.944444444444444,18,0.944444444444444,"N",1,0.8,0.8,1,0.944444444444444
1527876,1942526,"2025-2025_Regular_Session","2025-03-26","House Judiciary Committee",22,0,0,0,22,1,"H","Aggravated Animal Cruelty","H0255",2025,"https://legiscan.com/FL/bill/H0255/2025",1,22,1,"N",1,1,1,1,1
1527884,1973683,"2025-2025_Regular_Session","2025-03-26","House State Affairs Committee",22,0,0,5,27,1,"H","City of Oviedo, Seminole County","H4031",2025,"https://legiscan.com/FL/bill/H4031/2025",0.814814814814815,22,1,"N",1,1,1,1,1
1527897,1976221,"2025-2025_Regular_Session","2025-03-26","House State Affairs Committee",22,0,0,5,27,1,"H","OGSR/Disaster Recovery Assistance","H7005",2025,"https://legiscan.com/FL/bill/H7005/2025",0.814814814814815,22,1,"N",1,1,1,1,1
1527898,1919924,"2025-2025_Regular_Session","2025-03-25","Senate Community Affairs",8,0,0,0,8,1,"S","Public Records/Congressional Members and Public Officers","S0268",2025,"https://legiscan.com/FL/bill/S0268/2025",1,8,1,"N",1,1,1,1,1
1527900,1982976,"2025-2025_Regular_Session","2025-03-26","House Criminal Justice Subcommittee",15,0,0,3,18,1,"H","Tampering with, Harassing, or Retaliating against Court Officials","H1049",2025,"https://legiscan.com/FL/bill/H1049/2025",0.833333333333333,15,1,"N",1,1,1,1,1
1527901,1984309,"2025-2025_Regular_Session","2025-03-26","House Criminal Justice Subcommittee",18,0,0,0,18,1,"H","Pub. Rec./Crime Victims","H1129",2025,"https://legiscan.com/FL/bill/H1129/2025",1,18,1,"N",1,1,1,1,1
1527910,1901381,"2025-2025_Regular_Session","2025-03-26","House Judiciary Committee",20,0,0,2,22,1,"H","Service of Process in Proceedings for Protection of Vulnerable Adults","H0097",2025,"https://legiscan.com/FL/bill/H0097/2025",0.909090909090909,20,1,"N",1,1,1,1,1
1527913,1983005,"2025-2025_Regular_Session","2025-03-26","Senate Finance and Tax",6,0,0,0,6,1,"S","Assessment of Homestead Property","S0174",2025,"https://legiscan.com/FL/bill/S0174/2025",1,6,1,"N",1,1,1,1,1
1527919,1972025,"2025-2025_Regular_Session","2025-03-26","House Judiciary Committee",20,2,0,0,22,1,"H","Aggravating Factors for Capital Felonies","H0653",2025,"https://legiscan.com/FL/bill/H0653/2025",0.909090909090909,22,0.909090909090909,"N",1,0.666666666666667,0.666666666666667,1,0.909090909090909
1527921,1973249,"2025-2025_Regular_Session","2025-03-26","Senate Appropriations Committee on Agriculture, Environment, and General Government",12,0,0,1,13,1,"S","General Permits for Distributed Wastewater Treatment Systems","S0796",2025,"https://legiscan.com/FL/bill/S0796/2025",0.923076923076923,12,1,"N",1,1,1,1,1
1527922,1987792,"2025-2025_Regular_Session","2025-03-24","Senate Appropriations Committee on Pre-K - 12 Education",8,0,0,2,10,1,"S","Education","S1618",2025,"https://legiscan.com/FL/bill/S1618/2025",0.8,8,1,"N",1,1,1,1,1
1527930,1970181,"2025-2025_Regular_Session","2025-03-25","Senate Community Affairs",7,0,0,1,8,1,"S","Tax Exemptions for Surviving Spouses of Quadriplegics","S0750",2025,"https://legiscan.com/FL/bill/S0750/2025",0.875,7,1,"N",1,1,1,1,1
1527933,1974703,"2025-2025_Regular_Session","2025-03-26","House: Third Reading RCS#21",112,0,7,0,119,1,"H","Water Access Facilities","H0735",2025,"https://legiscan.com/FL/bill/H0735/2025",0.941176470588235,112,1,"Y",1,1,1,1,1
1527947,1984094,"2025-2025_Regular_Session","2025-03-26","Senate Finance and Tax",5,1,0,0,6,1,"S","Public Records/E-mail Addresses/DHSMV","S1292",2025,"https://legiscan.com/FL/bill/S1292/2025",0.833333333333333,6,0.833333333333333,"N",0.75,1,1,0.75,0.833333333333333
1527948,1970026,"2025-2025_Regular_Session","2025-03-26","Senate Appropriations Committee on Health and Human Services",10,0,0,0,10,1,"S","Child Care and Early Learning Providers","S0738",2025,"https://legiscan.com/FL/bill/S0738/2025",1,10,1,"N",1,1,1,1,1
1527978,1984688,"2025-2025_Regular_Session","2025-03-26","Senate Appropriations Committee on Health and Human Services",10,0,0,0,10,1,"S","Ambulatory Surgical Centers","S1370",2025,"https://legiscan.com/FL/bill/S1370/2025",1,10,1,"N",1,1,1,1,1
1527990,1980686,"2025-2025_Regular_Session","2025-03-26","House: Third Reading RCS#29",113,0,6,0,119,1,"H","Required Instruction in Cursive Writing","H0921",2025,"https://legiscan.com/FL/bill/H0921/2025",0.949579831932773,113,1,"Y",1,1,1,1,1
1527993,1970927,"2025-2025_Regular_Session","2025-03-26","House State Affairs Committee",21,0,0,6,27,1,"H","Bermont Drainage District, Charlotte County","H4017",2025,"https://legiscan.com/FL/bill/H4017/2025",0.777777777777778,21,1,"N",1,1,1,1,1
1528001,1986428,"2025-2025_Regular_Session","2025-03-26","Senate Rules",20,4,0,1,25,1,"S","United States Sovereign Wealth Fund","S1488",2025,"https://legiscan.com/FL/bill/S1488/2025",0.8,24,0.833333333333333,"N",1,0.333333333333333,0.666666666666667,1,0.916666666666667
1528019,1984041,"2025-2025_Regular_Session","2025-03-25","Senate Military and Veterans Affairs, Space, and Domestic Security",6,0,0,0,6,1,"S","Military Affairs","S1280",2025,"https://legiscan.com/FL/bill/S1280/2025",1,6,1,"N",1,1,1,1,1
1528078,1975043,"2025-2025_Regular_Session","2025-03-25","Senate Community Affairs",6,2,0,0,8,1,"S","Price Controls for the Storage of Electric Vehicles","S0872",2025,"https://legiscan.com/FL/bill/S0872/2025",0.75,8,0.75,"N",0.8,0.666666666666667,0.666666666666667,0.8,0.75
1528092,1987196,"2025-2025_Regular_Session","2025-03-26","House Intergovernmental Affairs Subcommittee",13,0,0,6,19,1,"H","West Villages Improvement District, Sarasota County","H4061",2025,"https://legiscan.com/FL/bill/H4061/2025",0.684210526315789,13,1,"N",1,1,1,1,1
1528093,1975073,"2025-2025_Regular_Session","2025-03-26","House: Third Reading RCS#26",78,34,7,0,119,1,"H","Minimum Age for Firearm Purchase or Transfer","H0759",2025,"https://legiscan.com/FL/bill/H0759/2025",0.65546218487395,112,0.696428571428571,"Y",0.927710843373494,0.0344827586206897,0.96551724137931,0.927710843373494,0.9375
1528107,1951702,"2025-2025_Regular_Session","2025-03-26","Senate Appropriations Committee on Agriculture, Environment, and General Government",12,0,0,1,13,1,"S","Florida Museum of Black History","S0466",2025,"https://legiscan.com/FL/bill/S0466/2025",0.923076923076923,12,1,"N",1,1,1,1,1
1528115,1969535,"2025-2025_Regular_Session","2025-03-26","Senate Appropriations Committee on Agriculture, Environment, and General Government",8,4,0,1,13,1,"S","Department of Agriculture and Consumer Services","S0700",2025,"https://legiscan.com/FL/bill/S0700/2025",0.615384615384615,12,0.666666666666667,"N",1,0,1,1,1
1528124,1983495,"2025-2025_Regular_Session","2025-03-26","Senate Appropriations Committee on Agriculture, Environment, and General Government",12,0,0,1,13,1,"S","Pet Insurance and Wellness Programs","S1226",2025,"https://legiscan.com/FL/bill/S1226/2025",0.923076923076923,12,1,"N",1,1,1,1,1
1528147,1984091,"2025-2025_Regular_Session","2025-03-26","Senate Finance and Tax",6,0,0,0,6,1,"S","Department of Highway Safety and Motor Vehicles","S1290",2025,"https://legiscan.com/FL/bill/S1290/2025",1,6,1,"N",1,1,1,1,1
1528150,1967572,"2025-2025_Regular_Session","2025-03-26","Senate Appropriations Committee on Agriculture, Environment, and General Government",12,0,0,1,13,1,"S","Pawnbroker Transaction Forms","S0678",2025,"https://legiscan.com/FL/bill/S0678/2025",0.923076923076923,12,1,"N",1,1,1,1,1
1528173,2010970,"2025-2025_Regular_Session","2025-03-26","House State Affairs Committee",22,0,0,5,27,1,"H","OGSR/Cybersecurity","H7013",2025,"https://legiscan.com/FL/bill/H7013/2025",0.814814814814815,22,1,"N",1,1,1,1,1
1528227,1983286,"2025-2025_Regular_Session","2025-03-26","House Intergovernmental Affairs Subcommittee",14,0,0,5,19,1,"H","Assessment of Homestead Property","H1041",2025,"https://legiscan.com/FL/bill/H1041/2025",0.736842105263158,14,1,"N",1,1,1,1,1
1528331,1958878,"2025-2025_Regular_Session","2025-03-26","House Judiciary Committee",21,1,0,0,22,1,"H","Tampering with an Electronic Monitoring Device","H0437",2025,"https://legiscan.com/FL/bill/H0437/2025",0.954545454545455,22,0.954545454545455,"N",1,0.833333333333333,0.833333333333333,1,0.954545454545455
1528359,1977248,"2025-2025_Regular_Session","2025-03-26","House Judiciary Committee",20,0,0,2,22,1,"H","Courts","H0813",2025,"https://legiscan.com/FL/bill/H0813/2025",0.909090909090909,20,1,"N",1,1,1,1,1
1528372,1985146,"2025-2025_Regular_Session","2025-03-26","Senate Appropriations Committee on Agriculture, Environment, and General Government",12,0,0,1,13,1,"S","Agronomic Study on Emerging Crops","S0178",2025,"https://legiscan.com/FL/bill/S0178/2025",0.923076923076923,12,1,"N",1,1,1,1,1
1528422,1990100,"2025-2025_Regular_Session","2025-03-26","House State Affairs Committee",22,0,0,5,27,1,"H","Duval County","H4053",2025,"https://legiscan.com/FL/bill/H4053/2025",0.814814814814815,22,1,"N",1,1,1,1,1
1528455,1973118,"2025-2025_Regular_Session","2025-03-26","House State Affairs Committee",22,0,0,5,27,1,"H","Spring Restoration","H0691",2025,"https://legiscan.com/FL/bill/H0691/2025",0.814814814814815,22,1,"N",1,1,1,1,1
1528521,1894915,"2025-2025_Regular_Session","2025-03-27","Senate: Third Reading RCS#2",32,5,1,1,39,1,"S","Utility Terrain Vehicles","S0088",2025,"https://legiscan.com/FL/bill/S0088/2025",0.82051282051282,37,0.864864864864865,"Y",0.961538461538462,0.636363636363636,0.636363636363636,0.961538461538462,0.864864864864865
1528527,1922014,"2025-2025_Regular_Session","2025-03-27","Senate: Third Reading RCS#9",38,0,0,1,39,1,"S","Transportation Facility Designations/Harris Rosen Way and Geraldine Thompson Way","S0274",2025,"https://legiscan.com/FL/bill/S0274/2025",0.974358974358974,38,1,"Y",1,1,1,1,1
1528542,1917016,"2025-2025_Regular_Session","2025-03-27","Senate: Third Reading RCS#7",17,21,0,1,39,0,"S","Criminal Offenses Against Law Enforcement Officers and Other Personnel","S0234",2025,"https://legiscan.com/FL/bill/S0234/2025",0.435897435897436,38,0.447368421052632,"Y",0.222222222222222,1,1,0.777777777777778,0.842105263157895
1528552,1921139,"2025-2025_Regular_Session","2025-03-27","Senate: Third Reading RCS#11",38,0,0,1,39,1,"S","Candidate Qualification","S0280",2025,"https://legiscan.com/FL/bill/S0280/2025",0.974358974358974,38,1,"Y",1,1,1,1,1
1528560,1927121,"2025-2025_Regular_Session","2025-03-27","Senate: Third Reading RCS#12",38,0,0,1,39,1,"S","Middle School and High School Start Times","S0296",2025,"https://legiscan.com/FL/bill/S0296/2025",0.974358974358974,38,1,"Y",1,1,1,1,1
1528570,1918834,"2025-2025_Regular_Session","2025-03-27","Senate: Third Reading RCS#8",36,0,2,1,39,1,"S","Trusts","S0262",2025,"https://legiscan.com/FL/bill/S0262/2025",0.923076923076923,36,1,"Y",1,1,1,1,1
1528572,1986539,"2025-2025_Regular_Session","2025-03-27","House Health Professions & Programs Subcommittee",16,0,0,2,18,1,"H","Department of Health","H1299",2025,"https://legiscan.com/FL/bill/H1299/2025",0.888888888888889,16,1,"N",1,1,1,1,1
1528578,1963716,"2025-2025_Regular_Session","2025-03-27","Senate: Third Reading RCS#17",37,1,0,1,39,1,"S","OGSR/Applicants or Participants in Certain Federal, State, or Local Housing Assistance Programs","S7004",2025,"https://legiscan.com/FL/bill/S7004/2025",0.948717948717949,38,0.973684210526316,"Y",0.962962962962963,1,1,0.962962962962963,0.973684210526316
1528581,1968330,"2025-2025_Regular_Session","2025-03-27","House Health Professions & Programs Subcommittee",16,0,0,2,18,1,"H","Children with Developmental Disabilities","H0591",2025,"https://legiscan.com/FL/bill/H0591/2025",0.888888888888889,16,1,"N",1,1,1,1,1
1528585,1951899,"2025-2025_Regular_Session","2025-03-27","Senate: Third Reading RCS#16",38,0,0,1,39,1,"S","OGSR/Site-specific Location Information for Endangered and Threatened Species","S7000",2025,"https://legiscan.com/FL/bill/S7000/2025",0.974358974358974,38,1,"Y",1,1,1,1,1
1528603,1897165,"2025-2025_Regular_Session","2025-03-27","Senate: Third Reading RCS#3",36,0,2,1,39,1,"S","Exceptional Student Education","S0102",2025,"https://legiscan.com/FL/bill/S0102/2025",0.923076923076923,36,1,"Y",1,1,1,1,1
1528607,1988351,"2025-2025_Regular_Session","2025-03-25","Senate Community Affairs",5,3,0,0,8,1,"S","Local Option Taxes","S1664",2025,"https://legiscan.com/FL/bill/S1664/2025",0.625,8,0.625,"N",1,0,1,1,1
1528626,1979933,"2025-2025_Regular_Session","2025-03-27","House Health Professions & Programs Subcommittee",15,1,0,2,18,1,"H","Court-appointed Psychologists","H0901",2025,"https://legiscan.com/FL/bill/H0901/2025",0.833333333333333,16,0.9375,"N",0.909090909090909,1,1,0.909090909090909,0.9375
1528664,1972402,"2025-2025_Regular_Session","2025-03-27","House Civil Justice & Claims Subcommittee",15,0,0,3,18,1,"H","Liability for Defamatory Statements","H0667",2025,"https://legiscan.com/FL/bill/H0667/2025",0.833333333333333,15,1,"N",1,1,1,1,1
1528670,1981730,"2025-2025_Regular_Session","2025-03-25","Senate Community Affairs",5,3,0,0,8,1,"S","Fire Prevention","S1078",2025,"https://legiscan.com/FL/bill/S1078/2025",0.625,8,0.625,"N",1,0,1,1,1
1528676,1946372,"2025-2025_Regular_Session","2025-03-27","Senate: Third Reading RCS#15",38,0,0,1,39,1,"S","Unlawful Use of Uniforms, Medals, or Insignia","S0402",2025,"https://legiscan.com/FL/bill/S0402/2025",0.974358974358974,38,1,"Y",1,1,1,1,1
1528679,1977811,"2025-2025_Regular_Session","2025-03-27","House Civil Justice & Claims Subcommittee",14,0,0,4,18,1,"H","Relief/L.E./Department of Children and Families","H6535",2025,"https://legiscan.com/FL/bill/H6535/2025",0.777777777777778,14,1,"N",1,1,1,1,1
1528693,1953354,"2025-2025_Regular_Session","2025-03-27","House Civil Justice & Claims Subcommittee",15,0,0,3,18,1,"H","Rent of Affordable Housing Dwelling Units","H0365",2025,"https://legiscan.com/FL/bill/H0365/2025",0.833333333333333,15,1,"N",1,1,1,1,1
1528696,1983055,"2025-2025_Regular_Session","2025-03-27","House Insurance & Banking Subcommittee",12,6,0,0,18,1,"H","Insurance","H1047",2025,"https://legiscan.com/FL/bill/H1047/2025",0.666666666666667,18,0.666666666666667,"N",0.923076923076923,0,1,0.923076923076923,0.944444444444444
1528698,1971349,"2025-2025_Regular_Session","2025-03-27","House Health Professions & Programs Subcommittee",17,0,0,1,18,1,"H","Advanced Practice Registered Nurse Services","H0647",2025,"https://legiscan.com/FL/bill/H0647/2025",0.944444444444444,17,1,"N",1,1,1,1,1
1528707,1898257,"2025-2025_Regular_Session","2025-03-27","Senate: Third Reading RCS#5",38,0,0,1,39,1,"S","Compensation of Victims of Wrongful Incarceration","S0130",2025,"https://legiscan.com/FL/bill/S0130/2025",0.974358974358974,38,1,"Y",1,1,1,1,1
1528713,1908822,"2025-2025_Regular_Session","2025-03-27","Senate: Third Reading RCS#6",38,0,0,1,39,1,"S","Coverage for Diagnostic and Supplemental Breast Examinations","S0158",2025,"https://legiscan.com/FL/bill/S0158/2025",0.974358974358974,38,1,"Y",1,1,1,1,1
1528729,1989232,"2025-2025_Regular_Session","2025-03-27","House Civil Justice & Claims Subcommittee",14,0,0,4,18,1,"H","Recreational Customary Use of Beaches","H6043",2025,"https://legiscan.com/FL/bill/H6043/2025",0.777777777777778,14,1,"N",1,1,1,1,1
1528734,1897268,"2025-2025_Regular_Session","2025-03-27","Senate: Third Reading RCS#4",37,0,1,1,39,1,"S","Exploitation of Vulnerable Adults","S0106",2025,"https://legiscan.com/FL/bill/S0106/2025",0.948717948717949,37,1,"Y",1,1,1,1,1
1528739,1946032,"2025-2025_Regular_Session","2025-03-27","Senate: Third Reading RCS#14",38,0,0,1,39,1,"S","Interstate Compact on Educational Opportunity for Military Children","S0400",2025,"https://legiscan.com/FL/bill/S0400/2025",0.974358974358974,38,1,"Y",1,1,1,1,1
1528774,1942300,"2025-2025_Regular_Session","2025-03-27","Senate: Third Reading RCS#13",38,0,0,1,39,1,"S","Holocaust Remembrance Day","S0356",2025,"https://legiscan.com/FL/bill/S0356/2025",0.974358974358974,38,1,"Y",1,1,1,1,1
1528792,1926906,"2025-2025_Regular_Session","2025-03-27","House Civil Justice & Claims Subcommittee",15,0,0,3,18,1,"H","Relief/Kristen and Lia Mcintosh/Department of Agriculture and Consumer Services","H6513",2025,"https://legiscan.com/FL/bill/H6513/2025",0.833333333333333,15,1,"N",1,1,1,1,1
1528796,1963580,"2025-2025_Regular_Session","2025-03-27","Senate: Third Reading RCS#18",38,0,0,1,39,1,"S","Public Records and Meetings/NG911 Systems","S7006",2025,"https://legiscan.com/FL/bill/S7006/2025",0.974358974358974,38,1,"Y",1,1,1,1,1
1528798,1977874,"2025-2025_Regular_Session","2025-03-27","House Civil Justice & Claims Subcommittee",14,0,0,4,18,1,"H","Relief/Estate of M.N./Broward County Sheriff's Office","H6533",2025,"https://legiscan.com/FL/bill/H6533/2025",0.777777777777778,14,1,"N",1,1,1,1,1
1528841,1922014,"2025-2025_Regular_Session","2025-03-27","Senate: Third Reading RCS#10",37,0,1,1,39,1,"S","Transportation Facility Designations/Harris Rosen Way and Geraldine Thompson Way","S0274",2025,"https://legiscan.com/FL/bill/S0274/2025",0.948717948717949,37,1,"Y",1,1,1,1,1
1528848,1975251,"2025-2025_Regular_Session","2025-03-27","House Ways & Means Committee",18,0,0,1,19,1,"H","Deferred and Unpaid Taxes","H0761",2025,"https://legiscan.com/FL/bill/H0761/2025",0.947368421052632,18,1,"N",1,1,1,1,1
1528856,1985703,"2025-2025_Regular_Session","2025-03-27","House Ways & Means Committee",14,4,0,1,19,1,"H","Property Tax Benefits for Residential Properties","H1259",2025,"https://legiscan.com/FL/bill/H1259/2025",0.736842105263158,18,0.777777777777778,"N",1,0,1,1,1
1528886,1989225,"2025-2025_Regular_Session","2025-03-27","House Health Professions & Programs Subcommittee",17,0,0,1,18,1,"H","Parkinson's Disease","H1545",2025,"https://legiscan.com/FL/bill/H1545/2025",0.944444444444444,17,1,"N",1,1,1,1,1
1528895,1982573,"2025-2025_Regular_Session","2025-03-27","House Civil Justice & Claims Subcommittee",13,0,0,5,18,1,"H","Flood Disclosures","H1015",2025,"https://legiscan.com/FL/bill/H1015/2025",0.722222222222222,13,1,"N",1,1,1,1,1
1528898,1975511,"2025-2025_Regular_Session","2025-03-27","Senate Fiscal Policy",18,0,0,1,19,1,"S","Administrative Efficiency in Public Schools","S0166",2025,"https://legiscan.com/FL/bill/S0166/2025",0.947368421052632,18,1,"N",1,1,1,1,1
1528909,1977024,"2025-2025_Regular_Session","2025-03-27","House Health Professions & Programs Subcommittee",16,1,0,1,18,1,"H","Acupuncture","H0803",2025,"https://legiscan.com/FL/bill/H0803/2025",0.888888888888889,17,0.941176470588235,"N",0.916666666666667,1,1,0.916666666666667,0.941176470588235
1528924,1982323,"2025-2025_Regular_Session","2025-03-27","House Ways & Means Committee",18,0,0,1,19,1,"H","Osceola County","H4043",2025,"https://legiscan.com/FL/bill/H4043/2025",0.947368421052632,18,1,"N",1,1,1,1,1
1528930,1958640,"2025-2025_Regular_Session","2025-03-27","House Budget Committee",22,4,0,4,30,1,"H","Administrative Procedures","H0433",2025,"https://legiscan.com/FL/bill/H0433/2025",0.733333333333333,26,0.846153846153846,"N",1,0.333333333333333,0.666666666666667,1,0.923076923076923
1528939,1922852,"2025-2025_Regular_Session","2025-03-27","House Civil Justice & Claims Subcommittee",13,0,0,5,18,1,"H","Relief/Patricia Ermini/Lee County Sheriff's Office","H6509",2025,"https://legiscan.com/FL/bill/H6509/2025",0.722222222222222,13,1,"N",1,1,1,1,1
1528949,1987125,"2025-2025_Regular_Session","2025-03-27","House Ways & Means Committee",18,0,0,1,19,1,"H","Assessment of Property Used for Residential Purposes","H1339",2025,"https://legiscan.com/FL/bill/H1339/2025",0.947368421052632,18,1,"N",1,1,1,1,1
1528965,1942869,"2025-2025_Regular_Session","2025-03-27","House Civil Justice & Claims Subcommittee",15,0,0,3,18,1,"H","Relief/Jose Correa/Miami Dade County","H6517",2025,"https://legiscan.com/FL/bill/H6517/2025",0.833333333333333,15,1,"N",1,1,1,1,1
1528968,1988840,"2025-2025_Regular_Session","2025-03-27","Senate Fiscal Policy",18,0,0,1,19,1,"S","Food and Hemp Products","S0438",2025,"https://legiscan.com/FL/bill/S0438/2025",0.947368421052632,18,1,"N",1,1,1,1,1
1528993,1977909,"2025-2025_Regular_Session","2025-03-27","House Civil Justice & Claims Subcommittee",13,0,0,5,18,1,"H","Indemnification and Insurance Obligations of Commuter Rail Transportation Providers","H0867",2025,"https://legiscan.com/FL/bill/H0867/2025",0.722222222222222,13,1,"N",1,1,1,1,1
1529002,1974923,"2025-2025_Regular_Session","2025-03-27","House Ways & Means Committee",18,0,0,1,19,1,"H","Brownfields","H0733",2025,"https://legiscan.com/FL/bill/H0733/2025",0.947368421052632,18,1,"N",1,1,1,1,1
1529008,1953383,"2025-2025_Regular_Session","2025-03-27","Senate Fiscal Policy",18,0,0,1,19,1,"S","Education in Correctional Facilities for Professional Licensure","S0472",2025,"https://legiscan.com/FL/bill/S0472/2025",0.947368421052632,18,1,"N",1,1,1,1,1
1529021,1967112,"2025-2025_Regular_Session","2025-03-27","House Civil Justice & Claims Subcommittee",14,0,0,4,18,1,"H","Relief/Jacob Rodgers/City of Gainesville","H6521",2025,"https://legiscan.com/FL/bill/H6521/2025",0.777777777777778,14,1,"N",1,1,1,1,1
1529026,1975159,"2025-2025_Regular_Session","2025-03-27","House Budget Committee",24,0,0,6,30,1,"H","Benefits for Firefighters Injured During Training Exercises","H0749",2025,"https://legiscan.com/FL/bill/H0749/2025",0.8,24,1,"N",1,1,1,1,1
1529053,1986709,"2025-2025_Regular_Session","2025-03-27","House Budget Committee",25,0,0,5,30,1,"H","Reading Interventions and Instruction","H1309",2025,"https://legiscan.com/FL/bill/H1309/2025",0.833333333333333,25,1,"N",1,1,1,1,1
1529074,2008946,"2025-2025_Regular_Session","2025-03-27","Senate Fiscal Policy",18,0,0,1,19,1,"S","State Planning and Budgeting","S7024",2025,"https://legiscan.com/FL/bill/S7024/2025",0.947368421052632,18,1,"N",1,1,1,1,1
1529078,1985288,"2025-2025_Regular_Session","2025-03-27","House Civil Justice & Claims Subcommittee",13,2,0,3,18,1,"H","Motor Vehicle Insurance","H1181",2025,"https://legiscan.com/FL/bill/H1181/2025",0.722222222222222,15,0.866666666666667,"N",0.833333333333333,1,1,0.833333333333333,0.866666666666667
1529100,1981744,"2025-2025_Regular_Session","2025-03-27","House Ways & Means Committee",18,0,0,1,19,1,"H","Areas of Critical State Concern","H0995",2025,"https://legiscan.com/FL/bill/H0995/2025",0.947368421052632,18,1,"N",1,1,1,1,1
1529115,1983438,"2025-2025_Regular_Session","2025-03-27","House Budget Committee",26,0,0,4,30,1,"H","Insurance Research","H1097",2025,"https://legiscan.com/FL/bill/H1097/2025",0.866666666666667,26,1,"N",1,1,1,1,1
1529127,1984447,"2025-2025_Regular_Session","2025-03-27","House Health Care Facilities & Systems Subcommittee",15,0,0,3,18,1,"H","Medicaid Enrollment for Permanently Disabled Individuals","H1227",2025,"https://legiscan.com/FL/bill/H1227/2025",0.833333333333333,15,1,"N",1,1,1,1,1
1529129,1977941,"2025-2025_Regular_Session","2025-03-27","House Education Administration Subcommittee",17,0,0,1,18,1,"H","School Readiness Program","H0859",2025,"https://legiscan.com/FL/bill/H0859/2025",0.944444444444444,17,1,"N",1,1,1,1,1
1529139,1983813,"2025-2025_Regular_Session","2025-03-27","House Budget Committee",26,0,0,4,30,1,"H","Services for Individuals with Developmental Disabilities","H1103",2025,"https://legiscan.com/FL/bill/H1103/2025",0.866666666666667,26,1,"N",1,1,1,1,1
1529152,1989095,"2025-2025_Regular_Session","2025-03-27","House Civil Justice & Claims Subcommittee",14,0,0,4,18,1,"H","Vexatious Litigants","H1559",2025,"https://legiscan.com/FL/bill/H1559/2025",0.777777777777778,14,1,"N",1,1,1,1,1
1529154,1920421,"2025-2025_Regular_Session","2025-03-27","House Education Administration Subcommittee",17,0,0,1,18,1,"H","Florida Institute for Human and Machine Cognition, Inc.","H0179",2025,"https://legiscan.com/FL/bill/H0179/2025",0.944444444444444,17,1,"N",1,1,1,1,1
1529163,1943614,"2025-2025_Regular_Session","2025-03-27","House Insurance & Banking Subcommittee",16,0,0,2,18,1,"H","Postjudgment Execution Proceedings Relating to Terrorism","H0265",2025,"https://legiscan.com/FL/bill/H0265/2025",0.888888888888889,16,1,"N",1,1,1,1,1
1529166,1987003,"2025-2025_Regular_Session","2025-03-27","House Ways & Means Committee",18,0,0,1,19,1,"H","Sunbridge Stewardship District, Osceola County","H4059",2025,"https://legiscan.com/FL/bill/H4059/2025",0.947368421052632,18,1,"N",1,1,1,1,1
1529167,1984595,"2025-2025_Regular_Session","2025-03-26","Senate Appropriations Committee on Pre-K - 12 Education",9,0,0,1,10,1,"S","Students Enrolled in Dropout Retrieval Programs","S1402",2025,"https://legiscan.com/FL/bill/S1402/2025",0.9,9,1,"N",1,1,1,1,1
1529169,1985601,"2025-2025_Regular_Session","2025-03-27","House Education Administration Subcommittee",13,4,0,1,18,1,"H","Education","H1267",2025,"https://legiscan.com/FL/bill/H1267/2025",0.722222222222222,17,0.764705882352941,"N",1,0.2,0.8,1,0.941176470588235
1529193,1971020,"2025-2025_Regular_Session","2025-03-27","Senate Fiscal Policy",18,0,0,1,19,1,"S","Vessel Accountability","S0164",2025,"https://legiscan.com/FL/bill/S0164/2025",0.947368421052632,18,1,"N",1,1,1,1,1
1529205,1988664,"2025-2025_Regular_Session","2025-03-27","House Health Care Facilities & Systems Subcommittee",15,0,0,3,18,1,"H","Continuous Glucose Monitors","H1465",2025,"https://legiscan.com/FL/bill/H1465/2025",0.833333333333333,15,1,"N",1,1,1,1,1
1529228,1980685,"2025-2025_Regular_Session","2025-03-27","House Health Care Facilities & Systems Subcommittee",16,0,0,2,18,1,"H","Florida Health Choices Program","H0905",2025,"https://legiscan.com/FL/bill/H0905/2025",0.888888888888889,16,1,"N",1,1,1,1,1
1529250,1984764,"2025-2025_Regular_Session","2025-03-27","House Education Administration Subcommittee",17,0,0,1,18,1,"H","K-12 School Route Optimization Pilot Program","H1213",2025,"https://legiscan.com/FL/bill/H1213/2025",0.944444444444444,17,1,"N",1,1,1,1,1
1529253,1979043,"2025-2025_Regular_Session","2025-03-27","House Education Administration Subcommittee",16,0,0,2,18,1,"H","Virtual Instruction","H0871",2025,"https://legiscan.com/FL/bill/H0871/2025",0.888888888888889,16,1,"N",1,1,1,1,1
1529261,1984566,"2025-2025_Regular_Session","2025-03-27","House Health Care Facilities & Systems Subcommittee",16,0,0,2,18,1,"H","Fentanyl Testing","H1195",2025,"https://legiscan.com/FL/bill/H1195/2025",0.888888888888889,16,1,"N",1,1,1,1,1
1529267,1919535,"2025-2025_Regular_Session","2025-03-27","House Education Administration Subcommittee",17,0,0,1,18,1,"H","Youth Conflict Resolution and Peer Mediation Pilot Program","H0171",2025,"https://legiscan.com/FL/bill/H0171/2025",0.944444444444444,17,1,"N",1,1,1,1,1
1529282,1965244,"2025-2025_Regular_Session","2025-03-27","House Health Care Facilities & Systems Subcommittee",16,0,0,2,18,1,"H","Medical Debt","H0547",2025,"https://legiscan.com/FL/bill/H0547/2025",0.888888888888889,16,1,"N",1,1,1,1,1
1529291,1957611,"2025-2025_Regular_Session","2025-03-27","House Health Care Facilities & Systems Subcommittee",16,0,0,2,18,1,"H","Coverage for Out-of-network Ground Ambulance Emergency Services","H0425",2025,"https://legiscan.com/FL/bill/H0425/2025",0.888888888888889,16,1,"N",1,1,1,1,1
1529292,1959086,"2025-2025_Regular_Session","2025-03-27","House Education Administration Subcommittee",13,4,0,1,18,1,"H","Education","H0443",2025,"https://legiscan.com/FL/bill/H0443/2025",0.722222222222222,17,0.764705882352941,"N",1,0.2,0.8,1,0.941176470588235
1529341,1985751,"2025-2025_Regular_Session","2025-03-27","House Ways & Means Committee",14,4,0,1,19,1,"H","Property Tax Benefits for Residential Properties","H1257",2025,"https://legiscan.com/FL/bill/H1257/2025",0.736842105263158,18,0.777777777777778,"N",1,0,1,1,1
1529352,1968310,"2025-2025_Regular_Session","2025-03-27","House Ways & Means Committee",18,0,0,1,19,1,"H","Tax Exemption on Sales of Bullion","H6021",2025,"https://legiscan.com/FL/bill/H6021/2025",0.947368421052632,18,1,"N",1,1,1,1,1
1529360,1982982,"2025-2025_Regular_Session","2025-03-27","House Education Administration Subcommittee",17,0,0,1,18,1,"H","Council on Social Status of Black Men and Boys","H1051",2025,"https://legiscan.com/FL/bill/H1051/2025",0.944444444444444,17,1,"N",1,1,1,1,1
1529398,2012623,"2025-2025_Regular_Session","2025-03-26","Senate Appropriations Committee on Pre-K - 12 Education",8,1,0,1,10,1,"S","Educational Scholarship Programs","S7030",2025,"https://legiscan.com/FL/bill/S7030/2025",0.8,9,0.888888888888889,"N",1,0.666666666666667,0.666666666666667,1,0.888888888888889
1529451,1983749,"2025-2025_Regular_Session","2025-03-27","House Education Administration Subcommittee",13,3,0,2,18,1,"H","Education","H1115",2025,"https://legiscan.com/FL/bill/H1115/2025",0.722222222222222,16,0.8125,"N",1,0.4,0.6,1,0.875
1529459,1987388,"2025-2025_Regular_Session","2025-03-27","House Health Care Facilities & Systems Subcommittee",16,0,0,2,18,1,"H","Biomarker Testing","H1335",2025,"https://legiscan.com/FL/bill/H1335/2025",0.888888888888889,16,1,"N",1,1,1,1,1
1529476,1967286,"2025-2025_Regular_Session","2025-03-27","House Education Administration Subcommittee",13,4,0,1,18,1,"H","Construction and Facilities","H0569",2025,"https://legiscan.com/FL/bill/H0569/2025",0.722222222222222,17,0.764705882352941,"N",1,0.2,0.8,1,0.941176470588235
1529481,1979568,"2025-2025_Regular_Session","2025-03-27","House Education Administration Subcommittee",17,0,0,1,18,1,"H","Florida Virtual School","H0885",2025,"https://legiscan.com/FL/bill/H0885/2025",0.944444444444444,17,1,"N",1,1,1,1,1
1529488,1988887,"2025-2025_Regular_Session","2025-03-27","House Civil Justice & Claims Subcommittee",13,0,0,5,18,1,"H","Contracts for Postadoption Contact","H1537",2025,"https://legiscan.com/FL/bill/H1537/2025",0.722222222222222,13,1,"N",1,1,1,1,1
1529512,1971398,"2025-2025_Regular_Session","2025-03-27","House Insurance & Banking Subcommittee",17,1,0,0,18,1,"H","Insurance","H0643",2025,"https://legiscan.com/FL/bill/H0643/2025",0.944444444444444,18,0.944444444444444,"N",1,0.8,0.8,1,0.944444444444444
1529559,1989113,"2025-2025_Regular_Session","2025-03-27","House Civil Justice & Claims Subcommittee",13,0,0,5,18,1,"H","Pub. Rec./Stricken Matters","H1569",2025,"https://legiscan.com/FL/bill/H1569/2025",0.722222222222222,13,1,"N",1,1,1,1,1
1529571,1967143,"2025-2025_Regular_Session","2025-03-27","House Education Administration Subcommittee",17,0,0,1,18,1,"H","International Baccalaureate Bonus Funding","H0581",2025,"https://legiscan.com/FL/bill/H0581/2025",0.944444444444444,17,1,"N",1,1,1,1,1
1529573,1948551,"2025-2025_Regular_Session","2025-03-27","House Budget Committee",24,0,0,6,30,1,"H","Toll Exemptions for Purple Heart Medal Recipients","H0313",2025,"https://legiscan.com/FL/bill/H0313/2025",0.8,24,1,"N",1,1,1,1,1
1529579,1984439,"2025-2025_Regular_Session","2025-03-27","House Insurance & Banking Subcommittee",16,0,0,2,18,1,"H","Florida Trust Code","H1173",2025,"https://legiscan.com/FL/bill/H1173/2025",0.888888888888889,16,1,"N",1,1,1,1,1
1529617,1989126,"2025-2025_Regular_Session","2025-03-27","House Education Administration Subcommittee",17,0,0,1,18,1,"H","Cardiac Emergencies","H1607",2025,"https://legiscan.com/FL/bill/H1607/2025",0.944444444444444,17,1,"N",1,1,1,1,1
1529734,1956827,"2025-2025_Regular_Session","2025-03-26","Senate Appropriations Committee on Pre-K - 12 Education",9,0,0,1,10,1,"S","Family Empowerment Scholarship Program","S0508",2025,"https://legiscan.com/FL/bill/S0508/2025",0.9,9,1,"N",1,1,1,1,1
1529807,1987815,"2025-2025_Regular_Session","2025-03-26","Senate Appropriations Committee on Health and Human Services",10,0,0,0,10,1,"S","Child Welfare","S1626",2025,"https://legiscan.com/FL/bill/S1626/2025",1,10,1,"N",1,1,1,1,1
1529826,1982521,"2025-2025_Regular_Session","2025-03-26","Senate Appropriations Committee on Health and Human Services",10,0,0,0,10,1,"S","Quality of Care in Nursing Homes","S0170",2025,"https://legiscan.com/FL/bill/S0170/2025",1,10,1,"N",1,1,1,1,1
1529876,1979142,"2025-2025_Regular_Session","2025-03-26","Senate Appropriations Committee on Health and Human Services",10,0,0,0,10,1,"S","Type 1 Diabetes Early Detection Program","S0958",2025,"https://legiscan.com/FL/bill/S0958/2025",1,10,1,"N",1,1,1,1,1
1530729,1961673,"2025-2025_Regular_Session","2025-03-05","House Civil Justice & Claims Subcommittee",18,0,0,0,18,1,"H","Recovery of Damages for Medical Negligence Resulting in Death","H6017",2025,"https://legiscan.com/FL/bill/H6017/2025",1,18,1,"N",1,1,1,1,1
1530730,1961673,"2025-2025_Regular_Session","2025-03-20","House Judiciary Committee",20,1,0,2,23,1,"H","Recovery of Damages for Medical Negligence Resulting in Death","H6017",2025,"https://legiscan.com/FL/bill/H6017/2025",0.869565217391304,21,0.952380952380952,"N",0.933333333333333,1,1,0.933333333333333,0.952380952380952
1530821,1964289,"2025-2025_Regular_Session","2025-03-31","Senate Education Postsecondary",5,0,0,2,7,1,"S","Young Adult Housing Support","S0584",2025,"https://legiscan.com/FL/bill/S0584/2025",0.714285714285714,5,1,"N",1,1,1,1,1
1530880,1983792,"2025-2025_Regular_Session","2025-03-31","Senate Commerce and Tourism",7,2,0,0,9,1,"S","Rural and Urban Business Enterprises","S1264",2025,"https://legiscan.com/FL/bill/S1264/2025",0.777777777777778,9,0.777777777777778,"N",1,0.333333333333333,0.666666666666667,1,0.888888888888889
1530931,1977185,"2025-2025_Regular_Session","2025-03-31","Senate Commerce and Tourism",9,0,0,0,9,1,"S","Third-party Reservation Platforms","S0940",2025,"https://legiscan.com/FL/bill/S0940/2025",1,9,1,"N",1,1,1,1,1
1530968,1970969,"2025-2025_Regular_Session","2025-03-31","Senate Ethics and Elections",8,0,0,1,9,1,"S","Registration of Agents and Organizations Associated with Foreign Countries of Concern","S0766",2025,"https://legiscan.com/FL/bill/S0766/2025",0.888888888888889,8,1,"N",1,1,1,1,1
1531000,1988998,"2025-2025_Regular_Session","2025-03-31","House Economic Infrastructure Subcommittee",16,0,0,2,18,1,"H","Prearranged Transportation Services","H1525",2025,"https://legiscan.com/FL/bill/H1525/2025",0.888888888888889,16,1,"N",1,1,1,1,1
1531025,1984230,"2025-2025_Regular_Session","2025-03-31","Senate Commerce and Tourism",9,0,0,0,9,1,"S","Tax Credits for Investment in Rural Communities","S1322",2025,"https://legiscan.com/FL/bill/S1322/2025",1,9,1,"N",1,1,1,1,1
1531038,1988659,"2025-2025_Regular_Session","2025-03-31","Senate Education Postsecondary",5,0,0,2,7,1,"S","Higher Education","S1726",2025,"https://legiscan.com/FL/bill/S1726/2025",0.714285714285714,5,1,"N",1,1,1,1,1
1531047,1977763,"2025-2025_Regular_Session","2025-03-31","House Economic Infrastructure Subcommittee",15,1,0,2,18,1,"H","Rapid Rail Transit Compact","H0833",2025,"https://legiscan.com/FL/bill/H0833/2025",0.833333333333333,16,0.9375,"N",0.916666666666667,1,1,0.916666666666667,0.9375
1531060,1985717,"2025-2025_Regular_Session","2025-03-31","Senate Education Postsecondary",5,0,0,2,7,1,"S","Apprenticeship and Preapprenticeship Program Funding","S1458",2025,"https://legiscan.com/FL/bill/S1458/2025",0.714285714285714,5,1,"N",1,1,1,1,1
1531090,1915029,"2025-2025_Regular_Session","2025-03-31","House Commerce Committee",19,0,0,7,26,1,"H","Pawnbroker Transaction Forms","H0139",2025,"https://legiscan.com/FL/bill/H0139/2025",0.730769230769231,19,1,"N",1,1,1,1,1
1531104,1977647,"2025-2025_Regular_Session","2025-03-31","Senate Commerce and Tourism",9,0,0,0,9,1,"S","Statewide Study on Automation and Workforce Impact","S0936",2025,"https://legiscan.com/FL/bill/S0936/2025",1,9,1,"N",1,1,1,1,1
1531122,1972698,"2025-2025_Regular_Session","2025-03-31","House Health & Human Services Committee",25,0,0,2,27,1,"H","State Group Insurance Program Coverage of Standard Fertility Preservation Services","H0677",2025,"https://legiscan.com/FL/bill/H0677/2025",0.925925925925926,25,1,"N",1,1,1,1,1
1531137,1987683,"2025-2025_Regular_Session","2025-03-31","House Health & Human Services Committee",24,0,0,3,27,1,"H","Juvenile Justice","H1405",2025,"https://legiscan.com/FL/bill/H1405/2025",0.888888888888889,24,1,"N",1,1,1,1,1
1531140,1987091,"2025-2025_Regular_Session","2025-03-31","House Health & Human Services Committee",25,0,0,2,27,1,"H","Home Health Care Services","H1353",2025,"https://legiscan.com/FL/bill/H1353/2025",0.925925925925926,25,1,"N",1,1,1,1,1
1531143,1989234,"2025-2025_Regular_Session","2025-03-31","House Health & Human Services Committee",25,0,0,2,27,1,"H","Insulin Administration by Direct Support Professionals and Relatives","H1567",2025,"https://legiscan.com/FL/bill/H1567/2025",0.925925925925926,25,1,"N",1,1,1,1,1
1531168,1894965,"2025-2025_Regular_Session","2025-03-31","House Health & Human Services Committee",24,0,0,3,27,1,"H","Pub. Rec. and Meetings/Social Work Licensure Interstate Compact","H0029",2025,"https://legiscan.com/FL/bill/H0029/2025",0.888888888888889,24,1,"N",1,1,1,1,1
1531169,1958806,"2025-2025_Regular_Session","2025-03-31","House Economic Infrastructure Subcommittee",16,0,0,2,18,1,"H","Telecommunications Access System Act of 1991","H0435",2025,"https://legiscan.com/FL/bill/H0435/2025",0.888888888888889,16,1,"N",1,1,1,1,1
1531188,1976023,"2025-2025_Regular_Session","2025-03-31","Senate Commerce and Tourism",9,0,0,0,9,1,"S","Veterans' Benefits Assistance","S0910",2025,"https://legiscan.com/FL/bill/S0910/2025",1,9,1,"N",1,1,1,1,1
1531244,1977973,"2025-2025_Regular_Session","2025-03-31","House Economic Infrastructure Subcommittee",16,0,0,2,18,1,"H","Assault or Battery on a Utility Worker","H0857",2025,"https://legiscan.com/FL/bill/H0857/2025",0.888888888888889,16,1,"N",1,1,1,1,1
1531249,1974729,"2025-2025_Regular_Session","2025-03-31","House Health & Human Services Committee",24,0,0,3,27,1,"H","Spectrum Alert","H0711",2025,"https://legiscan.com/FL/bill/H0711/2025",0.888888888888889,24,1,"N",1,1,1,1,1
1531251,1983785,"2025-2025_Regular_Session","2025-03-31","House Careers & Workforce Subcommittee",15,0,0,3,18,1,"H","Mathematics Education Requirements","H1113",2025,"https://legiscan.com/FL/bill/H1113/2025",0.833333333333333,15,1,"N",1,1,1,1,1
1531252,1986356,"2025-2025_Regular_Session","2025-03-31","House Health & Human Services Committee",19,7,0,1,27,1,"H","Electronic Prescribing","H1297",2025,"https://legiscan.com/FL/bill/H1297/2025",0.703703703703704,26,0.730769230769231,"N",1,0,1,1,1
1531272,1986949,"2025-2025_Regular_Session","2025-03-31","Senate Education Pre-K - 12",9,0,0,0,9,1,"S","Educator Preparation","S1590",2025,"https://legiscan.com/FL/bill/S1590/2025",1,9,1,"N",1,1,1,1,1
1531308,1988302,"2025-2025_Regular_Session","2025-03-31","Senate Education Pre-K - 12",8,1,0,0,9,1,"S","Education","S1708",2025,"https://legiscan.com/FL/bill/S1708/2025",0.888888888888889,9,0.888888888888889,"N",1,0.666666666666667,0.666666666666667,1,0.888888888888889
1531356,1886175,"2025-2025_Regular_Session","2025-03-31","Senate Community Affairs",8,0,0,0,8,1,"S","Relief of the Estate of M.N. by the Broward County Sheriff's Office","S0030",2025,"https://legiscan.com/FL/bill/S0030/2025",1,8,1,"N",1,1,1,1,1
1531371,1974755,"2025-2025_Regular_Session","2025-03-31","House Commerce Committee",21,0,0,5,26,1,"H","Roofing Services","H0715",2025,"https://legiscan.com/FL/bill/H0715/2025",0.807692307692308,21,1,"N",1,1,1,1,1
1531376,1984376,"2025-2025_Regular_Session","2025-03-31","Senate Education Pre-K - 12",9,0,0,0,9,1,"S","Human Trafficking Awareness","S0444",2025,"https://legiscan.com/FL/bill/S0444/2025",1,9,1,"N",1,1,1,1,1
1531387,1963449,"2025-2025_Regular_Session","2025-03-31","House Commerce Committee",21,0,0,5,26,1,"H","Nonprofit Agricultural Organization Medical Benefit Plans","H0497",2025,"https://legiscan.com/FL/bill/H0497/2025",0.807692307692308,21,1,"N",1,1,1,1,1
1531388,1988342,"2025-2025_Regular_Session","2025-03-31","Senate Education Pre-K - 12",7,2,0,0,9,1,"S","Education","S1702",2025,"https://legiscan.com/FL/bill/S1702/2025",0.777777777777778,9,0.777777777777778,"N",1,0.333333333333333,0.666666666666667,1,0.888888888888889
1531397,1894929,"2025-2025_Regular_Session","2025-03-31","House Health & Human Services Committee",24,0,0,3,27,1,"H","Social Work Licensure Interstate Compact","H0027",2025,"https://legiscan.com/FL/bill/H0027/2025",0.888888888888889,24,1,"N",1,1,1,1,1
1531408,1979642,"2025-2025_Regular_Session","2025-03-31","House Health & Human Services Committee",23,3,0,1,27,1,"H","Advanced Practice Registered Nurse Autonomous Practice","H0883",2025,"https://legiscan.com/FL/bill/H0883/2025",0.851851851851852,26,0.884615384615385,"N",1,0.571428571428571,0.571428571428571,1,0.884615384615385
1531409,1971548,"2025-2025_Regular_Session","2025-03-31","House Agriculture & Natural Resources Budget Subcommittee",11,4,0,1,16,1,"H","Department of Agriculture and Consumer Services","H0651",2025,"https://legiscan.com/FL/bill/H0651/2025",0.6875,15,0.733333333333333,"N",1,0,1,1,1
1531415,1915575,"2025-2025_Regular_Session","2025-03-31","Senate Community Affairs",6,2,0,0,8,1,"S","Municipal Water and Sewer Utility Rates","S0202",2025,"https://legiscan.com/FL/bill/S0202/2025",0.75,8,0.75,"N",1,0.333333333333333,0.666666666666667,1,0.875
1531419,1981896,"2025-2025_Regular_Session","2025-03-31","House Health & Human Services Committee",25,0,0,2,27,1,"H","Licensure of Family Foster Homes","H0989",2025,"https://legiscan.com/FL/bill/H0989/2025",0.925925925925926,25,1,"N",1,1,1,1,1
1531421,1973638,"2025-2025_Regular_Session","2025-03-31","Senate Education Pre-K - 12",8,1,0,0,9,1,"S","Education","S0822",2025,"https://legiscan.com/FL/bill/S0822/2025",0.888888888888889,9,0.888888888888889,"N",1,0.666666666666667,0.666666666666667,1,0.888888888888889
1531424,1948479,"2025-2025_Regular_Session","2025-03-31","House Commerce Committee",20,0,0,6,26,1,"H","Repair of Motorized Wheelchairs","H0311",2025,"https://legiscan.com/FL/bill/H0311/2025",0.769230769230769,20,1,"N",1,1,1,1,1
1531433,1886148,"2025-2025_Regular_Session","2025-03-31","Senate Community Affairs",8,0,0,0,8,1,"S","Relief of Patricia Ermini by the Lee County Sheriff's Office","S0004",2025,"https://legiscan.com/FL/bill/S0004/2025",1,8,1,"N",1,1,1,1,1
1531442,1896450,"2025-2025_Regular_Session","2025-03-31","Senate Community Affairs",8,0,0,0,8,1,"S","Relief of Jacob Rodgers by the City of Gainesville","S0096",2025,"https://legiscan.com/FL/bill/S0096/2025",1,8,1,"N",1,1,1,1,1
1531443,1953506,"2025-2025_Regular_Session","2025-03-31","House Economic Infrastructure Subcommittee",16,0,0,2,18,1,"H","Provenance of Digital Content","H0369",2025,"https://legiscan.com/FL/bill/H0369/2025",0.888888888888889,16,1,"N",1,1,1,1,1
1531447,1983721,"2025-2025_Regular_Session","2025-03-31","Senate Commerce and Tourism",6,3,0,0,9,1,"S","Verification of Reemployment Assistance Benefit Eligibility","S1238",2025,"https://legiscan.com/FL/bill/S1238/2025",0.666666666666667,9,0.666666666666667,"N",1,0,1,1,1
1531449,1966426,"2025-2025_Regular_Session","2025-03-31","Senate Commerce and Tourism",9,0,0,0,9,1,"S","Health Care Billing and Collection Activities","S0656",2025,"https://legiscan.com/FL/bill/S0656/2025",1,9,1,"N",1,1,1,1,1
1531454,1886040,"2025-2025_Regular_Session","2025-03-31","Senate Education Pre-K - 12",8,1,0,0,9,1,"S","Relief of Marcus Button by the Pasco County School Board","S0008",2025,"https://legiscan.com/FL/bill/S0008/2025",0.888888888888889,9,0.888888888888889,"N",0.833333333333333,1,1,0.833333333333333,0.888888888888889
1531456,1975226,"2025-2025_Regular_Session","2025-03-31","House Commerce Committee",21,0,0,5,26,1,"H","Veterinary Professional Associates","H0729",2025,"https://legiscan.com/FL/bill/H0729/2025",0.807692307692308,21,1,"N",1,1,1,1,1
1531457,1984006,"2025-2025_Regular_Session","2025-03-31","House Commerce Committee",15,3,0,8,26,1,"H","Verification of Reemployment Assistance Benefit Eligibility","H1157",2025,"https://legiscan.com/FL/bill/H1157/2025",0.576923076923077,18,0.833333333333333,"N",1,0,1,1,1
1531475,1984144,"2025-2025_Regular_Session","2025-03-31","Senate Education Pre-K - 12",9,0,0,0,9,1,"S","Use of Wireless Communications Devices in Schools","S1296",2025,"https://legiscan.com/FL/bill/S1296/2025",1,9,1,"N",1,1,1,1,1
1531489,1988947,"2025-2025_Regular_Session","2025-03-31","House Health & Human Services Committee",19,7,0,1,27,1,"H","Parental Rights","H1505",2025,"https://legiscan.com/FL/bill/H1505/2025",0.703703703703704,26,0.730769230769231,"N",1,0,1,1,1
1531495,1886121,"2025-2025_Regular_Session","2025-03-31","Senate Community Affairs",8,0,0,0,8,1,"S","Relief of Mande Penney-Lemmon by Sarasota County","S0024",2025,"https://legiscan.com/FL/bill/S0024/2025",1,8,1,"N",1,1,1,1,1
1531503,1979308,"2025-2025_Regular_Session","2025-03-31","House Careers & Workforce Subcommittee",16,0,0,2,18,1,"H","Young Adults who are Homeless or were in the Child Welfare System","H0879",2025,"https://legiscan.com/FL/bill/H0879/2025",0.888888888888889,16,1,"N",1,1,1,1,1
1531505,1977164,"2025-2025_Regular_Session","2025-03-31","House Careers & Workforce Subcommittee",17,0,0,1,18,1,"H","Statewide Study on Automation and Workforce Impact","H0827",2025,"https://legiscan.com/FL/bill/H0827/2025",0.944444444444444,17,1,"N",1,1,1,1,1
1531512,1901497,"2025-2025_Regular_Session","2025-03-31","Senate Community Affairs",7,1,0,0,8,1,"S","Charter Schools","S0140",2025,"https://legiscan.com/FL/bill/S0140/2025",0.875,8,0.875,"N",1,0.666666666666667,0.666666666666667,1,0.875
1531533,1961566,"2025-2025_Regular_Session","2025-03-31","Senate Education Pre-K - 12",9,0,0,0,9,1,"S","Disability History and Awareness Instruction","S0540",2025,"https://legiscan.com/FL/bill/S0540/2025",1,9,1,"N",1,1,1,1,1
1531541,1970240,"2025-2025_Regular_Session","2025-03-31","Senate Education Pre-K - 12",9,0,0,0,9,1,"S","Workforce Education","S0742",2025,"https://legiscan.com/FL/bill/S0742/2025",1,9,1,"N",1,1,1,1,1
1531546,1983730,"2025-2025_Regular_Session","2025-03-31","House Health & Human Services Committee",17,8,0,2,27,1,"H","Out-of-network Providers","H1101",2025,"https://legiscan.com/FL/bill/H1101/2025",0.62962962962963,25,0.68,"N",0.944444444444444,0,1,0.944444444444444,0.96
1531547,1982381,"2025-2025_Regular_Session","2025-03-31","Senate Education Pre-K - 12",9,0,0,0,9,1,"S","School Social Workers","S1150",2025,"https://legiscan.com/FL/bill/S1150/2025",1,9,1,"N",1,1,1,1,1
1531565,1984540,"2025-2025_Regular_Session","2025-03-31","Senate Ethics and Elections",8,0,0,1,9,1,"S","Election Dates for Municipal Office","S1416",2025,"https://legiscan.com/FL/bill/S1416/2025",0.888888888888889,8,1,"N",1,1,1,1,1
1531578,1989220,"2025-2025_Regular_Session","2025-03-31","House Commerce Committee",21,0,0,5,26,1,"H","Financial Services","H1549",2025,"https://legiscan.com/FL/bill/H1549/2025",0.807692307692308,21,1,"N",1,1,1,1,1
1531582,1982873,"2025-2025_Regular_Session","2025-03-31","House Health & Human Services Committee",19,7,0,1,27,1,"H","Patient Access to Records","H1083",2025,"https://legiscan.com/FL/bill/H1083/2025",0.703703703703704,26,0.730769230769231,"N",0.894736842105263,0.285714285714286,0.714285714285714,0.894736842105263,0.846153846153846
1531589,1940388,"2025-2025_Regular_Session","2025-03-31","House Health & Human Services Committee",24,0,0,3,27,1,"H","Health Facilities","H0229",2025,"https://legiscan.com/FL/bill/H0229/2025",0.888888888888889,24,1,"N",1,1,1,1,1
1531594,1977223,"2025-2025_Regular_Session","2025-03-31","Senate Community Affairs",8,0,0,0,8,1,"S","Restrictions on Firearms and Ammunition During Emergencies","S0952",2025,"https://legiscan.com/FL/bill/S0952/2025",1,8,1,"N",1,1,1,1,1
1531616,1972165,"2025-2025_Regular_Session","2025-03-12","House Intergovernmental Affairs Subcommittee",16,0,0,2,18,1,"H","Lee County","H4025",2025,"https://legiscan.com/FL/bill/H4025/2025",0.888888888888889,16,1,"N",1,1,1,1,1
1531617,1972165,"2025-2025_Regular_Session","2025-03-20","House Ways & Means Committee",17,0,0,2,19,1,"H","Lee County","H4025",2025,"https://legiscan.com/FL/bill/H4025/2025",0.894736842105263,17,1,"N",1,1,1,1,1
1531674,1987648,"2025-2025_Regular_Session","2025-03-31","House Commerce Committee",16,3,0,7,26,1,"H","Framework for a Sovereign Wealth Fund","H4063",2025,"https://legiscan.com/FL/bill/H4063/2025",0.615384615384615,19,0.842105263157895,"N",1,0.25,0.75,1,0.947368421052632
1531716,1987641,"2025-2025_Regular_Session","2025-03-31","Senate Community Affairs",7,1,0,0,8,1,"S","Beaches","S1622",2025,"https://legiscan.com/FL/bill/S1622/2025",0.875,8,0.875,"N",0.8,1,1,0.8,0.875
1531761,1966032,"2025-2025_Regular_Session","2025-03-31","Senate Community Affairs",8,0,0,0,8,1,"S","Waiver or Release of Liens","S0658",2025,"https://legiscan.com/FL/bill/S0658/2025",1,8,1,"N",1,1,1,1,1
1531877,1942198,"2025-2025_Regular_Session","2025-03-31","Senate Commerce and Tourism",9,0,0,0,9,1,"S","Construction Disruption Assistance","S0324",2025,"https://legiscan.com/FL/bill/S0324/2025",1,9,1,"N",1,1,1,1,1
1531886,1980688,"2025-2025_Regular_Session","2025-04-01","House Health Care Budget Subcommittee",14,0,0,1,15,1,"H","Florida Institute for Pediatric Rare Diseases","H0907",2025,"https://legiscan.com/FL/bill/H0907/2025",0.933333333333333,14,1,"N",1,1,1,1,1
1531891,1988355,"2025-2025_Regular_Session","2025-03-31","Senate Commerce and Tourism",9,0,0,0,9,1,"S","Labor Pool Act","S1672",2025,"https://legiscan.com/FL/bill/S1672/2025",1,9,1,"N",1,1,1,1,1
1531934,1952247,"2025-2025_Regular_Session","2025-04-01","House Criminal Justice Subcommittee",13,4,0,1,18,1,"H","Dangerous Excessive Speeding","H0351",2025,"https://legiscan.com/FL/bill/H0351/2025",0.722222222222222,17,0.764705882352941,"N",1,0.2,0.8,1,0.941176470588235
1531945,1989175,"2025-2025_Regular_Session","2025-03-31","Senate Commerce and Tourism",9,0,0,0,9,1,"S","Motor Vehicle Manufacturers and Franchised Motor Vehicle Dealers","S1820",2025,"https://legiscan.com/FL/bill/S1820/2025",1,9,1,"N",1,1,1,1,1
1531967,1965086,"2025-2025_Regular_Session","2025-04-01","House Criminal Justice Subcommittee",11,6,0,1,18,1,"H","Public Lodging and Public Food Service Establishments","H0535",2025,"https://legiscan.com/FL/bill/H0535/2025",0.611111111111111,17,0.647058823529412,"N",0.916666666666667,0,1,0.916666666666667,0.941176470588235
1532044,1893073,"2025-2025_Regular_Session","2025-04-01","Senate Rules",23,0,0,2,25,1,"S","Health Facilities","S0068",2025,"https://legiscan.com/FL/bill/S0068/2025",0.92,23,1,"N",1,1,1,1,1
1532056,1948410,"2025-2025_Regular_Session","2025-04-01","House Intergovernmental Affairs Subcommittee",16,0,0,2,18,1,"H","Ad Valorem Tax Exemption for Nonprofit Homes for the Aged","H0321",2025,"https://legiscan.com/FL/bill/H0321/2025",0.888888888888889,16,1,"N",1,1,1,1,1
1532058,1983260,"2025-2025_Regular_Session","2025-04-01","House Intergovernmental Affairs Subcommittee",16,0,0,2,18,1,"H","Fort Pierce Farms Water Control District, St. Lucie County","H4047",2025,"https://legiscan.com/FL/bill/H4047/2025",0.888888888888889,16,1,"N",1,1,1,1,1
1532061,1973300,"2025-2025_Regular_Session","2025-04-01","Senate Rules",24,1,0,0,25,1,"S","Florida Trust Code","S0806",2025,"https://legiscan.com/FL/bill/S0806/2025",0.96,25,0.96,"N",0.947368421052632,1,1,0.947368421052632,0.96
1532062,1919924,"2025-2025_Regular_Session","2025-04-01","Senate Rules",24,1,0,0,25,1,"S","Public Records/Congressional Members and Public Officers","S0268",2025,"https://legiscan.com/FL/bill/S0268/2025",0.96,25,0.96,"N",1,0.833333333333333,0.833333333333333,1,0.96
1532068,1988832,"2025-2025_Regular_Session","2025-04-01","House Criminal Justice Subcommittee",16,0,0,2,18,1,"H","Sexual Cyberharassment","H1451",2025,"https://legiscan.com/FL/bill/H1451/2025",0.888888888888889,16,1,"N",1,1,1,1,1
1532075,1967427,"2025-2025_Regular_Session","2025-04-01","House Intergovernmental Affairs Subcommittee",16,0,0,2,18,1,"H","Land Use and Development","H0579",2025,"https://legiscan.com/FL/bill/H0579/2025",0.888888888888889,16,1,"N",1,1,1,1,1
1532077,1982897,"2025-2025_Regular_Session","2025-04-01","House Intergovernmental Affairs Subcommittee",16,0,0,2,18,1,"H","Alternative Plans Reviews and Inspections","H1071",2025,"https://legiscan.com/FL/bill/H1071/2025",0.888888888888889,16,1,"N",1,1,1,1,1
1532083,1956108,"2025-2025_Regular_Session","2025-04-01","House Criminal Justice Subcommittee",16,0,0,2,18,1,"H","Public Records/Crime Stoppers Organizations","H0397",2025,"https://legiscan.com/FL/bill/H0397/2025",0.888888888888889,16,1,"N",1,1,1,1,1
1532086,1918894,"2025-2025_Regular_Session","2025-04-01","House Intergovernmental Affairs Subcommittee",16,0,0,2,18,1,"H","Ad Valorem Property Tax Exemption for the Surviving Spouse of Quadriplegics","H0163",2025,"https://legiscan.com/FL/bill/H0163/2025",0.888888888888889,16,1,"N",1,1,1,1,1
1532087,1973157,"2025-2025_Regular_Session","2025-04-01","House Intergovernmental Affairs Subcommittee",15,0,0,3,18,1,"H","Construction Regulations","H0683",2025,"https://legiscan.com/FL/bill/H0683/2025",0.833333333333333,15,1,"N",1,1,1,1,1
1532091,1987276,"2025-2025_Regular_Session","2025-04-01","House Criminal Justice Subcommittee",16,0,0,2,18,1,"H","Feasibility Study Relating to Statewide Pawn Data Database","H1359",2025,"https://legiscan.com/FL/bill/H1359/2025",0.888888888888889,16,1,"N",1,1,1,1,1
1532093,1918948,"2025-2025_Regular_Session","2025-04-01","House Intergovernmental Affairs Subcommittee",16,0,0,2,18,1,"H","Tax Exemptions for Surviving Spouses of Quadriplegics","H0165",2025,"https://legiscan.com/FL/bill/H0165/2025",0.888888888888889,16,1,"N",1,1,1,1,1
1532107,1986439,"2025-2025_Regular_Session","2025-04-01","House Criminal Justice Subcommittee",15,0,0,3,18,1,"H","Disposition of Migrant Vessels","H1285",2025,"https://legiscan.com/FL/bill/H1285/2025",0.833333333333333,15,1,"N",1,1,1,1,1
1532112,1989147,"2025-2025_Regular_Session","2025-04-01","House Intergovernmental Affairs Subcommittee",16,0,0,2,18,1,"H","Solar Facilities","H1595",2025,"https://legiscan.com/FL/bill/H1595/2025",0.888888888888889,16,1,"N",1,1,1,1,1
1532136,1984295,"2025-2025_Regular_Session","2025-04-01","House Criminal Justice Subcommittee",15,0,0,3,18,1,"H","Vessel Accountability","H1149",2025,"https://legiscan.com/FL/bill/H1149/2025",0.833333333333333,15,1,"N",1,1,1,1,1
1532147,1984688,"2025-2025_Regular_Session","2025-04-01","Senate Rules",24,0,0,1,25,1,"S","Ambulatory Surgical Centers","S1370",2025,"https://legiscan.com/FL/bill/S1370/2025",0.96,24,1,"N",1,1,1,1,1
1532167,1953841,"2025-2025_Regular_Session","2025-04-01","House Intergovernmental Affairs Subcommittee",16,0,0,2,18,1,"H","Platting","H0381",2025,"https://legiscan.com/FL/bill/H0381/2025",0.888888888888889,16,1,"N",1,1,1,1,1
1532168,1982813,"2025-2025_Regular_Session","2025-04-01","House Health Care Budget Subcommittee",14,0,0,1,15,1,"H","Newborn Screenings","H1089",2025,"https://legiscan.com/FL/bill/H1089/2025",0.933333333333333,14,1,"N",1,1,1,1,1
1532174,1886200,"2025-2025_Regular_Session","2025-04-01","Senate Rules",23,1,0,1,25,1,"S","Relief of J.N., a Minor, by Hillsborough County","S0020",2025,"https://legiscan.com/FL/bill/S0020/2025",0.92,24,0.958333333333333,"N",0.944444444444444,1,1,0.944444444444444,0.958333333333333
1532198,1994534,"2025-2025_Regular_Session","2025-04-01","House Intergovernmental Affairs Subcommittee",13,2,0,3,18,1,"H","Town of White Springs, Hamilton County","H4079",2025,"https://legiscan.com/FL/bill/H4079/2025",0.722222222222222,15,0.866666666666667,"N",1,0.5,NA,1,1
1532203,1954185,"2025-2025_Regular_Session","2025-04-01","House Human Services Subcommittee",17,0,0,1,18,1,"H","Faith-based Content in Batterer's Intervention Program","H0391",2025,"https://legiscan.com/FL/bill/H0391/2025",0.944444444444444,17,1,"N",1,1,1,1,1
1532205,1918478,"2025-2025_Regular_Session","2025-04-01","Senate Rules",25,0,0,0,25,1,"S","Student Participation in Interscholastic and Intrascholastic Extracurricular Sports","S0248",2025,"https://legiscan.com/FL/bill/S0248/2025",1,25,1,"N",1,1,1,1,1
1532211,1951702,"2025-2025_Regular_Session","2025-04-01","Senate Rules",25,0,0,0,25,1,"S","Florida Museum of Black History","S0466",2025,"https://legiscan.com/FL/bill/S0466/2025",1,25,1,"N",1,1,1,1,1
1532215,1983346,"2025-2025_Regular_Session","2025-04-01","House Human Services Subcommittee",17,0,0,1,18,1,"H","Alzheimer's Disease Awareness Initiative","H1065",2025,"https://legiscan.com/FL/bill/H1065/2025",0.944444444444444,17,1,"N",1,1,1,1,1
1532216,1911850,"2025-2025_Regular_Session","2025-04-01","Senate Rules",25,0,0,0,25,1,"S","Housing","S0184",2025,"https://legiscan.com/FL/bill/S0184/2025",1,25,1,"N",1,1,1,1,1
1532243,1987729,"2025-2025_Regular_Session","2025-03-24","Senate Appropriations Committee on Higher Education",6,2,0,0,8,1,"S","Higher Education","S1624",2025,"https://legiscan.com/FL/bill/S1624/2025",0.75,8,0.75,"N",1,0,1,1,1
1532255,1977478,"2025-2025_Regular_Session","2025-04-01","Senate Rules",24,0,0,1,25,1,"S","Flood Disclosures","S0948",2025,"https://legiscan.com/FL/bill/S0948/2025",0.96,24,1,"N",1,1,1,1,1
1532268,1886227,"2025-2025_Regular_Session","2025-04-01","Senate Rules",23,1,0,1,25,1,"S","Relief of the Estate of Peniel Janvier by the City of Miami Beach","S0014",2025,"https://legiscan.com/FL/bill/S0014/2025",0.92,24,0.958333333333333,"N",0.944444444444444,1,1,0.944444444444444,0.958333333333333
1532269,1984179,"2025-2025_Regular_Session","2025-04-01","House Intergovernmental Affairs Subcommittee",15,1,0,2,18,1,"H","Utility Service Restrictions","H1137",2025,"https://legiscan.com/FL/bill/H1137/2025",0.833333333333333,16,0.9375,"N",1,0.75,0.75,1,0.9375
1532280,1984348,"2025-2025_Regular_Session","2025-04-01","Senate Rules",22,2,0,1,25,1,"S","Traffic Offenses","S1318",2025,"https://legiscan.com/FL/bill/S1318/2025",0.88,24,0.916666666666667,"N",0.888888888888889,1,1,0.888888888888889,0.916666666666667
1532291,1984362,"2025-2025_Regular_Session","2025-04-01","Senate Rules",25,0,0,0,25,1,"S","Harming or Neglecting Children","S1286",2025,"https://legiscan.com/FL/bill/S1286/2025",1,25,1,"N",1,1,1,1,1
1532312,1973373,"2025-2025_Regular_Session","2025-04-01","House Higher Education Budget Subcommittee",14,0,0,1,15,1,"H","Apprenticeship and Preapprenticeship Program Funding","H0681",2025,"https://legiscan.com/FL/bill/H0681/2025",0.933333333333333,14,1,"N",1,1,1,1,1
1532323,1982781,"2025-2025_Regular_Session","2025-04-01","Senate Rules",25,0,0,0,25,1,"S","Spring Restoration","S1228",2025,"https://legiscan.com/FL/bill/S1228/2025",1,25,1,"N",1,1,1,1,1
1532368,1984969,"2025-2025_Regular_Session","2025-04-01","Senate Criminal Justice",9,0,0,0,9,1,"S","Leaving the Scene of a Crash Involving Only Damage to Vehicle or Property","S1378",2025,"https://legiscan.com/FL/bill/S1378/2025",1,9,1,"N",1,1,1,1,1
1532410,1962522,"2025-2025_Regular_Session","2025-04-01","House Natural Resources & Disasters Subcommittee",17,0,0,1,18,1,"H","Geoengineering and Weather Modification Activities","H0477",2025,"https://legiscan.com/FL/bill/H0477/2025",0.944444444444444,17,1,"N",1,1,1,1,1
1532433,1973819,"2025-2025_Regular_Session","2025-04-01","House Intergovernmental Affairs Subcommittee",14,0,0,4,18,1,"H","San Carlos Estates Water Control District, Lee County","H4033",2025,"https://legiscan.com/FL/bill/H4033/2025",0.777777777777778,14,1,"N",1,1,1,1,1
1532457,1981587,"2025-2025_Regular_Session","2025-04-01","House Human Services Subcommittee",16,0,0,2,18,1,"H","Reporting of Student Mental Health Outcomes","H0969",2025,"https://legiscan.com/FL/bill/H0969/2025",0.888888888888889,16,1,"N",1,1,1,1,1
1532469,1984167,"2025-2025_Regular_Session","2025-04-01","House Criminal Justice Subcommittee",16,0,0,2,18,1,"H","Fish and Wildlife Conservation Commission","H1133",2025,"https://legiscan.com/FL/bill/H1133/2025",0.888888888888889,16,1,"N",1,1,1,1,1
1532479,1983946,"2025-2025_Regular_Session","2025-04-01","House Human Services Subcommittee",12,5,0,1,18,1,"H","Certified Recovery Residences","H1163",2025,"https://legiscan.com/FL/bill/H1163/2025",0.666666666666667,17,0.705882352941177,"N",1,0,1,1,1
1532485,1985684,"2025-2025_Regular_Session","2025-04-01","Senate Criminal Justice",9,0,0,0,9,1,"S","Public Safety","S1444",2025,"https://legiscan.com/FL/bill/S1444/2025",1,9,1,"N",1,1,1,1,1
1532550,1964414,"2025-2025_Regular_Session","2025-04-01","Senate Criminal Justice",8,1,0,0,9,1,"S","Public Lodging and Public Food Service Establishments","S0606",2025,"https://legiscan.com/FL/bill/S0606/2025",0.888888888888889,9,0.888888888888889,"N",1,0.666666666666667,0.666666666666667,1,0.888888888888889
1532590,1988101,"2025-2025_Regular_Session","2025-04-01","Senate Criminal Justice",9,0,0,0,9,1,"S","Prearranged Transportation Services","S1696",2025,"https://legiscan.com/FL/bill/S1696/2025",1,9,1,"N",1,1,1,1,1
1532604,1892647,"2025-2025_Regular_Session","2025-04-01","Senate Criminal Justice",9,0,0,0,9,1,"S","Motor Vehicles","S0044",2025,"https://legiscan.com/FL/bill/S0044/2025",1,9,1,"N",1,1,1,1,1
1532616,1979078,"2025-2025_Regular_Session","2025-04-01","House Higher Education Budget Subcommittee",11,3,0,1,15,1,"H","Educator Preparation","H0875",2025,"https://legiscan.com/FL/bill/H0875/2025",0.733333333333333,14,0.785714285714286,"N",1,0.25,0.75,1,0.928571428571429
1532617,1984810,"2025-2025_Regular_Session","2025-04-01","Senate Criminal Justice",9,0,0,0,9,1,"S","Removal of Altered Sexual Depictions Posted Without Consent","S1400",2025,"https://legiscan.com/FL/bill/S1400/2025",1,9,1,"N",1,1,1,1,1
1532666,1921284,"2025-2025_Regular_Session","2025-04-01","Senate Children, Families, and Elder Affairs",6,0,0,1,7,1,"S","Sheltering or Aiding Unmarried Minors","S0276",2025,"https://legiscan.com/FL/bill/S0276/2025",0.857142857142857,6,1,"N",1,1,1,1,1
1532668,1963657,"2025-2025_Regular_Session","2025-04-01","Senate Rules",25,0,0,0,25,1,"S","Unlawful Demolition of Historical Buildings and Structures","S0582",2025,"https://legiscan.com/FL/bill/S0582/2025",1,25,1,"N",1,1,1,1,1
1532669,1963769,"2025-2025_Regular_Session","2025-04-01","Senate Rules",25,0,0,0,25,1,"S","Wine Containers","S0578",2025,"https://legiscan.com/FL/bill/S0578/2025",1,25,1,"N",1,1,1,1,1
1532671,1983449,"2025-2025_Regular_Session","2025-04-01","Senate Rules",24,0,0,1,25,1,"S","Fraudulent Use of Gift Cards","S1198",2025,"https://legiscan.com/FL/bill/S1198/2025",0.96,24,1,"N",1,1,1,1,1
1532683,1969698,"2025-2025_Regular_Session","2025-04-01","Senate Governmental Oversight and Accountability",7,0,0,0,7,1,"S","Public Records/Crime Stoppers Organizations","S0710",2025,"https://legiscan.com/FL/bill/S0710/2025",1,7,1,"N",1,1,1,1,1
1532704,1977580,"2025-2025_Regular_Session","2025-04-01","House Intergovernmental Affairs Subcommittee",16,0,0,2,18,1,"H","Veterans Affairs","H0845",2025,"https://legiscan.com/FL/bill/H0845/2025",0.888888888888889,16,1,"N",1,1,1,1,1
1532711,1927986,"2025-2025_Regular_Session","2025-04-01","Senate Rules",25,0,0,0,25,1,"S","Specific Medical Diagnoses in Child Protective Investigations","S0304",2025,"https://legiscan.com/FL/bill/S0304/2025",1,25,1,"N",1,1,1,1,1
1532720,1985713,"2025-2025_Regular_Session","2025-04-01","Senate Criminal Justice",9,0,0,0,9,1,"S","Arrest and Detention of Individuals with Significant Medical Conditions","S1450",2025,"https://legiscan.com/FL/bill/S1450/2025",1,9,1,"N",1,1,1,1,1
1532724,1915267,"2025-2025_Regular_Session","2025-04-01","Senate Governmental Oversight and Accountability",7,0,0,0,7,1,"S","Special Observances/Fentanyl Awareness and Education Day","S0214",2025,"https://legiscan.com/FL/bill/S0214/2025",1,7,1,"N",1,1,1,1,1
1532733,1927298,"2025-2025_Regular_Session","2025-04-01","Senate Rules",24,0,0,1,25,1,"S","Florida Institute for Human and Machine Cognition, Inc.","S0312",2025,"https://legiscan.com/FL/bill/S0312/2025",0.96,24,1,"N",1,1,1,1,1
1532737,1927189,"2025-2025_Regular_Session","2025-04-01","Senate Governmental Oversight and Accountability",7,0,0,0,7,1,"S","Public Records/Judicial Qualifications Commission","S0302",2025,"https://legiscan.com/FL/bill/S0302/2025",1,7,1,"N",1,1,1,1,1
1532740,1940269,"2025-2025_Regular_Session","2025-04-01","House Intergovernmental Affairs Subcommittee",16,0,0,2,18,1,"H","Operating Vehicles and Vessels","H0241",2025,"https://legiscan.com/FL/bill/H0241/2025",0.888888888888889,16,1,"N",1,1,1,1,1
1532757,1984663,"2025-2025_Regular_Session","2025-04-01","House Human Services Subcommittee",16,0,0,2,18,1,"H","Supervision of Children","H1191",2025,"https://legiscan.com/FL/bill/H1191/2025",0.888888888888889,16,1,"N",1,1,1,1,1
1532770,1972079,"2025-2025_Regular_Session","2025-04-01","House Natural Resources & Disasters Subcommittee",16,0,0,2,18,1,"H","One Water Approaches to Water Resource Management","H0661",2025,"https://legiscan.com/FL/bill/H0661/2025",0.888888888888889,16,1,"N",1,1,1,1,1
1532777,1989232,"2025-2025_Regular_Session","2025-04-01","House Natural Resources & Disasters Subcommittee",17,0,0,1,18,1,"H","Recreational Customary Use of Beaches","H6043",2025,"https://legiscan.com/FL/bill/H6043/2025",0.944444444444444,17,1,"N",1,1,1,1,1
1532779,1987416,"2025-2025_Regular_Session","2025-04-01","House Human Services Subcommittee",17,0,0,1,18,1,"H","Community Services for Needy Individuals and Families","H1327",2025,"https://legiscan.com/FL/bill/H1327/2025",0.944444444444444,17,1,"N",1,1,1,1,1
1532786,1985598,"2025-2025_Regular_Session","2025-04-01","Senate Criminal Justice",8,0,0,1,9,1,"S","Postjudgment Execution Proceedings Relating to Terrorism","S1430",2025,"https://legiscan.com/FL/bill/S1430/2025",0.888888888888889,8,1,"N",1,1,1,1,1
1532791,1961827,"2025-2025_Regular_Session","2025-04-01","House Criminal Justice Subcommittee",17,0,0,1,18,1,"H","Unlawful Distribution of Controlled Substances Resulting in Death","H0457",2025,"https://legiscan.com/FL/bill/H0457/2025",0.944444444444444,17,1,"N",1,1,1,1,1
1532806,1987058,"2025-2025_Regular_Session","2025-04-01","House Natural Resources & Disasters Subcommittee",16,0,0,2,18,1,"H","Infrastructure and Resiliency","H1345",2025,"https://legiscan.com/FL/bill/H1345/2025",0.888888888888889,16,1,"N",1,1,1,1,1
1532824,1973439,"2025-2025_Regular_Session","2025-04-01","House Intergovernmental Affairs Subcommittee",14,0,0,4,18,1,"H","Lee County","H4035",2025,"https://legiscan.com/FL/bill/H4035/2025",0.777777777777778,14,1,"N",1,1,1,1,1
1532835,1970800,"2025-2025_Regular_Session","2025-04-01","House Health Care Budget Subcommittee",14,0,0,1,15,1,"H","Behavioral Health Managing Entities","H0633",2025,"https://legiscan.com/FL/bill/H0633/2025",0.933333333333333,14,1,"N",1,1,1,1,1
1532843,1988496,"2025-2025_Regular_Session","2025-04-01","House Justice Budget Subcommittee",11,1,0,3,15,1,"H","Sexual Offenses by Persons Previously Convicted of Sexual Offenses","H1455",2025,"https://legiscan.com/FL/bill/H1455/2025",0.733333333333333,12,0.916666666666667,"N",1,0.666666666666667,0.666666666666667,1,0.916666666666667
1532849,1983559,"2025-2025_Regular_Session","2025-04-01","Senate Transportation",8,0,0,1,9,1,"S","Specialty License Plates/Florida Wildflower","S1152",2025,"https://legiscan.com/FL/bill/S1152/2025",0.888888888888889,8,1,"N",1,1,1,1,1
1532868,1983996,"2025-2025_Regular_Session","2025-04-01","House Natural Resources & Disasters Subcommittee",16,0,0,2,18,1,"H","Water Management Districts","H1169",2025,"https://legiscan.com/FL/bill/H1169/2025",0.888888888888889,16,1,"N",1,1,1,1,1
1532869,1987811,"2025-2025_Regular_Session","2025-04-01","House Government Operations Subcommittee",10,4,0,5,19,1,"H","Pub.Rec./Voter Registration Record Maintenance","H1383",2025,"https://legiscan.com/FL/bill/H1383/2025",0.526315789473684,14,0.714285714285714,"N",1,0,1,1,1
1532933,1985682,"2025-2025_Regular_Session","2025-04-01","House PreK-12 Budget Subcommittee",12,1,0,2,15,1,"H","Education","H1255",2025,"https://legiscan.com/FL/bill/H1255/2025",0.8,13,0.923076923076923,"N",1,0.75,0.75,1,0.923076923076923
1532958,1989046,"2025-2025_Regular_Session","2025-04-01","House Student Academic Success Subcommittee",12,1,0,5,18,1,"H","Educational Choice","H1565",2025,"https://legiscan.com/FL/bill/H1565/2025",0.666666666666667,13,0.923076923076923,"N",1,0.75,0.75,1,0.923076923076923
1532963,1977606,"2025-2025_Regular_Session","2025-04-01","House Natural Resources & Disasters Subcommittee",17,0,0,1,18,1,"H","Fish and Wildlife Conservation Commission Trust Funds","H0843",2025,"https://legiscan.com/FL/bill/H0843/2025",0.944444444444444,17,1,"N",1,1,1,1,1
1532969,1994035,"2025-2025_Regular_Session","2025-04-01","Senate Governmental Oversight and Accountability",7,0,0,0,7,1,"S","OGSR/Parental Consent Requirements Before Terminating a Pregnancy","S7018",2025,"https://legiscan.com/FL/bill/S7018/2025",1,7,1,"N",1,1,1,1,1
1532992,1981960,"2025-2025_Regular_Session","2025-04-01","Senate Rules",22,1,0,2,25,1,"S","Health Care Practitioner Specialty Titles and Designations","S0172",2025,"https://legiscan.com/FL/bill/S0172/2025",0.88,23,0.956521739130435,"N",1,0.833333333333333,0.833333333333333,1,0.956521739130435
1532993,1987752,"2025-2025_Regular_Session","2025-04-01","House PreK-12 Budget Subcommittee",11,0,0,4,15,1,"H","Safety of Students","H1403",2025,"https://legiscan.com/FL/bill/H1403/2025",0.733333333333333,11,1,"N",1,1,1,1,1
1533005,1918230,"2025-2025_Regular_Session","2025-04-01","Senate Criminal Justice",9,0,0,0,9,1,"S","Victims of Domestic Violence and Dating Violence","S0240",2025,"https://legiscan.com/FL/bill/S0240/2025",1,9,1,"N",1,1,1,1,1
1533025,1988954,"2025-2025_Regular_Session","2025-04-01","House Student Academic Success Subcommittee",12,5,0,1,18,1,"H","Education","H1483",2025,"https://legiscan.com/FL/bill/H1483/2025",0.666666666666667,17,0.705882352941177,"N",0.923076923076923,0,1,0.923076923076923,0.941176470588235
1533027,1975029,"2025-2025_Regular_Session","2025-04-01","House Government Operations Subcommittee",16,0,0,3,19,1,"H","Law Enforcement, Correctional, and Correctional Probation Officer Benefits","H0751",2025,"https://legiscan.com/FL/bill/H0751/2025",0.842105263157895,16,1,"N",1,1,1,1,1
1533028,1985213,"2025-2025_Regular_Session","2025-04-01","House Human Services Subcommittee",15,0,0,3,18,1,"H","Mental Health","H1207",2025,"https://legiscan.com/FL/bill/H1207/2025",0.833333333333333,15,1,"N",1,1,1,1,1
1533041,1977113,"2025-2025_Regular_Session","2025-04-01","House Government Operations Subcommittee",16,0,0,3,19,1,"H","Pub. Rec./Public Officers","H0789",2025,"https://legiscan.com/FL/bill/H0789/2025",0.842105263157895,16,1,"N",1,1,1,1,1
1533049,1986870,"2025-2025_Regular_Session","2025-04-01","Senate Governmental Oversight and Accountability",5,2,0,0,7,1,"S","Department of State","S1524",2025,"https://legiscan.com/FL/bill/S1524/2025",0.714285714285714,7,0.714285714285714,"N",1,0,1,1,1
1533053,1983455,"2025-2025_Regular_Session","2025-04-01","Senate Rules",25,0,0,0,25,1,"S","Installation or Use of Tracking Devices or Applications","S1168",2025,"https://legiscan.com/FL/bill/S1168/2025",1,25,1,"N",1,1,1,1,1
1533055,1987196,"2025-2025_Regular_Session","2025-04-01","House Government Operations Subcommittee",16,0,0,3,19,1,"H","West Villages Improvement District, Sarasota County","H4061",2025,"https://legiscan.com/FL/bill/H4061/2025",0.842105263157895,16,1,"N",1,1,1,1,1
1533057,1973230,"2025-2025_Regular_Session","2025-04-01","Senate Governmental Oversight and Accountability",6,1,0,0,7,1,"S","Designation of the Official State Flagship","S0804",2025,"https://legiscan.com/FL/bill/S0804/2025",0.857142857142857,7,0.857142857142857,"N",0.8,1,1,0.8,0.857142857142857
1533059,1983010,"2025-2025_Regular_Session","2025-04-01","Senate Transportation",6,3,0,0,9,1,"S","Local Governing Authorities","S1188",2025,"https://legiscan.com/FL/bill/S1188/2025",0.666666666666667,9,0.666666666666667,"N",1,0,1,1,1
1533062,1982464,"2025-2025_Regular_Session","2025-04-01","Senate Governmental Oversight and Accountability",6,1,0,0,7,1,"S","Hope Florida","S1144",2025,"https://legiscan.com/FL/bill/S1144/2025",0.857142857142857,7,0.857142857142857,"N",1,0.5,NA,1,1
1533065,1942335,"2025-2025_Regular_Session","2025-04-01","House PreK-12 Budget Subcommittee",13,0,0,2,15,1,"H","Exceptional Students and Video Cameras in Public Schools","H0257",2025,"https://legiscan.com/FL/bill/H0257/2025",0.866666666666667,13,1,"N",1,1,1,1,1
1533068,1988365,"2025-2025_Regular_Session","2025-03-31","Senate Community Affairs",8,0,0,0,8,1,"S","Unrated Bonds","S1674",2025,"https://legiscan.com/FL/bill/S1674/2025",1,8,1,"N",1,1,1,1,1
1533071,1987471,"2025-2025_Regular_Session","2025-04-01","House Human Services Subcommittee",17,0,0,1,18,1,"H","Pub. Rec./Hope Florida Participants","H1329",2025,"https://legiscan.com/FL/bill/H1329/2025",0.944444444444444,17,1,"N",1,1,1,1,1
1533094,1987557,"2025-2025_Regular_Session","2025-04-01","Senate Criminal Justice",9,0,0,0,9,1,"S","Background Screening of Athletic Coaches","S1546",2025,"https://legiscan.com/FL/bill/S1546/2025",1,9,1,"N",1,1,1,1,1
1533106,1981409,"2025-2025_Regular_Session","2025-04-01","Senate Governmental Oversight and Accountability",7,0,0,0,7,1,"S","OGSR/Department of Financial Services","S7010",2025,"https://legiscan.com/FL/bill/S7010/2025",1,7,1,"N",1,1,1,1,1
1533108,1983327,"2025-2025_Regular_Session","2025-03-31","Senate Community Affairs",8,0,0,0,8,1,"S","Electronic Delivery of Notices Between Landlords and Tenants","S1164",2025,"https://legiscan.com/FL/bill/S1164/2025",1,8,1,"N",1,1,1,1,1
1533112,1979897,"2025-2025_Regular_Session","2025-04-01","Senate Criminal Justice",9,0,0,0,9,1,"S","Court-ordered Sealing of Criminal History Records","S1000",2025,"https://legiscan.com/FL/bill/S1000/2025",1,9,1,"N",1,1,1,1,1
1533113,1964877,"2025-2025_Regular_Session","2025-04-01","Senate Governmental Oversight and Accountability",7,0,0,0,7,1,"S","Council on the Social Status of Black Men and Boys","S0626",2025,"https://legiscan.com/FL/bill/S0626/2025",1,7,1,"N",1,1,1,1,1
1533122,1941927,"2025-2025_Regular_Session","2025-04-01","Senate Governmental Oversight and Accountability",7,0,0,0,7,1,"S","Public Records/Agency for Health Care Administration","S0342",2025,"https://legiscan.com/FL/bill/S0342/2025",1,7,1,"N",1,1,1,1,1
1533124,1983247,"2025-2025_Regular_Session","2025-04-01","House Natural Resources & Disasters Subcommittee",15,2,0,1,18,1,"H","Carbon Sequestration","H1063",2025,"https://legiscan.com/FL/bill/H1063/2025",0.833333333333333,17,0.882352941176471,"N",0.833333333333333,1,1,0.833333333333333,0.882352941176471
1533132,1917185,"2025-2025_Regular_Session","2025-03-31","Senate Banking and Insurance",10,0,0,0,10,1,"S","Debt Collection","S0232",2025,"https://legiscan.com/FL/bill/S0232/2025",1,10,1,"N",1,1,1,1,1
1533156,1975096,"2025-2025_Regular_Session","2025-04-01","House Natural Resources & Disasters Subcommittee",16,0,0,2,18,1,"H","OGSR/Site-specific Location Information for Endangered and Threatened Species","H7001",2025,"https://legiscan.com/FL/bill/H7001/2025",0.888888888888889,16,1,"N",1,1,1,1,1
1533173,1963937,"2025-2025_Regular_Session","2025-04-01","Senate Governmental Oversight and Accountability",7,0,0,0,7,1,"S","Service of Process","S0576",2025,"https://legiscan.com/FL/bill/S0576/2025",1,7,1,"N",1,1,1,1,1
1533197,1983555,"2025-2025_Regular_Session","2025-04-01","Senate Governmental Oversight and Accountability",7,0,0,0,7,1,"S","Benefits for Certain Officers Injured in the Line of Duty","S1160",2025,"https://legiscan.com/FL/bill/S1160/2025",1,7,1,"N",1,1,1,1,1
1533204,1985442,"2025-2025_Regular_Session","2025-04-01","Senate Criminal Justice",9,0,0,0,9,1,"S","School District Reporting Requirements","S1374",2025,"https://legiscan.com/FL/bill/S1374/2025",1,9,1,"N",1,1,1,1,1
1533205,1989079,"2025-2025_Regular_Session","2025-03-31","Senate Community Affairs",5,3,0,0,8,1,"S","Waste Management","S1822",2025,"https://legiscan.com/FL/bill/S1822/2025",0.625,8,0.625,"N",1,0,1,1,1
1533246,1988264,"2025-2025_Regular_Session","2025-04-01","Senate Governmental Oversight and Accountability",7,0,0,0,7,1,"S","Public Records/Lethality Assessment Forms","S1640",2025,"https://legiscan.com/FL/bill/S1640/2025",1,7,1,"N",1,1,1,1,1
1533266,1965131,"2025-2025_Regular_Session","2025-04-01","Senate Transportation",8,0,0,1,9,1,"S","Motor Vehicles Using the Furthermost Left-hand Lane","S0636",2025,"https://legiscan.com/FL/bill/S0636/2025",0.888888888888889,8,1,"N",1,1,1,1,1
1533285,1982937,"2025-2025_Regular_Session","2025-04-01","House Justice Budget Subcommittee",11,0,0,4,15,1,"H","Criminal Offender Substance Abuse Program","H1095",2025,"https://legiscan.com/FL/bill/H1095/2025",0.733333333333333,11,1,"N",1,1,1,1,1
1533299,1927008,"2025-2025_Regular_Session","2025-04-01","Senate Governmental Oversight and Accountability",7,0,0,0,7,1,"S","Public Records/Appellate Court Clerks and their Spouses and Children","S0300",2025,"https://legiscan.com/FL/bill/S0300/2025",1,7,1,"N",1,1,1,1,1
1533340,1981925,"2025-2025_Regular_Session","2025-04-01","Senate Criminal Justice",9,0,0,0,9,1,"S","Expedited DNA Testing Grant Program","S1072",2025,"https://legiscan.com/FL/bill/S1072/2025",1,9,1,"N",1,1,1,1,1
1533348,1973474,"2025-2025_Regular_Session","2025-04-01","Senate Governmental Oversight and Accountability",6,1,0,0,7,1,"S","Office of Faith and Community","S0820",2025,"https://legiscan.com/FL/bill/S0820/2025",0.857142857142857,7,0.857142857142857,"N",1,0.5,NA,1,1
1533356,1973861,"2025-2025_Regular_Session","2025-04-01","Senate Transportation",8,1,0,0,9,1,"S","Utility Relocation","S0818",2025,"https://legiscan.com/FL/bill/S0818/2025",0.888888888888889,9,0.888888888888889,"N",1,0.666666666666667,0.666666666666667,1,0.888888888888889
1533372,1956291,"2025-2025_Regular_Session","2025-03-31","Senate Banking and Insurance",9,1,0,0,10,1,"S","Trust Fund Interest for Purposes Approved by the Supreme Court","S0498",2025,"https://legiscan.com/FL/bill/S0498/2025",0.9,10,0.9,"N",1,0.666666666666667,0.666666666666667,1,0.9
1533382,1985101,"2025-2025_Regular_Session","2025-04-01","House Government Operations Subcommittee",15,0,0,4,19,1,"H","Public Safety","H1211",2025,"https://legiscan.com/FL/bill/H1211/2025",0.789473684210526,15,1,"N",1,1,1,1,1
1533383,1983429,"2025-2025_Regular_Session","2025-04-01","House Government Operations Subcommittee",16,0,0,3,19,1,"H","Pasco County Mosquito Control District, Pasco County","H4051",2025,"https://legiscan.com/FL/bill/H4051/2025",0.842105263157895,16,1,"N",1,1,1,1,1
1533427,1982367,"2025-2025_Regular_Session","2025-04-01","Senate Criminal Justice",9,0,0,0,9,1,"S","Criminal Offender Substance Abuse Pilot Program","S1140",2025,"https://legiscan.com/FL/bill/S1140/2025",1,9,1,"N",1,1,1,1,1
1533438,1987823,"2025-2025_Regular_Session","2025-04-01","House Government Operations Subcommittee",12,5,0,2,19,1,"H","Elections","H1381",2025,"https://legiscan.com/FL/bill/H1381/2025",0.631578947368421,17,0.705882352941177,"N",1,0,1,1,1
1533551,1981199,"2025-2025_Regular_Session","2025-04-01","Senate Rules",22,3,0,0,25,1,"S","Gulf of America","S1058",2025,"https://legiscan.com/FL/bill/S1058/2025",0.88,25,0.88,"N",1,0.5,NA,1,1
1533563,1985664,"2025-2025_Regular_Session","2025-03-31","Senate Banking and Insurance",10,0,0,0,10,1,"S","My Safe Florida Home Trust Fund/Department of Financial Services","S1466",2025,"https://legiscan.com/FL/bill/S1466/2025",1,10,1,"N",1,1,1,1,1
1533574,1967572,"2025-2025_Regular_Session","2025-04-01","Senate Rules",24,0,0,1,25,1,"S","Pawnbroker Transaction Forms","S0678",2025,"https://legiscan.com/FL/bill/S0678/2025",0.96,24,1,"N",1,1,1,1,1
1533591,1982475,"2025-2025_Regular_Session","2025-04-01","House Government Operations Subcommittee",12,4,0,3,19,1,"H","Duties of the Department of State","H1011",2025,"https://legiscan.com/FL/bill/H1011/2025",0.631578947368421,16,0.75,"N",1,0,1,1,1
1533604,1982965,"2025-2025_Regular_Session","2025-04-01","House Intergovernmental Affairs Subcommittee",16,0,0,2,18,1,"H","North St. Lucie River Water Control District, St. Lucie County","H4049",2025,"https://legiscan.com/FL/bill/H4049/2025",0.888888888888889,16,1,"N",1,1,1,1,1
1533630,1989113,"2025-2025_Regular_Session","2025-04-01","House Government Operations Subcommittee",14,0,0,5,19,1,"H","Pub. Rec./Stricken Matters","H1569",2025,"https://legiscan.com/FL/bill/H1569/2025",0.736842105263158,14,1,"N",1,1,1,1,1
1533659,1982433,"2025-2025_Regular_Session","2025-04-01","Senate Governmental Oversight and Accountability",7,0,0,0,7,1,"S","Public Records/Hope Florida Program","S1146",2025,"https://legiscan.com/FL/bill/S1146/2025",1,7,1,"N",1,1,1,1,1
1533683,1981491,"2025-2025_Regular_Session","2025-04-01","House Government Operations Subcommittee",15,0,0,4,19,1,"H","Contracting with Foreign Countries of Concern","H0977",2025,"https://legiscan.com/FL/bill/H0977/2025",0.789473684210526,15,1,"N",1,1,1,1,1
1533698,1986621,"2025-2025_Regular_Session","2025-04-01","House Justice Budget Subcommittee",9,3,0,3,15,1,"H","Capital Human Trafficking of Vulnerable Persons for Sexual Exploitation","H1283",2025,"https://legiscan.com/FL/bill/H1283/2025",0.6,12,0.75,"N",1,0,1,1,1
1533699,1958981,"2025-2025_Regular_Session","2025-04-01","House PreK-12 Budget Subcommittee",11,0,0,4,15,1,"H","Disability History and Awareness Instruction","H0447",2025,"https://legiscan.com/FL/bill/H0447/2025",0.733333333333333,11,1,"N",1,1,1,1,1
1533716,1988494,"2025-2025_Regular_Session","2025-04-01","Senate Criminal Justice",7,1,0,1,9,1,"S","Capital Human Trafficking of Vulnerable Persons for Sexual Exploitation","S1804",2025,"https://legiscan.com/FL/bill/S1804/2025",0.777777777777778,8,0.875,"N",1,0.666666666666667,0.666666666666667,1,0.875
1533747,1982759,"2025-2025_Regular_Session","2025-03-31","Senate Banking and Insurance",10,0,0,0,10,1,"S","Transportation Network Company Driver Insurance","S1206",2025,"https://legiscan.com/FL/bill/S1206/2025",1,10,1,"N",1,1,1,1,1
1533749,1983777,"2025-2025_Regular_Session","2025-04-01","Senate Criminal Justice",8,1,0,0,9,1,"S","Public Records/Crime Victims/Officers Involved in Use of Force Incidents","S1266",2025,"https://legiscan.com/FL/bill/S1266/2025",0.888888888888889,9,0.888888888888889,"N",1,0.666666666666667,0.666666666666667,1,0.888888888888889
1533768,1975328,"2025-2025_Regular_Session","2025-04-01","House Government Operations Subcommittee",16,0,0,3,19,1,"H","Celia Cruz Day","H0765",2025,"https://legiscan.com/FL/bill/H0765/2025",0.842105263157895,16,1,"N",1,1,1,1,1
1533790,1981248,"2025-2025_Regular_Session","2025-04-01","Senate Governmental Oversight and Accountability",7,0,0,0,7,1,"S","OGSR/Financial Technology Sandbox","S7008",2025,"https://legiscan.com/FL/bill/S7008/2025",1,7,1,"N",1,1,1,1,1
1533807,1981782,"2025-2025_Regular_Session","2025-04-01","Senate Governmental Oversight and Accountability",7,0,0,0,7,1,"S","State Department Customer Service Standards","S1088",2025,"https://legiscan.com/FL/bill/S1088/2025",1,7,1,"N",1,1,1,1,1
1533872,1984318,"2025-2025_Regular_Session","2025-04-01","Senate Judiciary",6,4,0,1,11,1,"S","Civil Liability for the Wrongful Death of an Unborn Child","S1284",2025,"https://legiscan.com/FL/bill/S1284/2025",0.545454545454545,10,0.6,"N",0.857142857142857,0,1,0.857142857142857,0.9
1533873,1988212,"2025-2025_Regular_Session","2025-03-31","Senate Community Affairs",8,0,0,0,8,1,"S","Local Housing Assistance Plans","S1714",2025,"https://legiscan.com/FL/bill/S1714/2025",1,8,1,"N",1,1,1,1,1
1533879,1988299,"2025-2025_Regular_Session","2025-04-01","Senate Judiciary",11,0,0,0,11,1,"S","Uniform Commercial Code","S1666",2025,"https://legiscan.com/FL/bill/S1666/2025",1,11,1,"N",1,1,1,1,1
1533881,1981975,"2025-2025_Regular_Session","2025-04-01","Senate Regulated Industries",7,0,0,1,8,1,"S","Roof Contracting","S1076",2025,"https://legiscan.com/FL/bill/S1076/2025",0.875,7,1,"N",1,1,1,1,1
1533882,1974680,"2025-2025_Regular_Session","2025-04-01","Senate Judiciary",9,2,0,0,11,1,"S","Social Media Use by Minors","S0868",2025,"https://legiscan.com/FL/bill/S0868/2025",0.818181818181818,11,0.818181818181818,"N",1,0.333333333333333,0.666666666666667,1,0.909090909090909
1533884,1981821,"2025-2025_Regular_Session","2025-04-01","Senate Judiciary",8,3,0,0,11,1,"S","Local Government Land Regulation","S1080",2025,"https://legiscan.com/FL/bill/S1080/2025",0.727272727272727,11,0.727272727272727,"N",1,0,1,1,1
1533885,1951666,"2025-2025_Regular_Session","2025-04-01","Senate Regulated Industries",8,0,0,0,8,1,"S","Transportation","S0462",2025,"https://legiscan.com/FL/bill/S0462/2025",1,8,1,"N",1,1,1,1,1
1533886,1984169,"2025-2025_Regular_Session","2025-04-01","Senate Judiciary",9,0,0,2,11,1,"S","Guardianship","S1272",2025,"https://legiscan.com/FL/bill/S1272/2025",0.818181818181818,9,1,"N",1,1,1,1,1
1533889,1987146,"2025-2025_Regular_Session","2025-04-01","Senate Regulated Industries",8,0,0,0,8,1,"S","Energy Infrastructure Investment","S1574",2025,"https://legiscan.com/FL/bill/S1574/2025",1,8,1,"N",1,1,1,1,1
1533893,1946259,"2025-2025_Regular_Session","2025-04-01","Senate Regulated Industries",5,2,0,1,8,1,"S","Thoroughbred Permitholders","S0408",2025,"https://legiscan.com/FL/bill/S0408/2025",0.625,7,0.714285714285714,"N",0.6,1,1,0.6,0.714285714285714
1533894,1975885,"2025-2025_Regular_Session","2025-04-01","Senate Judiciary",11,0,0,0,11,1,"S","Indemnification of Commuter Rail Transportation Providers","S0916",2025,"https://legiscan.com/FL/bill/S0916/2025",1,11,1,"N",1,1,1,1,1
1533895,1971304,"2025-2025_Regular_Session","2025-04-01","Senate Judiciary",11,0,0,0,11,1,"S","Foreign Countries of Concern","S0768",2025,"https://legiscan.com/FL/bill/S0768/2025",1,11,1,"N",1,1,1,1,1
1533897,1979915,"2025-2025_Regular_Session","2025-04-01","Senate Regulated Industries",8,0,0,0,8,1,"S","Utility Service Restrictions","S1002",2025,"https://legiscan.com/FL/bill/S1002/2025",1,8,1,"N",1,1,1,1,1
1533898,1972281,"2025-2025_Regular_Session","2025-04-01","Senate Judiciary",11,0,0,0,11,1,"S","Platting","S0784",2025,"https://legiscan.com/FL/bill/S0784/2025",1,11,1,"N",1,1,1,1,1
1533902,1885907,"2025-2025_Regular_Session","2025-04-01","Senate Judiciary",10,1,0,0,11,1,"S","Relief of L.P., a Minor, by the Department of Children and Families","S0012",2025,"https://legiscan.com/FL/bill/S0012/2025",0.909090909090909,11,0.909090909090909,"N",0.875,1,1,0.875,0.909090909090909
1533919,1988598,"2025-2025_Regular_Session","2025-04-02","House Ways & Means Committee",12,5,0,2,19,1,"H","Tax On Aviation Fuel","H1485",2025,"https://legiscan.com/FL/bill/H1485/2025",0.631578947368421,17,0.705882352941177,"N",1,0,1,1,1
1533931,1969068,"2025-2025_Regular_Session","2025-04-01","Senate Regulated Industries",8,0,0,0,8,1,"S","False Reporting","S0726",2025,"https://legiscan.com/FL/bill/S0726/2025",1,8,1,"N",1,1,1,1,1
1533933,1985332,"2025-2025_Regular_Session","2025-04-01","Senate Judiciary",11,0,0,0,11,1,"S","Fentanyl Testing","S1346",2025,"https://legiscan.com/FL/bill/S1346/2025",1,11,1,"N",1,1,1,1,1
1533944,1956483,"2025-2025_Regular_Session","2025-04-01","Senate Regulated Industries",7,0,0,1,8,1,"S","Timeshare Management Firms","S0496",2025,"https://legiscan.com/FL/bill/S0496/2025",0.875,7,1,"N",1,1,1,1,1
1533946,1988079,"2025-2025_Regular_Session","2025-04-01","Senate Judiciary",8,3,0,0,11,1,"S","Surrendered Infants","S1690",2025,"https://legiscan.com/FL/bill/S1690/2025",0.727272727272727,11,0.727272727272727,"N",1,0,1,1,1
1533950,1969589,"2025-2025_Regular_Session","2025-04-01","Senate Judiciary",11,0,0,0,11,1,"S","Property Owner Liability","S0724",2025,"https://legiscan.com/FL/bill/S0724/2025",1,11,1,"N",1,1,1,1,1
1533952,1979158,"2025-2025_Regular_Session","2025-04-01","Senate Children, Families, and Elder Affairs",6,0,0,1,7,1,"S","Court-appointed Psychologists","S0976",2025,"https://legiscan.com/FL/bill/S0976/2025",0.857142857142857,6,1,"N",1,1,1,1,1
1533953,1974038,"2025-2025_Regular_Session","2025-04-01","Senate Judiciary",11,0,0,0,11,1,"S","Advertisements for Representation Services","S0846",2025,"https://legiscan.com/FL/bill/S0846/2025",1,11,1,"N",1,1,1,1,1
1533962,1980709,"2025-2025_Regular_Session","2025-04-02","House Ways & Means Committee",15,0,0,4,19,1,"H","Collier County","H4041",2025,"https://legiscan.com/FL/bill/H4041/2025",0.789473684210526,15,1,"N",1,1,1,1,1
1533964,1984461,"2025-2025_Regular_Session","2025-04-01","Senate Health Policy",10,0,0,0,10,1,"S","Home Health Care Services","S1412",2025,"https://legiscan.com/FL/bill/S1412/2025",1,10,1,"N",1,1,1,1,1
1533965,1979881,"2025-2025_Regular_Session","2025-04-01","House Housing, Agriculture & Tourism Subcommittee",15,0,0,3,18,1,"H","Timeshare Plan Management","H0897",2025,"https://legiscan.com/FL/bill/H0897/2025",0.833333333333333,15,1,"N",1,1,1,1,1
1533967,1988825,"2025-2025_Regular_Session","2025-04-01","Senate Transportation",9,0,0,0,9,1,"S","Dangerous Excessive Speeding","S1782",2025,"https://legiscan.com/FL/bill/S1782/2025",1,9,1,"N",1,1,1,1,1
1533972,1963822,"2025-2025_Regular_Session","2025-04-01","Senate Judiciary",11,0,0,0,11,1,"S","Dangerous Dogs","S0572",2025,"https://legiscan.com/FL/bill/S0572/2025",1,11,1,"N",1,1,1,1,1
1533974,1955024,"2025-2025_Regular_Session","2025-03-31","Senate Community Affairs",8,0,0,0,8,1,"S","Impact Fees","S0482",2025,"https://legiscan.com/FL/bill/S0482/2025",1,8,1,"N",1,1,1,1,1
1533977,1975755,"2025-2025_Regular_Session","2025-04-01","Senate Judiciary",9,2,0,0,11,1,"S","Employment Agreements","S0922",2025,"https://legiscan.com/FL/bill/S0922/2025",0.818181818181818,11,0.818181818181818,"N",1,0.333333333333333,0.666666666666667,1,0.909090909090909
1533983,1986700,"2025-2025_Regular_Session","2025-04-01","Senate Health Policy",10,0,0,0,10,1,"S","Children's Medical Services Program","S1490",2025,"https://legiscan.com/FL/bill/S1490/2025",1,10,1,"N",1,1,1,1,1
1533990,1983166,"2025-2025_Regular_Session","2025-04-01","Senate Health Policy",10,0,0,0,10,1,"S","Home Health Aide for Medically Fragile Children Program","S1156",2025,"https://legiscan.com/FL/bill/S1156/2025",1,10,1,"N",1,1,1,1,1
1534006,1983633,"2025-2025_Regular_Session","2025-04-01","Senate Judiciary",8,3,0,0,11,1,"S","Community Redevelopment Agencies","S1242",2025,"https://legiscan.com/FL/bill/S1242/2025",0.727272727272727,11,0.727272727272727,"N",1,0,1,1,1
1534009,1984155,"2025-2025_Regular_Session","2025-04-01","Senate Judiciary",8,3,0,0,11,1,"S","Parental Rights","S1288",2025,"https://legiscan.com/FL/bill/S1288/2025",0.727272727272727,11,0.727272727272727,"N",1,0,1,1,1
1534011,1983968,"2025-2025_Regular_Session","2025-04-01","Senate Health Policy",6,3,0,1,10,1,"S","Department of Health","S1270",2025,"https://legiscan.com/FL/bill/S1270/2025",0.6,9,0.666666666666667,"N",1,0,1,1,1
1534034,1928217,"2025-2025_Regular_Session","2025-04-01","House Housing, Agriculture & Tourism Subcommittee",14,0,0,4,18,1,"H","Farm Products","H0211",2025,"https://legiscan.com/FL/bill/H0211/2025",0.777777777777778,14,1,"N",1,1,1,1,1
1534036,1983263,"2025-2025_Regular_Session","2025-04-01","Senate Health Policy",10,0,0,0,10,1,"S","Medicaid Coverage of Continuous Glucose Monitors","S1182",2025,"https://legiscan.com/FL/bill/S1182/2025",1,10,1,"N",1,1,1,1,1
1534037,1975689,"2025-2025_Regular_Session","2025-03-31","Senate Banking and Insurance",9,1,0,0,10,1,"S","Coverage for Fertility Preservation Services","S0924",2025,"https://legiscan.com/FL/bill/S0924/2025",0.9,10,0.9,"N",0.857142857142857,1,1,0.857142857142857,0.9
1534050,1986936,"2025-2025_Regular_Session","2025-04-01","Senate Health Policy",10,0,0,0,10,1,"S","Health Care Patient Protection","S1602",2025,"https://legiscan.com/FL/bill/S1602/2025",1,10,1,"N",1,1,1,1,1
1534054,1885961,"2025-2025_Regular_Session","2025-04-01","Senate Health Policy",9,1,0,0,10,1,"S","Relief of Eric Miles, Jr., and Jennifer Miles by the South Broward Hospital District","S0022",2025,"https://legiscan.com/FL/bill/S0022/2025",0.9,10,0.9,"N",0.857142857142857,1,1,0.857142857142857,0.9
1534057,1942081,"2025-2025_Regular_Session","2025-04-02","Senate Fiscal Policy",17,0,0,2,19,1,"S","Telecommunications Access System Act of 1991","S0344",2025,"https://legiscan.com/FL/bill/S0344/2025",0.894736842105263,17,1,"N",1,1,1,1,1
1534063,1981805,"2025-2025_Regular_Session","2025-04-02","House Ways & Means Committee",19,0,0,0,19,1,"H","Legal Tender","H0999",2025,"https://legiscan.com/FL/bill/H0999/2025",1,19,1,"N",1,1,1,1,1
1534078,1984254,"2025-2025_Regular_Session","2025-04-01","Senate Children, Families, and Elder Affairs",6,0,0,1,7,1,"S","Reporting of Student Mental Health Outcomes","S1310",2025,"https://legiscan.com/FL/bill/S1310/2025",0.857142857142857,6,1,"N",1,1,1,1,1
1534080,1970257,"2025-2025_Regular_Session","2025-04-02","Senate Fiscal Policy",17,0,0,2,19,1,"S","Health Insurance Coverage for Individuals with Developmental Disabilities","S0756",2025,"https://legiscan.com/FL/bill/S0756/2025",0.894736842105263,17,1,"N",1,1,1,1,1
1534083,1927412,"2025-2025_Regular_Session","2025-04-01","Senate Health Policy",10,0,0,0,10,1,"S","Medicaid Providers","S0306",2025,"https://legiscan.com/FL/bill/S0306/2025",1,10,1,"N",1,1,1,1,1
1534089,1988743,"2025-2025_Regular_Session","2025-04-01","Senate Health Policy",10,0,0,0,10,1,"S","Stem Cell Therapy","S1768",2025,"https://legiscan.com/FL/bill/S1768/2025",1,10,1,"N",1,1,1,1,1
1534096,1988942,"2025-2025_Regular_Session","2025-03-31","Senate Community Affairs",8,0,0,0,8,1,"S","Affordable Housing","S1730",2025,"https://legiscan.com/FL/bill/S1730/2025",1,8,1,"N",1,1,1,1,1
1534118,1989039,"2025-2025_Regular_Session","2025-04-02","House Health Care Facilities & Systems Subcommittee",17,0,0,1,18,1,"H","Contracting with Foreign Countries of Concern","H1543",2025,"https://legiscan.com/FL/bill/H1543/2025",0.944444444444444,17,1,"N",1,1,1,1,1
1534130,1977448,"2025-2025_Regular_Session","2025-03-31","Senate Community Affairs",6,2,0,0,8,1,"S","Certified Recovery Residences","S0954",2025,"https://legiscan.com/FL/bill/S0954/2025",0.75,8,0.75,"N",1,0.333333333333333,0.666666666666667,1,0.875
1534148,1885934,"2025-2025_Regular_Session","2025-04-01","Senate Health Policy",9,1,0,0,10,1,"S","Relief of Darline Angervil and J.R. by the South Broward Hospital District","S0028",2025,"https://legiscan.com/FL/bill/S0028/2025",0.9,10,0.9,"N",0.857142857142857,1,1,0.857142857142857,0.9
1534156,1979344,"2025-2025_Regular_Session","2025-04-01","Senate Health Policy",10,0,0,0,10,1,"S","Physician Assistant and Advanced Practice Registered Nurse Services","S0998",2025,"https://legiscan.com/FL/bill/S0998/2025",1,10,1,"N",1,1,1,1,1
1534163,1985751,"2025-2025_Regular_Session","2025-04-01","House Housing, Agriculture & Tourism Subcommittee",9,4,0,5,18,0,"H","Property Tax Benefits for Residential Properties","H1257",2025,"https://legiscan.com/FL/bill/H1257/2025",0.5,13,0.692307692307692,"N",1,0,1,1,1
1534177,2014649,"2025-2025_Regular_Session","2025-04-02","House Budget Committee",27,0,0,3,30,1,"H","Judges","H5401",2025,"https://legiscan.com/FL/bill/H5401/2025",0.9,27,1,"N",1,1,1,1,1
1534178,1987748,"2025-2025_Regular_Session","2025-04-02","House Transportation & Economic Development Budget Subcommittee",10,4,0,1,15,1,"H","Transportation","H1397",2025,"https://legiscan.com/FL/bill/H1397/2025",0.666666666666667,14,0.714285714285714,"N",1,0,1,1,1
1534187,1977557,"2025-2025_Regular_Session","2025-04-02","House Health Care Facilities & Systems Subcommittee",17,0,0,1,18,1,"H","Patient Referrals by Medicaid Managed Care Organizations and Managed Care Plans","H0815",2025,"https://legiscan.com/FL/bill/H0815/2025",0.944444444444444,17,1,"N",1,1,1,1,1
1534190,1967029,"2025-2025_Regular_Session","2025-04-01","House Industries & Professional Activities Subcommittee",16,0,0,3,19,1,"H","Removal, Storage, and Cleanup of Electric Vehicles","H0577",2025,"https://legiscan.com/FL/bill/H0577/2025",0.842105263157895,16,1,"N",1,1,1,1,1
1534198,1988453,"2025-2025_Regular_Session","2025-04-01","Senate Transportation",9,0,0,0,9,1,"S","Emergency Services","S1644",2025,"https://legiscan.com/FL/bill/S1644/2025",1,9,1,"N",1,1,1,1,1
1534200,1981374,"2025-2025_Regular_Session","2025-04-02","Senate Fiscal Policy",18,0,0,1,19,1,"S","Electrocardiograms for Student Athletes","S1070",2025,"https://legiscan.com/FL/bill/S1070/2025",0.947368421052632,18,1,"N",1,1,1,1,1
1534207,1985637,"2025-2025_Regular_Session","2025-04-02","Senate Fiscal Policy",15,0,0,4,19,1,"S","School Safety","S1470",2025,"https://legiscan.com/FL/bill/S1470/2025",0.789473684210526,15,1,"N",1,1,1,1,1
1534216,1976793,"2025-2025_Regular_Session","2025-04-01","House Industries & Professional Activities Subcommittee",12,2,0,5,19,1,"H","Heated Tobacco Products","H0785",2025,"https://legiscan.com/FL/bill/H0785/2025",0.631578947368421,14,0.857142857142857,"N",1,0.5,NA,1,1
1534220,1922514,"2025-2025_Regular_Session","2025-04-01","House Housing, Agriculture & Tourism Subcommittee",13,0,0,5,18,1,"H","Transportation Concurrency","H0203",2025,"https://legiscan.com/FL/bill/H0203/2025",0.722222222222222,13,1,"N",1,1,1,1,1
1534224,1973264,"2025-2025_Regular_Session","2025-04-02","Senate Fiscal Policy",15,2,0,2,19,1,"S","Stormwater Management Systems","S0810",2025,"https://legiscan.com/FL/bill/S0810/2025",0.789473684210526,17,0.882352941176471,"N",1,0.6,0.6,1,0.882352941176471
1534225,1968330,"2025-2025_Regular_Session","2025-04-02","House Budget Committee",20,0,0,10,30,1,"H","Children with Developmental Disabilities","H0591",2025,"https://legiscan.com/FL/bill/H0591/2025",0.666666666666667,20,1,"N",1,1,1,1,1
1534226,1985703,"2025-2025_Regular_Session","2025-04-01","House Housing, Agriculture & Tourism Subcommittee",9,4,0,5,18,0,"H","Property Tax Benefits for Residential Properties","H1259",2025,"https://legiscan.com/FL/bill/H1259/2025",0.5,13,0.692307692307692,"N",1,0,1,1,1
1534229,1985146,"2025-2025_Regular_Session","2025-04-02","Senate Fiscal Policy",17,0,0,2,19,1,"S","Agronomic Study on Emerging Crops","S0178",2025,"https://legiscan.com/FL/bill/S0178/2025",0.894736842105263,17,1,"N",1,1,1,1,1
1534242,2016502,"2025-2025_Regular_Session","2025-04-02","Senate Appropriations",18,0,0,0,18,1,"S","Natural Resources","S2506",2025,"https://legiscan.com/FL/bill/S2506/2025",1,18,1,"N",1,1,1,1,1
1534243,1987665,"2025-2025_Regular_Session","2025-04-01","Senate Health Policy",7,3,0,0,10,1,"S","Patient Access to Records","S1606",2025,"https://legiscan.com/FL/bill/S1606/2025",0.7,10,0.7,"N",1,0,1,1,1
1534251,2014773,"2025-2025_Regular_Session","2025-04-02","House Budget Committee",22,6,0,2,30,1,"H","Education","H5101",2025,"https://legiscan.com/FL/bill/H5101/2025",0.733333333333333,28,0.785714285714286,"N",1,0.142857142857143,0.857142857142857,1,0.964285714285714
1534255,1987737,"2025-2025_Regular_Session","2025-04-02","Senate Appropriations",17,0,0,1,18,1,"S","Emergencies","S0180",2025,"https://legiscan.com/FL/bill/S0180/2025",0.944444444444444,17,1,"N",1,1,1,1,1
1534264,1971107,"2025-2025_Regular_Session","2025-04-02","Senate Fiscal Policy",18,0,0,1,19,1,"S","Electronic Transmittal of Court Orders","S0774",2025,"https://legiscan.com/FL/bill/S0774/2025",0.947368421052632,18,1,"N",1,1,1,1,1
1534276,1988993,"2025-2025_Regular_Session","2025-04-01","Senate Health Policy",10,0,0,0,10,1,"S","Parkinson's Disease","S1800",2025,"https://legiscan.com/FL/bill/S1800/2025",1,10,1,"N",1,1,1,1,1
1534279,1971493,"2025-2025_Regular_Session","2025-04-01","Senate Health Policy",10,0,0,0,10,1,"S","Diabetes Management in Schools","S0772",2025,"https://legiscan.com/FL/bill/S0772/2025",1,10,1,"N",1,1,1,1,1
1534280,1987620,"2025-2025_Regular_Session","2025-04-02","Senate Appropriations",17,0,0,1,18,1,"S","Tax Credits for Charitable Contributions","S0182",2025,"https://legiscan.com/FL/bill/S0182/2025",0.944444444444444,17,1,"N",1,1,1,1,1
1534287,1987815,"2025-2025_Regular_Session","2025-04-02","Senate Fiscal Policy",16,1,0,2,19,1,"S","Child Welfare","S1626",2025,"https://legiscan.com/FL/bill/S1626/2025",0.842105263157895,17,0.941176470588235,"N",1,0.8,0.8,1,0.941176470588235
1534297,1963394,"2025-2025_Regular_Session","2025-04-02","House Health Care Facilities & Systems Subcommittee",17,0,0,1,18,1,"H","Memory Care","H0493",2025,"https://legiscan.com/FL/bill/H0493/2025",0.944444444444444,17,1,"N",1,1,1,1,1
1534299,1979142,"2025-2025_Regular_Session","2025-04-02","Senate Fiscal Policy",17,0,0,2,19,1,"S","Type 1 Diabetes Early Detection Program","S0958",2025,"https://legiscan.com/FL/bill/S0958/2025",0.894736842105263,17,1,"N",1,1,1,1,1
1534303,1988543,"2025-2025_Regular_Session","2025-04-01","House Industries & Professional Activities Subcommittee",16,2,0,1,19,1,"H","Kratom Products","H1489",2025,"https://legiscan.com/FL/bill/H1489/2025",0.842105263157895,18,0.888888888888889,"N",1,0.6,0.6,1,0.888888888888889
1534311,1954083,"2025-2025_Regular_Session","2025-04-02","House Budget Committee",25,0,0,5,30,1,"H","My Safe Florida Condominium Pilot Program","H0393",2025,"https://legiscan.com/FL/bill/H0393/2025",0.833333333333333,25,1,"N",1,1,1,1,1
1534320,1920769,"2025-2025_Regular_Session","2025-04-02","Senate Appropriations",18,0,0,0,18,1,"S","Florida Bright Futures Scholarship Program","S0270",2025,"https://legiscan.com/FL/bill/S0270/2025",1,18,1,"N",1,1,1,1,1
1534324,2012623,"2025-2025_Regular_Session","2025-04-02","Senate Appropriations",18,0,0,0,18,1,"S","Educational Scholarship Programs","S7030",2025,"https://legiscan.com/FL/bill/S7030/2025",1,18,1,"N",1,1,1,1,1
1534328,1895792,"2025-2025_Regular_Session","2025-04-01","House Housing, Agriculture & Tourism Subcommittee",12,0,0,6,18,1,"H","Reusable Tenant Screening Reports","H0043",2025,"https://legiscan.com/FL/bill/H0043/2025",0.666666666666667,12,1,"N",1,1,1,1,1
1534331,1985490,"2025-2025_Regular_Session","2025-04-02","Senate Fiscal Policy",18,0,0,1,19,1,"S","Florida Institute for Pediatric Rare Diseases","S1356",2025,"https://legiscan.com/FL/bill/S1356/2025",0.947368421052632,18,1,"N",1,1,1,1,1
1534346,2016351,"2025-2025_Regular_Session","2025-04-02","Senate Appropriations",18,0,0,0,18,1,"S","Judges","S2508",2025,"https://legiscan.com/FL/bill/S2508/2025",1,18,1,"N",1,1,1,1,1
1534348,1966982,"2025-2025_Regular_Session","2025-04-01","House Housing, Agriculture & Tourism Subcommittee",14,0,0,4,18,1,"H","Manufacturing","H0561",2025,"https://legiscan.com/FL/bill/H0561/2025",0.777777777777778,14,1,"N",1,1,1,1,1
1534353,2016018,"2025-2025_Regular_Session","2025-04-02","House Budget Committee",23,5,0,2,30,1,"H","Documentary Stamp Tax Distributions","H5501",2025,"https://legiscan.com/FL/bill/H5501/2025",0.766666666666667,28,0.821428571428571,"N",1,0.285714285714286,0.714285714285714,1,0.928571428571429
1534355,1984901,"2025-2025_Regular_Session","2025-04-01","Senate Transportation",9,0,0,0,9,1,"S","Department of Highway Safety and Motor Vehicles","S1348",2025,"https://legiscan.com/FL/bill/S1348/2025",1,9,1,"N",1,1,1,1,1
1534356,1981211,"2025-2025_Regular_Session","2025-04-01","House Industries & Professional Activities Subcommittee",12,4,0,3,19,1,"H","Employment Eligibility","H0955",2025,"https://legiscan.com/FL/bill/H0955/2025",0.631578947368421,16,0.75,"N",1,0.2,0.8,1,0.9375
1534367,1984625,"2025-2025_Regular_Session","2025-04-01","House Housing, Agriculture & Tourism Subcommittee",15,0,0,3,18,1,"H","Ad Valorem Tax Exemption","H1215",2025,"https://legiscan.com/FL/bill/H1215/2025",0.833333333333333,15,1,"N",1,1,1,1,1
1534380,1970026,"2025-2025_Regular_Session","2025-04-02","Senate Fiscal Policy",17,0,0,2,19,1,"S","Child Care and Early Learning Providers","S0738",2025,"https://legiscan.com/FL/bill/S0738/2025",0.894736842105263,17,1,"N",1,1,1,1,1
1534384,1984595,"2025-2025_Regular_Session","2025-04-02","Senate Fiscal Policy",17,0,0,2,19,1,"S","Students Enrolled in Dropout Retrieval Programs","S1402",2025,"https://legiscan.com/FL/bill/S1402/2025",0.894736842105263,17,1,"N",1,1,1,1,1
1534399,1975405,"2025-2025_Regular_Session","2025-04-01","Senate Children, Families, and Elder Affairs",6,0,0,1,7,1,"S","Crisis Care Coordination","S0886",2025,"https://legiscan.com/FL/bill/S0886/2025",0.857142857142857,6,1,"N",1,1,1,1,1
1534418,1989117,"2025-2025_Regular_Session","2025-04-01","Senate Judiciary",11,0,0,0,11,1,"S","Trespass","S1828",2025,"https://legiscan.com/FL/bill/S1828/2025",1,11,1,"N",1,1,1,1,1
1534422,2015237,"2025-2025_Regular_Session","2025-04-02","House Budget Committee",27,0,0,3,30,1,"H","Health Care","H5301",2025,"https://legiscan.com/FL/bill/H5301/2025",0.9,27,1,"N",1,1,1,1,1
1534429,1983199,"2025-2025_Regular_Session","2025-04-02","Senate Appropriations",18,0,0,0,18,1,"S","Benefits for Firefighters Injured During Training Exercises","S1202",2025,"https://legiscan.com/FL/bill/S1202/2025",1,18,1,"N",1,1,1,1,1
1534434,1979863,"2025-2025_Regular_Session","2025-04-02","House Health Care Facilities & Systems Subcommittee",17,0,0,1,18,1,"H","Insurer Disclosures on Prescription Drug Coverage","H0899",2025,"https://legiscan.com/FL/bill/H0899/2025",0.944444444444444,17,1,"N",1,1,1,1,1
1534441,1988716,"2025-2025_Regular_Session","2025-04-01","House Industries & Professional Activities Subcommittee",17,1,0,1,19,1,"H","Gambling","H1467",2025,"https://legiscan.com/FL/bill/H1467/2025",0.894736842105263,18,0.944444444444444,"N",1,0.8,0.8,1,0.944444444444444
1534444,1975135,"2025-2025_Regular_Session","2025-04-02","House Judiciary Committee",21,0,0,1,22,1,"H","Sexual Images","H0757",2025,"https://legiscan.com/FL/bill/H0757/2025",0.954545454545455,21,1,"N",1,1,1,1,1
1534445,1943614,"2025-2025_Regular_Session","2025-04-02","House Judiciary Committee",21,0,0,1,22,1,"H","Postjudgment Execution Proceedings Relating to Terrorism","H0265",2025,"https://legiscan.com/FL/bill/H0265/2025",0.954545454545455,21,1,"N",1,1,1,1,1
1534452,1964976,"2025-2025_Regular_Session","2025-04-02","Senate Fiscal Policy",10,5,0,4,19,1,"S","Gulf of America","S0608",2025,"https://legiscan.com/FL/bill/S0608/2025",0.526315789473684,15,0.666666666666667,"N",1,0,1,1,1
1534469,2016424,"2025-2025_Regular_Session","2025-04-02","Senate Appropriations",18,0,0,0,18,1,"S","Health and Human Services","S2514",2025,"https://legiscan.com/FL/bill/S2514/2025",1,18,1,"N",1,1,1,1,1
1534473,1982400,"2025-2025_Regular_Session","2025-04-02","House Education Administration Subcommittee",17,1,0,0,18,1,"H","Religious and Patriotic Expression in the Public School System","H1009",2025,"https://legiscan.com/FL/bill/H1009/2025",0.944444444444444,18,0.944444444444444,"N",1,0.8,0.8,1,0.944444444444444
1534474,1982521,"2025-2025_Regular_Session","2025-04-02","Senate Appropriations",18,0,0,0,18,1,"S","Quality of Care in Nursing Homes","S0170",2025,"https://legiscan.com/FL/bill/S0170/2025",1,18,1,"N",1,1,1,1,1
1534489,1958950,"2025-2025_Regular_Session","2025-04-02","House Education Administration Subcommittee",17,0,0,1,18,1,"H","K-12 Instructional Personnel Salary Compression","H0439",2025,"https://legiscan.com/FL/bill/H0439/2025",0.944444444444444,17,1,"N",1,1,1,1,1
1534493,1894990,"2025-2025_Regular_Session","2025-04-02","House Education Administration Subcommittee",18,0,0,0,18,1,"H","Educator Certifications and Training","H0037",2025,"https://legiscan.com/FL/bill/H0037/2025",1,18,1,"N",1,1,1,1,1
1534495,1984889,"2025-2025_Regular_Session","2025-04-01","House Industries & Professional Activities Subcommittee",12,6,0,1,19,1,"H","Employment","H1225",2025,"https://legiscan.com/FL/bill/H1225/2025",0.631578947368421,18,0.666666666666667,"N",0.923076923076923,0,1,0.923076923076923,0.944444444444444
1534496,1984203,"2025-2025_Regular_Session","2025-04-02","House Transportation & Economic Development Budget Subcommittee",13,0,0,2,15,1,"H","Mobile Cranes and Accessory Support Vehicles","H1165",2025,"https://legiscan.com/FL/bill/H1165/2025",0.866666666666667,13,1,"N",1,1,1,1,1
1534497,2016065,"2025-2025_Regular_Session","2025-04-02","House Budget Committee",26,0,0,4,30,1,"H","State Financial Accounting","H5201",2025,"https://legiscan.com/FL/bill/H5201/2025",0.866666666666667,26,1,"N",1,1,1,1,1
1534500,1931432,"2025-2025_Regular_Session","2025-04-02","House Judiciary Committee",17,2,0,3,22,1,"H","Property Rights","H0213",2025,"https://legiscan.com/FL/bill/H0213/2025",0.772727272727273,19,0.894736842105263,"N",1,0.5,NA,1,1
1534504,1898363,"2025-2025_Regular_Session","2025-03-31","Senate Banking and Insurance",10,0,0,0,10,1,"S","Legal Tender","S0132",2025,"https://legiscan.com/FL/bill/S0132/2025",1,10,1,"N",1,1,1,1,1
1534509,1984070,"2025-2025_Regular_Session","2025-04-02","House Education & Employment Committee",18,0,0,4,22,1,"H","Electrocardiograms for Student Athletes","H1135",2025,"https://legiscan.com/FL/bill/H1135/2025",0.818181818181818,18,1,"N",1,1,1,1,1
1534513,1987215,"2025-2025_Regular_Session","2025-04-02","House Judiciary Committee",19,0,0,3,22,1,"H","Registration of Sexual Predators and Sexual Offenders","H1351",2025,"https://legiscan.com/FL/bill/H1351/2025",0.863636363636364,19,1,"N",1,1,1,1,1
1534517,1983495,"2025-2025_Regular_Session","2025-04-02","Senate Fiscal Policy",15,0,0,4,19,1,"S","Pet Insurance and Wellness Programs","S1226",2025,"https://legiscan.com/FL/bill/S1226/2025",0.789473684210526,15,1,"N",1,1,1,1,1
1534519,1987729,"2025-2025_Regular_Session","2025-04-02","Senate Fiscal Policy",17,1,0,1,19,1,"S","Higher Education","S1624",2025,"https://legiscan.com/FL/bill/S1624/2025",0.894736842105263,18,0.944444444444444,"N",1,0.8,0.8,1,0.944444444444444
1534521,1988761,"2025-2025_Regular_Session","2025-04-02","House Judiciary Committee",20,0,0,2,22,1,"H","Trespass","H1447",2025,"https://legiscan.com/FL/bill/H1447/2025",0.909090909090909,20,1,"N",1,1,1,1,1
1534522,1976931,"2025-2025_Regular_Session","2025-04-02","House Budget Committee",23,0,0,7,30,1,"H","Aerospace Innovation Funding","H0793",2025,"https://legiscan.com/FL/bill/H0793/2025",0.766666666666667,23,1,"N",1,1,1,1,1
1534528,1943586,"2025-2025_Regular_Session","2025-04-02","Senate Appropriations",18,0,0,0,18,1,"S","Trust Funds for Wildlife Management","S0388",2025,"https://legiscan.com/FL/bill/S0388/2025",1,18,1,"N",1,1,1,1,1
1534529,1982390,"2025-2025_Regular_Session","2025-04-02","House Judiciary Committee",20,0,0,2,22,1,"H","Fraudulent Use of Gift Cards","H1007",2025,"https://legiscan.com/FL/bill/H1007/2025",0.909090909090909,20,1,"N",1,1,1,1,1
1534530,1963853,"2025-2025_Regular_Session","2025-04-02","House State Administration Budget Subcommittee",12,1,0,2,15,1,"H","Malt Beverages","H0499",2025,"https://legiscan.com/FL/bill/H0499/2025",0.8,13,0.923076923076923,"N",0.909090909090909,1,1,0.909090909090909,0.923076923076923
1534531,1982976,"2025-2025_Regular_Session","2025-04-02","House Judiciary Committee",20,0,0,2,22,1,"H","Tampering with, Harassing, or Retaliating against Court Officials","H1049",2025,"https://legiscan.com/FL/bill/H1049/2025",0.909090909090909,20,1,"N",1,1,1,1,1
1534537,1969426,"2025-2025_Regular_Session","2025-03-31","Senate Community Affairs",8,0,0,0,8,1,"S","Construction Regulations","S0712",2025,"https://legiscan.com/FL/bill/S0712/2025",1,8,1,"N",1,1,1,1,1
1534538,2016388,"2025-2025_Regular_Session","2025-04-02","Senate Appropriations",18,0,0,0,18,1,"S","Collective Bargaining","S2504",2025,"https://legiscan.com/FL/bill/S2504/2025",1,18,1,"N",1,1,1,1,1
1534554,1969855,"2025-2025_Regular_Session","2025-04-02","Senate Fiscal Policy",17,0,0,2,19,1,"S","Nonopioid Advance Directives","S0714",2025,"https://legiscan.com/FL/bill/S0714/2025",0.894736842105263,17,1,"N",1,1,1,1,1
1534560,1970671,"2025-2025_Regular_Session","2025-04-02","House Judiciary Committee",19,0,0,3,22,1,"H","Relief/Eric Miles, Jr., and Jennifer Miles/South Broward Hospital District","H6525",2025,"https://legiscan.com/FL/bill/H6525/2025",0.863636363636364,19,1,"N",1,1,1,1,1
1534562,1985733,"2025-2025_Regular_Session","2025-04-02","Senate Fiscal Policy",15,0,0,4,19,1,"S","Public Records/School Security Guards","S1472",2025,"https://legiscan.com/FL/bill/S1472/2025",0.789473684210526,15,1,"N",1,1,1,1,1
1534564,1983286,"2025-2025_Regular_Session","2025-04-02","House State Affairs Committee",24,0,0,2,26,1,"H","Assessment of Homestead Property","H1041",2025,"https://legiscan.com/FL/bill/H1041/2025",0.923076923076923,24,1,"N",1,1,1,1,1
1534588,1956390,"2025-2025_Regular_Session","2025-04-02","House Judiciary Committee",18,0,0,4,22,1,"H","Ethics","H0399",2025,"https://legiscan.com/FL/bill/H0399/2025",0.818181818181818,18,1,"N",1,1,1,1,1
1534598,1964783,"2025-2025_Regular_Session","2025-04-01","Senate Children, Families, and Elder Affairs",6,0,0,1,7,1,"S","Public Education of Background Screening Requirements","S0614",2025,"https://legiscan.com/FL/bill/S0614/2025",0.857142857142857,6,1,"N",1,1,1,1,1
1534610,1981909,"2025-2025_Regular_Session","2025-04-02","Senate Appropriations",18,0,0,0,18,1,"S","Mental Health","S0168",2025,"https://legiscan.com/FL/bill/S0168/2025",1,18,1,"N",1,1,1,1,1
1534611,2006287,"2025-2025_Regular_Session","2025-04-02","Senate Appropriations",18,0,0,0,18,1,"S","Retirement","S7022",2025,"https://legiscan.com/FL/bill/S7022/2025",1,18,1,"N",1,1,1,1,1
1534616,2016539,"2025-2025_Regular_Session","2025-04-02","Senate Appropriations",18,0,0,0,18,1,"S","Higher Education","S2512",2025,"https://legiscan.com/FL/bill/S2512/2025",1,18,1,"N",1,1,1,1,1
1534619,1983230,"2025-2025_Regular_Session","2025-04-02","Senate Fiscal Policy",17,0,0,2,19,1,"S","Water Access Facilities","S1162",2025,"https://legiscan.com/FL/bill/S1162/2025",0.894736842105263,17,1,"N",1,1,1,1,1
1534631,1983089,"2025-2025_Regular_Session","2025-04-02","House State Affairs Committee",24,0,0,2,26,1,"H","Limitation on the Assessment of Homestead Property","H1039",2025,"https://legiscan.com/FL/bill/H1039/2025",0.923076923076923,24,1,"N",1,1,1,1,1
1534639,1983210,"2025-2025_Regular_Session","2025-04-02","Senate Appropriations",18,0,0,0,18,1,"S","Insurance Research","S0114",2025,"https://legiscan.com/FL/bill/S0114/2025",1,18,1,"N",1,1,1,1,1
1534652,2011825,"2025-2025_Regular_Session","2025-04-02","Senate Appropriations",18,0,0,0,18,1,"S","Cancer","S7028",2025,"https://legiscan.com/FL/bill/S7028/2025",1,18,1,"N",1,1,1,1,1
1534686,2016571,"2025-2025_Regular_Session","2025-04-02","Senate Appropriations",18,0,0,0,18,1,"S","Implementing the 2025-2026 General Appropriations Act","S2502",2025,"https://legiscan.com/FL/bill/S2502/2025",1,18,1,"N",1,1,1,1,1
1534692,1973135,"2025-2025_Regular_Session","2025-04-02","House Education Administration Subcommittee",11,6,0,1,18,1,"H","Term Limits for Members of County Commissions and District School Boards","H0679",2025,"https://legiscan.com/FL/bill/H0679/2025",0.611111111111111,17,0.647058823529412,"N",0.916666666666667,0,1,0.916666666666667,0.941176470588235
1534704,1988472,"2025-2025_Regular_Session","2025-04-02","Senate Appropriations",18,0,0,0,18,1,"S","Entities that Boycott Israel","S1678",2025,"https://legiscan.com/FL/bill/S1678/2025",1,18,1,"N",1,1,1,1,1
1534710,1963800,"2025-2025_Regular_Session","2025-04-02","House Judiciary Committee",20,0,0,2,22,1,"H","Uniform Commercial Code","H0515",2025,"https://legiscan.com/FL/bill/H0515/2025",0.909090909090909,20,1,"N",1,1,1,1,1
1534711,1963605,"2025-2025_Regular_Session","2025-04-02","Senate Appropriations",18,0,0,0,18,1,"S","Water Management Districts","S7002",2025,"https://legiscan.com/FL/bill/S7002/2025",1,18,1,"N",1,1,1,1,1
1534712,1979950,"2025-2025_Regular_Session","2025-04-02","House Judiciary Committee",16,5,0,1,22,1,"H","Corrections","H0903",2025,"https://legiscan.com/FL/bill/H0903/2025",0.727272727272727,21,0.761904761904762,"N",1,0,1,1,1
1534717,1988733,"2025-2025_Regular_Session","2025-04-02","House Education Administration Subcommittee",13,4,0,1,18,1,"H","Materials Harmful to Minors","H1539",2025,"https://legiscan.com/FL/bill/H1539/2025",0.722222222222222,17,0.764705882352941,"N",1,0,1,1,1
1534740,1972165,"2025-2025_Regular_Session","2025-04-02","House State Affairs Committee",23,0,0,3,26,1,"H","Lee County","H4025",2025,"https://legiscan.com/FL/bill/H4025/2025",0.884615384615385,23,1,"N",1,1,1,1,1
1534745,1968812,"2025-2025_Regular_Session","2025-04-02","House Education & Employment Committee",17,0,0,5,22,1,"H","Diabetes Management in Schools","H0597",2025,"https://legiscan.com/FL/bill/H0597/2025",0.772727272727273,17,1,"N",1,1,1,1,1
1534757,1981384,"2025-2025_Regular_Session","2025-04-02","House Education & Employment Committee",19,0,0,3,22,1,"H","Wireless Communications Devices on School Grounds","H0949",2025,"https://legiscan.com/FL/bill/H0949/2025",0.863636363636364,19,1,"N",1,1,1,1,1
1534769,1967313,"2025-2025_Regular_Session","2025-04-01","House Housing, Agriculture & Tourism Subcommittee",14,0,0,4,18,1,"H","Fees/Florida Manufacturing Promotional Campaign","H0563",2025,"https://legiscan.com/FL/bill/H0563/2025",0.777777777777778,14,1,"N",1,1,1,1,1
1534795,1988985,"2025-2025_Regular_Session","2025-04-02","House Judiciary Committee",14,6,0,2,22,1,"H","Civil Liability for the Wrongful Death of an Unborn Child","H1517",2025,"https://legiscan.com/FL/bill/H1517/2025",0.636363636363636,20,0.7,"N",0.933333333333333,0,1,0.933333333333333,0.95
1534803,1987348,"2025-2025_Regular_Session","2025-04-02","House Education & Employment Committee",18,0,0,4,22,1,"H","School Attendance","H1367",2025,"https://legiscan.com/FL/bill/H1367/2025",0.818181818181818,18,1,"N",1,1,1,1,1
1534823,1964159,"2025-2025_Regular_Session","2025-04-02","House Judiciary Committee",20,0,0,2,22,1,"H","Relief/Estate of Peniel Janvier/City of Miami Beach","H6519",2025,"https://legiscan.com/FL/bill/H6519/2025",0.909090909090909,20,1,"N",1,1,1,1,1
1534835,1971206,"2025-2025_Regular_Session","2025-04-02","House State Affairs Committee",21,2,0,3,26,1,"H","Distributed Wastewater Treatment System Permits","H0645",2025,"https://legiscan.com/FL/bill/H0645/2025",0.807692307692308,23,0.91304347826087,"N",0.941176470588235,0.833333333333333,0.833333333333333,0.941176470588235,0.91304347826087
1534842,1988817,"2025-2025_Regular_Session","2025-04-02","House State Affairs Committee",23,2,0,1,26,1,"H","Entities that Boycott Israel","H1519",2025,"https://legiscan.com/FL/bill/H1519/2025",0.884615384615385,25,0.92,"N",1,0.714285714285714,0.714285714285714,1,0.92
1534871,1985130,"2025-2025_Regular_Session","2025-04-02","House Education Administration Subcommittee",17,0,0,1,18,1,"H","Anaphylaxis in Public Schools","H1197",2025,"https://legiscan.com/FL/bill/H1197/2025",0.944444444444444,17,1,"N",1,1,1,1,1
1534875,1982323,"2025-2025_Regular_Session","2025-04-02","House State Affairs Committee",23,0,0,3,26,1,"H","Osceola County","H4043",2025,"https://legiscan.com/FL/bill/H4043/2025",0.884615384615385,23,1,"N",1,1,1,1,1
1534884,1979604,"2025-2025_Regular_Session","2025-04-02","Senate Fiscal Policy",18,0,0,1,19,1,"S","Driver License Education Requirements","S0994",2025,"https://legiscan.com/FL/bill/S0994/2025",0.947368421052632,18,1,"N",1,1,1,1,1
1534885,1983681,"2025-2025_Regular_Session","2025-04-02","House Education & Employment Committee",17,0,0,5,22,1,"H","Certificates of Completion","H1111",2025,"https://legiscan.com/FL/bill/H1111/2025",0.772727272727273,17,1,"N",1,1,1,1,1
1534904,1974849,"2025-2025_Regular_Session","2025-04-02","House Judiciary Committee",21,0,0,1,22,1,"H","Relief/J.N./Hillsborough County","H6529",2025,"https://legiscan.com/FL/bill/H6529/2025",0.954545454545455,21,1,"N",1,1,1,1,1
1534914,1915804,"2025-2025_Regular_Session","2025-04-02","House Judiciary Committee",18,0,0,4,22,1,"H","Relief/Marcus Button/Pasco County School Board","H6507",2025,"https://legiscan.com/FL/bill/H6507/2025",0.818181818181818,18,1,"N",1,1,1,1,1
1534922,1943751,"2025-2025_Regular_Session","2025-04-02","House State Affairs Committee",24,0,0,2,26,1,"H","Annexing State-owned Lands","H0275",2025,"https://legiscan.com/FL/bill/H0275/2025",0.923076923076923,24,1,"N",1,1,1,1,1
1534931,1967454,"2025-2025_Regular_Session","2025-04-02","House Judiciary Committee",19,0,0,3,22,1,"H","Relief/Darline Angervil and J.R./South Broward Hospital District","H6523",2025,"https://legiscan.com/FL/bill/H6523/2025",0.863636363636364,19,1,"N",1,1,1,1,1
1534938,1988205,"2025-2025_Regular_Session","2025-04-02","House State Affairs Committee",25,0,0,1,26,1,"H","Leon County","H4075",2025,"https://legiscan.com/FL/bill/H4075/2025",0.961538461538462,25,1,"N",1,1,1,1,1
1534943,1895763,"2025-2025_Regular_Session","2025-04-02","House Education Administration Subcommittee",18,0,0,0,18,1,"H","Resident Status for Tuition Purposes","H0045",2025,"https://legiscan.com/FL/bill/H0045/2025",1,18,1,"N",1,1,1,1,1
1534950,1897172,"2025-2025_Regular_Session","2025-04-02","House Judiciary Committee",20,1,0,1,22,1,"H","Regulation of Xylazine","H0057",2025,"https://legiscan.com/FL/bill/H0057/2025",0.909090909090909,21,0.952380952380952,"N",1,0.8,0.8,1,0.952380952380952
1534964,1986709,"2025-2025_Regular_Session","2025-04-02","House Education & Employment Committee",17,0,0,5,22,1,"H","Reading Interventions and Instruction","H1309",2025,"https://legiscan.com/FL/bill/H1309/2025",0.772727272727273,17,1,"N",1,1,1,1,1
1534965,1985119,"2025-2025_Regular_Session","2025-04-02","House Judiciary Committee",18,1,0,3,22,1,"H","Employment Agreements","H1219",2025,"https://legiscan.com/FL/bill/H1219/2025",0.818181818181818,19,0.947368421052632,"N",1,0.75,0.75,1,0.947368421052632
1535020,1985318,"2025-2025_Regular_Session","2025-04-02","House State Affairs Committee",17,6,0,3,26,1,"H","Mitigation Banks","H1175",2025,"https://legiscan.com/FL/bill/H1175/2025",0.653846153846154,23,0.739130434782609,"N",1,0,1,1,1
1535052,1982451,"2025-2025_Regular_Session","2025-04-02","House State Affairs Committee",24,0,0,2,26,1,"H","City Pension Fund for Firefighters and Police Officers in the City of Tampa, Hillsborough County","H4045",2025,"https://legiscan.com/FL/bill/H4045/2025",0.923076923076923,24,1,"N",1,1,1,1,1
1535122,2010901,"2025-2025_Regular_Session","2025-04-02","House State Affairs Committee",22,0,0,4,26,1,"H","OGSR/Public Safety Communication Systems","H7009",2025,"https://legiscan.com/FL/bill/H7009/2025",0.846153846153846,22,1,"N",1,1,1,1,1
1535218,1986883,"2025-2025_Regular_Session","2025-04-02","Senate Fiscal Policy",18,0,0,1,19,1,"S","Aerospace Industry","S1516",2025,"https://legiscan.com/FL/bill/S1516/2025",0.947368421052632,18,1,"N",1,1,1,1,1
1535222,1987003,"2025-2025_Regular_Session","2025-04-02","House State Affairs Committee",24,0,0,2,26,1,"H","Sunbridge Stewardship District, Osceola County","H4059",2025,"https://legiscan.com/FL/bill/H4059/2025",0.923076923076923,24,1,"N",1,1,1,1,1
1535247,1979933,"2025-2025_Regular_Session","2025-04-02","House Judiciary Committee",21,0,0,1,22,1,"H","Court-appointed Psychologists","H0901",2025,"https://legiscan.com/FL/bill/H0901/2025",0.954545454545455,21,1,"N",1,1,1,1,1
1535248,1977082,"2025-2025_Regular_Session","2025-04-02","House Education Administration Subcommittee",18,0,0,0,18,1,"H","School Social Workers","H0809",2025,"https://legiscan.com/FL/bill/H0809/2025",1,18,1,"N",1,1,1,1,1
1535250,1988799,"2025-2025_Regular_Session","2025-04-02","Senate Appropriations",18,0,0,0,18,1,"S","Trust Funds of the State Courts System","S7014",2025,"https://legiscan.com/FL/bill/S7014/2025",1,18,1,"N",1,1,1,1,1
1535266,1968501,"2025-2025_Regular_Session","2025-04-02","House State Affairs Committee",24,0,0,2,26,1,"H","Citrus County","H4013",2025,"https://legiscan.com/FL/bill/H4013/2025",0.923076923076923,24,1,"N",1,1,1,1,1
1535297,1979819,"2025-2025_Regular_Session","2025-04-02","House State Affairs Committee",24,0,0,2,26,1,"H","Driver License Education Requirements","H0889",2025,"https://legiscan.com/FL/bill/H0889/2025",0.923076923076923,24,1,"N",1,1,1,1,1
1535311,2016463,"2025-2025_Regular_Session","2025-04-02","Senate Appropriations",18,0,0,0,18,1,"S","Prekindergarten Through Grade 12 Education","S2510",2025,"https://legiscan.com/FL/bill/S2510/2025",1,18,1,"N",1,1,1,1,1
1535353,1972564,"2025-2025_Regular_Session","2025-04-02","House State Affairs Committee",24,0,0,2,26,1,"H","Officers and Employees of North Springs Improvement District, Broward County","H4023",2025,"https://legiscan.com/FL/bill/H4023/2025",0.923076923076923,24,1,"N",1,1,1,1,1
1535356,2016043,"2025-2025_Regular_Session","2025-04-02","House Budget Committee",28,0,0,2,30,1,"H","Capitol Center","H5203",2025,"https://legiscan.com/FL/bill/H5203/2025",0.933333333333333,28,1,"N",1,1,1,1,1
1535369,1972091,"2025-2025_Regular_Session","2025-04-02","House State Affairs Committee",24,0,0,2,26,1,"H","Israeli Bonds","H0669",2025,"https://legiscan.com/FL/bill/H0669/2025",0.923076923076923,24,1,"N",1,1,1,1,1
1535385,1988328,"2025-2025_Regular_Session","2025-04-02","House State Affairs Committee",25,0,0,1,26,1,"H","Leon County","H4073",2025,"https://legiscan.com/FL/bill/H4073/2025",0.961538461538462,25,1,"N",1,1,1,1,1
1535389,1986692,"2025-2025_Regular_Session","2025-04-02","House Education Administration Subcommittee",13,4,0,1,18,1,"H","School District Personnel and Volunteers","H1287",2025,"https://legiscan.com/FL/bill/H1287/2025",0.722222222222222,17,0.764705882352941,"N",1,0.2,0.8,1,0.941176470588235
1535390,1981684,"2025-2025_Regular_Session","2025-04-02","House Education & Employment Committee",17,0,0,5,22,1,"H","Athlete Representation and Compensation","H0981",2025,"https://legiscan.com/FL/bill/H0981/2025",0.772727272727273,17,1,"N",1,1,1,1,1
1535398,1985708,"2025-2025_Regular_Session","2025-04-02","House Education Administration Subcommittee",16,0,0,2,18,1,"H","Human Trafficking Awareness","H1237",2025,"https://legiscan.com/FL/bill/H1237/2025",0.888888888888889,16,1,"N",1,1,1,1,1
1535404,1984338,"2025-2025_Regular_Session","2025-04-02","Senate Appropriations",18,0,0,0,18,1,"S","Resilient Florida Trust Fund/Department of Environmental Protection","S1320",2025,"https://legiscan.com/FL/bill/S1320/2025",1,18,1,"N",1,1,1,1,1
1535417,1975058,"2025-2025_Regular_Session","2025-04-02","House State Affairs Committee",24,0,0,2,26,1,"H","Unlawful Demolition of Historical Buildings and Structures","H0717",2025,"https://legiscan.com/FL/bill/H0717/2025",0.923076923076923,24,1,"N",1,1,1,1,1
1535445,1984439,"2025-2025_Regular_Session","2025-04-02","House Judiciary Committee",17,0,0,5,22,1,"H","Florida Trust Code","H1173",2025,"https://legiscan.com/FL/bill/H1173/2025",0.772727272727273,17,1,"N",1,1,1,1,1
1535509,1968600,"2025-2025_Regular_Session","2025-04-02","House State Affairs Committee",25,0,0,1,26,1,"H","Broward County Narcotics and Dangerous Drug Intelligence and Enforcement Unit, Broward County","H4015",2025,"https://legiscan.com/FL/bill/H4015/2025",0.961538461538462,25,1,"N",1,1,1,1,1
1535533,1973193,"2025-2025_Regular_Session","2025-04-02","House State Affairs Committee",24,0,0,2,26,1,"H","Greater Naples Fire Rescue District; Collier County","H4029",2025,"https://legiscan.com/FL/bill/H4029/2025",0.923076923076923,24,1,"N",1,1,1,1,1
1535537,1964440,"2025-2025_Regular_Session","2025-04-02","House State Affairs Committee",23,0,0,3,26,1,"H","Palm Beach County","H4011",2025,"https://legiscan.com/FL/bill/H4011/2025",0.884615384615385,23,1,"N",1,1,1,1,1
1535543,1962260,"2025-2025_Regular_Session","2025-04-02","House State Affairs Committee",25,0,0,1,26,1,"H","Anchoring Limitation Areas","H0481",2025,"https://legiscan.com/FL/bill/H0481/2025",0.961538461538462,25,1,"N",1,1,1,1,1
1535546,2015245,"2025-2025_Regular_Session","2025-04-02","House State Affairs Committee",25,0,0,1,26,1,"H","OGSR/Parental Consent Requirements Before Terminating a Pregnancy","H7025",2025,"https://legiscan.com/FL/bill/H7025/2025",0.961538461538462,25,1,"N",1,1,1,1,1
1535561,1981625,"2025-2025_Regular_Session","2025-04-01","Senate Children, Families, and Elder Affairs",6,0,0,1,7,1,"S","Services for Individuals with Developmental Disabilities","S1050",2025,"https://legiscan.com/FL/bill/S1050/2025",0.857142857142857,6,1,"N",1,1,1,1,1
1535579,1953383,"2025-2025_Regular_Session","2025-04-03","Senate: Third Reading RCS#7",37,0,0,1,38,1,"S","Education in Correctional Facilities for Professional Licensure","S0472",2025,"https://legiscan.com/FL/bill/S0472/2025",0.973684210526316,37,1,"Y",1,1,1,1,1
1535583,1957367,"2025-2025_Regular_Session","2025-04-03","Senate: Third Reading RCS#9",37,0,0,1,38,1,"S","Peer Support for First Responders","H0421",2025,"https://legiscan.com/FL/bill/H0421/2025",0.973684210526316,37,1,"Y",1,1,1,1,1
1535600,1909346,"2025-2025_Regular_Session","2025-04-03","House Civil Justice & Claims Subcommittee",10,4,0,5,19,1,"H","Products Liability Actions under the Florida Pesticide Law","H0129",2025,"https://legiscan.com/FL/bill/H0129/2025",0.526315789473684,14,0.714285714285714,"N",0.909090909090909,0,1,0.909090909090909,0.928571428571429
1535605,1987331,"2025-2025_Regular_Session","2025-04-03","House Civil Justice & Claims Subcommittee",14,0,0,5,19,1,"H","Fines for Public Nuisance Abatement","H1343",2025,"https://legiscan.com/FL/bill/H1343/2025",0.736842105263158,14,1,"N",1,1,1,1,1
1535606,1892690,"2025-2025_Regular_Session","2025-04-03","Senate: Third Reading RCS#8",28,9,0,1,38,1,"S","Geoengineering and Weather Modification Activities","S0056",2025,"https://legiscan.com/FL/bill/S0056/2025",0.736842105263158,37,0.756756756756757,"Y",1,0.181818181818182,0.818181818181818,1,0.945945945945946
1535608,1977285,"2025-2025_Regular_Session","2025-04-03","Senate: Third Reading RCS#3",37,0,0,1,38,1,"S","Insurance Overpayment Claims Submitted to Psychologists","S0944",2025,"https://legiscan.com/FL/bill/S0944/2025",0.973684210526316,37,1,"Y",1,1,1,1,1
1535609,2016312,"2025-2025_Regular_Session","2025-04-02","Senate Appropriations",18,0,0,0,18,1,"S","Appropriations","S2500",2025,"https://legiscan.com/FL/bill/S2500/2025",1,18,1,"N",1,1,1,1,1
1535610,1943534,"2025-2025_Regular_Session","2025-04-03","Senate: Third Reading RCS#14",36,0,1,1,38,1,"S","Annexing State-owned Lands","S0384",2025,"https://legiscan.com/FL/bill/S0384/2025",0.947368421052632,36,1,"Y",1,1,1,1,1
1535629,1971020,"2025-2025_Regular_Session","2025-04-03","Senate: Third Reading RCS#10",37,0,0,1,38,1,"S","Vessel Accountability","S0164",2025,"https://legiscan.com/FL/bill/S0164/2025",0.973684210526316,37,1,"Y",1,1,1,1,1
1535634,1923039,"2025-2025_Regular_Session","2025-04-03","Senate: Third Reading RCS#12",36,0,1,1,38,1,"S","Warranty Associations","S0282",2025,"https://legiscan.com/FL/bill/S0282/2025",0.947368421052632,36,1,"Y",1,1,1,1,1
1535635,1954289,"2025-2025_Regular_Session","2025-04-03","Senate: Third Reading RCS#6",32,4,1,1,38,1,"S","Nonprofit Agricultural Organization Medical Benefit Plans","S0480",2025,"https://legiscan.com/FL/bill/S0480/2025",0.842105263157895,36,0.888888888888889,"Y",1,0.636363636363636,0.636363636363636,1,0.888888888888889
1535636,1958304,"2025-2025_Regular_Session","2025-04-03","House Civil Justice & Claims Subcommittee",12,0,0,7,19,1,"H","Motor Vehicle Manufacturers and Franchised Motor Vehicle Dealers","H0429",2025,"https://legiscan.com/FL/bill/H0429/2025",0.631578947368421,12,1,"N",1,1,1,1,1
1535652,1975439,"2025-2025_Regular_Session","2025-04-03","House: Third Reading RCS#31",108,0,11,0,119,1,"H","Florida Statutes","S0036",2025,"https://legiscan.com/FL/bill/S0036/2025",0.907563025210084,108,1,"Y",1,1,1,1,1
1535655,1975511,"2025-2025_Regular_Session","2025-04-03","Senate: Third Reading RCS#11",37,0,0,1,38,1,"S","Administrative Efficiency in Public Schools","S0166",2025,"https://legiscan.com/FL/bill/S0166/2025",0.973684210526316,37,1,"Y",1,1,1,1,1
1535656,1917016,"2025-2025_Regular_Session","2025-04-03","Senate: Third Reading RCS#15",37,0,0,1,38,1,"S","Criminal Offenses Against Law Enforcement Officers and Other Personnel","S0234",2025,"https://legiscan.com/FL/bill/S0234/2025",0.973684210526316,37,1,"Y",1,1,1,1,1
1535666,1962522,"2025-2025_Regular_Session","2025-04-01","House Natural Resources & Disasters Subcommittee",17,0,0,1,18,1,"H","Geoengineering and Weather Modification Activities","H0477",2025,"https://legiscan.com/FL/bill/H0477/2025",0.944444444444444,17,1,"N",1,1,1,1,1
1535675,2006597,"2025-2025_Regular_Session","2025-04-03","Senate: Third Reading RCS#2",37,0,0,1,38,1,"S","OGSR/Agency Cybersecurity Information","S7020",2025,"https://legiscan.com/FL/bill/S7020/2025",0.973684210526316,37,1,"Y",1,1,1,1,1
1535700,1987680,"2025-2025_Regular_Session","2025-04-03","House Health Professions & Programs Subcommittee",16,0,0,2,18,1,"H","Emergency Powers During a Declared Public Health Emergency","H1399",2025,"https://legiscan.com/FL/bill/H1399/2025",0.888888888888889,16,1,"N",1,1,1,1,1
1535708,1960474,"2025-2025_Regular_Session","2025-04-03","Senate: Third Reading RCS#5",37,0,0,1,38,1,"S","State Courts System","S0538",2025,"https://legiscan.com/FL/bill/S0538/2025",0.973684210526316,37,1,"Y",1,1,1,1,1
1535735,1904305,"2025-2025_Regular_Session","2025-04-03","House Health Professions & Programs Subcommittee",15,0,0,3,18,1,"H","Clinical Laboratory Personnel","H0115",2025,"https://legiscan.com/FL/bill/H0115/2025",0.833333333333333,15,1,"N",1,1,1,1,1
1535752,1981445,"2025-2025_Regular_Session","2025-04-03","House Civil Justice & Claims Subcommittee",14,0,0,5,19,1,"H","Homeowner's Associations","H0983",2025,"https://legiscan.com/FL/bill/H0983/2025",0.736842105263158,14,1,"N",1,1,1,1,1
1535766,1971252,"2025-2025_Regular_Session","2025-04-03","House: Third Reading RCS#40",77,30,12,0,119,1,"H","Autonomous Practice by a Certified Registered Nurse Anesthetist","H0649",2025,"https://legiscan.com/FL/bill/H0649/2025",0.647058823529412,107,0.719626168224299,"Y",0.846153846153846,0.379310344827586,0.620689655172414,0.846153846153846,0.785046728971963
1535768,1985274,"2025-2025_Regular_Session","2025-04-03","House Civil Justice & Claims Subcommittee",13,1,0,5,19,1,"H","Cybersecurity Incident Liability","H1183",2025,"https://legiscan.com/FL/bill/H1183/2025",0.684210526315789,14,0.928571428571429,"N",1,0.666666666666667,0.666666666666667,1,0.928571428571429
1535777,1963746,"2025-2025_Regular_Session","2025-04-03","House: Third Reading RCS#35",108,0,11,0,119,1,"H","Electronic Transmittal of Court Orders","H0513",2025,"https://legiscan.com/FL/bill/H0513/2025",0.907563025210084,108,1,"Y",1,1,1,1,1
1535779,1946184,"2025-2025_Regular_Session","2025-04-03","House: Third Reading RCS#39",107,0,12,0,119,1,"H","Elevator Accessibility Requirements","H0299",2025,"https://legiscan.com/FL/bill/H0299/2025",0.899159663865546,107,1,"Y",1,1,1,1,1
1535783,1975596,"2025-2025_Regular_Session","2025-04-03","House: Third Reading RCS#34",107,0,12,0,119,1,"H","Florida Statutes","S0038",2025,"https://legiscan.com/FL/bill/S0038/2025",0.899159663865546,107,1,"Y",1,1,1,1,1
1535785,1973099,"2025-2025_Regular_Session","2025-04-03","House: Third Reading RCS#43",96,10,13,0,119,1,"H","Aggravating Factors for Capital Felonies","H0693",2025,"https://legiscan.com/FL/bill/H0693/2025",0.80672268907563,106,0.905660377358491,"Y",1,0.642857142857143,0.642857142857143,1,0.905660377358491
1535787,1909442,"2025-2025_Regular_Session","2025-04-03","House Civil Justice & Claims Subcommittee",14,0,0,5,19,1,"H","Relief/Mande Penney-Lemmon/Sarasota County","H6503",2025,"https://legiscan.com/FL/bill/H6503/2025",0.736842105263158,14,1,"N",1,1,1,1,1
1535800,1988609,"2025-2025_Regular_Session","2025-04-03","House Health Professions & Programs Subcommittee",15,0,0,3,18,1,"H","Refund of Overpayments Made by Patients","H1513",2025,"https://legiscan.com/FL/bill/H1513/2025",0.833333333333333,15,1,"N",1,1,1,1,1
1535807,1962096,"2025-2025_Regular_Session","2025-04-03","House: Third Reading RCS#44",107,0,12,0,119,1,"H","Leaving the Scene of a Crash Involving Only Damage to Vehicle or Property","H0479",2025,"https://legiscan.com/FL/bill/H0479/2025",0.899159663865546,107,1,"Y",1,1,1,1,1
1535812,1975493,"2025-2025_Regular_Session","2025-04-03","House: Third Reading RCS#33",110,0,9,0,119,1,"H","Florida Statutes","S0040",2025,"https://legiscan.com/FL/bill/S0040/2025",0.92436974789916,110,1,"Y",1,1,1,1,1
1535829,1966346,"2025-2025_Regular_Session","2025-04-03","House Health Professions & Programs Subcommittee",16,0,0,2,18,1,"H","Medical Marijuana Use Registry Identification Cards","H0555",2025,"https://legiscan.com/FL/bill/H0555/2025",0.888888888888889,16,1,"N",1,1,1,1,1
1535832,1981075,"2025-2025_Regular_Session","2025-04-03","House: Third Reading RCS#32",108,0,11,0,119,1,"H","Florida Statutes","S0042",2025,"https://legiscan.com/FL/bill/S0042/2025",0.907563025210084,108,1,"Y",1,1,1,1,1
1535834,1971879,"2025-2025_Regular_Session","2025-04-03","House: Third Reading RCS#37",110,0,9,0,119,1,"H","Pet Insurance and Wellness Programs","H0655",2025,"https://legiscan.com/FL/bill/H0655/2025",0.92436974789916,110,1,"Y",1,1,1,1,1
1535843,1967715,"2025-2025_Regular_Session","2025-04-03","House Civil Justice & Claims Subcommittee",14,0,0,5,19,1,"H","Former Phosphate Mining Lands","H0585",2025,"https://legiscan.com/FL/bill/H0585/2025",0.736842105263158,14,1,"N",1,1,1,1,1
1535865,1971398,"2025-2025_Regular_Session","2025-04-03","House Civil Justice & Claims Subcommittee",14,0,0,5,19,1,"H","Insurance","H0643",2025,"https://legiscan.com/FL/bill/H0643/2025",0.736842105263158,14,1,"N",1,1,1,1,1
1535874,1988509,"2025-2025_Regular_Session","2025-04-03","House Health Professions & Programs Subcommittee",14,0,0,4,18,1,"H","Emergency Services","H1487",2025,"https://legiscan.com/FL/bill/H1487/2025",0.777777777777778,14,1,"N",1,1,1,1,1
1535888,1965140,"2025-2025_Regular_Session","2025-04-03","House: Third Reading RCS#54",78,29,12,0,119,1,"H","Gulf of America","H0549",2025,"https://legiscan.com/FL/bill/H0549/2025",0.65546218487395,107,0.728971962616822,"Y",1,0,1,1,1
1535895,1952078,"2025-2025_Regular_Session","2025-04-03","House: Third Reading RCS#47",107,0,12,0,119,1,"H","Emergency Opioid Antagonists in Public K-12 Schools and Postsecondary Educational Institutions","H0355",2025,"https://legiscan.com/FL/bill/H0355/2025",0.899159663865546,107,1,"Y",1,1,1,1,1
1535920,1976646,"2025-2025_Regular_Session","2025-04-03","House: Third Reading RCS#48",106,0,13,0,119,1,"H","Surrendered Infants","H0791",2025,"https://legiscan.com/FL/bill/H0791/2025",0.890756302521008,106,1,"Y",1,1,1,1,1
1535930,1970265,"2025-2025_Regular_Session","2025-04-03","House: Third Reading RCS#36",108,0,11,0,119,1,"H","Electronic Delivery of Notices Between Landlords and Tenants","H0615",2025,"https://legiscan.com/FL/bill/H0615/2025",0.907563025210084,108,1,"Y",1,1,1,1,1
1536003,1984383,"2025-2025_Regular_Session","2025-04-03","House: Third Reading RCS#38",100,4,15,0,119,1,"H","Workforce Education","H1145",2025,"https://legiscan.com/FL/bill/H1145/2025",0.840336134453782,104,0.961538461538462,"Y",1,0.84,0.84,1,0.961538461538462
1536012,1986578,"2025-2025_Regular_Session","2025-04-03","House: Third Reading RCS#52",108,0,11,0,119,1,"H","Trust Funds/Re-creation/Resilient Florida Trust Fund/DEP","H1313",2025,"https://legiscan.com/FL/bill/H1313/2025",0.907563025210084,108,1,"Y",1,1,1,1,1
1536020,1981045,"2025-2025_Regular_Session","2025-04-03","House Insurance & Banking Subcommittee",16,0,0,2,18,1,"H","Firefighter Health and Safety","H0929",2025,"https://legiscan.com/FL/bill/H0929/2025",0.888888888888889,16,1,"N",1,1,1,1,1
1536034,1982828,"2025-2025_Regular_Session","2025-04-03","House: Third Reading RCS#42",108,0,11,0,119,1,"H","Arrest and Detention of Individuals with Significant Medical Conditions","H1099",2025,"https://legiscan.com/FL/bill/H1099/2025",0.907563025210084,108,1,"Y",1,1,1,1,1
1536039,1928340,"2025-2025_Regular_Session","2025-04-03","Senate: Third Reading RCS#13",35,1,1,1,38,1,"S","Limited Liability Companies","S0316",2025,"https://legiscan.com/FL/bill/S0316/2025",0.921052631578947,36,0.972222222222222,"Y",1,0.909090909090909,0.909090909090909,1,0.972222222222222
1536099,1965336,"2025-2025_Regular_Session","2025-04-03","House: Third Reading RCS#45",108,0,11,0,119,1,"H","Administration of Controlled Substances by Paramedics","H0519",2025,"https://legiscan.com/FL/bill/H0519/2025",0.907563025210084,108,1,"Y",1,1,1,1,1
1536107,1979751,"2025-2025_Regular_Session","2025-04-03","House Insurance & Banking Subcommittee",17,1,0,0,18,1,"H","Insurance","H0881",2025,"https://legiscan.com/FL/bill/H0881/2025",0.944444444444444,18,0.944444444444444,"N",0.923076923076923,1,1,0.923076923076923,0.944444444444444
1536108,1985042,"2025-2025_Regular_Session","2025-04-03","House: Third Reading RCS#41",76,31,12,0,119,1,"H","Amendments to the State Constitution","H1205",2025,"https://legiscan.com/FL/bill/H1205/2025",0.638655462184874,107,0.710280373831776,"Y",0.974358974358974,0,1,0.974358974358974,0.981308411214953
1536128,1942658,"2025-2025_Regular_Session","2025-04-03","House: Third Reading RCS#46",106,0,13,0,119,1,"H","Special Observances","H0259",2025,"https://legiscan.com/FL/bill/H0259/2025",0.890756302521008,106,1,"Y",1,1,1,1,1
1536168,1989022,"2025-2025_Regular_Session","2025-04-03","House Health Professions & Programs Subcommittee",16,0,0,2,18,1,"H","Stem Cell Therapy","H1617",2025,"https://legiscan.com/FL/bill/H1617/2025",0.888888888888889,16,1,"N",1,1,1,1,1
1536190,1967372,"2025-2025_Regular_Session","2025-04-03","House: Third Reading RCS#53",78,27,14,0,119,1,"H","The Designation of the Gulf of Mexico","H0575",2025,"https://legiscan.com/FL/bill/H0575/2025",0.65546218487395,105,0.742857142857143,"Y",1,0.0357142857142857,0.964285714285714,1,0.990476190476191
1536222,1980680,"2025-2025_Regular_Session","2025-04-03","House Civil Justice & Claims Subcommittee",14,0,0,5,19,1,"H","Advertisements for Representation Services","H0915",2025,"https://legiscan.com/FL/bill/H0915/2025",0.736842105263158,14,1,"N",1,1,1,1,1
1536288,1974993,"2025-2025_Regular_Session","2025-04-03","Senate: Third Reading RCS#4",36,1,0,1,38,1,"S","Probation for Misdemeanor Offenses","S0878",2025,"https://legiscan.com/FL/bill/S0878/2025",0.947368421052632,37,0.972972972972973,"Y",1,0.909090909090909,0.909090909090909,1,0.972972972972973
1536311,1973683,"2025-2025_Regular_Session","2025-04-03","House: Third Reading RCS#51",108,0,11,0,119,1,"H","City of Oviedo, Seminole County","H4031",2025,"https://legiscan.com/FL/bill/H4031/2025",0.907563025210084,108,1,"Y",1,1,1,1,1
1536318,1988190,"2025-2025_Regular_Session","2025-04-03","House: Third Reading RCS#50",107,1,11,0,119,1,"H","City of Coral Springs and City of Parkland, Broward County","H4071",2025,"https://legiscan.com/FL/bill/H4071/2025",0.899159663865546,108,0.990740740740741,"Y",0.987179487179487,1,1,0.987179487179487,0.990740740740741
1536386,1985288,"2025-2025_Regular_Session","2025-04-03","House Insurance & Banking Subcommittee",17,1,0,0,18,1,"H","Motor Vehicle Insurance","H1181",2025,"https://legiscan.com/FL/bill/H1181/2025",0.944444444444444,18,0.944444444444444,"N",0.923076923076923,1,1,0.923076923076923,0.944444444444444
1536739,1990100,"2025-2025_Regular_Session","2025-04-03","House: Third Reading RCS#49",107,0,12,0,119,1,"H","Duval County","H4053",2025,"https://legiscan.com/FL/bill/H4053/2025",0.899159663865546,107,1,"Y",1,1,1,1,1
1537224,1952247,"2025-2025_Regular_Session","2025-03-25","House Government Operations Subcommittee",15,1,0,2,18,1,"H","Dangerous Excessive Speeding","H0351",2025,"https://legiscan.com/FL/bill/H0351/2025",0.833333333333333,16,0.9375,"N",1,0.75,0.75,1,0.9375
1537239,1988817,"2025-2025_Regular_Session","2025-03-25","House Government Operations Subcommittee",16,0,0,2,18,1,"H","Entities that Boycott Israel","H1519",2025,"https://legiscan.com/FL/bill/H1519/2025",0.888888888888889,16,1,"N",1,1,1,1,1
1537242,1987715,"2025-2025_Regular_Session","2025-03-25","House Government Operations Subcommittee",10,7,0,1,18,1,"H","Public Employees Relations Commisson","H1387",2025,"https://legiscan.com/FL/bill/H1387/2025",0.555555555555556,17,0.588235294117647,"N",0.769230769230769,0,1,0.769230769230769,0.823529411764706
1537243,1946071,"2025-2025_Regular_Session","2025-03-25","House Government Operations Subcommittee",18,0,0,0,18,1,"H","Office of Faith and Community","H0293",2025,"https://legiscan.com/FL/bill/H0293/2025",1,18,1,"N",1,1,1,1,1
1537297,1942124,"2025-2025_Regular_Session","2025-03-25","House Government Operations Subcommittee",18,0,0,0,18,1,"H","Offenses Involving Motor Vehicles","H0253",2025,"https://legiscan.com/FL/bill/H0253/2025",1,18,1,"N",1,1,1,1,1
1537305,1973193,"2025-2025_Regular_Session","2025-03-25","House Government Operations Subcommittee",18,0,0,0,18,1,"H","Greater Naples Fire Rescue District; Collier County","H4029",2025,"https://legiscan.com/FL/bill/H4029/2025",1,18,1,"N",1,1,1,1,1
1537346,1982852,"2025-2025_Regular_Session","2025-03-25","House Government Operations Subcommittee",16,0,0,2,18,1,"H","Florida State University College of Law Election Law Center","H1055",2025,"https://legiscan.com/FL/bill/H1055/2025",0.888888888888889,16,1,"N",1,1,1,1,1
1537357,1974884,"2025-2025_Regular_Session","2025-03-25","House Government Operations Subcommittee",14,4,0,0,18,1,"H","Standardized Tests for Admission to Medical Institutions of Higher Education","H0731",2025,"https://legiscan.com/FL/bill/H0731/2025",0.777777777777778,18,0.777777777777778,"N",0.923076923076923,0.4,0.6,0.923076923076923,0.833333333333333
1537505,1979819,"2025-2025_Regular_Session","2025-03-25","House Government Operations Subcommittee",18,0,0,0,18,1,"H","Driver License Education Requirements","H0889",2025,"https://legiscan.com/FL/bill/H0889/2025",1,18,1,"N",1,1,1,1,1
1537509,1988328,"2025-2025_Regular_Session","2025-03-25","House Government Operations Subcommittee",17,0,0,1,18,1,"H","Leon County","H4073",2025,"https://legiscan.com/FL/bill/H4073/2025",0.944444444444444,17,1,"N",1,1,1,1,1
1538198,1981545,"2025-2025_Regular_Session","2025-04-07","House Agriculture & Natural Resources Budget Subcommittee",12,3,0,1,16,1,"H","Special Districts","H0973",2025,"https://legiscan.com/FL/bill/H0973/2025",0.75,15,0.8,"N",1,0.25,0.75,1,0.933333333333333
1538221,1987823,"2025-2025_Regular_Session","2025-04-01","House Government Operations Subcommittee",12,5,0,2,19,1,"H","Elections","H1381",2025,"https://legiscan.com/FL/bill/H1381/2025",0.631578947368421,17,0.705882352941177,"N",1,0,1,1,1
1538282,1989181,"2025-2025_Regular_Session","2025-04-07","House Health & Human Services Committee",24,0,0,2,26,1,"H","Uterine Fibroid Research Database","H1553",2025,"https://legiscan.com/FL/bill/H1553/2025",0.923076923076923,24,1,"N",1,1,1,1,1
1538293,1946071,"2025-2025_Regular_Session","2025-04-07","House Health & Human Services Committee",24,0,0,2,26,1,"H","Office of Faith and Community","H0293",2025,"https://legiscan.com/FL/bill/H0293/2025",0.923076923076923,24,1,"N",1,1,1,1,1
1538297,1981744,"2025-2025_Regular_Session","2025-04-07","House Agriculture & Natural Resources Budget Subcommittee",15,0,0,1,16,1,"H","Areas of Critical State Concern","H0995",2025,"https://legiscan.com/FL/bill/H0995/2025",0.9375,15,1,"N",1,1,1,1,1
1538309,1896448,"2025-2025_Regular_Session","2025-04-07","House Health & Human Services Committee",24,0,0,2,26,1,"H","Child Care and Early Learning Providers","H0047",2025,"https://legiscan.com/FL/bill/H0047/2025",0.923076923076923,24,1,"N",1,1,1,1,1
1538413,1973541,"2025-2025_Regular_Session","2025-04-07","House Commerce Committee",23,1,0,2,26,1,"H","Utility Relocation","H0703",2025,"https://legiscan.com/FL/bill/H0703/2025",0.884615384615385,24,0.958333333333333,"N",1,0.857142857142857,0.857142857142857,1,0.958333333333333
1538562,1965244,"2025-2025_Regular_Session","2025-04-07","House Health & Human Services Committee",24,0,0,2,26,1,"H","Medical Debt","H0547",2025,"https://legiscan.com/FL/bill/H0547/2025",0.923076923076923,24,1,"N",1,1,1,1,1
1538564,1971349,"2025-2025_Regular_Session","2025-04-07","House Health & Human Services Committee",23,0,0,3,26,1,"H","Advanced Practice Registered Nurse Services","H0647",2025,"https://legiscan.com/FL/bill/H0647/2025",0.884615384615385,23,1,"N",1,1,1,1,1
1538567,1984566,"2025-2025_Regular_Session","2025-04-07","House Health & Human Services Committee",24,0,0,2,26,1,"H","Fentanyl Testing","H1195",2025,"https://legiscan.com/FL/bill/H1195/2025",0.923076923076923,24,1,"N",1,1,1,1,1
1538714,1953712,"2025-2025_Regular_Session","2025-04-07","House Commerce Committee",24,0,0,2,26,1,"H","Securities","H0379",2025,"https://legiscan.com/FL/bill/H0379/2025",0.923076923076923,24,1,"N",1,1,1,1,1
1538721,1977909,"2025-2025_Regular_Session","2025-04-07","House Commerce Committee",24,0,0,2,26,1,"H","Indemnification and Insurance Obligations of Commuter Rail Transportation Providers","H0867",2025,"https://legiscan.com/FL/bill/H0867/2025",0.923076923076923,24,1,"N",1,1,1,1,1
1538761,1984282,"2025-2025_Regular_Session","2025-04-07","House Commerce Committee",24,0,0,2,26,1,"H","Removal of Altered Sexual Depictions Posted without Consent","H1161",2025,"https://legiscan.com/FL/bill/H1161/2025",0.923076923076923,24,1,"N",1,1,1,1,1
1539004,1965119,"2025-2025_Regular_Session","2025-04-07","House Commerce Committee",14,6,0,6,26,1,"H","Minimum Wage Requirements","H0541",2025,"https://legiscan.com/FL/bill/H0541/2025",0.538461538461538,20,0.7,"N",1,0,1,1,1
1539022,1981211,"2025-2025_Regular_Session","2025-04-07","House Commerce Committee",19,3,0,4,26,1,"H","Employment Eligibility","H0955",2025,"https://legiscan.com/FL/bill/H0955/2025",0.730769230769231,22,0.863636363636364,"N",1,0.5,NA,1,1
1539126,1960310,"2025-2025_Regular_Session","2025-04-07","House Commerce Committee",23,0,0,3,26,1,"H","Pool/Spa Contractors","H0453",2025,"https://legiscan.com/FL/bill/H0453/2025",0.884615384615385,23,1,"N",1,1,1,1,1
1539334,1984167,"2025-2025_Regular_Session","2025-04-08","House State Affairs Committee",23,0,0,3,26,1,"H","Fish and Wildlife Conservation Commission","H1133",2025,"https://legiscan.com/FL/bill/H1133/2025",0.884615384615385,23,1,"N",1,1,1,1,1
1539335,1946221,"2025-2025_Regular_Session","2025-04-08","House State Affairs Committee",22,0,0,4,26,1,"H","Comprehensive Waste Reduction and Recycling Plan","H0295",2025,"https://legiscan.com/FL/bill/H0295/2025",0.846153846153846,22,1,"N",1,1,1,1,1
1539344,1983429,"2025-2025_Regular_Session","2025-04-08","House State Affairs Committee",22,0,0,4,26,1,"H","Pasco County Mosquito Control District, Pasco County","H4051",2025,"https://legiscan.com/FL/bill/H4051/2025",0.846153846153846,22,1,"N",1,1,1,1,1
1539363,1977874,"2025-2025_Regular_Session","2025-04-08","House Judiciary Committee",20,0,0,2,22,1,"H","Relief/Estate of M.N./Broward County Sheriff's Office","H6533",2025,"https://legiscan.com/FL/bill/H6533/2025",0.909090909090909,20,1,"N",1,1,1,1,1
1539373,1988947,"2025-2025_Regular_Session","2025-04-08","House Judiciary Committee",16,5,0,1,22,1,"H","Parental Rights","H1505",2025,"https://legiscan.com/FL/bill/H1505/2025",0.727272727272727,21,0.761904761904762,"N",1,0,1,1,1
1539383,1956390,"2025-2025_Regular_Session","2025-04-08","House State Affairs Committee",22,0,0,4,26,1,"H","Ethics","H0399",2025,"https://legiscan.com/FL/bill/H0399/2025",0.846153846153846,22,1,"N",1,1,1,1,1
1539385,1980709,"2025-2025_Regular_Session","2025-04-08","House State Affairs Committee",22,0,0,4,26,1,"H","Collier County","H4041",2025,"https://legiscan.com/FL/bill/H4041/2025",0.846153846153846,22,1,"N",1,1,1,1,1
1539388,1943801,"2025-2025_Regular_Session","2025-04-08","House State Affairs Committee",21,0,0,5,26,1,"H","Veterans' Benefits Assistance","H0277",2025,"https://legiscan.com/FL/bill/H0277/2025",0.807692307692308,21,1,"N",1,1,1,1,1
1539414,1963907,"2025-2025_Regular_Session","2025-04-08","House Judiciary Committee",19,0,0,3,22,1,"H","Specific Medical Diagnoses in Child Protective Investigations","H0511",2025,"https://legiscan.com/FL/bill/H0511/2025",0.863636363636364,19,1,"N",1,1,1,1,1
1539416,1988998,"2025-2025_Regular_Session","2025-04-08","House Judiciary Committee",22,0,0,0,22,1,"H","Prearranged Transportation Services","H1525",2025,"https://legiscan.com/FL/bill/H1525/2025",1,22,1,"N",1,1,1,1,1
1539420,1968271,"2025-2025_Regular_Session","2025-04-08","House Judiciary Committee",21,0,0,1,22,1,"H","Dangerous Dogs","H0593",2025,"https://legiscan.com/FL/bill/H0593/2025",0.954545454545455,21,1,"N",1,1,1,1,1
1539435,1973135,"2025-2025_Regular_Session","2025-04-08","House State Affairs Committee",16,6,0,4,26,1,"H","Term Limits for Members of County Commissions and District School Boards","H0679",2025,"https://legiscan.com/FL/bill/H0679/2025",0.615384615384615,22,0.727272727272727,"N",0.941176470588235,0,1,0.941176470588235,0.954545454545455
1539445,1986621,"2025-2025_Regular_Session","2025-04-08","House Judiciary Committee",15,3,0,4,22,1,"H","Capital Human Trafficking of Vulnerable Persons for Sexual Exploitation","H1283",2025,"https://legiscan.com/FL/bill/H1283/2025",0.681818181818182,18,0.833333333333333,"N",1,0.4,0.6,1,0.888888888888889
1539446,1979078,"2025-2025_Regular_Session","2025-04-08","House Education & Employment Committee",17,0,0,5,22,1,"H","Educator Preparation","H0875",2025,"https://legiscan.com/FL/bill/H0875/2025",0.772727272727273,17,1,"N",1,1,1,1,1
1539471,1918894,"2025-2025_Regular_Session","2025-04-08","House State Affairs Committee",24,0,0,2,26,1,"H","Ad Valorem Property Tax Exemption for the Surviving Spouse of Quadriplegics","H0163",2025,"https://legiscan.com/FL/bill/H0163/2025",0.923076923076923,24,1,"N",1,1,1,1,1
1539481,1922852,"2025-2025_Regular_Session","2025-04-08","House Judiciary Committee",16,0,0,6,22,1,"H","Relief/Patricia Ermini/Lee County Sheriff's Office","H6509",2025,"https://legiscan.com/FL/bill/H6509/2025",0.727272727272727,16,1,"N",1,1,1,1,1
1539489,1927189,"2025-2025_Regular_Session","2025-04-08","Senate Rules",23,1,0,1,25,1,"S","Public Records/Judicial Qualifications Commission","S0302",2025,"https://legiscan.com/FL/bill/S0302/2025",0.92,24,0.958333333333333,"N",1,0.833333333333333,0.833333333333333,1,0.958333333333333
1539504,1909031,"2025-2025_Regular_Session","2025-04-08","House Education & Employment Committee",16,0,0,6,22,1,"H","Exceptional Student Education","H0127",2025,"https://legiscan.com/FL/bill/H0127/2025",0.727272727272727,16,1,"N",1,1,1,1,1
1539520,1976731,"2025-2025_Regular_Session","2025-04-08","House State Affairs Committee",22,0,0,4,26,1,"H","Veteran and Spouse Nursing Home Beds","H0797",2025,"https://legiscan.com/FL/bill/H0797/2025",0.846153846153846,22,1,"N",1,1,1,1,1
1539521,1961827,"2025-2025_Regular_Session","2025-04-08","House Judiciary Committee",22,0,0,0,22,1,"H","Unlawful Distribution of Controlled Substances Resulting in Death","H0457",2025,"https://legiscan.com/FL/bill/H0457/2025",1,22,1,"N",1,1,1,1,1
1539522,1977973,"2025-2025_Regular_Session","2025-04-08","House Judiciary Committee",19,0,0,3,22,1,"H","Assault or Battery on a Utility Worker","H0857",2025,"https://legiscan.com/FL/bill/H0857/2025",0.863636363636364,19,1,"N",1,1,1,1,1
1539523,1984663,"2025-2025_Regular_Session","2025-04-08","House Judiciary Committee",18,0,0,4,22,1,"H","Supervision of Children","H1191",2025,"https://legiscan.com/FL/bill/H1191/2025",0.818181818181818,18,1,"N",1,1,1,1,1
1539525,1984396,"2025-2025_Regular_Session","2025-04-08","House State Affairs Committee",23,0,0,3,26,1,"H","Permits for Drilling, Exploration, and Extraction of Oil and Gas Resources","H1143",2025,"https://legiscan.com/FL/bill/H1143/2025",0.884615384615385,23,1,"N",1,1,1,1,1
1539526,1916134,"2025-2025_Regular_Session","2025-04-08","House State Affairs Committee",22,0,0,4,26,1,"H","Lee County","H4001",2025,"https://legiscan.com/FL/bill/H4001/2025",0.846153846153846,22,1,"N",1,1,1,1,1
1539530,1907537,"2025-2025_Regular_Session","2025-04-08","House Education & Employment Committee",11,4,0,7,22,0,"H","Education","H0123",2025,"https://legiscan.com/FL/bill/H0123/2025",0.5,15,0.733333333333333,"N",1,0,1,1,1
1539531,1942869,"2025-2025_Regular_Session","2025-04-08","House Judiciary Committee",20,0,0,2,22,1,"H","Relief/Jose Correa/Miami Dade County","H6517",2025,"https://legiscan.com/FL/bill/H6517/2025",0.909090909090909,20,1,"N",1,1,1,1,1
1539542,1924331,"2025-2025_Regular_Session","2025-04-08","House State Affairs Committee",22,0,0,4,26,1,"H","State Land Management","H0209",2025,"https://legiscan.com/FL/bill/H0209/2025",0.846153846153846,22,1,"N",1,1,1,1,1
1539548,1983749,"2025-2025_Regular_Session","2025-04-08","House PreK-12 Budget Subcommittee",13,2,0,0,15,1,"H","Education","H1115",2025,"https://legiscan.com/FL/bill/H1115/2025",0.866666666666667,15,0.866666666666667,"N",1,0.5,NA,1,1
1539551,1920421,"2025-2025_Regular_Session","2025-04-08","House Education & Employment Committee",15,0,0,7,22,1,"H","Florida Institute for Human and Machine Cognition, Inc.","H0179",2025,"https://legiscan.com/FL/bill/H0179/2025",0.681818181818182,15,1,"N",1,1,1,1,1
1539583,1909442,"2025-2025_Regular_Session","2025-04-08","House Judiciary Committee",17,0,0,5,22,1,"H","Relief/Mande Penney-Lemmon/Sarasota County","H6503",2025,"https://legiscan.com/FL/bill/H6503/2025",0.772727272727273,17,1,"N",1,1,1,1,1
1539589,1968330,"2025-2025_Regular_Session","2025-04-08","House Education & Employment Committee",16,0,0,6,22,1,"H","Children with Developmental Disabilities","H0591",2025,"https://legiscan.com/FL/bill/H0591/2025",0.727272727272727,16,1,"N",1,1,1,1,1
1539593,1974923,"2025-2025_Regular_Session","2025-04-08","House State Affairs Committee",22,0,0,4,26,1,"H","Brownfields","H0733",2025,"https://legiscan.com/FL/bill/H0733/2025",0.846153846153846,22,1,"N",1,1,1,1,1
1539630,1967112,"2025-2025_Regular_Session","2025-04-08","House Judiciary Committee",21,0,0,1,22,1,"H","Relief/Jacob Rodgers/City of Gainesville","H6521",2025,"https://legiscan.com/FL/bill/H6521/2025",0.954545454545455,21,1,"N",1,1,1,1,1
1539643,1946447,"2025-2025_Regular_Session","2025-04-08","House Judiciary Committee",19,3,0,0,22,1,"H","Suits Against the Government","H0301",2025,"https://legiscan.com/FL/bill/H0301/2025",0.863636363636364,22,0.863636363636364,"N",0.875,0.833333333333333,0.833333333333333,0.875,0.863636363636364
1539646,1989057,"2025-2025_Regular_Session","2025-04-08","House State Affairs Committee",22,0,0,4,26,1,"H","Local Government Salaries and Benefits","H1581",2025,"https://legiscan.com/FL/bill/H1581/2025",0.846153846153846,22,1,"N",1,1,1,1,1
1539647,1979568,"2025-2025_Regular_Session","2025-04-08","House Education & Employment Committee",17,0,0,5,22,1,"H","Florida Virtual School","H0885",2025,"https://legiscan.com/FL/bill/H0885/2025",0.772727272727273,17,1,"N",1,1,1,1,1
1539650,1969068,"2025-2025_Regular_Session","2025-04-08","Senate Rules",24,0,0,1,25,1,"S","False Reporting","S0726",2025,"https://legiscan.com/FL/bill/S0726/2025",0.96,24,1,"N",1,1,1,1,1
1539669,1971493,"2025-2025_Regular_Session","2025-04-08","Senate Rules",24,0,0,1,25,1,"S","Diabetes Management in Schools","S0772",2025,"https://legiscan.com/FL/bill/S0772/2025",0.96,24,1,"N",1,1,1,1,1
1539674,1985130,"2025-2025_Regular_Session","2025-04-08","House Education & Employment Committee",16,0,0,6,22,1,"H","Anaphylaxis in Public Schools","H1197",2025,"https://legiscan.com/FL/bill/H1197/2025",0.727272727272727,16,1,"N",1,1,1,1,1
1539675,1988857,"2025-2025_Regular_Session","2025-04-08","House State Affairs Committee",22,0,0,4,26,1,"H","Public Officers and Employees","H1445",2025,"https://legiscan.com/FL/bill/H1445/2025",0.846153846153846,22,1,"N",1,1,1,1,1
1539681,1988496,"2025-2025_Regular_Session","2025-04-08","House Judiciary Committee",21,1,0,0,22,1,"H","Sexual Offenses by Persons Previously Convicted of Sexual Offenses","H1455",2025,"https://legiscan.com/FL/bill/H1455/2025",0.954545454545455,22,0.954545454545455,"N",1,0.833333333333333,0.833333333333333,1,0.954545454545455
1539682,1983327,"2025-2025_Regular_Session","2025-04-08","Senate Rules",23,1,0,1,25,1,"S","Electronic Delivery of Notices Between Landlords and Tenants","S1164",2025,"https://legiscan.com/FL/bill/S1164/2025",0.92,24,0.958333333333333,"N",1,0.833333333333333,0.833333333333333,1,0.958333333333333
1539692,1967286,"2025-2025_Regular_Session","2025-04-08","House State Affairs Committee",16,6,0,4,26,1,"H","Construction and Facilities","H0569",2025,"https://legiscan.com/FL/bill/H0569/2025",0.615384615384615,22,0.727272727272727,"N",0.941176470588235,0,1,0.941176470588235,0.954545454545455
1539705,1943836,"2025-2025_Regular_Session","2025-04-08","House Judiciary Committee",18,0,0,4,22,1,"H","False Reporting","H0279",2025,"https://legiscan.com/FL/bill/H0279/2025",0.818181818181818,18,1,"N",1,1,1,1,1
1539724,1987196,"2025-2025_Regular_Session","2025-04-08","House State Affairs Committee",21,0,0,5,26,1,"H","West Villages Improvement District, Sarasota County","H4061",2025,"https://legiscan.com/FL/bill/H4061/2025",0.807692307692308,21,1,"N",1,1,1,1,1
1539750,1988079,"2025-2025_Regular_Session","2025-04-08","Senate Rules",22,2,0,1,25,1,"S","Surrendered Infants","S1690",2025,"https://legiscan.com/FL/bill/S1690/2025",0.88,24,0.916666666666667,"N",1,0.666666666666667,0.666666666666667,1,0.916666666666667
1539770,1942124,"2025-2025_Regular_Session","2025-04-08","House Judiciary Committee",19,0,0,3,22,1,"H","Offenses Involving Motor Vehicles","H0253",2025,"https://legiscan.com/FL/bill/H0253/2025",0.863636363636364,19,1,"N",1,1,1,1,1
1539778,1989232,"2025-2025_Regular_Session","2025-04-08","House Judiciary Committee",18,0,0,4,22,1,"H","Recreational Customary Use of Beaches","H6043",2025,"https://legiscan.com/FL/bill/H6043/2025",0.818181818181818,18,1,"N",1,1,1,1,1
1539796,1977113,"2025-2025_Regular_Session","2025-04-08","House State Affairs Committee",22,0,0,4,26,1,"H","Pub. Rec./Public Officers","H0789",2025,"https://legiscan.com/FL/bill/H0789/2025",0.846153846153846,22,1,"N",1,1,1,1,1
1539805,1917185,"2025-2025_Regular_Session","2025-04-08","Senate Rules",24,0,0,1,25,1,"S","Debt Collection","S0232",2025,"https://legiscan.com/FL/bill/S0232/2025",0.96,24,1,"N",1,1,1,1,1
1539821,1963937,"2025-2025_Regular_Session","2025-04-08","Senate Rules",24,0,0,1,25,1,"S","Service of Process","S0576",2025,"https://legiscan.com/FL/bill/S0576/2025",0.96,24,1,"N",1,1,1,1,1
1539853,1942335,"2025-2025_Regular_Session","2025-04-08","House Education & Employment Committee",17,0,0,5,22,1,"H","Exceptional Students and Video Cameras in Public Schools","H0257",2025,"https://legiscan.com/FL/bill/H0257/2025",0.772727272727273,17,1,"N",1,1,1,1,1
1539864,1985601,"2025-2025_Regular_Session","2025-04-08","House PreK-12 Budget Subcommittee",13,2,0,0,15,1,"H","Education","H1267",2025,"https://legiscan.com/FL/bill/H1267/2025",0.866666666666667,15,0.866666666666667,"N",1,0.5,NA,1,1
1539867,1918948,"2025-2025_Regular_Session","2025-04-08","House State Affairs Committee",23,0,0,3,26,1,"H","Tax Exemptions for Surviving Spouses of Quadriplegics","H0165",2025,"https://legiscan.com/FL/bill/H0165/2025",0.884615384615385,23,1,"N",1,1,1,1,1
1539874,1975096,"2025-2025_Regular_Session","2025-04-08","House State Affairs Committee",21,0,0,5,26,1,"H","OGSR/Site-specific Location Information for Endangered and Threatened Species","H7001",2025,"https://legiscan.com/FL/bill/H7001/2025",0.807692307692308,21,1,"N",1,1,1,1,1
1539899,1988264,"2025-2025_Regular_Session","2025-04-08","Senate Rules",24,0,0,1,25,1,"S","Public Records/Lethality Assessment Forms","S1640",2025,"https://legiscan.com/FL/bill/S1640/2025",0.96,24,1,"N",1,1,1,1,1
1539937,1886040,"2025-2025_Regular_Session","2025-04-08","Senate Rules",23,1,0,1,25,1,"S","Relief of Marcus Button by the Pasco County School Board","S0008",2025,"https://legiscan.com/FL/bill/S0008/2025",0.92,24,0.958333333333333,"N",0.944444444444444,1,1,0.944444444444444,0.958333333333333
1539938,1982412,"2025-2025_Regular_Session","2025-04-08","Senate Rules",19,5,0,1,25,1,"S","Consumers' Right to Repair Certain Equipment","S1132",2025,"https://legiscan.com/FL/bill/S1132/2025",0.76,24,0.791666666666667,"N",1,0.166666666666667,0.833333333333333,1,0.958333333333333
1539944,1966032,"2025-2025_Regular_Session","2025-04-08","Senate Rules",23,0,0,2,25,1,"S","Waiver or Release of Liens","S0658",2025,"https://legiscan.com/FL/bill/S0658/2025",0.92,23,1,"N",1,1,1,1,1
1539947,1941927,"2025-2025_Regular_Session","2025-04-08","Senate Rules",23,1,0,1,25,1,"S","Public Records/Agency for Health Care Administration","S0342",2025,"https://legiscan.com/FL/bill/S0342/2025",0.92,24,0.958333333333333,"N",1,0.833333333333333,0.833333333333333,1,0.958333333333333
1539949,1980688,"2025-2025_Regular_Session","2025-04-08","House Education & Employment Committee",17,0,0,5,22,1,"H","Florida Institute for Pediatric Rare Diseases","H0907",2025,"https://legiscan.com/FL/bill/H0907/2025",0.772727272727273,17,1,"N",1,1,1,1,1
1539954,1981409,"2025-2025_Regular_Session","2025-04-08","Senate Rules",24,0,0,1,25,1,"S","OGSR/Department of Financial Services","S7010",2025,"https://legiscan.com/FL/bill/S7010/2025",0.96,24,1,"N",1,1,1,1,1
1539966,1927008,"2025-2025_Regular_Session","2025-04-08","Senate Rules",23,1,0,1,25,1,"S","Public Records/Appellate Court Clerks and their Spouses and Children","S0300",2025,"https://legiscan.com/FL/bill/S0300/2025",0.92,24,0.958333333333333,"N",1,0.833333333333333,0.833333333333333,1,0.958333333333333
1539986,1983260,"2025-2025_Regular_Session","2025-04-08","House Ways & Means Committee",16,0,0,3,19,1,"H","Fort Pierce Farms Water Control District, St. Lucie County","H4047",2025,"https://legiscan.com/FL/bill/H4047/2025",0.842105263157895,16,1,"N",1,1,1,1,1
1540005,1986692,"2025-2025_Regular_Session","2025-04-08","House Education & Employment Committee",13,4,0,5,22,1,"H","School District Personnel and Volunteers","H1287",2025,"https://legiscan.com/FL/bill/H1287/2025",0.590909090909091,17,0.764705882352941,"N",1,0,1,1,1
1540008,1973837,"2025-2025_Regular_Session","2025-04-08","Senate Rules",24,0,0,1,25,1,"S","Former Phosphate Mining Lands","S0832",2025,"https://legiscan.com/FL/bill/S0832/2025",0.96,24,1,"N",1,1,1,1,1
1540025,1959086,"2025-2025_Regular_Session","2025-04-08","House Education & Employment Committee",13,3,0,6,22,1,"H","Education","H0443",2025,"https://legiscan.com/FL/bill/H0443/2025",0.590909090909091,16,0.8125,"N",1,0,1,1,1
1540093,1973373,"2025-2025_Regular_Session","2025-04-08","House Education & Employment Committee",17,0,0,5,22,1,"H","Apprenticeship and Preapprenticeship Program Funding","H0681",2025,"https://legiscan.com/FL/bill/H0681/2025",0.772727272727273,17,1,"N",1,1,1,1,1
1540126,1971304,"2025-2025_Regular_Session","2025-04-08","Senate Rules",24,0,0,1,25,1,"S","Foreign Countries of Concern","S0768",2025,"https://legiscan.com/FL/bill/S0768/2025",0.96,24,1,"N",1,1,1,1,1
1540146,1964414,"2025-2025_Regular_Session","2025-04-08","Senate Rules",22,2,0,1,25,1,"S","Public Lodging and Public Food Service Establishments","S0606",2025,"https://legiscan.com/FL/bill/S0606/2025",0.88,24,0.916666666666667,"N",1,0.666666666666667,0.666666666666667,1,0.916666666666667
1540162,1982852,"2025-2025_Regular_Session","2025-04-08","House Higher Education Budget Subcommittee",14,0,0,1,15,1,"H","Florida State University College of Law Election Law Center","H1055",2025,"https://legiscan.com/FL/bill/H1055/2025",0.933333333333333,14,1,"N",1,1,1,1,1
1540171,1970297,"2025-2025_Regular_Session","2025-04-08","Senate Rules",23,0,0,2,25,1,"S","Brownfields","S0736",2025,"https://legiscan.com/FL/bill/S0736/2025",0.92,23,1,"N",1,1,1,1,1
1540174,1984764,"2025-2025_Regular_Session","2025-04-08","House PreK-12 Budget Subcommittee",15,0,0,0,15,1,"H","K-12 School Route Optimization Pilot Program","H1213",2025,"https://legiscan.com/FL/bill/H1213/2025",1,15,1,"N",1,1,1,1,1
1540209,1892647,"2025-2025_Regular_Session","2025-04-08","Senate Rules",24,0,0,1,25,1,"S","Motor Vehicles","S0044",2025,"https://legiscan.com/FL/bill/S0044/2025",0.96,24,1,"N",1,1,1,1,1
1540214,1956291,"2025-2025_Regular_Session","2025-04-08","Senate Rules",17,7,0,1,25,1,"S","Trust Fund Interest for Purposes Approved by the Supreme Court","S0498",2025,"https://legiscan.com/FL/bill/S0498/2025",0.68,24,0.708333333333333,"N",0.944444444444444,0,1,0.944444444444444,0.958333333333333
1540234,1984810,"2025-2025_Regular_Session","2025-04-08","Senate Rules",24,0,0,1,25,1,"S","Removal of Altered Sexual Depictions Posted Without Consent","S1400",2025,"https://legiscan.com/FL/bill/S1400/2025",0.96,24,1,"N",1,1,1,1,1
1540251,1885934,"2025-2025_Regular_Session","2025-04-08","Senate Rules",23,1,0,1,25,1,"S","Relief of Darline Angervil and J.R. by the South Broward Hospital District","S0028",2025,"https://legiscan.com/FL/bill/S0028/2025",0.92,24,0.958333333333333,"N",0.944444444444444,1,1,0.944444444444444,0.958333333333333
1540264,1983822,"2025-2025_Regular_Session","2025-04-08","House Higher Education Budget Subcommittee",14,0,0,1,15,1,"H","Education","H1105",2025,"https://legiscan.com/FL/bill/H1105/2025",0.933333333333333,14,1,"N",1,1,1,1,1
1540289,1972281,"2025-2025_Regular_Session","2025-04-08","Senate Rules",24,0,0,1,25,1,"S","Platting","S0784",2025,"https://legiscan.com/FL/bill/S0784/2025",0.96,24,1,"N",1,1,1,1,1
1540348,1969698,"2025-2025_Regular_Session","2025-04-08","Senate Rules",22,2,0,1,25,1,"S","Public Records/Crime Stoppers Organizations","S0710",2025,"https://legiscan.com/FL/bill/S0710/2025",0.88,24,0.916666666666667,"N",0.944444444444444,0.833333333333333,0.833333333333333,0.944444444444444,0.916666666666667
1540360,1973439,"2025-2025_Regular_Session","2025-04-08","House Ways & Means Committee",15,0,0,4,19,1,"H","Lee County","H4035",2025,"https://legiscan.com/FL/bill/H4035/2025",0.789473684210526,15,1,"N",1,1,1,1,1
1540372,1987388,"2025-2025_Regular_Session","2025-04-08","House Budget Committee",25,0,0,5,30,1,"H","Biomarker Testing","H1335",2025,"https://legiscan.com/FL/bill/H1335/2025",0.833333333333333,25,1,"N",1,1,1,1,1
1540401,1983147,"2025-2025_Regular_Session","2025-04-08","House Budget Committee",29,0,0,1,30,1,"H","Department of Law Enforcement","H1053",2025,"https://legiscan.com/FL/bill/H1053/2025",0.966666666666667,29,1,"N",1,1,1,1,1
1540444,1964877,"2025-2025_Regular_Session","2025-04-08","Senate Rules",24,0,0,1,25,1,"S","Council on the Social Status of Black Men and Boys","S0626",2025,"https://legiscan.com/FL/bill/S0626/2025",0.96,24,1,"N",1,1,1,1,1
1540448,1989117,"2025-2025_Regular_Session","2025-04-08","Senate Rules",23,1,0,1,25,1,"S","Trespass","S1828",2025,"https://legiscan.com/FL/bill/S1828/2025",0.92,24,0.958333333333333,"N",1,0.833333333333333,0.833333333333333,1,0.958333333333333
1540453,1985332,"2025-2025_Regular_Session","2025-04-08","Senate Rules",24,0,0,1,25,1,"S","Fentanyl Testing","S1346",2025,"https://legiscan.com/FL/bill/S1346/2025",0.96,24,1,"N",1,1,1,1,1
1540468,1983996,"2025-2025_Regular_Session","2025-04-08","House Ways & Means Committee",16,0,0,3,19,1,"H","Water Management Districts","H1169",2025,"https://legiscan.com/FL/bill/H1169/2025",0.842105263157895,16,1,"N",1,1,1,1,1
1540519,1976023,"2025-2025_Regular_Session","2025-04-08","Senate Rules",24,0,0,1,25,1,"S","Veterans' Benefits Assistance","S0910",2025,"https://legiscan.com/FL/bill/S0910/2025",0.96,24,1,"N",1,1,1,1,1
1540530,1974729,"2025-2025_Regular_Session","2025-04-08","House Budget Committee",28,0,0,2,30,1,"H","Spectrum Alert","H0711",2025,"https://legiscan.com/FL/bill/H0711/2025",0.933333333333333,28,1,"N",1,1,1,1,1
1540541,1994035,"2025-2025_Regular_Session","2025-04-08","Senate Rules",24,0,0,1,25,1,"S","OGSR/Parental Consent Requirements Before Terminating a Pregnancy","S7018",2025,"https://legiscan.com/FL/bill/S7018/2025",0.96,24,1,"N",1,1,1,1,1
1540554,1987557,"2025-2025_Regular_Session","2025-04-08","Senate Rules",24,0,0,1,25,1,"S","Background Screening of Athletic Coaches","S1546",2025,"https://legiscan.com/FL/bill/S1546/2025",0.96,24,1,"N",1,1,1,1,1
1540562,1987683,"2025-2025_Regular_Session","2025-04-08","House Budget Committee",29,0,0,1,30,1,"H","Juvenile Justice","H1405",2025,"https://legiscan.com/FL/bill/H1405/2025",0.966666666666667,29,1,"N",1,1,1,1,1
1540619,1984969,"2025-2025_Regular_Session","2025-04-08","Senate Rules",24,0,0,1,25,1,"S","Leaving the Scene of a Crash Involving Only Damage to Vehicle or Property","S1378",2025,"https://legiscan.com/FL/bill/S1378/2025",0.96,24,1,"N",1,1,1,1,1
1540620,1977606,"2025-2025_Regular_Session","2025-04-08","House Budget Committee",29,0,0,1,30,1,"H","Fish and Wildlife Conservation Commission Trust Funds","H0843",2025,"https://legiscan.com/FL/bill/H0843/2025",0.966666666666667,29,1,"N",1,1,1,1,1
1540666,1983804,"2025-2025_Regular_Session","2025-04-08","House Judiciary Committee",16,0,0,6,22,1,"H","Unmanned Aircraft and Unmanned Aircraft Systems","H1121",2025,"https://legiscan.com/FL/bill/H1121/2025",0.727272727272727,16,1,"N",1,1,1,1,1
1540669,1977392,"2025-2025_Regular_Session","2025-04-08","House Judiciary Committee",17,1,0,4,22,1,"H","Expedited DNA Testing Grant Program","H0847",2025,"https://legiscan.com/FL/bill/H0847/2025",0.772727272727273,18,0.944444444444444,"N",0.923076923076923,1,1,0.923076923076923,0.944444444444444
1540670,1989113,"2025-2025_Regular_Session","2025-04-08","House Judiciary Committee",18,0,0,4,22,1,"H","Pub. Rec./Stricken Matters","H1569",2025,"https://legiscan.com/FL/bill/H1569/2025",0.818181818181818,18,1,"N",1,1,1,1,1
1540681,1989095,"2025-2025_Regular_Session","2025-04-08","House Judiciary Committee",20,0,0,2,22,1,"H","Vexatious Litigants","H1559",2025,"https://legiscan.com/FL/bill/H1559/2025",0.909090909090909,20,1,"N",1,1,1,1,1
1540687,1986594,"2025-2025_Regular_Session","2025-04-08","House Education & Employment Committee",15,0,0,7,22,1,"H","Higher Education","H1321",2025,"https://legiscan.com/FL/bill/H1321/2025",0.681818181818182,15,1,"N",1,1,1,1,1
1540691,1985708,"2025-2025_Regular_Session","2025-04-08","House Education & Employment Committee",17,0,0,5,22,1,"H","Human Trafficking Awareness","H1237",2025,"https://legiscan.com/FL/bill/H1237/2025",0.772727272727273,17,1,"N",1,1,1,1,1
1540694,1988716,"2025-2025_Regular_Session","2025-04-08","House Budget Committee",24,4,0,2,30,1,"H","Gambling","H1467",2025,"https://legiscan.com/FL/bill/H1467/2025",0.8,28,0.857142857142857,"N",1,0.5,NA,1,1
1540697,1982937,"2025-2025_Regular_Session","2025-04-08","House Judiciary Committee",22,0,0,0,22,1,"H","Criminal Offender Substance Abuse Program","H1095",2025,"https://legiscan.com/FL/bill/H1095/2025",1,22,1,"N",1,1,1,1,1
1540702,1977223,"2025-2025_Regular_Session","2025-04-08","Senate Rules",23,1,0,1,25,1,"S","Restrictions on Firearms and Ammunition During Emergencies","S0952",2025,"https://legiscan.com/FL/bill/S0952/2025",0.92,24,0.958333333333333,"N",1,0.833333333333333,0.833333333333333,1,0.958333333333333
1540705,1981248,"2025-2025_Regular_Session","2025-04-08","Senate Rules",24,0,0,1,25,1,"S","OGSR/Financial Technology Sandbox","S7008",2025,"https://legiscan.com/FL/bill/S7008/2025",0.96,24,1,"N",1,1,1,1,1
1540714,1975029,"2025-2025_Regular_Session","2025-04-08","House Budget Committee",27,0,0,3,30,1,"H","Law Enforcement, Correctional, and Correctional Probation Officer Benefits","H0751",2025,"https://legiscan.com/FL/bill/H0751/2025",0.9,27,1,"N",1,1,1,1,1
1540746,1977082,"2025-2025_Regular_Session","2025-04-08","House Education & Employment Committee",16,0,0,6,22,1,"H","School Social Workers","H0809",2025,"https://legiscan.com/FL/bill/H0809/2025",0.727272727272727,16,1,"N",1,1,1,1,1
1540747,1994534,"2025-2025_Regular_Session","2025-04-08","House Ways & Means Committee",12,4,0,3,19,1,"H","Town of White Springs, Hamilton County","H4079",2025,"https://legiscan.com/FL/bill/H4079/2025",0.631578947368421,16,0.75,"N",1,0.2,0.8,1,0.9375
1540755,1949074,"2025-2025_Regular_Session","2025-04-08","House Ways & Means Committee",16,0,0,3,19,1,"H","Bonuses for Employees of Property Appraisers","H0307",2025,"https://legiscan.com/FL/bill/H0307/2025",0.842105263157895,16,1,"N",1,1,1,1,1
1540762,1985442,"2025-2025_Regular_Session","2025-04-08","Senate Rules",24,0,0,1,25,1,"S","School District Reporting Requirements","S1374",2025,"https://legiscan.com/FL/bill/S1374/2025",0.96,24,1,"N",1,1,1,1,1
1540773,1987236,"2025-2025_Regular_Session","2025-04-08","House Budget Committee",29,0,0,1,30,1,"H","Law Enforcement Officers and Other Personnel","H1371",2025,"https://legiscan.com/FL/bill/H1371/2025",0.966666666666667,29,1,"N",1,1,1,1,1
1540780,1977185,"2025-2025_Regular_Session","2025-04-08","Senate Rules",24,0,0,1,25,1,"S","Third-party Reservation Platforms","S0940",2025,"https://legiscan.com/FL/bill/S0940/2025",0.96,24,1,"N",1,1,1,1,1
1540810,1982965,"2025-2025_Regular_Session","2025-04-08","House Ways & Means Committee",16,0,0,3,19,1,"H","North St. Lucie River Water Control District, St. Lucie County","H4049",2025,"https://legiscan.com/FL/bill/H4049/2025",0.842105263157895,16,1,"N",1,1,1,1,1
1540817,1958981,"2025-2025_Regular_Session","2025-04-08","House Education & Employment Committee",16,0,0,6,22,1,"H","Disability History and Awareness Instruction","H0447",2025,"https://legiscan.com/FL/bill/H0447/2025",0.727272727272727,16,1,"N",1,1,1,1,1
1540993,1885961,"2025-2025_Regular_Session","2025-04-08","Senate Rules",23,1,0,1,25,1,"S","Relief of Eric Miles, Jr., and Jennifer Miles by the South Broward Hospital District","S0022",2025,"https://legiscan.com/FL/bill/S0022/2025",0.92,24,0.958333333333333,"N",0.944444444444444,1,1,0.944444444444444,0.958333333333333
1541014,1966426,"2025-2025_Regular_Session","2025-04-08","Senate Rules",24,0,0,1,25,1,"S","Health Care Billing and Collection Activities","S0656",2025,"https://legiscan.com/FL/bill/S0656/2025",0.96,24,1,"N",1,1,1,1,1
1541019,1988942,"2025-2025_Regular_Session","2025-04-08","Senate Rules",24,0,0,1,25,1,"S","Affordable Housing","S1730",2025,"https://legiscan.com/FL/bill/S1730/2025",0.96,24,1,"N",1,1,1,1,1
1541030,1988299,"2025-2025_Regular_Session","2025-04-08","Senate Rules",24,0,0,1,25,1,"S","Uniform Commercial Code","S1666",2025,"https://legiscan.com/FL/bill/S1666/2025",0.96,24,1,"N",1,1,1,1,1
1541033,1988101,"2025-2025_Regular_Session","2025-04-08","Senate Rules",24,0,0,1,25,1,"S","Prearranged Transportation Services","S1696",2025,"https://legiscan.com/FL/bill/S1696/2025",0.96,24,1,"N",1,1,1,1,1
1541052,1956827,"2025-2025_Regular_Session","2025-04-08","Senate Rules",24,0,0,1,25,1,"S","Family Empowerment Scholarship Program","S0508",2025,"https://legiscan.com/FL/bill/S0508/2025",0.96,24,1,"N",1,1,1,1,1
1541062,1979915,"2025-2025_Regular_Session","2025-04-08","Senate Rules",23,0,0,2,25,1,"S","Utility Service Restrictions","S1002",2025,"https://legiscan.com/FL/bill/S1002/2025",0.92,23,1,"N",1,1,1,1,1
1541196,1985598,"2025-2025_Regular_Session","2025-04-08","Senate Rules",24,0,0,1,25,1,"S","Postjudgment Execution Proceedings Relating to Terrorism","S1430",2025,"https://legiscan.com/FL/bill/S1430/2025",0.96,24,1,"N",1,1,1,1,1
1541256,1987792,"2025-2025_Regular_Session","2025-04-08","Senate Fiscal Policy",18,1,0,0,19,1,"S","Education","S1618",2025,"https://legiscan.com/FL/bill/S1618/2025",0.947368421052632,19,0.947368421052632,"N",1,0.8,0.8,1,0.947368421052632
1541263,1973249,"2025-2025_Regular_Session","2025-04-08","Senate Fiscal Policy",19,0,0,0,19,1,"S","General Permits for Distributed Wastewater Treatment Systems","S0796",2025,"https://legiscan.com/FL/bill/S0796/2025",1,19,1,"N",1,1,1,1,1
1541268,1969535,"2025-2025_Regular_Session","2025-04-08","Senate Fiscal Policy",13,5,0,1,19,1,"S","Department of Agriculture and Consumer Services","S0700",2025,"https://legiscan.com/FL/bill/S0700/2025",0.684210526315789,18,0.722222222222222,"N",1,0,1,1,1
1541277,1964835,"2025-2025_Regular_Session","2025-04-08","Senate Fiscal Policy",19,0,0,0,19,1,"S","Boating Safety","S0628",2025,"https://legiscan.com/FL/bill/S0628/2025",1,19,1,"N",1,1,1,1,1
1541343,2006287,"2025-2025_Regular_Session","2025-04-09","Senate: Third Reading RCS#8",37,0,0,1,38,1,"S","Retirement","S7022",2025,"https://legiscan.com/FL/bill/S7022/2025",0.973684210526316,37,1,"Y",1,1,1,1,1
1541345,1951666,"2025-2025_Regular_Session","2025-04-08","Senate Fiscal Policy",19,0,0,0,19,1,"S","Transportation","S0462",2025,"https://legiscan.com/FL/bill/S0462/2025",1,19,1,"N",1,1,1,1,1
1541353,1981909,"2025-2025_Regular_Session","2025-04-09","Senate: Third Reading RCS#2",37,0,0,1,38,1,"S","Mental Health","S0168",2025,"https://legiscan.com/FL/bill/S0168/2025",0.973684210526316,37,1,"Y",1,1,1,1,1
1541354,1981909,"2025-2025_Regular_Session","2025-04-09","Senate: Third Reading RCS#3",37,0,0,1,38,1,"S","Mental Health","S0168",2025,"https://legiscan.com/FL/bill/S0168/2025",0.973684210526316,37,1,"Y",1,1,1,1,1
1541355,1992688,"2025-2025_Regular_Session","2025-04-08","Senate Fiscal Policy",14,5,0,0,19,1,"S","Amendments to the State Constitution","S7016",2025,"https://legiscan.com/FL/bill/S7016/2025",0.736842105263158,19,0.736842105263158,"N",1,0,1,1,1
1541395,2016571,"2025-2025_Regular_Session","2025-04-09","Senate: Third Reading RCS#6",37,0,0,1,38,1,"S","Implementing the 2025-2026 General Appropriations Act","S2502",2025,"https://legiscan.com/FL/bill/S2502/2025",0.973684210526316,37,1,"Y",1,1,1,1,1
1541409,2016502,"2025-2025_Regular_Session","2025-04-09","Senate: Third Reading RCS#12",37,0,0,1,38,1,"S","Natural Resources","S2506",2025,"https://legiscan.com/FL/bill/S2506/2025",0.973684210526316,37,1,"Y",1,1,1,1,1
1541410,2016502,"2025-2025_Regular_Session","2025-04-09","House: Third Reading RCS#56",97,12,10,0,119,1,"H","Natural Resources","S2506",2025,"https://legiscan.com/FL/bill/S2506/2025",0.815126050420168,109,0.889908256880734,"Y",1,0.612903225806452,0.612903225806452,1,0.889908256880734
1541433,1981399,"2025-2025_Regular_Session","2025-04-09","House Intergovernmental Affairs Subcommittee",13,3,0,2,18,1,"H","Real Property and Land Use and Development","H0943",2025,"https://legiscan.com/FL/bill/H0943/2025",0.722222222222222,16,0.8125,"N",0.818181818181818,0.8,0.8,0.818181818181818,0.8125
1541440,1987737,"2025-2025_Regular_Session","2025-04-09","Senate: Third Reading RCS#28",37,0,0,1,38,1,"S","Emergencies","S0180",2025,"https://legiscan.com/FL/bill/S0180/2025",0.973684210526316,37,1,"Y",1,1,1,1,1
1541448,1988596,"2025-2025_Regular_Session","2025-04-09","House Industries & Professional Activities Subcommittee",11,4,0,4,19,1,"H","Industries and Professional Activities","H1461",2025,"https://legiscan.com/FL/bill/H1461/2025",0.578947368421053,15,0.733333333333333,"N",1,0,1,1,1
1541459,1985088,"2025-2025_Regular_Session","2025-04-09","House Intergovernmental Affairs Subcommittee",12,4,0,2,18,1,"H","Prohibition of Guaranteed Income Programs","H1193",2025,"https://legiscan.com/FL/bill/H1193/2025",0.666666666666667,16,0.75,"N",1,0,1,1,1
1541464,1927298,"2025-2025_Regular_Session","2025-04-09","Senate: Third Reading RCS#21",37,0,0,1,38,1,"S","Florida Institute for Human and Machine Cognition, Inc.","S0312",2025,"https://legiscan.com/FL/bill/S0312/2025",0.973684210526316,37,1,"Y",1,1,1,1,1
1541468,2012623,"2025-2025_Regular_Session","2025-04-09","Senate: Third Reading RCS#15",35,2,0,1,38,1,"S","Educational Scholarship Programs","S7030",2025,"https://legiscan.com/FL/bill/S7030/2025",0.921052631578947,37,0.945945945945946,"Y",1,0.818181818181818,0.818181818181818,1,0.945945945945946
1541505,1951702,"2025-2025_Regular_Session","2025-04-09","Senate: Third Reading RCS#36",35,0,2,1,38,1,"S","Florida Museum of Black History","S0466",2025,"https://legiscan.com/FL/bill/S0466/2025",0.921052631578947,35,1,"Y",1,1,1,1,1
1541506,1951702,"2025-2025_Regular_Session","2025-04-09","Senate: Third Reading RCS#37",37,0,0,1,38,1,"S","Florida Museum of Black History","S0466",2025,"https://legiscan.com/FL/bill/S0466/2025",0.973684210526316,37,1,"Y",1,1,1,1,1
1541520,1967572,"2025-2025_Regular_Session","2025-04-09","Senate: Third Reading RCS#41",37,0,0,1,38,1,"S","Pawnbroker Transaction Forms","S0678",2025,"https://legiscan.com/FL/bill/S0678/2025",0.973684210526316,37,1,"Y",1,1,1,1,1
1541525,1984447,"2025-2025_Regular_Session","2025-04-09","House Health Care Budget Subcommittee",13,0,0,2,15,1,"H","Medicaid Enrollment for Permanently Disabled Individuals","H1227",2025,"https://legiscan.com/FL/bill/H1227/2025",0.866666666666667,13,1,"N",1,1,1,1,1
1541536,2008946,"2025-2025_Regular_Session","2025-04-09","Senate: Third Reading RCS#9",37,0,0,1,38,1,"S","State Planning and Budgeting","S7024",2025,"https://legiscan.com/FL/bill/S7024/2025",0.973684210526316,37,1,"Y",1,1,1,1,1
1541541,1965376,"2025-2025_Regular_Session","2025-04-09","House Health Care Budget Subcommittee",13,0,0,2,15,1,"H","Public Education of Background Screening Requirements","H0531",2025,"https://legiscan.com/FL/bill/H0531/2025",0.866666666666667,13,1,"N",1,1,1,1,1
1541545,1940859,"2025-2025_Regular_Session","2025-04-09","House Intergovernmental Affairs Subcommittee",16,1,0,1,18,1,"H","Housing","H0247",2025,"https://legiscan.com/FL/bill/H0247/2025",0.888888888888889,17,0.941176470588235,"N",0.916666666666667,1,1,0.916666666666667,0.941176470588235
1541551,1981960,"2025-2025_Regular_Session","2025-04-09","Senate: Third Reading RCS#27",37,0,0,1,38,1,"S","Health Care Practitioner Specialty Titles and Designations","S0172",2025,"https://legiscan.com/FL/bill/S0172/2025",0.973684210526316,37,1,"Y",1,1,1,1,1
1541553,1911850,"2025-2025_Regular_Session","2025-04-09","Senate: Third Reading RCS#20",37,0,0,1,38,1,"S","Housing","S0184",2025,"https://legiscan.com/FL/bill/S0184/2025",0.973684210526316,37,1,"Y",1,1,1,1,1
1541583,2019362,"2025-2025_Regular_Session","2025-04-09","House: Third Reading RCS#62",112,0,7,0,119,1,"H","Government Administration","H5009",2025,"https://legiscan.com/FL/bill/H5009/2025",0.941176470588235,112,1,"Y",1,1,1,1,1
1541593,2016463,"2025-2025_Regular_Session","2025-04-09","Senate: Third Reading RCS#16",33,3,1,1,38,1,"S","Prekindergarten Through Grade 12 Education","S2510",2025,"https://legiscan.com/FL/bill/S2510/2025",0.868421052631579,36,0.916666666666667,"Y",1,0.727272727272727,0.727272727272727,1,0.916666666666667
1541610,2016351,"2025-2025_Regular_Session","2025-04-09","Senate: Third Reading RCS#13",37,0,0,1,38,1,"S","Judges","S2508",2025,"https://legiscan.com/FL/bill/S2508/2025",0.973684210526316,37,1,"Y",1,1,1,1,1
1541613,1988278,"2025-2025_Regular_Session","2025-04-09","House Health Care Budget Subcommittee",13,0,0,2,15,1,"H","Mental Health and Substance Use Disorders","H1439",2025,"https://legiscan.com/FL/bill/H1439/2025",0.866666666666667,13,1,"N",1,1,1,1,1
1541622,1886227,"2025-2025_Regular_Session","2025-04-09","Senate: Third Reading RCS#23",37,0,0,1,38,1,"S","Relief of the Estate of Peniel Janvier by the City of Miami Beach","S0014",2025,"https://legiscan.com/FL/bill/S0014/2025",0.973684210526316,37,1,"Y",1,1,1,1,1
1541628,2016065,"2025-2025_Regular_Session","2025-04-09","House: Third Reading RCS#60",111,0,8,0,119,1,"H","State Financial Accounting","H5201",2025,"https://legiscan.com/FL/bill/H5201/2025",0.932773109243697,111,1,"Y",1,1,1,1,1
1541635,1886200,"2025-2025_Regular_Session","2025-04-09","Senate: Third Reading RCS#24",36,1,0,1,38,1,"S","Relief of J.N., a Minor, by Hillsborough County","S0020",2025,"https://legiscan.com/FL/bill/S0020/2025",0.947368421052632,37,0.972972972972973,"Y",0.961538461538462,1,1,0.961538461538462,0.972972972972973
1541653,1918478,"2025-2025_Regular_Session","2025-04-09","Senate: Third Reading RCS#30",35,2,0,1,38,1,"S","Student Participation in Interscholastic and Intrascholastic Extracurricular Sports","S0248",2025,"https://legiscan.com/FL/bill/S0248/2025",0.921052631578947,37,0.945945945945946,"Y",1,0.818181818181818,0.818181818181818,1,0.945945945945946
1541658,2016312,"2025-2025_Regular_Session","2025-04-09","Senate: Third Reading RCS#5",37,0,0,1,38,1,"S","Appropriations","S2500",2025,"https://legiscan.com/FL/bill/S2500/2025",0.973684210526316,37,1,"Y",1,1,1,1,1
1541659,2016312,"2025-2025_Regular_Session","2025-04-09","House: Third Reading RCS#64",98,6,15,0,119,1,"H","Appropriations","S2500",2025,"https://legiscan.com/FL/bill/S2500/2025",0.823529411764706,104,0.942307692307692,"Y",1,0.769230769230769,0.769230769230769,1,0.942307692307692
1541666,1928217,"2025-2025_Regular_Session","2025-04-09","House Intergovernmental Affairs Subcommittee",17,0,0,1,18,1,"H","Farm Products","H0211",2025,"https://legiscan.com/FL/bill/H0211/2025",0.944444444444444,17,1,"N",1,1,1,1,1
1541719,1982521,"2025-2025_Regular_Session","2025-04-09","Senate: Third Reading RCS#26",37,0,0,1,38,1,"S","Quality of Care in Nursing Homes","S0170",2025,"https://legiscan.com/FL/bill/S0170/2025",0.973684210526316,37,1,"Y",1,1,1,1,1
1541721,1977478,"2025-2025_Regular_Session","2025-04-09","Senate: Third Reading RCS#45",37,0,0,1,38,1,"S","Flood Disclosures","S0948",2025,"https://legiscan.com/FL/bill/S0948/2025",0.973684210526316,37,1,"Y",1,1,1,1,1
1541723,1969855,"2025-2025_Regular_Session","2025-04-09","Senate: Third Reading RCS#42",37,0,0,1,38,1,"S","Nonopioid Advance Directives","S0714",2025,"https://legiscan.com/FL/bill/S0714/2025",0.973684210526316,37,1,"Y",1,1,1,1,1
1541739,2016424,"2025-2025_Regular_Session","2025-04-09","Senate: Third Reading RCS#18",37,0,0,1,38,1,"S","Health and Human Services","S2514",2025,"https://legiscan.com/FL/bill/S2514/2025",0.973684210526316,37,1,"Y",1,1,1,1,1
1541740,2016424,"2025-2025_Regular_Session","2025-04-09","House: Third Reading RCS#68",111,0,8,0,119,1,"H","Health and Human Services","S2514",2025,"https://legiscan.com/FL/bill/S2514/2025",0.932773109243697,111,1,"Y",1,1,1,1,1
1541743,2009168,"2025-2025_Regular_Session","2025-04-09","Senate: Third Reading RCS#10",36,0,1,1,38,1,"S","Information Technology","S7026",2025,"https://legiscan.com/FL/bill/S7026/2025",0.947368421052632,36,1,"Y",1,1,1,1,1
1541748,1984362,"2025-2025_Regular_Session","2025-04-09","Senate: Third Reading RCS#54",36,0,0,2,38,1,"S","Harming or Neglecting Children","S1286",2025,"https://legiscan.com/FL/bill/S1286/2025",0.947368421052632,36,1,"Y",1,1,1,1,1
1541756,1943586,"2025-2025_Regular_Session","2025-04-09","Senate: Third Reading RCS#34",37,0,0,1,38,1,"S","Trust Funds for Wildlife Management","S0388",2025,"https://legiscan.com/FL/bill/S0388/2025",0.973684210526316,37,1,"Y",1,1,1,1,1
1541780,2018625,"2025-2025_Regular_Session","2025-04-09","House: Third Reading RCS#63",112,0,7,0,119,1,"H","Taxation","H7031",2025,"https://legiscan.com/FL/bill/H7031/2025",0.941176470588235,112,1,"Y",1,1,1,1,1
1541796,2016388,"2025-2025_Regular_Session","2025-04-09","Senate: Third Reading RCS#7",37,0,0,1,38,1,"S","Collective Bargaining","S2504",2025,"https://legiscan.com/FL/bill/S2504/2025",0.973684210526316,37,1,"Y",1,1,1,1,1
1541797,2016388,"2025-2025_Regular_Session","2025-04-09","House: Third Reading RCS#70",111,0,8,0,119,1,"H","Collective Bargaining","S2504",2025,"https://legiscan.com/FL/bill/S2504/2025",0.932773109243697,111,1,"Y",1,1,1,1,1
1541814,1984439,"2025-2025_Regular_Session","2025-04-09","House: Third Reading RCS#74",107,3,9,0,119,1,"H","Florida Trust Code","H1173",2025,"https://legiscan.com/FL/bill/H1173/2025",0.899159663865546,110,0.972727272727273,"Y",1,0.903225806451613,0.903225806451613,1,0.972727272727273
1541843,1975213,"2025-2025_Regular_Session","2025-04-09","House Intergovernmental Affairs Subcommittee",17,0,0,1,18,1,"H","Downtown Development Authority of City of Fort Lauderdale, Broward County","H4037",2025,"https://legiscan.com/FL/bill/H4037/2025",0.944444444444444,17,1,"N",1,1,1,1,1
1541847,2016018,"2025-2025_Regular_Session","2025-04-09","House: Third Reading RCS#58",82,26,11,0,119,1,"H","Documentary Stamp Tax Distributions","H5501",2025,"https://legiscan.com/FL/bill/H5501/2025",0.689075630252101,108,0.759259259259259,"Y",1,0.103448275862069,0.896551724137931,1,0.972222222222222
1541852,2016043,"2025-2025_Regular_Session","2025-04-09","House: Third Reading RCS#61",111,0,8,0,119,1,"H","Capitol Center","H5203",2025,"https://legiscan.com/FL/bill/H5203/2025",0.932773109243697,111,1,"Y",1,1,1,1,1
1541853,1983946,"2025-2025_Regular_Session","2025-04-09","House Intergovernmental Affairs Subcommittee",11,4,0,3,18,1,"H","Certified Recovery Residences","H1163",2025,"https://legiscan.com/FL/bill/H1163/2025",0.611111111111111,15,0.733333333333333,"N",0.833333333333333,0.333333333333333,0.666666666666667,0.833333333333333,0.8
1541856,1988334,"2025-2025_Regular_Session","2025-04-09","House Intergovernmental Affairs Subcommittee",17,0,0,1,18,1,"H","City of Auburndale, Polk County","H4065",2025,"https://legiscan.com/FL/bill/H4065/2025",0.944444444444444,17,1,"N",1,1,1,1,1
1541859,1987221,"2025-2025_Regular_Session","2025-04-09","House Intergovernmental Affairs Subcommittee",16,0,0,2,18,1,"H","Tohopekaliga Water Authority, Osceola County","H4057",2025,"https://legiscan.com/FL/bill/H4057/2025",0.888888888888889,16,1,"N",1,1,1,1,1
1541866,1977751,"2025-2025_Regular_Session","2025-04-09","House Intergovernmental Affairs Subcommittee",17,0,0,1,18,1,"H","Business Development Incentives for Veterans and Military Spouses","H0821",2025,"https://legiscan.com/FL/bill/H0821/2025",0.944444444444444,17,1,"N",1,1,1,1,1
1541874,2016539,"2025-2025_Regular_Session","2025-04-09","Senate: Third Reading RCS#17",37,0,0,1,38,1,"S","Higher Education","S2512",2025,"https://legiscan.com/FL/bill/S2512/2025",0.973684210526316,37,1,"Y",1,1,1,1,1
1541879,1988409,"2025-2025_Regular_Session","2025-04-09","House Industries & Professional Activities Subcommittee",16,1,0,2,19,1,"H","Special Beverage Licenses for Equestrian Sport Facilities in Marion County","H4067",2025,"https://legiscan.com/FL/bill/H4067/2025",0.842105263157895,17,0.941176470588235,"N",1,0.75,0.75,1,0.941176470588235
1541885,2006287,"2025-2025_Regular_Session","2025-04-09","House: Third Reading RCS#66",112,0,7,0,119,1,"H","Retirement","S7022",2025,"https://legiscan.com/FL/bill/S7022/2025",0.941176470588235,112,1,"Y",1,1,1,1,1
1541896,1985733,"2025-2025_Regular_Session","2025-04-09","Senate: Third Reading RCS#59",34,2,0,2,38,1,"S","Public Records/School Security Guards","S1472",2025,"https://legiscan.com/FL/bill/S1472/2025",0.894736842105263,36,0.944444444444444,"Y",1,0.818181818181818,0.818181818181818,1,0.944444444444444
1541898,1965049,"2025-2025_Regular_Session","2025-04-09","House Intergovernmental Affairs Subcommittee",17,0,0,1,18,1,"H","Fire Prevention","H0551",2025,"https://legiscan.com/FL/bill/H0551/2025",0.944444444444444,17,1,"N",1,1,1,1,1
1541902,1984348,"2025-2025_Regular_Session","2025-04-09","Senate: Third Reading RCS#55",29,7,0,2,38,1,"S","Traffic Offenses","S1318",2025,"https://legiscan.com/FL/bill/S1318/2025",0.763157894736842,36,0.805555555555556,"Y",0.84,0.727272727272727,0.727272727272727,0.84,0.805555555555556
1541917,1983730,"2025-2025_Regular_Session","2025-04-09","House: Third Reading RCS#85",79,29,11,0,119,1,"H","Out-of-network Providers","H1101",2025,"https://legiscan.com/FL/bill/H1101/2025",0.663865546218487,108,0.731481481481482,"Y",0.949367088607595,0.137931034482759,0.862068965517241,0.949367088607595,0.925925925925926
1541922,1963605,"2025-2025_Regular_Session","2025-04-09","Senate: Third Reading RCS#19",37,0,0,1,38,1,"S","Water Management Districts","S7002",2025,"https://legiscan.com/FL/bill/S7002/2025",0.973684210526316,37,1,"Y",1,1,1,1,1
1541930,2019272,"2025-2025_Regular_Session","2025-04-09","House: Third Reading RCS#59",109,0,10,0,119,1,"H","State Group Insurance","H5015",2025,"https://legiscan.com/FL/bill/H5015/2025",0.915966386554622,109,1,"Y",1,1,1,1,1
1541956,1983210,"2025-2025_Regular_Session","2025-04-09","Senate: Third Reading RCS#25",37,0,0,1,38,1,"S","Insurance Research","S0114",2025,"https://legiscan.com/FL/bill/S0114/2025",0.973684210526316,37,1,"Y",1,1,1,1,1
1541976,1983449,"2025-2025_Regular_Session","2025-04-09","Senate: Third Reading RCS#50",37,0,0,1,38,1,"S","Fraudulent Use of Gift Cards","S1198",2025,"https://legiscan.com/FL/bill/S1198/2025",0.973684210526316,37,1,"Y",1,1,1,1,1
1541979,1982673,"2025-2025_Regular_Session","2025-04-09","House Health Care Budget Subcommittee",13,0,0,2,15,1,"H","Crisis Care Coordination","H1013",2025,"https://legiscan.com/FL/bill/H1013/2025",0.866666666666667,13,1,"N",1,1,1,1,1
1541981,1942081,"2025-2025_Regular_Session","2025-04-09","Senate: Third Reading RCS#33",37,0,0,1,38,1,"S","Telecommunications Access System Act of 1991","S0344",2025,"https://legiscan.com/FL/bill/S0344/2025",0.973684210526316,37,1,"Y",1,1,1,1,1
1541982,1967372,"2025-2025_Regular_Session","2025-04-09","Senate: Third Reading RCS#40",28,9,0,1,38,1,"S","The Designation of the Gulf of Mexico","H0575",2025,"https://legiscan.com/FL/bill/H0575/2025",0.736842105263158,37,0.756756756756757,"Y",1,0.181818181818182,0.818181818181818,1,0.945945945945946
1541986,1970257,"2025-2025_Regular_Session","2025-04-09","Senate: Third Reading RCS#43",37,0,0,1,38,1,"S","Health Insurance Coverage for Individuals with Developmental Disabilities","S0756",2025,"https://legiscan.com/FL/bill/S0756/2025",0.973684210526316,37,1,"Y",1,1,1,1,1
1542007,1973519,"2025-2025_Regular_Session","2025-04-09","House Intergovernmental Affairs Subcommittee",17,0,0,1,18,1,"H","Local Housing Assistance Plans","H0701",2025,"https://legiscan.com/FL/bill/H0701/2025",0.944444444444444,17,1,"N",1,1,1,1,1
1542016,1919924,"2025-2025_Regular_Session","2025-04-09","Senate: Third Reading RCS#31",34,2,1,1,38,1,"S","Public Records/Congressional Members and Public Officers","S0268",2025,"https://legiscan.com/FL/bill/S0268/2025",0.894736842105263,36,0.944444444444444,"Y",1,0.818181818181818,0.818181818181818,1,0.944444444444444
1542045,2011825,"2025-2025_Regular_Session","2025-04-09","Senate: Third Reading RCS#22",37,0,0,1,38,1,"S","Cancer","S7028",2025,"https://legiscan.com/FL/bill/S7028/2025",0.973684210526316,37,1,"Y",1,1,1,1,1
1542049,1982781,"2025-2025_Regular_Session","2025-04-09","Senate: Third Reading RCS#53",36,0,0,2,38,1,"S","Spring Restoration","S1228",2025,"https://legiscan.com/FL/bill/S1228/2025",0.947368421052632,36,1,"Y",1,1,1,1,1
1542050,1927986,"2025-2025_Regular_Session","2025-04-09","Senate: Third Reading RCS#32",37,0,0,1,38,1,"S","Specific Medical Diagnoses in Child Protective Investigations","S0304",2025,"https://legiscan.com/FL/bill/S0304/2025",0.973684210526316,37,1,"Y",1,1,1,1,1
1542055,1963769,"2025-2025_Regular_Session","2025-04-09","Senate: Third Reading RCS#38",36,1,0,1,38,1,"S","Wine Containers","S0578",2025,"https://legiscan.com/FL/bill/S0578/2025",0.947368421052632,37,0.972972972972973,"Y",0.961538461538462,1,1,0.961538461538462,0.972972972972973
1542069,1975251,"2025-2025_Regular_Session","2025-04-09","House Intergovernmental Affairs Subcommittee",17,0,0,1,18,1,"H","Deferred and Unpaid Taxes","H0761",2025,"https://legiscan.com/FL/bill/H0761/2025",0.944444444444444,17,1,"N",1,1,1,1,1
1542073,1981374,"2025-2025_Regular_Session","2025-04-09","Senate: Third Reading RCS#48",37,0,0,1,38,1,"S","Electrocardiograms for Student Athletes","S1070",2025,"https://legiscan.com/FL/bill/S1070/2025",0.973684210526316,37,1,"Y",1,1,1,1,1
1542087,1989225,"2025-2025_Regular_Session","2025-04-09","House Health Care Budget Subcommittee",13,0,0,2,15,1,"H","Parkinson's Disease","H1545",2025,"https://legiscan.com/FL/bill/H1545/2025",0.866666666666667,13,1,"N",1,1,1,1,1
1542095,1942526,"2025-2025_Regular_Session","2025-04-09","House: Third Reading RCS#75",109,0,10,0,119,1,"H","Aggravated Animal Cruelty","H0255",2025,"https://legiscan.com/FL/bill/H0255/2025",0.915966386554622,109,1,"Y",1,1,1,1,1
1542099,1963881,"2025-2025_Regular_Session","2025-04-09","House Intergovernmental Affairs Subcommittee",17,0,0,1,18,1,"H","Location of Equipment Owned by Amusement Business Owner","H0505",2025,"https://legiscan.com/FL/bill/H0505/2025",0.944444444444444,17,1,"N",1,1,1,1,1
1542116,1922514,"2025-2025_Regular_Session","2025-04-09","House Intergovernmental Affairs Subcommittee",17,0,0,1,18,1,"H","Transportation Concurrency","H0203",2025,"https://legiscan.com/FL/bill/H0203/2025",0.944444444444444,17,1,"N",1,1,1,1,1
1542119,1956265,"2025-2025_Regular_Session","2025-04-09","House: Third Reading RCS#71",111,0,8,0,119,1,"H","St. Augustine-St. Johns County Airport Authority, St. Johns County","H4009",2025,"https://legiscan.com/FL/bill/H4009/2025",0.932773109243697,111,1,"Y",1,1,1,1,1
1542121,1985026,"2025-2025_Regular_Session","2025-04-09","House Intergovernmental Affairs Subcommittee",10,7,0,1,18,1,"H","Local Option Taxes","H1221",2025,"https://legiscan.com/FL/bill/H1221/2025",0.555555555555556,17,0.588235294117647,"N",0.833333333333333,0,1,0.833333333333333,0.882352941176471
1542133,1989234,"2025-2025_Regular_Session","2025-04-09","House: Third Reading RCS#87",110,0,9,0,119,1,"H","Insulin Administration by Direct Support Professionals and Relatives","H1567",2025,"https://legiscan.com/FL/bill/H1567/2025",0.92436974789916,110,1,"Y",1,1,1,1,1
1542139,1987672,"2025-2025_Regular_Session","2025-04-09","House Health Care Budget Subcommittee",13,0,0,2,15,1,"H","Improving Screening for and Treatment of Blood Clots","H1421",2025,"https://legiscan.com/FL/bill/H1421/2025",0.866666666666667,13,1,"N",1,1,1,1,1
1542145,1968812,"2025-2025_Regular_Session","2025-04-09","House: Third Reading RCS#88",110,0,9,0,119,1,"H","Diabetes Management in Schools","H0597",2025,"https://legiscan.com/FL/bill/H0597/2025",0.92436974789916,110,1,"Y",1,1,1,1,1
1542146,1963657,"2025-2025_Regular_Session","2025-04-09","Senate: Third Reading RCS#39",34,0,3,1,38,1,"S","Unlawful Demolition of Historical Buildings and Structures","S0582",2025,"https://legiscan.com/FL/bill/S0582/2025",0.894736842105263,34,1,"Y",1,1,1,1,1
1542162,1988472,"2025-2025_Regular_Session","2025-04-09","Senate: Third Reading RCS#62",34,2,0,2,38,1,"S","Entities that Boycott Israel","S1678",2025,"https://legiscan.com/FL/bill/S1678/2025",0.894736842105263,36,0.944444444444444,"Y",1,0.818181818181818,0.818181818181818,1,0.944444444444444
1542172,2016571,"2025-2025_Regular_Session","2025-04-09","House: Third Reading RCS#65",104,5,10,0,119,1,"H","Implementing the 2025-2026 General Appropriations Act","S2502",2025,"https://legiscan.com/FL/bill/S2502/2025",0.873949579831933,109,0.954128440366973,"Y",1,0.838709677419355,0.838709677419355,1,0.954128440366973
1542221,1972204,"2025-2025_Regular_Session","2025-04-09","House Intergovernmental Affairs Subcommittee",16,0,0,2,18,1,"H","Local Government Impact Fees and Development Permits and Orders","H0665",2025,"https://legiscan.com/FL/bill/H0665/2025",0.888888888888889,16,1,"N",1,1,1,1,1
1542224,1894965,"2025-2025_Regular_Session","2025-04-09","House: Third Reading RCS#82",111,0,8,0,119,1,"H","Pub. Rec. and Meetings/Social Work Licensure Interstate Compact","H0029",2025,"https://legiscan.com/FL/bill/H0029/2025",0.932773109243697,111,1,"Y",1,1,1,1,1
1542227,1963746,"2025-2025_Regular_Session","2025-04-09","Senate: Third Reading RCS#44",37,0,0,1,38,1,"S","Electronic Transmittal of Court Orders","H0513",2025,"https://legiscan.com/FL/bill/H0513/2025",0.973684210526316,37,1,"Y",1,1,1,1,1
1542241,1987620,"2025-2025_Regular_Session","2025-04-09","Senate: Third Reading RCS#29",37,0,0,1,38,1,"S","Tax Credits for Charitable Contributions","S0182",2025,"https://legiscan.com/FL/bill/S0182/2025",0.973684210526316,37,1,"Y",1,1,1,1,1
1542258,1985637,"2025-2025_Regular_Session","2025-04-09","Senate: Third Reading RCS#58",36,0,0,2,38,1,"S","School Safety","S1470",2025,"https://legiscan.com/FL/bill/S1470/2025",0.947368421052632,36,1,"Y",1,1,1,1,1
1542260,1988840,"2025-2025_Regular_Session","2025-04-09","Senate: Third Reading RCS#35",37,0,0,1,38,1,"S","Food and Hemp Products","S0438",2025,"https://legiscan.com/FL/bill/S0438/2025",0.973684210526316,37,1,"Y",1,1,1,1,1
1542272,1988985,"2025-2025_Regular_Session","2025-04-09","House: Third Reading RCS#79",79,32,8,0,119,1,"H","Civil Liability for the Wrongful Death of an Unborn Child","H1517",2025,"https://legiscan.com/FL/bill/H1517/2025",0.663865546218487,111,0.711711711711712,"Y",1,0,1,1,1
1542304,1987815,"2025-2025_Regular_Session","2025-04-09","Senate: Third Reading RCS#61",36,0,0,2,38,1,"S","Child Welfare","S1626",2025,"https://legiscan.com/FL/bill/S1626/2025",0.947368421052632,36,1,"Y",1,1,1,1,1
1542310,1979142,"2025-2025_Regular_Session","2025-04-09","Senate: Third Reading RCS#46",37,0,0,1,38,1,"S","Type 1 Diabetes Early Detection Program","S0958",2025,"https://legiscan.com/FL/bill/S0958/2025",0.973684210526316,37,1,"Y",1,1,1,1,1
1542325,1965140,"2025-2025_Regular_Session","2025-04-09","Senate: Third Reading RCS#47",28,9,0,1,38,1,"S","Gulf of America","H0549",2025,"https://legiscan.com/FL/bill/H0549/2025",0.736842105263158,37,0.756756756756757,"Y",1,0.181818181818182,0.818181818181818,1,0.945945945945946
1542327,2012623,"2025-2025_Regular_Session","2025-04-09","House: Third Reading RCS#67",80,27,12,0,119,1,"H","Educational Scholarship Programs","S7030",2025,"https://legiscan.com/FL/bill/S7030/2025",0.672268907563025,107,0.747663551401869,"Y",1,0.0689655172413793,0.931034482758621,1,0.981308411214953
1542340,1983455,"2025-2025_Regular_Session","2025-04-09","Senate: Third Reading RCS#49",37,0,0,1,38,1,"S","Installation or Use of Tracking Devices or Applications","S1168",2025,"https://legiscan.com/FL/bill/S1168/2025",0.973684210526316,37,1,"Y",1,1,1,1,1
1542388,1986356,"2025-2025_Regular_Session","2025-04-09","House: Third Reading RCS#86",69,37,13,0,119,1,"H","Electronic Prescribing","H1297",2025,"https://legiscan.com/FL/bill/H1297/2025",0.579831932773109,106,0.650943396226415,"Y",0.906666666666667,0.032258064516129,0.967741935483871,0.906666666666667,0.924528301886792
1542426,1970927,"2025-2025_Regular_Session","2025-04-09","House: Third Reading RCS#73",111,0,8,0,119,1,"H","Bermont Drainage District, Charlotte County","H4017",2025,"https://legiscan.com/FL/bill/H4017/2025",0.932773109243697,111,1,"Y",1,1,1,1,1
1542427,1983199,"2025-2025_Regular_Session","2025-04-09","Senate: Third Reading RCS#51",36,0,0,2,38,1,"S","Benefits for Firefighters Injured During Training Exercises","S1202",2025,"https://legiscan.com/FL/bill/S1202/2025",0.947368421052632,36,1,"Y",1,1,1,1,1
1542441,1971879,"2025-2025_Regular_Session","2025-04-09","Senate: Third Reading RCS#52",36,0,0,2,38,1,"S","Pet Insurance and Wellness Programs","H0655",2025,"https://legiscan.com/FL/bill/H0655/2025",0.947368421052632,36,1,"Y",1,1,1,1,1
1542442,1984595,"2025-2025_Regular_Session","2025-04-09","Senate: Third Reading RCS#57",36,0,0,2,38,1,"S","Students Enrolled in Dropout Retrieval Programs","S1402",2025,"https://legiscan.com/FL/bill/S1402/2025",0.947368421052632,36,1,"Y",1,1,1,1,1
1542448,1976248,"2025-2025_Regular_Session","2025-04-09","House: Third Reading RCS#77",111,0,8,0,119,1,"H","Offenses Involving Children","H0777",2025,"https://legiscan.com/FL/bill/H0777/2025",0.932773109243697,111,1,"Y",1,1,1,1,1
1542468,1984688,"2025-2025_Regular_Session","2025-04-09","Senate: Third Reading RCS#56",36,0,0,2,38,1,"S","Ambulatory Surgical Centers","S1370",2025,"https://legiscan.com/FL/bill/S1370/2025",0.947368421052632,36,1,"Y",1,1,1,1,1
1542512,1979642,"2025-2025_Regular_Session","2025-04-09","House: Third Reading RCS#84",87,22,10,0,119,1,"H","Advanced Practice Registered Nurse Autonomous Practice","H0883",2025,"https://legiscan.com/FL/bill/H0883/2025",0.73109243697479,109,0.798165137614679,"Y",0.936708860759494,0.433333333333333,0.566666666666667,0.936708860759494,0.834862385321101
1542526,1894929,"2025-2025_Regular_Session","2025-04-09","House: Third Reading RCS#81",111,0,8,0,119,1,"H","Social Work Licensure Interstate Compact","H0027",2025,"https://legiscan.com/FL/bill/H0027/2025",0.932773109243697,111,1,"Y",1,1,1,1,1
1542530,1981896,"2025-2025_Regular_Session","2025-04-09","House: Third Reading RCS#80",111,0,8,0,119,1,"H","Licensure of Family Foster Homes","H0989",2025,"https://legiscan.com/FL/bill/H0989/2025",0.932773109243697,111,1,"Y",1,1,1,1,1
1542583,2019303,"2025-2025_Regular_Session","2025-04-09","House: Third Reading RCS#57",108,0,11,0,119,1,"H","State-funded Property Reinsurance Programs","H5013",2025,"https://legiscan.com/FL/bill/H5013/2025",0.907563025210084,108,1,"Y",1,1,1,1,1
1542602,1985146,"2025-2025_Regular_Session","2025-04-09","Senate: Third Reading RCS#4",36,0,1,1,38,1,"S","Agronomic Study on Emerging Crops","S0178",2025,"https://legiscan.com/FL/bill/S0178/2025",0.947368421052632,36,1,"Y",1,1,1,1,1
1542604,1988799,"2025-2025_Regular_Session","2025-04-09","Senate: Third Reading RCS#14",37,0,0,1,38,1,"S","Trust Funds of the State Courts System","S7014",2025,"https://legiscan.com/FL/bill/S7014/2025",0.973684210526316,37,1,"Y",1,1,1,1,1
1542640,1986578,"2025-2025_Regular_Session","2025-04-09","Senate: Third Reading RCS#11",37,0,0,1,38,1,"S","Trust Funds/Re-creation/Resilient Florida Trust Fund/DEP","H1313",2025,"https://legiscan.com/FL/bill/H1313/2025",0.973684210526316,37,1,"Y",1,1,1,1,1
1542656,1982873,"2025-2025_Regular_Session","2025-04-09","House: Third Reading RCS#83",86,20,13,0,119,1,"H","Patient Access to Records","H1083",2025,"https://legiscan.com/FL/bill/H1083/2025",0.722689075630252,106,0.811320754716981,"Y",0.961538461538462,0.392857142857143,0.607142857142857,0.961538461538462,0.867924528301887
1542678,1953605,"2025-2025_Regular_Session","2025-04-09","House: Third Reading RCS#78",111,0,8,0,119,1,"H","Purchase and Possession of Firearms by Law Enforcement Officers, Correctional Officers, Correctional Probation Officers, and Servicemembers","H0383",2025,"https://legiscan.com/FL/bill/H0383/2025",0.932773109243697,111,1,"Y",1,1,1,1,1
1542934,1987125,"2025-2025_Regular_Session","2025-04-09","House Intergovernmental Affairs Subcommittee",17,0,0,1,18,1,"H","Assessment of Property Used for Residential Purposes","H1339",2025,"https://legiscan.com/FL/bill/H1339/2025",0.944444444444444,17,1,"N",1,1,1,1,1
1543021,1975226,"2025-2025_Regular_Session","2025-04-09","House: Third Reading RCS#89",110,0,9,0,119,1,"H","Veterinary Professional Associates","H0729",2025,"https://legiscan.com/FL/bill/H0729/2025",0.92436974789916,110,1,"Y",1,1,1,1,1
1543155,1958878,"2025-2025_Regular_Session","2025-04-09","House: Third Reading RCS#76",110,1,8,0,119,1,"H","Tampering with an Electronic Monitoring Device","H0437",2025,"https://legiscan.com/FL/bill/H0437/2025",0.92436974789916,111,0.990990990990991,"Y",1,0.96875,0.96875,1,0.990990990990991
1543160,1971907,"2025-2025_Regular_Session","2025-04-09","House: Third Reading RCS#72",111,0,8,0,119,1,"H","North River Ranch Improvement Stewardship District, Manatee County","H4021",2025,"https://legiscan.com/FL/bill/H4021/2025",0.932773109243697,111,1,"Y",1,1,1,1,1
1543176,1986883,"2025-2025_Regular_Session","2025-04-09","Senate: Third Reading RCS#60",36,0,0,2,38,1,"S","Aerospace Industry","S1516",2025,"https://legiscan.com/FL/bill/S1516/2025",0.947368421052632,36,1,"Y",1,1,1,1,1
1543184,2016351,"2025-2025_Regular_Session","2025-04-09","House: Third Reading RCS#69",111,0,8,0,119,1,"H","Judges","S2508",2025,"https://legiscan.com/FL/bill/S2508/2025",0.932773109243697,111,1,"Y",1,1,1,1,1
1543282,1973592,"2025-2025_Regular_Session","2025-04-10","Senate Appropriations Committee on Transportation, Tourism, and Economic Development",14,0,0,1,15,1,"S","Specialty License Plates","S0824",2025,"https://legiscan.com/FL/bill/S0824/2025",0.933333333333333,14,1,"N",1,1,1,1,1
1543296,1988453,"2025-2025_Regular_Session","2025-04-10","Senate Appropriations Committee on Transportation, Tourism, and Economic Development",13,0,0,2,15,1,"S","Emergency Services","S1644",2025,"https://legiscan.com/FL/bill/S1644/2025",0.866666666666667,13,1,"N",1,1,1,1,1
1543317,1970969,"2025-2025_Regular_Session","2025-04-10","Senate Appropriations Committee on Transportation, Tourism, and Economic Development",13,0,0,2,15,1,"S","Registration of Agents and Organizations Associated with Foreign Countries of Concern","S0766",2025,"https://legiscan.com/FL/bill/S0766/2025",0.866666666666667,13,1,"N",1,1,1,1,1
1543341,1987633,"2025-2025_Regular_Session","2025-04-10","House Civil Justice & Claims Subcommittee",14,0,0,4,18,1,"H","Civil Remedy for Parental Abduction","H1385",2025,"https://legiscan.com/FL/bill/H1385/2025",0.777777777777778,14,1,"N",1,1,1,1,1
1543429,1987239,"2025-2025_Regular_Session","2025-04-10","House Civil Justice & Claims Subcommittee",11,4,0,3,18,1,"H","Labor Pool Act","H6033",2025,"https://legiscan.com/FL/bill/H6033/2025",0.611111111111111,15,0.733333333333333,"N",1,0,1,1,1
1543466,1968017,"2025-2025_Regular_Session","2025-04-10","House Civil Justice & Claims Subcommittee",13,2,0,3,18,1,"H","Self-storage Spaces","H0587",2025,"https://legiscan.com/FL/bill/H0587/2025",0.722222222222222,15,0.866666666666667,"N",1,0.5,NA,1,1
1543501,1964073,"2025-2025_Regular_Session","2025-04-10","Senate Appropriations Committee on Transportation, Tourism, and Economic Development",14,0,0,1,15,1,"S","Toll Exemptions for Purple Heart Medal Recipients","S0574",2025,"https://legiscan.com/FL/bill/S0574/2025",0.933333333333333,14,1,"N",1,1,1,1,1
1543506,1981045,"2025-2025_Regular_Session","2025-04-10","House State Administration Budget Subcommittee",15,0,0,0,15,1,"H","Firefighter Health and Safety","H0929",2025,"https://legiscan.com/FL/bill/H0929/2025",1,15,1,"N",1,1,1,1,1
1543518,1956553,"2025-2025_Regular_Session","2025-04-10","Senate Appropriations Committee on Agriculture, Environment, and General Government",11,0,0,1,12,1,"S","Mitigation Banks","S0492",2025,"https://legiscan.com/FL/bill/S0492/2025",0.916666666666667,11,1,"N",1,1,1,1,1
1543550,1983670,"2025-2025_Regular_Session","2025-04-10","Senate Appropriations Committee on Transportation, Tourism, and Economic Development",13,0,0,2,15,1,"S","Specialty License Plates/Save Coastal Wildlife","S1246",2025,"https://legiscan.com/FL/bill/S1246/2025",0.866666666666667,13,1,"N",1,1,1,1,1
1543551,2011040,"2025-2025_Regular_Session","2025-04-10","House Insurance & Banking Subcommittee",18,0,0,0,18,1,"H","OGSR/Records of Insurers/Department of Financial Services","H7011",2025,"https://legiscan.com/FL/bill/H7011/2025",1,18,1,"N",1,1,1,1,1
1543579,1886094,"2025-2025_Regular_Session","2025-04-10","Senate Appropriations Committee on Agriculture, Environment, and General Government",11,0,0,1,12,1,"S","Relief of Kristen and Lia McIntosh by the Department of Agriculture and Consumer Services","S0026",2025,"https://legiscan.com/FL/bill/S0026/2025",0.916666666666667,11,1,"N",1,1,1,1,1
1543594,1967060,"2025-2025_Regular_Session","2025-04-10","House Transportation & Economic Development Budget Subcommittee",10,0,0,5,15,1,"H","Transportation","H0567",2025,"https://legiscan.com/FL/bill/H0567/2025",0.666666666666667,10,1,"N",1,1,1,1,1
1543612,1975187,"2025-2025_Regular_Session","2025-04-10","Senate Appropriations Committee on Agriculture, Environment, and General Government",11,0,0,1,12,1,"S","Designation of the State Birds","S0880",2025,"https://legiscan.com/FL/bill/S0880/2025",0.916666666666667,11,1,"N",1,1,1,1,1
1543626,1988884,"2025-2025_Regular_Session","2025-04-10","House Transportation & Economic Development Budget Subcommittee",10,0,0,5,15,1,"H","Emergencies","H1535",2025,"https://legiscan.com/FL/bill/H1535/2025",0.666666666666667,10,1,"N",1,1,1,1,1
1543653,1942198,"2025-2025_Regular_Session","2025-04-10","Senate Appropriations Committee on Transportation, Tourism, and Economic Development",13,0,0,2,15,1,"S","Construction Disruption Assistance","S0324",2025,"https://legiscan.com/FL/bill/S0324/2025",0.866666666666667,13,1,"N",1,1,1,1,1
1543675,1983419,"2025-2025_Regular_Session","2025-04-10","Senate Appropriations Committee on Agriculture, Environment, and General Government",11,0,0,1,12,1,"S","Firefighter Health and Safety","S1212",2025,"https://legiscan.com/FL/bill/S1212/2025",0.916666666666667,11,1,"N",1,1,1,1,1
1543680,1988421,"2025-2025_Regular_Session","2025-04-10","House Insurance & Banking Subcommittee",16,0,0,2,18,1,"H","Hurricane Mitigation Grants and Insurers' Regulations","H1433",2025,"https://legiscan.com/FL/bill/H1433/2025",0.888888888888889,16,1,"N",1,1,1,1,1
1543707,1979222,"2025-2025_Regular_Session","2025-04-10","Senate Appropriations Committee on Agriculture, Environment, and General Government",11,0,0,1,12,1,"S","Advanced Wastewater Treatment","S0978",2025,"https://legiscan.com/FL/bill/S0978/2025",0.916666666666667,11,1,"N",1,1,1,1,1
1543726,1958771,"2025-2025_Regular_Session","2025-04-10","Senate Appropriations Committee on Transportation, Tourism, and Economic Development",13,0,0,2,15,1,"S","Toll Payments","S0532",2025,"https://legiscan.com/FL/bill/S0532/2025",0.866666666666667,13,1,"N",1,1,1,1,1
1543745,1988518,"2025-2025_Regular_Session","2025-04-10","House Government Operations Subcommittee",17,0,0,1,18,1,"H","Pub. Rec./Lethality Assessment Forms","H1479",2025,"https://legiscan.com/FL/bill/H1479/2025",0.944444444444444,17,1,"N",1,1,1,1,1
1543749,1988212,"2025-2025_Regular_Session","2025-04-10","Senate Appropriations Committee on Transportation, Tourism, and Economic Development",13,0,0,2,15,1,"S","Local Housing Assistance Plans","S1714",2025,"https://legiscan.com/FL/bill/S1714/2025",0.866666666666667,13,1,"N",1,1,1,1,1
1543757,1984138,"2025-2025_Regular_Session","2025-04-10","Senate Appropriations Committee on Agriculture, Environment, and General Government",11,0,0,1,12,1,"S","Permits for Drilling, Exploration, and Extraction of Oil and Gas Resources","S1300",2025,"https://legiscan.com/FL/bill/S1300/2025",0.916666666666667,11,1,"N",1,1,1,1,1
1543758,1915309,"2025-2025_Regular_Session","2025-04-10","House Health Care Facilities & Systems Subcommittee",15,0,0,3,18,1,"H","State Group Insurance Program Coverage for Diagnostic and Supplemental Breast Examinations","H0141",2025,"https://legiscan.com/FL/bill/H0141/2025",0.833333333333333,15,1,"N",1,1,1,1,1
1543769,1987763,"2025-2025_Regular_Session","2025-04-10","Senate Appropriations Committee on Agriculture, Environment, and General Government",11,0,0,1,12,1,"S","Financial Services","S1612",2025,"https://legiscan.com/FL/bill/S1612/2025",0.916666666666667,11,1,"N",1,1,1,1,1
1543807,1959191,"2025-2025_Regular_Session","2025-04-10","Senate Appropriations Committee on Health and Human Services",8,0,0,2,10,1,"S","Newborn Screenings","S0524",2025,"https://legiscan.com/FL/bill/S0524/2025",0.8,8,1,"N",1,1,1,1,1
1543827,1977709,"2025-2025_Regular_Session","2025-04-10","House Health Care Facilities & Systems Subcommittee",15,0,0,3,18,1,"H","Insurance Overpayment Claims Submitted to Psychologists","H0839",2025,"https://legiscan.com/FL/bill/H0839/2025",0.833333333333333,15,1,"N",1,1,1,1,1
1543828,1981326,"2025-2025_Regular_Session","2025-04-10","House Government Operations Subcommittee",17,0,0,1,18,1,"H","Department of Highway Safety and Motor Vehicles","H0961",2025,"https://legiscan.com/FL/bill/H0961/2025",0.944444444444444,17,1,"N",1,1,1,1,1
1543887,1988993,"2025-2025_Regular_Session","2025-04-10","Senate Appropriations Committee on Health and Human Services",8,0,0,2,10,1,"S","Parkinson's Disease","S1800",2025,"https://legiscan.com/FL/bill/S1800/2025",0.8,8,1,"N",1,1,1,1,1
1543907,1990952,"2025-2025_Regular_Session","2025-04-10","Senate Appropriations Committee on Health and Human Services",5,3,0,2,10,0,"S","Health Care Provider Referrals","S1842",2025,"https://legiscan.com/FL/bill/S1842/2025",0.5,8,0.625,"N",0.833333333333333,0,1,0.833333333333333,0.875
1543976,1987665,"2025-2025_Regular_Session","2025-04-10","Senate Appropriations Committee on Health and Human Services",5,3,0,2,10,0,"S","Patient Access to Records","S1606",2025,"https://legiscan.com/FL/bill/S1606/2025",0.5,8,0.625,"N",0.833333333333333,0,1,0.833333333333333,0.875
1544045,1977164,"2025-2025_Regular_Session","2025-04-10","House Transportation & Economic Development Budget Subcommittee",10,0,0,5,15,1,"H","Statewide Study on Automation and Workforce Impact","H0827",2025,"https://legiscan.com/FL/bill/H0827/2025",0.666666666666667,10,1,"N",1,1,1,1,1
1544052,1987696,"2025-2025_Regular_Session","2025-04-10","Senate Appropriations Committee on Health and Human Services",8,0,0,2,10,1,"S","Mental Health and Substance Use Disorders","S1620",2025,"https://legiscan.com/FL/bill/S1620/2025",0.8,8,1,"N",1,1,1,1,1
1544086,1984523,"2025-2025_Regular_Session","2025-04-10","Senate Appropriations Committee on Health and Human Services",8,0,0,2,10,1,"S","Behavioral Health Managing Entities","S1354",2025,"https://legiscan.com/FL/bill/S1354/2025",0.8,8,1,"N",1,1,1,1,1
1544092,1989207,"2025-2025_Regular_Session","2025-04-10","Senate Appropriations Committee on Health and Human Services",8,0,0,2,10,1,"S","Refund of Overpayments Made by Patients","S1808",2025,"https://legiscan.com/FL/bill/S1808/2025",0.8,8,1,"N",1,1,1,1,1
1544119,1983278,"2025-2025_Regular_Session","2025-04-10","Senate Appropriations Committee on Health and Human Services",8,0,0,2,10,1,"S","Licensure of Family Foster Homes","S1174",2025,"https://legiscan.com/FL/bill/S1174/2025",0.8,8,1,"N",1,1,1,1,1
1544121,1979881,"2025-2025_Regular_Session","2025-04-10","House Civil Justice & Claims Subcommittee",15,0,0,3,18,1,"H","Timeshare Plan Management","H0897",2025,"https://legiscan.com/FL/bill/H0897/2025",0.833333333333333,15,1,"N",1,1,1,1,1
1544122,1973618,"2025-2025_Regular_Session","2025-04-10","Senate Appropriations Committee on Agriculture, Environment, and General Government",11,0,0,1,12,1,"S","Disposition of Migrant Vessels","S0830",2025,"https://legiscan.com/FL/bill/S0830/2025",0.916666666666667,11,1,"N",1,1,1,1,1
1544123,1967313,"2025-2025_Regular_Session","2025-04-10","House Transportation & Economic Development Budget Subcommittee",10,0,0,5,15,1,"H","Fees/Florida Manufacturing Promotional Campaign","H0563",2025,"https://legiscan.com/FL/bill/H0563/2025",0.666666666666667,10,1,"N",1,1,1,1,1
1544140,1966982,"2025-2025_Regular_Session","2025-04-10","House Transportation & Economic Development Budget Subcommittee",10,0,0,5,15,1,"H","Manufacturing","H0561",2025,"https://legiscan.com/FL/bill/H0561/2025",0.666666666666667,10,1,"N",1,1,1,1,1
1544161,1984212,"2025-2025_Regular_Session","2025-04-10","Senate Appropriations Committee on Agriculture, Environment, and General Government",11,0,0,1,12,1,"S","Areas of Critical State Concern","S1326",2025,"https://legiscan.com/FL/bill/S1326/2025",0.916666666666667,11,1,"N",1,1,1,1,1
1544249,1984461,"2025-2025_Regular_Session","2025-04-10","Senate Appropriations Committee on Health and Human Services",8,0,0,2,10,1,"S","Home Health Care Services","S1412",2025,"https://legiscan.com/FL/bill/S1412/2025",0.8,8,1,"N",1,1,1,1,1
1544251,1914829,"2025-2025_Regular_Session","2025-04-10","Senate Appropriations Committee on Agriculture, Environment, and General Government",11,0,0,1,12,1,"S","Chemicals in Consumer Products","S0196",2025,"https://legiscan.com/FL/bill/S0196/2025",0.916666666666667,11,1,"N",1,1,1,1,1
1544264,1986700,"2025-2025_Regular_Session","2025-04-10","Senate Appropriations Committee on Health and Human Services",8,0,0,2,10,1,"S","Children's Medical Services Program","S1490",2025,"https://legiscan.com/FL/bill/S1490/2025",0.8,8,1,"N",1,1,1,1,1
1544333,1972871,"2025-2025_Regular_Session","2025-04-10","Senate Appropriations Committee on Health and Human Services",8,0,0,2,10,1,"S","Veterans' Nursing Homes","S0788",2025,"https://legiscan.com/FL/bill/S0788/2025",0.8,8,1,"N",1,1,1,1,1
1544354,1963504,"2025-2025_Regular_Session","2025-04-10","House Insurance & Banking Subcommittee",18,0,0,0,18,1,"H","Investments of Public Funds in Bitcoin","H0487",2025,"https://legiscan.com/FL/bill/H0487/2025",1,18,1,"N",1,1,1,1,1
1544380,1948923,"2025-2025_Regular_Session","2025-04-10","House Government Operations Subcommittee",11,6,0,1,18,1,"H","Complaints Against Law Enforcement and Correctional Officers","H0317",2025,"https://legiscan.com/FL/bill/H0317/2025",0.611111111111111,17,0.647058823529412,"N",0.833333333333333,0.2,0.8,0.833333333333333,0.823529411764706
1544389,2021234,"2025-2025_Regular_Session","2025-04-10","Senate Appropriations Committee on Health and Human Services",8,0,0,2,10,1,"S","Medicaid Enrollment for Permanently Disabled Individuals","S7032",2025,"https://legiscan.com/FL/bill/S7032/2025",0.8,8,1,"N",1,1,1,1,1
1544410,1979158,"2025-2025_Regular_Session","2025-04-10","Senate Appropriations Committee on Health and Human Services",8,0,0,2,10,1,"S","Court-appointed Psychologists","S0976",2025,"https://legiscan.com/FL/bill/S0976/2025",0.8,8,1,"N",1,1,1,1,1
1544427,1980858,"2025-2025_Regular_Session","2025-04-10","Senate Appropriations Committee on Transportation, Tourism, and Economic Development",13,0,0,2,15,1,"S","Specialty License Plates/United States Naval Academy and United States Military Academy","S1024",2025,"https://legiscan.com/FL/bill/S1024/2025",0.866666666666667,13,1,"N",1,1,1,1,1
1544431,1984318,"2025-2025_Regular_Session","2025-04-10","Senate Appropriations Committee on Criminal and Civil Justice",5,3,0,1,9,1,"S","Civil Liability for the Wrongful Death of an Unborn Child","S1284",2025,"https://legiscan.com/FL/bill/S1284/2025",0.555555555555556,8,0.625,"N",1,0,1,1,1
1544447,1983166,"2025-2025_Regular_Session","2025-04-10","Senate Appropriations Committee on Health and Human Services",8,0,0,2,10,1,"S","Home Health Aide for Medically Fragile Children Program","S1156",2025,"https://legiscan.com/FL/bill/S1156/2025",0.8,8,1,"N",1,1,1,1,1
1544471,1987578,"2025-2025_Regular_Session","2025-04-10","Senate Appropriations Committee on Health and Human Services",8,0,0,2,10,1,"S","Electronic Prescribing","S1568",2025,"https://legiscan.com/FL/bill/S1568/2025",0.8,8,1,"N",1,1,1,1,1
1544527,1983968,"2025-2025_Regular_Session","2025-04-10","Senate Appropriations Committee on Health and Human Services",5,3,0,2,10,0,"S","Department of Health","S1270",2025,"https://legiscan.com/FL/bill/S1270/2025",0.5,8,0.625,"N",0.833333333333333,0,1,0.833333333333333,0.875
1544536,1927412,"2025-2025_Regular_Session","2025-04-10","Senate Appropriations Committee on Health and Human Services",8,0,0,2,10,1,"S","Medicaid Providers","S0306",2025,"https://legiscan.com/FL/bill/S0306/2025",0.8,8,1,"N",1,1,1,1,1
1544621,1988743,"2025-2025_Regular_Session","2025-04-10","Senate Appropriations Committee on Health and Human Services",7,1,0,2,10,1,"S","Stem Cell Therapy","S1768",2025,"https://legiscan.com/FL/bill/S1768/2025",0.7,8,0.875,"N",1,0.5,NA,1,1
1544642,1956161,"2025-2025_Regular_Session","2025-04-10","Senate Appropriations Committee on Criminal and Civil Justice",8,0,0,1,9,1,"S","Aggravated Animal Cruelty","S0494",2025,"https://legiscan.com/FL/bill/S0494/2025",0.888888888888889,8,1,"N",1,1,1,1,1
1544669,1988523,"2025-2025_Regular_Session","2025-04-10","Senate Appropriations Committee on Health and Human Services",8,0,0,2,10,1,"S","Insulin Administration by Direct-support Professionals and Relatives","S1736",2025,"https://legiscan.com/FL/bill/S1736/2025",0.8,8,1,"N",1,1,1,1,1
1544678,1983559,"2025-2025_Regular_Session","2025-04-10","Senate Appropriations Committee on Transportation, Tourism, and Economic Development",13,0,0,2,15,1,"S","Specialty License Plates/Florida Wildflower","S1152",2025,"https://legiscan.com/FL/bill/S1152/2025",0.866666666666667,13,1,"N",1,1,1,1,1
1544743,1984062,"2025-2025_Regular_Session","2025-04-10","Senate Appropriations Committee on Criminal and Civil Justice",8,0,0,1,9,1,"S","Department of Law Enforcement","S1268",2025,"https://legiscan.com/FL/bill/S1268/2025",0.888888888888889,8,1,"N",1,1,1,1,1
1544754,1981161,"2025-2025_Regular_Session","2025-04-10","Senate Appropriations Committee on Criminal and Civil Justice",8,0,0,1,9,1,"S","Tampering with an Electronic Monitoring Device","S1054",2025,"https://legiscan.com/FL/bill/S1054/2025",0.888888888888889,8,1,"N",1,1,1,1,1
1544844,1981925,"2025-2025_Regular_Session","2025-04-10","Senate Appropriations Committee on Criminal and Civil Justice",8,0,0,1,9,1,"S","Expedited DNA Testing Grant Program","S1072",2025,"https://legiscan.com/FL/bill/S1072/2025",0.888888888888889,8,1,"N",1,1,1,1,1
1544851,1984946,"2025-2025_Regular_Session","2025-04-10","Senate Appropriations Committee on Agriculture, Environment, and General Government",11,0,0,1,12,1,"S","Vessels","S1388",2025,"https://legiscan.com/FL/bill/S1388/2025",0.916666666666667,11,1,"N",1,1,1,1,1
1544922,1981753,"2025-2025_Regular_Session","2025-04-10","Senate Appropriations Committee on Criminal and Civil Justice",8,0,0,1,9,1,"S","Sexual Cyberharassment","S1084",2025,"https://legiscan.com/FL/bill/S1084/2025",0.888888888888889,8,1,"N",1,1,1,1,1
1544950,1979028,"2025-2025_Regular_Session","2025-04-10","Senate Appropriations Committee on Criminal and Civil Justice",6,2,0,1,9,1,"S","Aggravating Factors","S0984",2025,"https://legiscan.com/FL/bill/S0984/2025",0.666666666666667,8,0.75,"N",1,0.333333333333333,0.666666666666667,1,0.875
1544961,1885988,"2025-2025_Regular_Session","2025-04-10","Senate Appropriations Committee on Criminal and Civil Justice",8,0,0,1,9,1,"S","Relief of Sidney Holmes by the State of Florida","S0010",2025,"https://legiscan.com/FL/bill/S0010/2025",0.888888888888889,8,1,"N",1,1,1,1,1
1545069,1956520,"2025-2025_Regular_Session","2025-04-10","Senate Appropriations Committee on Agriculture, Environment, and General Government",10,1,0,1,12,1,"S","Concealed Carry Licensing Requirements for Law Enforcement Officers, Correctional Officers, Correctional Probation Officers, and Military Servicemembers","S0490",2025,"https://legiscan.com/FL/bill/S0490/2025",0.833333333333333,11,0.909090909090909,"N",1,0.75,0.75,1,0.909090909090909
1545080,1918230,"2025-2025_Regular_Session","2025-04-10","Senate Appropriations Committee on Criminal and Civil Justice",8,0,0,1,9,1,"S","Victims of Domestic Violence and Dating Violence","S0240",2025,"https://legiscan.com/FL/bill/S0240/2025",0.888888888888889,8,1,"N",1,1,1,1,1
1545098,1979680,"2025-2025_Regular_Session","2025-04-10","Senate Appropriations Committee on Agriculture, Environment, and General Government",11,0,0,1,12,1,"S","Securities","S0988",2025,"https://legiscan.com/FL/bill/S0988/2025",0.916666666666667,11,1,"N",1,1,1,1,1
1545316,1988108,"2025-2025_Regular_Session","2025-04-10","Senate Appropriations Committee on Criminal and Civil Justice",8,0,0,1,9,1,"S","Vexatious Litigants","S1650",2025,"https://legiscan.com/FL/bill/S1650/2025",0.888888888888889,8,1,"N",1,1,1,1,1
1545319,1988285,"2025-2025_Regular_Session","2025-04-10","Senate Appropriations Committee on Criminal and Civil Justice",8,0,0,1,9,1,"S","Public Records/Pleading, Request for Relief, or Other Document Stricken by a Court","S1652",2025,"https://legiscan.com/FL/bill/S1652/2025",0.888888888888889,8,1,"N",1,1,1,1,1
1545328,1981445,"2025-2025_Regular_Session","2025-04-10","House Housing, Agriculture & Tourism Subcommittee",17,0,0,1,18,1,"H","Homeowner's Associations","H0983",2025,"https://legiscan.com/FL/bill/H0983/2025",0.944444444444444,17,1,"N",1,1,1,1,1
1545333,1985621,"2025-2025_Regular_Session","2025-04-10","House Housing, Agriculture & Tourism Subcommittee",17,0,0,1,18,1,"H","Hunger-Free Campus Pilot Program","H1245",2025,"https://legiscan.com/FL/bill/H1245/2025",0.944444444444444,17,1,"N",1,1,1,1,1
1545338,1982367,"2025-2025_Regular_Session","2025-04-10","Senate Appropriations Committee on Criminal and Civil Justice",8,0,0,1,9,1,"S","Criminal Offender Substance Abuse Pilot Program","S1140",2025,"https://legiscan.com/FL/bill/S1140/2025",0.888888888888889,8,1,"N",1,1,1,1,1
1545358,1983647,"2025-2025_Regular_Session","2025-04-10","Senate Appropriations Committee on Criminal and Civil Justice",8,0,0,1,9,1,"S","Feasibility Study Relating to a Statewide Pawn Data Database","S1252",2025,"https://legiscan.com/FL/bill/S1252/2025",0.888888888888889,8,1,"N",1,1,1,1,1
1545359,1985410,"2025-2025_Regular_Session","2025-04-10","Senate Appropriations Committee on Criminal and Civil Justice",8,0,0,1,9,1,"S","Assault or Battery on a Utility Worker","S1386",2025,"https://legiscan.com/FL/bill/S1386/2025",0.888888888888889,8,1,"N",1,1,1,1,1
1545370,1982957,"2025-2025_Regular_Session","2025-04-10","Senate Appropriations Committee on Criminal and Civil Justice",8,0,0,1,9,1,"S","Sexual Images","S1180",2025,"https://legiscan.com/FL/bill/S1180/2025",0.888888888888889,8,1,"N",1,1,1,1,1
1545407,1953907,"2025-2025_Regular_Session","2025-04-10","House Health Professions & Programs Subcommittee",17,0,0,1,18,1,"H","Mental Health Professionals","H0361",2025,"https://legiscan.com/FL/bill/H0361/2025",0.944444444444444,17,1,"N",1,1,1,1,1
1545413,1988227,"2025-2025_Regular_Session","2025-04-10","Senate Appropriations Committee on Criminal and Civil Justice",8,0,0,1,9,1,"S","Registration of Sexual Predators and Sexual Offenders","S1654",2025,"https://legiscan.com/FL/bill/S1654/2025",0.888888888888889,8,1,"N",1,1,1,1,1
1545431,1957189,"2025-2025_Regular_Session","2025-04-10","Senate Appropriations Committee on Criminal and Civil Justice",8,0,0,1,9,1,"S","Spectrum Alert","S0500",2025,"https://legiscan.com/FL/bill/S0500/2025",0.888888888888889,8,1,"N",1,1,1,1,1
1545449,1985481,"2025-2025_Regular_Session","2025-04-10","Senate Appropriations Committee on Criminal and Civil Justice",8,0,0,1,9,1,"S","Juvenile Justice","S1344",2025,"https://legiscan.com/FL/bill/S1344/2025",0.888888888888889,8,1,"N",1,1,1,1,1
1545494,1987323,"2025-2025_Regular_Session","2025-04-10","House Health Professions & Programs Subcommittee",13,4,0,1,18,1,"H","Health Care Practitioner Identification","H1341",2025,"https://legiscan.com/FL/bill/H1341/2025",0.722222222222222,17,0.764705882352941,"N",0.923076923076923,0.25,0.75,0.923076923076923,0.882352941176471
1545588,1988515,"2025-2025_Regular_Session","2025-04-10","Senate Appropriations Committee on Pre-K - 12 Education",8,0,0,1,9,1,"S","Cardiac Emergencies","S0430",2025,"https://legiscan.com/FL/bill/S0430/2025",0.888888888888889,8,1,"N",1,1,1,1,1
1545621,1986949,"2025-2025_Regular_Session","2025-04-10","Senate Appropriations Committee on Pre-K - 12 Education",8,0,0,1,9,1,"S","Educator Preparation","S1590",2025,"https://legiscan.com/FL/bill/S1590/2025",0.888888888888889,8,1,"N",1,1,1,1,1
1545695,1988342,"2025-2025_Regular_Session","2025-04-10","Senate Appropriations Committee on Pre-K - 12 Education",8,0,0,1,9,1,"S","Education","S1702",2025,"https://legiscan.com/FL/bill/S1702/2025",0.888888888888889,8,1,"N",1,1,1,1,1
1545720,1988659,"2025-2025_Regular_Session","2025-04-10","Senate Appropriations Committee on Higher Education",7,0,0,1,8,1,"S","Higher Education","S1726",2025,"https://legiscan.com/FL/bill/S1726/2025",0.875,7,1,"N",1,1,1,1,1
1545725,1985165,"2025-2025_Regular_Session","2025-04-10","Senate Appropriations Committee on Pre-K - 12 Education",8,0,0,1,9,1,"S","Access to School Readiness Programs for Economically Disadvantaged Households","S1382",2025,"https://legiscan.com/FL/bill/S1382/2025",0.888888888888889,8,1,"N",1,1,1,1,1
1545878,1942140,"2025-2025_Regular_Session","2025-04-10","Senate Appropriations Committee on Pre-K - 12 Education",7,0,0,2,9,1,"S","Council on the Social Status of Black Men and Boys","S0364",2025,"https://legiscan.com/FL/bill/S0364/2025",0.777777777777778,7,1,"N",1,1,1,1,1
1545882,1984376,"2025-2025_Regular_Session","2025-04-10","Senate Appropriations Committee on Pre-K - 12 Education",8,0,0,1,9,1,"S","Human Trafficking Awareness","S0444",2025,"https://legiscan.com/FL/bill/S0444/2025",0.888888888888889,8,1,"N",1,1,1,1,1
1545942,1982629,"2025-2025_Regular_Session","2025-04-10","Senate Appropriations Committee on Pre-K - 12 Education",8,0,0,1,9,1,"S","Florida Virtual School","S1122",2025,"https://legiscan.com/FL/bill/S1122/2025",0.888888888888889,8,1,"N",1,1,1,1,1
1545981,1985603,"2025-2025_Regular_Session","2025-04-10","Senate Appropriations Committee on Criminal and Civil Justice",8,0,0,1,9,1,"S","Unmanned Aircraft or Unmanned Aircraft Systems","S1422",2025,"https://legiscan.com/FL/bill/S1422/2025",0.888888888888889,8,1,"N",1,1,1,1,1
1545990,1985717,"2025-2025_Regular_Session","2025-04-10","Senate Appropriations Committee on Higher Education",7,0,0,1,8,1,"S","Apprenticeship and Preapprenticeship Program Funding","S1458",2025,"https://legiscan.com/FL/bill/S1458/2025",0.875,7,1,"N",1,1,1,1,1
1545991,1982284,"2025-2025_Regular_Session","2025-04-10","Senate Appropriations Committee on Pre-K - 12 Education",8,0,0,1,9,1,"S","School Readiness Program","S1102",2025,"https://legiscan.com/FL/bill/S1102/2025",0.888888888888889,8,1,"N",1,1,1,1,1
1546047,1986613,"2025-2025_Regular_Session","2025-04-10","Senate Appropriations Committee on Pre-K - 12 Education",8,0,0,1,9,1,"S","Educational Opportunities for Military Children","S1528",2025,"https://legiscan.com/FL/bill/S1528/2025",0.888888888888889,8,1,"N",1,1,1,1,1
1546279,1966263,"2025-2025_Regular_Session","2025-04-10","Senate Appropriations Committee on Pre-K - 12 Education",8,0,0,1,9,1,"S","Hazardous Walking Conditions","S0650",2025,"https://legiscan.com/FL/bill/S0650/2025",0.888888888888889,8,1,"N",1,1,1,1,1
1546290,1970101,"2025-2025_Regular_Session","2025-04-10","Senate Appropriations Committee on Pre-K - 12 Education",8,0,0,1,9,1,"S","International Baccalaureate Bonus Funding","S0754",2025,"https://legiscan.com/FL/bill/S0754/2025",0.888888888888889,8,1,"N",1,1,1,1,1
1547128,1988251,"2025-2025_Regular_Session","2025-04-10","Senate Appropriations Committee on Transportation, Tourism, and Economic Development",14,0,0,1,15,1,"S","Transportation","S1662",2025,"https://legiscan.com/FL/bill/S1662/2025",0.933333333333333,14,1,"N",1,1,1,1,1
1547133,1989126,"2025-2025_Regular_Session","2025-04-14","House PreK-12 Budget Subcommittee",14,0,0,2,16,1,"H","Cardiac Emergencies","H1607",2025,"https://legiscan.com/FL/bill/H1607/2025",0.875,14,1,"N",1,1,1,1,1
1547155,1977941,"2025-2025_Regular_Session","2025-04-14","House PreK-12 Budget Subcommittee",14,0,0,2,16,1,"H","School Readiness Program","H0859",2025,"https://legiscan.com/FL/bill/H0859/2025",0.875,14,1,"N",1,1,1,1,1
1547356,1988954,"2025-2025_Regular_Session","2025-04-14","House PreK-12 Budget Subcommittee",12,2,0,2,16,1,"H","Education","H1483",2025,"https://legiscan.com/FL/bill/H1483/2025",0.75,14,0.857142857142857,"N",1,0.5,NA,1,1
1547512,1964289,"2025-2025_Regular_Session","2025-04-10","Senate Appropriations Committee on Health and Human Services",8,0,0,2,10,1,"S","Young Adult Housing Support","S0584",2025,"https://legiscan.com/FL/bill/S0584/2025",0.8,8,1,"N",1,1,1,1,1
1548050,1987276,"2025-2025_Regular_Session","2025-04-15","House Information Technology Budget & Policy Subcommittee",15,0,0,3,18,1,"H","Feasibility Study Relating to Statewide Pawn Data Database","H1359",2025,"https://legiscan.com/FL/bill/H1359/2025",0.833333333333333,15,1,"N",1,1,1,1,1
1548122,1975419,"2025-2025_Regular_Session","2025-04-15","Senate Appropriations Committee on Health and Human Services",9,1,0,0,10,1,"S","Improving Screening for and Treatment of Blood Clots","S0890",2025,"https://legiscan.com/FL/bill/S0890/2025",0.9,10,0.9,"N",1,0.666666666666667,0.666666666666667,1,0.9
1548132,1981625,"2025-2025_Regular_Session","2025-04-15","Senate Appropriations Committee on Health and Human Services",9,1,0,0,10,1,"S","Services for Individuals with Developmental Disabilities","S1050",2025,"https://legiscan.com/FL/bill/S1050/2025",0.9,10,0.9,"N",1,0.666666666666667,0.666666666666667,1,0.9
1548152,1964783,"2025-2025_Regular_Session","2025-04-15","Senate Appropriations Committee on Health and Human Services",10,0,0,0,10,1,"S","Public Education of Background Screening Requirements","S0614",2025,"https://legiscan.com/FL/bill/S0614/2025",1,10,1,"N",1,1,1,1,1
1548161,1977448,"2025-2025_Regular_Session","2025-04-15","Senate Appropriations Committee on Health and Human Services",7,2,0,1,10,1,"S","Certified Recovery Residences","S0954",2025,"https://legiscan.com/FL/bill/S0954/2025",0.7,9,0.777777777777778,"N",0.833333333333333,0.666666666666667,0.666666666666667,0.833333333333333,0.777777777777778
1548178,1981574,"2025-2025_Regular_Session","2025-04-15","Senate Appropriations Committee on Health and Human Services",10,0,0,0,10,1,"S","Medicaid Oversight","S1060",2025,"https://legiscan.com/FL/bill/S1060/2025",1,10,1,"N",1,1,1,1,1
1548186,1958668,"2025-2025_Regular_Session","2025-04-15","Senate Appropriations Committee on Health and Human Services",8,1,0,1,10,1,"S","Nursing Education Programs","S0526",2025,"https://legiscan.com/FL/bill/S0526/2025",0.8,9,0.888888888888889,"N",1,0.666666666666667,0.666666666666667,1,0.888888888888889
1548198,1981326,"2025-2025_Regular_Session","2025-04-15","House Transportation & Economic Development Budget Subcommittee",13,0,0,2,15,1,"H","Department of Highway Safety and Motor Vehicles","H0961",2025,"https://legiscan.com/FL/bill/H0961/2025",0.866666666666667,13,1,"N",1,1,1,1,1
1548202,1987565,"2025-2025_Regular_Session","2025-04-15","Senate Appropriations Committee on Health and Human Services",10,0,0,0,10,1,"S","Coverage for Mammograms and Supplemental Breast Cancer Screenings","S1578",2025,"https://legiscan.com/FL/bill/S1578/2025",1,10,1,"N",1,1,1,1,1
1548236,1983597,"2025-2025_Regular_Session","2025-04-15","Senate Appropriations Committee on Health and Human Services",8,1,0,1,10,1,"S","Substance Abuse and Mental Health Care","S1240",2025,"https://legiscan.com/FL/bill/S1240/2025",0.8,9,0.888888888888889,"N",0.833333333333333,1,1,0.833333333333333,0.888888888888889
1548238,1983510,"2025-2025_Regular_Session","2025-04-15","Senate Appropriations Committee on Health and Human Services",10,0,0,0,10,1,"S","Administration of Controlled Substances","S1224",2025,"https://legiscan.com/FL/bill/S1224/2025",1,10,1,"N",1,1,1,1,1
1548239,1987250,"2025-2025_Regular_Session","2025-04-15","Senate Appropriations Committee on Agriculture, Environment, and General Government",12,0,0,0,12,1,"S","Infrastructure and Resiliency","S1580",2025,"https://legiscan.com/FL/bill/S1580/2025",1,12,1,"N",1,1,1,1,1
1548253,1988775,"2025-2025_Regular_Session","2025-04-15","Senate Appropriations Committee on Agriculture, Environment, and General Government",12,0,0,0,12,1,"S","Condominium and Cooperative Associations","S1742",2025,"https://legiscan.com/FL/bill/S1742/2025",1,12,1,"N",1,1,1,1,1
1548254,1988596,"2025-2025_Regular_Session","2025-04-15","House State Administration Budget Subcommittee",12,3,0,0,15,1,"H","Industries and Professional Activities","H1461",2025,"https://legiscan.com/FL/bill/H1461/2025",0.8,15,0.8,"N",1,0.25,0.75,1,0.933333333333333
1548270,1988863,"2025-2025_Regular_Session","2025-04-15","Senate Appropriations Committee on Agriculture, Environment, and General Government",12,0,0,0,12,1,"S","Public Officers and Employees","S1760",2025,"https://legiscan.com/FL/bill/S1760/2025",1,12,1,"N",1,1,1,1,1
1548293,1988351,"2025-2025_Regular_Session","2025-04-15","Senate Finance and Tax",5,0,0,1,6,1,"S","Local Option Taxes","S1664",2025,"https://legiscan.com/FL/bill/S1664/2025",0.833333333333333,5,1,"N",1,1,1,1,1
1548327,1894640,"2025-2025_Regular_Session","2025-04-15","Senate Appropriations Committee on Agriculture, Environment, and General Government",12,0,0,0,12,1,"S","State Land Management","S0080",2025,"https://legiscan.com/FL/bill/S0080/2025",1,12,1,"N",1,1,1,1,1
1548331,1956483,"2025-2025_Regular_Session","2025-04-15","Senate Appropriations Committee on Agriculture, Environment, and General Government",12,0,0,0,12,1,"S","Timeshare Management Firms","S0496",2025,"https://legiscan.com/FL/bill/S0496/2025",1,12,1,"N",1,1,1,1,1
1548339,1988664,"2025-2025_Regular_Session","2025-04-15","House Health Care Budget Subcommittee",15,0,0,0,15,1,"H","Continuous Glucose Monitors","H1465",2025,"https://legiscan.com/FL/bill/H1465/2025",1,15,1,"N",1,1,1,1,1
1548342,1964855,"2025-2025_Regular_Session","2025-04-15","Senate Appropriations Committee on Agriculture, Environment, and General Government",12,0,0,0,12,1,"S","Jai Alai Permitholders","S0622",2025,"https://legiscan.com/FL/bill/S0622/2025",1,12,1,"N",1,1,1,1,1
1548361,1928691,"2025-2025_Regular_Session","2025-04-15","Senate Finance and Tax",5,0,0,1,6,1,"S","Ad Valorem Tax Exemption","S0318",2025,"https://legiscan.com/FL/bill/S0318/2025",0.833333333333333,5,1,"N",1,1,1,1,1
1548372,2023010,"2025-2025_Regular_Session","2025-04-15","Senate Finance and Tax",3,1,0,2,6,0,"S","Taxation","S7034",2025,"https://legiscan.com/FL/bill/S7034/2025",0.5,4,0.75,"N",1,0,1,1,1
1548377,1983104,"2025-2025_Regular_Session","2025-04-15","House Health Care Budget Subcommittee",15,0,0,0,15,1,"H","Children's Medical Services Program","H1085",2025,"https://legiscan.com/FL/bill/H1085/2025",1,15,1,"N",1,1,1,1,1
1548379,1986371,"2025-2025_Regular_Session","2025-04-15","Senate Finance and Tax",5,0,0,1,6,1,"S","Property Tax Exemption and Assessment Limitation on Long-term Leased Property","S1512",2025,"https://legiscan.com/FL/bill/S1512/2025",0.833333333333333,5,1,"N",1,1,1,1,1
1548398,1973837,"2025-2025_Regular_Session","2025-04-15","Senate: Third Reading RCS#6",33,3,0,2,38,1,"S","Former Phosphate Mining Lands","S0832",2025,"https://legiscan.com/FL/bill/S0832/2025",0.868421052631579,36,0.916666666666667,"Y",1,0.7,0.7,1,0.916666666666667
1548402,1974860,"2025-2025_Regular_Session","2025-04-15","Senate: Third Reading RCS#3",36,0,0,2,38,1,"S","OGSR/Financial Technology Sandbox Applications/OFR","H7003",2025,"https://legiscan.com/FL/bill/H7003/2025",0.947368421052632,36,1,"Y",1,1,1,1,1
1548406,1985598,"2025-2025_Regular_Session","2025-04-15","Senate: Third Reading RCS#4",36,0,0,2,38,1,"S","Postjudgment Execution Proceedings Relating to Terrorism","S1430",2025,"https://legiscan.com/FL/bill/S1430/2025",0.947368421052632,36,1,"Y",1,1,1,1,1
1548441,1969426,"2025-2025_Regular_Session","2025-04-15","Senate Appropriations Committee on Agriculture, Environment, and General Government",12,0,0,0,12,1,"S","Construction Regulations","S0712",2025,"https://legiscan.com/FL/bill/S0712/2025",1,12,1,"N",1,1,1,1,1
1548442,1983263,"2025-2025_Regular_Session","2025-04-15","Senate Appropriations Committee on Health and Human Services",10,0,0,0,10,1,"S","Medicaid Coverage of Continuous Glucose Monitors","S1182",2025,"https://legiscan.com/FL/bill/S1182/2025",1,10,1,"N",1,1,1,1,1
1548449,1986936,"2025-2025_Regular_Session","2025-04-15","Senate Appropriations Committee on Health and Human Services",10,0,0,0,10,1,"S","Health Care Patient Protection","S1602",2025,"https://legiscan.com/FL/bill/S1602/2025",1,10,1,"N",1,1,1,1,1
1548484,1981409,"2025-2025_Regular_Session","2025-04-15","Senate: Third Reading RCS#2",35,0,1,2,38,1,"S","OGSR/Department of Financial Services","S7010",2025,"https://legiscan.com/FL/bill/S7010/2025",0.921052631578947,35,1,"Y",1,1,1,1,1
1548503,1986891,"2025-2025_Regular_Session","2025-04-15","Senate Finance and Tax",5,0,0,1,6,1,"S","Homestead Property Exemptions and Assessment Limitation","S1510",2025,"https://legiscan.com/FL/bill/S1510/2025",0.833333333333333,5,1,"N",1,1,1,1,1
1548516,1973474,"2025-2025_Regular_Session","2025-04-15","Senate Appropriations Committee on Agriculture, Environment, and General Government",9,3,0,0,12,1,"S","Office of Faith and Community","S0820",2025,"https://legiscan.com/FL/bill/S0820/2025",0.75,12,0.75,"N",1,0.25,0.75,1,0.916666666666667
1548519,1983070,"2025-2025_Regular_Session","2025-04-15","House Health & Human Services Committee",21,0,0,5,26,1,"H","Substance Abuse and Mental Health Care","H1091",2025,"https://legiscan.com/FL/bill/H1091/2025",0.807692307692308,21,1,"N",1,1,1,1,1
1548522,1894885,"2025-2025_Regular_Session","2025-04-15","House Health & Human Services Committee",17,5,0,4,26,1,"H","Dental Therapy","H0021",2025,"https://legiscan.com/FL/bill/H0021/2025",0.653846153846154,22,0.772727272727273,"N",0.9375,0.333333333333333,0.666666666666667,0.9375,0.863636363636364
1548527,1982673,"2025-2025_Regular_Session","2025-04-15","House Health & Human Services Committee",23,0,0,3,26,1,"H","Crisis Care Coordination","H1013",2025,"https://legiscan.com/FL/bill/H1013/2025",0.884615384615385,23,1,"N",1,1,1,1,1
1548533,1987146,"2025-2025_Regular_Session","2025-04-15","Senate Appropriations Committee on Agriculture, Environment, and General Government",12,0,0,0,12,1,"S","Energy Infrastructure Investment","S1574",2025,"https://legiscan.com/FL/bill/S1574/2025",1,12,1,"N",1,1,1,1,1
1548569,1977024,"2025-2025_Regular_Session","2025-04-15","House Health & Human Services Committee",21,0,0,5,26,1,"H","Acupuncture","H0803",2025,"https://legiscan.com/FL/bill/H0803/2025",0.807692307692308,21,1,"N",1,1,1,1,1
1548573,1983813,"2025-2025_Regular_Session","2025-04-15","House Health & Human Services Committee",23,0,0,3,26,1,"H","Services for Individuals with Developmental Disabilities","H1103",2025,"https://legiscan.com/FL/bill/H1103/2025",0.884615384615385,23,1,"N",1,1,1,1,1
1548581,1984979,"2025-2025_Regular_Session","2025-04-15","Senate Appropriations Committee on Agriculture, Environment, and General Government",12,0,0,0,12,1,"S","Gambling","S1404",2025,"https://legiscan.com/FL/bill/S1404/2025",1,12,1,"N",1,1,1,1,1
1548595,1989039,"2025-2025_Regular_Session","2025-04-15","House Health & Human Services Committee",21,0,0,5,26,1,"H","Contracting with Foreign Countries of Concern","H1543",2025,"https://legiscan.com/FL/bill/H1543/2025",0.807692307692308,21,1,"N",1,1,1,1,1
1548601,1986539,"2025-2025_Regular_Session","2025-04-15","House Health & Human Services Committee",22,0,0,4,26,1,"H","Department of Health","H1299",2025,"https://legiscan.com/FL/bill/H1299/2025",0.846153846153846,22,1,"N",1,1,1,1,1
1548616,1989225,"2025-2025_Regular_Session","2025-04-15","House Health & Human Services Committee",21,0,0,5,26,1,"H","Parkinson's Disease","H1545",2025,"https://legiscan.com/FL/bill/H1545/2025",0.807692307692308,21,1,"N",1,1,1,1,1
1548638,1984663,"2025-2025_Regular_Session","2025-04-15","House Health & Human Services Committee",22,0,0,4,26,1,"H","Supervision of Children","H1191",2025,"https://legiscan.com/FL/bill/H1191/2025",0.846153846153846,22,1,"N",1,1,1,1,1
1548646,1988803,"2025-2025_Regular_Session","2025-04-15","House Health & Human Services Committee",24,0,0,2,26,1,"H","Home Health Aide for Medically Fragile Children Program","H1529",2025,"https://legiscan.com/FL/bill/H1529/2025",0.923076923076923,24,1,"N",1,1,1,1,1
1548656,1914959,"2025-2025_Regular_Session","2025-04-15","Senate Appropriations Committee on Agriculture, Environment, and General Government",12,0,0,0,12,1,"S","Comprehensive Waste Reduction and Recycling Plan","S0200",2025,"https://legiscan.com/FL/bill/S0200/2025",1,12,1,"N",1,1,1,1,1
1548667,1885934,"2025-2025_Regular_Session","2025-04-15","Senate: Third Reading RCS#9",34,0,2,2,38,1,"S","Relief of Darline Angervil and J.R. by the South Broward Hospital District","S0028",2025,"https://legiscan.com/FL/bill/S0028/2025",0.894736842105263,34,1,"Y",1,1,1,1,1
1548698,1980681,"2025-2025_Regular_Session","2025-04-15","House Health & Human Services Committee",22,0,0,4,26,1,"H","Nursing Education Programs","H0919",2025,"https://legiscan.com/FL/bill/H0919/2025",0.846153846153846,22,1,"N",1,1,1,1,1
1548737,1976023,"2025-2025_Regular_Session","2025-04-15","Senate: Third Reading RCS#5",36,0,0,2,38,1,"S","Veterans' Benefits Assistance","S0910",2025,"https://legiscan.com/FL/bill/S0910/2025",0.947368421052632,36,1,"Y",1,1,1,1,1
1548748,1988609,"2025-2025_Regular_Session","2025-04-15","House Health & Human Services Committee",23,0,0,3,26,1,"H","Refund of Overpayments Made by Patients","H1513",2025,"https://legiscan.com/FL/bill/H1513/2025",0.884615384615385,23,1,"N",1,1,1,1,1
1548752,1994035,"2025-2025_Regular_Session","2025-04-15","Senate: Third Reading RCS#13",36,0,0,2,38,1,"S","OGSR/Parental Consent Requirements Before Terminating a Pregnancy","S7018",2025,"https://legiscan.com/FL/bill/S7018/2025",0.947368421052632,36,1,"Y",1,1,1,1,1
1548780,1967165,"2025-2025_Regular_Session","2025-04-15","Senate Finance and Tax",5,0,0,1,6,1,"S","Bonuses for Employees of County Tax Collectors and Property Appraisers","S0674",2025,"https://legiscan.com/FL/bill/S0674/2025",0.833333333333333,5,1,"N",1,1,1,1,1
1548799,1973249,"2025-2025_Regular_Session","2025-04-15","Senate: Third Reading RCS#7",36,0,0,2,38,1,"S","General Permits for Distributed Wastewater Treatment Systems","S0796",2025,"https://legiscan.com/FL/bill/S0796/2025",0.947368421052632,36,1,"Y",1,1,1,1,1
1548825,1970800,"2025-2025_Regular_Session","2025-04-15","House Health & Human Services Committee",22,0,0,4,26,1,"H","Behavioral Health Managing Entities","H0633",2025,"https://legiscan.com/FL/bill/H0633/2025",0.846153846153846,22,1,"N",1,1,1,1,1
1548842,1984447,"2025-2025_Regular_Session","2025-04-15","House Health & Human Services Committee",24,0,0,2,26,1,"H","Medicaid Enrollment for Permanently Disabled Individuals","H1227",2025,"https://legiscan.com/FL/bill/H1227/2025",0.923076923076923,24,1,"N",1,1,1,1,1
1548865,1988509,"2025-2025_Regular_Session","2025-04-15","House Health & Human Services Committee",21,0,0,5,26,1,"H","Emergency Services","H1487",2025,"https://legiscan.com/FL/bill/H1487/2025",0.807692307692308,21,1,"N",1,1,1,1,1
1548868,1963394,"2025-2025_Regular_Session","2025-04-15","House Health & Human Services Committee",23,0,0,3,26,1,"H","Memory Care","H0493",2025,"https://legiscan.com/FL/bill/H0493/2025",0.884615384615385,23,1,"N",1,1,1,1,1
1548873,1969535,"2025-2025_Regular_Session","2025-04-15","Senate: Third Reading RCS#8",13,21,2,2,38,0,"S","Department of Agriculture and Consumer Services","S0700",2025,"https://legiscan.com/FL/bill/S0700/2025",0.342105263157895,34,0.382352941176471,"Y",0.125,1,1,0.875,0.911764705882353
1548878,1966346,"2025-2025_Regular_Session","2025-04-15","House Health & Human Services Committee",21,0,0,5,26,1,"H","Medical Marijuana Use Registry Identification Cards","H0555",2025,"https://legiscan.com/FL/bill/H0555/2025",0.807692307692308,21,1,"N",1,1,1,1,1
1548895,1982813,"2025-2025_Regular_Session","2025-04-15","House Health & Human Services Committee",22,0,0,4,26,1,"H","Newborn Screenings","H1089",2025,"https://legiscan.com/FL/bill/H1089/2025",0.846153846153846,22,1,"N",1,1,1,1,1
1548971,1885961,"2025-2025_Regular_Session","2025-04-15","Senate: Third Reading RCS#10",35,0,1,2,38,1,"S","Relief of Eric Miles, Jr., and Jennifer Miles by the South Broward Hospital District","S0022",2025,"https://legiscan.com/FL/bill/S0022/2025",0.921052631578947,35,1,"Y",1,1,1,1,1
1549004,1958842,"2025-2025_Regular_Session","2025-04-15","House Health & Human Services Committee",17,7,0,2,26,1,"H","Optometry","H0449",2025,"https://legiscan.com/FL/bill/H0449/2025",0.653846153846154,24,0.708333333333333,"N",0.722222222222222,0.666666666666667,0.666666666666667,0.722222222222222,0.708333333333333
1549024,1886040,"2025-2025_Regular_Session","2025-04-15","Senate: Third Reading RCS#11",35,0,1,2,38,1,"S","Relief of Marcus Button by the Pasco County School Board","S0008",2025,"https://legiscan.com/FL/bill/S0008/2025",0.921052631578947,35,1,"Y",1,1,1,1,1
1549178,1979604,"2025-2025_Regular_Session","2025-04-15","Senate: Third Reading RCS#12",36,0,0,2,38,1,"S","Driver License Education Requirements","S0994",2025,"https://legiscan.com/FL/bill/S0994/2025",0.947368421052632,36,1,"Y",1,1,1,1,1
1549486,1989143,"2025-2025_Regular_Session","2025-04-15","Senate Appropriations Committee on Criminal and Civil Justice",9,0,0,0,9,1,"S","Tampering With, Harassing, or Retaliating Against Court Officials","S1838",2025,"https://legiscan.com/FL/bill/S1838/2025",1,9,1,"N",1,1,1,1,1
1549490,1985684,"2025-2025_Regular_Session","2025-04-15","Senate Appropriations Committee on Criminal and Civil Justice",9,0,0,0,9,1,"S","Public Safety","S1444",2025,"https://legiscan.com/FL/bill/S1444/2025",1,9,1,"N",1,1,1,1,1
1549508,1988494,"2025-2025_Regular_Session","2025-04-15","Senate Appropriations Committee on Criminal and Civil Justice",5,4,0,0,9,1,"S","Capital Human Trafficking of Vulnerable Persons for Sexual Exploitation","S1804",2025,"https://legiscan.com/FL/bill/S1804/2025",0.555555555555556,9,0.555555555555556,"N",0.833333333333333,0,1,0.833333333333333,0.888888888888889
1549513,1969327,"2025-2025_Regular_Session","2025-04-15","Senate Appropriations Committee on Criminal and Civil Justice",9,0,0,0,9,1,"S","Sexual Offenses by Persons Previously Convicted of Sexual Offenses","S0716",2025,"https://legiscan.com/FL/bill/S0716/2025",1,9,1,"N",1,1,1,1,1
1549518,1982681,"2025-2025_Regular_Session","2025-04-15","Senate Appropriations Committee on Criminal and Civil Justice",9,0,0,0,9,1,"S","Age as an Element of a Criminal Offense","S1136",2025,"https://legiscan.com/FL/bill/S1136/2025",1,9,1,"N",1,1,1,1,1
1549520,1988302,"2025-2025_Regular_Session","2025-04-15","Senate Appropriations Committee on Pre-K - 12 Education",7,1,0,1,9,1,"S","Education","S1708",2025,"https://legiscan.com/FL/bill/S1708/2025",0.777777777777778,8,0.875,"N",1,0.5,NA,1,1
1549521,1985713,"2025-2025_Regular_Session","2025-04-15","Senate Appropriations Committee on Criminal and Civil Justice",9,0,0,0,9,1,"S","Arrest and Detention of Individuals with Significant Medical Conditions","S1450",2025,"https://legiscan.com/FL/bill/S1450/2025",1,9,1,"N",1,1,1,1,1
1549522,1985349,"2025-2025_Regular_Session","2025-04-15","Senate Appropriations Committee on Criminal and Civil Justice",8,0,0,1,9,1,"S","Controlled Substances","S1360",2025,"https://legiscan.com/FL/bill/S1360/2025",0.888888888888889,8,1,"N",1,1,1,1,1
1549524,1983681,"2025-2025_Regular_Session","2025-04-16","House: Third Reading RCS#98",114,1,4,0,119,1,"H","Certificates of Completion","H1111",2025,"https://legiscan.com/FL/bill/H1111/2025",0.957983193277311,115,0.991304347826087,"Y",0.98780487804878,1,1,0.98780487804878,0.991304347826087
1549526,1967286,"2025-2025_Regular_Session","2025-04-16","House: Third Reading RCS#97",86,26,7,0,119,1,"H","Construction and Facilities","H0569",2025,"https://legiscan.com/FL/bill/H0569/2025",0.722689075630252,112,0.767857142857143,"Y",1,0.161290322580645,0.838709677419355,1,0.955357142857143
1549531,1986443,"2025-2025_Regular_Session","2025-04-15","Senate Appropriations Committee on Pre-K - 12 Education",8,0,0,1,9,1,"S","Anaphylaxis in Public and Charter Schools","S1514",2025,"https://legiscan.com/FL/bill/S1514/2025",0.888888888888889,8,1,"N",1,1,1,1,1
1549533,1986709,"2025-2025_Regular_Session","2025-04-16","House: Third Reading RCS#93",117,0,2,0,119,1,"H","Reading Interventions and Instruction","H1309",2025,"https://legiscan.com/FL/bill/H1309/2025",0.983193277310924,117,1,"Y",1,1,1,1,1
1549537,1953324,"2025-2025_Regular_Session","2025-04-15","Senate Appropriations Committee on Criminal and Civil Justice",9,0,0,0,9,1,"S","Fleeing or Attempting to Elude a Law Enforcement Officer","S0468",2025,"https://legiscan.com/FL/bill/S0468/2025",1,9,1,"N",1,1,1,1,1
1549538,1984566,"2025-2025_Regular_Session","2025-04-16","House: Third Reading RCS#92",114,0,5,0,119,1,"H","Fentanyl Testing","H1195",2025,"https://legiscan.com/FL/bill/H1195/2025",0.957983193277311,114,1,"Y",1,1,1,1,1
1549547,1964918,"2025-2025_Regular_Session","2025-04-15","Senate Appropriations Committee on Criminal and Civil Justice",8,1,0,0,9,1,"S","Unlawful Distribution of Controlled Substances Resulting in Death","S0612",2025,"https://legiscan.com/FL/bill/S0612/2025",0.888888888888889,9,0.888888888888889,"N",1,0.666666666666667,0.666666666666667,1,0.888888888888889
1549549,2020763,"2025-2025_Regular_Session","2025-04-16","House Budget Committee",29,0,0,1,30,1,"H","Hemp Consumable THC Products","H7027",2025,"https://legiscan.com/FL/bill/H7027/2025",0.966666666666667,29,1,"N",1,1,1,1,1
1549554,1973638,"2025-2025_Regular_Session","2025-04-15","Senate Appropriations Committee on Pre-K - 12 Education",5,2,0,2,9,1,"S","Education","S0822",2025,"https://legiscan.com/FL/bill/S0822/2025",0.555555555555556,7,0.714285714285714,"N",1,0,1,1,1
1549568,1988825,"2025-2025_Regular_Session","2025-04-15","Senate Appropriations Committee on Criminal and Civil Justice",9,0,0,0,9,1,"S","Dangerous Excessive Speeding","S1782",2025,"https://legiscan.com/FL/bill/S1782/2025",1,9,1,"N",1,1,1,1,1
1549572,1987803,"2025-2025_Regular_Session","2025-04-15","Senate Appropriations Committee on Criminal and Civil Justice",6,2,0,1,9,1,"S","Corrections","S1604",2025,"https://legiscan.com/FL/bill/S1604/2025",0.666666666666667,8,0.75,"N",1,0.333333333333333,0.666666666666667,1,0.875
1549576,1958304,"2025-2025_Regular_Session","2025-04-15","House Commerce Committee",23,0,0,3,26,1,"H","Motor Vehicle Manufacturers and Franchised Motor Vehicle Dealers","H0429",2025,"https://legiscan.com/FL/bill/H0429/2025",0.884615384615385,23,1,"N",1,1,1,1,1
1549577,1980682,"2025-2025_Regular_Session","2025-04-15","House Commerce Committee",23,0,0,3,26,1,"H","Condominium and Cooperative Associations","H0913",2025,"https://legiscan.com/FL/bill/H0913/2025",0.884615384615385,23,1,"N",1,1,1,1,1
1549579,1984179,"2025-2025_Regular_Session","2025-04-15","House Commerce Committee",23,0,0,3,26,1,"H","Utility Service Restrictions","H1137",2025,"https://legiscan.com/FL/bill/H1137/2025",0.884615384615385,23,1,"N",1,1,1,1,1
1549585,1970240,"2025-2025_Regular_Session","2025-04-15","Senate Appropriations Committee on Higher Education",7,0,0,1,8,1,"S","Workforce Education","S0742",2025,"https://legiscan.com/FL/bill/S0742/2025",0.875,7,1,"N",1,1,1,1,1
1549597,1915309,"2025-2025_Regular_Session","2025-04-16","House Budget Committee",29,0,0,1,30,1,"H","State Group Insurance Program Coverage for Diagnostic and Supplemental Breast Examinations","H0141",2025,"https://legiscan.com/FL/bill/H0141/2025",0.966666666666667,29,1,"N",1,1,1,1,1
1549598,1973373,"2025-2025_Regular_Session","2025-04-16","House: Third Reading RCS#96",117,0,2,0,119,1,"H","Apprenticeship and Preapprenticeship Program Funding","H0681",2025,"https://legiscan.com/FL/bill/H0681/2025",0.983193277310924,117,1,"Y",1,1,1,1,1
1549600,1946221,"2025-2025_Regular_Session","2025-04-16","House: Third Reading RCS#104",116,0,3,0,119,1,"H","Comprehensive Waste Reduction and Recycling Plan","H0295",2025,"https://legiscan.com/FL/bill/H0295/2025",0.974789915966387,116,1,"Y",1,1,1,1,1
1549606,1988998,"2025-2025_Regular_Session","2025-04-16","House: Third Reading RCS#118",116,0,3,0,119,1,"H","Prearranged Transportation Services","H1525",2025,"https://legiscan.com/FL/bill/H1525/2025",0.974789915966387,116,1,"Y",1,1,1,1,1
1549607,1981805,"2025-2025_Regular_Session","2025-04-15","House Commerce Committee",25,0,0,1,26,1,"H","Legal Tender","H0999",2025,"https://legiscan.com/FL/bill/H0999/2025",0.961538461538462,25,1,"N",1,1,1,1,1
1549608,1989220,"2025-2025_Regular_Session","2025-04-16","House: Third Reading RCS#110",116,0,3,0,119,1,"H","Financial Services","H1549",2025,"https://legiscan.com/FL/bill/H1549/2025",0.974789915966387,116,1,"Y",1,1,1,1,1
1549610,1956326,"2025-2025_Regular_Session","2025-04-15","House Commerce Committee",22,0,0,4,26,1,"H","Affordable Property Ad Valorem Tax Exemption on Leased Land","H0411",2025,"https://legiscan.com/FL/bill/H0411/2025",0.846153846153846,22,1,"N",1,1,1,1,1
1549614,1984167,"2025-2025_Regular_Session","2025-04-16","House: Third Reading RCS#102",116,0,3,0,119,1,"H","Fish and Wildlife Conservation Commission","H1133",2025,"https://legiscan.com/FL/bill/H1133/2025",0.974789915966387,116,1,"Y",1,1,1,1,1
1549616,1984282,"2025-2025_Regular_Session","2025-04-16","House: Third Reading RCS#120",116,0,3,0,119,1,"H","Removal of Altered Sexual Depictions Posted without Consent","H1161",2025,"https://legiscan.com/FL/bill/H1161/2025",0.974789915966387,116,1,"Y",1,1,1,1,1
1549619,1918297,"2025-2025_Regular_Session","2025-04-16","Senate: Third Reading RCS#5",36,0,1,1,38,1,"S","Service of Process","H0157",2025,"https://legiscan.com/FL/bill/H0157/2025",0.947368421052632,36,1,"Y",1,1,1,1,1
1549622,1979058,"2025-2025_Regular_Session","2025-04-15","Senate Appropriations Committee on Criminal and Civil Justice",9,0,0,0,9,1,"S","Parole","S0964",2025,"https://legiscan.com/FL/bill/S0964/2025",1,9,1,"N",1,1,1,1,1
1549638,1973519,"2025-2025_Regular_Session","2025-04-15","House Commerce Committee",26,0,0,0,26,1,"H","Local Housing Assistance Plans","H0701",2025,"https://legiscan.com/FL/bill/H0701/2025",1,26,1,"N",1,1,1,1,1
1549639,1977709,"2025-2025_Regular_Session","2025-04-15","House Commerce Committee",24,0,0,2,26,1,"H","Insurance Overpayment Claims Submitted to Psychologists","H0839",2025,"https://legiscan.com/FL/bill/H0839/2025",0.923076923076923,24,1,"N",1,1,1,1,1
1549645,1963800,"2025-2025_Regular_Session","2025-04-16","House: Third Reading RCS#113",115,0,4,0,119,1,"H","Uniform Commercial Code","H0515",2025,"https://legiscan.com/FL/bill/H0515/2025",0.966386554621849,115,1,"Y",1,1,1,1,1
1549649,1918894,"2025-2025_Regular_Session","2025-04-16","House: Third Reading RCS#108",115,0,4,0,119,1,"H","Ad Valorem Property Tax Exemption for the Surviving Spouse of Quadriplegics","H0163",2025,"https://legiscan.com/FL/bill/H0163/2025",0.966386554621849,115,1,"Y",1,1,1,1,1
1549651,1972165,"2025-2025_Regular_Session","2025-04-16","House: Third Reading RCS#125",116,0,3,0,119,1,"H","Lee County","H4025",2025,"https://legiscan.com/FL/bill/H4025/2025",0.974789915966387,116,1,"Y",1,1,1,1,1
1549657,1965049,"2025-2025_Regular_Session","2025-04-15","House Commerce Committee",23,0,0,3,26,1,"H","Fire Prevention","H0551",2025,"https://legiscan.com/FL/bill/H0551/2025",0.884615384615385,23,1,"N",1,1,1,1,1
1549660,1982381,"2025-2025_Regular_Session","2025-04-15","Senate Appropriations Committee on Pre-K - 12 Education",8,0,0,1,9,1,"S","School Social Workers","S1150",2025,"https://legiscan.com/FL/bill/S1150/2025",0.888888888888889,8,1,"N",1,1,1,1,1
1549661,1984396,"2025-2025_Regular_Session","2025-04-16","House: Third Reading RCS#101",116,0,3,0,119,1,"H","Permits for Drilling, Exploration, and Extraction of Oil and Gas Resources","H1143",2025,"https://legiscan.com/FL/bill/H1143/2025",0.974789915966387,116,1,"Y",1,1,1,1,1
1549664,1960310,"2025-2025_Regular_Session","2025-04-16","House: Third Reading RCS#114",116,0,3,0,119,1,"H","Pool/Spa Contractors","H0453",2025,"https://legiscan.com/FL/bill/H0453/2025",0.974789915966387,116,1,"Y",1,1,1,1,1
1549666,1972564,"2025-2025_Regular_Session","2025-04-16","House: Third Reading RCS#127",116,0,3,0,119,1,"H","Officers and Employees of North Springs Improvement District, Broward County","H4023",2025,"https://legiscan.com/FL/bill/H4023/2025",0.974789915966387,116,1,"Y",1,1,1,1,1
1549667,1987748,"2025-2025_Regular_Session","2025-04-15","House Commerce Committee",21,3,0,2,26,1,"H","Transportation","H1397",2025,"https://legiscan.com/FL/bill/H1397/2025",0.807692307692308,24,0.875,"N",1,0.5,NA,1,1
1549675,1969698,"2025-2025_Regular_Session","2025-04-16","Senate: Third Reading RCS#8",36,0,1,1,38,1,"S","Public Records/Crime Stoppers Organizations","S0710",2025,"https://legiscan.com/FL/bill/S0710/2025",0.947368421052632,36,1,"Y",1,1,1,1,1
1549679,1972281,"2025-2025_Regular_Session","2025-04-16","Senate: Third Reading RCS#11",36,0,1,1,38,1,"S","Platting","S0784",2025,"https://legiscan.com/FL/bill/S0784/2025",0.947368421052632,36,1,"Y",1,1,1,1,1
1549681,1983438,"2025-2025_Regular_Session","2025-04-15","House Commerce Committee",23,0,0,3,26,1,"H","Insurance Research","H1097",2025,"https://legiscan.com/FL/bill/H1097/2025",0.884615384615385,23,1,"N",1,1,1,1,1
1549684,1989095,"2025-2025_Regular_Session","2025-04-16","House: Third Reading RCS#116",114,0,5,0,119,1,"H","Vexatious Litigants","H1559",2025,"https://legiscan.com/FL/bill/H1559/2025",0.957983193277311,114,1,"Y",1,1,1,1,1
1549685,1962260,"2025-2025_Regular_Session","2025-04-16","House: Third Reading RCS#91",115,0,4,0,119,1,"H","Anchoring Limitation Areas","H0481",2025,"https://legiscan.com/FL/bill/H0481/2025",0.966386554621849,115,1,"Y",1,1,1,1,1
1549686,1975312,"2025-2025_Regular_Session","2025-04-15","Senate Appropriations Committee on Higher Education",7,0,0,1,8,1,"S","Florida State University Election Law Center","S0892",2025,"https://legiscan.com/FL/bill/S0892/2025",0.875,7,1,"N",1,1,1,1,1
1549687,1977392,"2025-2025_Regular_Session","2025-04-16","House: Third Reading RCS#131",114,0,5,0,119,1,"H","Expedited DNA Testing Grant Program","H0847",2025,"https://legiscan.com/FL/bill/H0847/2025",0.957983193277311,114,1,"Y",1,1,1,1,1
1549688,1972091,"2025-2025_Regular_Session","2025-04-16","House: Third Reading RCS#111",113,0,6,0,119,1,"H","Israeli Bonds","H0669",2025,"https://legiscan.com/FL/bill/H0669/2025",0.949579831932773,113,1,"Y",1,1,1,1,1
1549690,1979950,"2025-2025_Regular_Session","2025-04-16","House: Third Reading RCS#129",83,33,3,0,119,1,"H","Corrections","H0903",2025,"https://legiscan.com/FL/bill/H0903/2025",0.697478991596639,116,0.71551724137931,"Y",1,0,1,1,1
1549692,1968501,"2025-2025_Regular_Session","2025-04-16","House: Third Reading RCS#121",112,0,7,0,119,1,"H","Citrus County","H4013",2025,"https://legiscan.com/FL/bill/H4013/2025",0.941176470588235,112,1,"Y",1,1,1,1,1
1549693,2019290,"2025-2025_Regular_Session","2025-04-16","House Budget Committee",29,0,0,1,30,1,"H","Taxation of Hemp Consumable THC Products","H7029",2025,"https://legiscan.com/FL/bill/H7029/2025",0.966666666666667,29,1,"N",1,1,1,1,1
1549695,1979881,"2025-2025_Regular_Session","2025-04-15","House Commerce Committee",24,0,0,2,26,1,"H","Timeshare Plan Management","H0897",2025,"https://legiscan.com/FL/bill/H0897/2025",0.923076923076923,24,1,"N",1,1,1,1,1
1549696,1972698,"2025-2025_Regular_Session","2025-04-16","House: Third Reading RCS#138",115,0,4,0,119,1,"H","State Group Insurance Program Coverage of Standard Fertility Preservation Services","H0677",2025,"https://legiscan.com/FL/bill/H0677/2025",0.966386554621849,115,1,"Y",1,1,1,1,1
1549700,1968812,"2025-2025_Regular_Session","2025-04-16","Senate: Third Reading RCS#10",36,0,1,1,38,1,"S","Diabetes Management in Schools","H0597",2025,"https://legiscan.com/FL/bill/H0597/2025",0.947368421052632,36,1,"Y",1,1,1,1,1
1549701,1968600,"2025-2025_Regular_Session","2025-04-16","House: Third Reading RCS#128",112,0,7,0,119,1,"H","Broward County Narcotics and Dangerous Drug Intelligence and Enforcement Unit, Broward County","H4015",2025,"https://legiscan.com/FL/bill/H4015/2025",0.941176470588235,112,1,"Y",1,1,1,1,1
1549702,1973193,"2025-2025_Regular_Session","2025-04-16","House: Third Reading RCS#126",115,0,4,0,119,1,"H","Greater Naples Fire Rescue District; Collier County","H4029",2025,"https://legiscan.com/FL/bill/H4029/2025",0.966386554621849,115,1,"Y",1,1,1,1,1
1549704,1965197,"2025-2025_Regular_Session","2025-04-15","House Commerce Committee",24,0,0,2,26,1,"H","Third-party Reservation Platforms","H0543",2025,"https://legiscan.com/FL/bill/H0543/2025",0.923076923076923,24,1,"N",1,1,1,1,1
1549705,1922514,"2025-2025_Regular_Session","2025-04-15","House Commerce Committee",24,0,0,2,26,1,"H","Transportation Concurrency","H0203",2025,"https://legiscan.com/FL/bill/H0203/2025",0.923076923076923,24,1,"N",1,1,1,1,1
1549707,1964414,"2025-2025_Regular_Session","2025-04-16","Senate: Third Reading RCS#6",35,1,1,1,38,1,"S","Public Lodging and Public Food Service Establishments","S0606",2025,"https://legiscan.com/FL/bill/S0606/2025",0.921052631578947,36,0.972222222222222,"Y",1,0.888888888888889,0.888888888888889,1,0.972222222222222
1549708,1981384,"2025-2025_Regular_Session","2025-04-16","House: Third Reading RCS#95",117,0,2,0,119,1,"H","Wireless Communications Devices on School Grounds","H0949",2025,"https://legiscan.com/FL/bill/H0949/2025",0.983193277310924,117,1,"Y",1,1,1,1,1
1549711,1924331,"2025-2025_Regular_Session","2025-04-16","House: Third Reading RCS#100",115,0,4,0,119,1,"H","State Land Management","H0209",2025,"https://legiscan.com/FL/bill/H0209/2025",0.966386554621849,115,1,"Y",1,1,1,1,1
1549713,1977909,"2025-2025_Regular_Session","2025-04-16","House: Third Reading RCS#115",114,0,5,0,119,1,"H","Indemnification and Insurance Obligations of Commuter Rail Transportation Providers","H0867",2025,"https://legiscan.com/FL/bill/H0867/2025",0.957983193277311,114,1,"Y",1,1,1,1,1
1549714,1986594,"2025-2025_Regular_Session","2025-04-16","House: Third Reading RCS#99",104,8,7,0,119,1,"H","Higher Education","H1321",2025,"https://legiscan.com/FL/bill/H1321/2025",0.873949579831933,112,0.928571428571429,"Y",0.926829268292683,0.933333333333333,0.933333333333333,0.926829268292683,0.928571428571429
1549716,1988453,"2025-2025_Regular_Session","2025-04-16","Senate Rules",23,0,0,2,25,1,"S","Emergency Services","S1644",2025,"https://legiscan.com/FL/bill/S1644/2025",0.92,23,1,"N",1,1,1,1,1
1549731,1987348,"2025-2025_Regular_Session","2025-04-16","House: Third Reading RCS#94",116,0,3,0,119,1,"H","School Attendance","H1367",2025,"https://legiscan.com/FL/bill/H1367/2025",0.974789915966387,116,1,"Y",1,1,1,1,1
1549735,1987557,"2025-2025_Regular_Session","2025-04-16","Senate: Third Reading RCS#16",36,0,1,1,38,1,"S","Background Screening of Athletic Coaches","S1546",2025,"https://legiscan.com/FL/bill/S1546/2025",0.947368421052632,36,1,"Y",1,1,1,1,1
1549745,1988515,"2025-2025_Regular_Session","2025-04-16","Senate Rules",23,0,0,2,25,1,"S","Cardiac Emergencies","S0430",2025,"https://legiscan.com/FL/bill/S0430/2025",0.92,23,1,"N",1,1,1,1,1
1549747,1988857,"2025-2025_Regular_Session","2025-04-16","House: Third Reading RCS#105",111,1,7,0,119,1,"H","Public Officers and Employees","H1445",2025,"https://legiscan.com/FL/bill/H1445/2025",0.932773109243697,112,0.991071428571429,"Y",0.9875,1,1,0.9875,0.991071428571429
1549748,1974923,"2025-2025_Regular_Session","2025-04-16","House: Third Reading RCS#103",116,0,3,0,119,1,"H","Brownfields","H0733",2025,"https://legiscan.com/FL/bill/H0733/2025",0.974789915966387,116,1,"Y",1,1,1,1,1
1549752,1946447,"2025-2025_Regular_Session","2025-04-16","House: Third Reading RCS#106",103,11,5,0,119,1,"H","Suits Against the Government","H0301",2025,"https://legiscan.com/FL/bill/H0301/2025",0.865546218487395,114,0.903508771929825,"Y",0.888888888888889,0.939393939393939,0.939393939393939,0.888888888888889,0.903508771929825
1549762,1982573,"2025-2025_Regular_Session","2025-04-15","House Commerce Committee",24,0,0,2,26,1,"H","Flood Disclosures","H1015",2025,"https://legiscan.com/FL/bill/H1015/2025",0.923076923076923,24,1,"N",1,1,1,1,1
1549771,1954083,"2025-2025_Regular_Session","2025-04-15","House Commerce Committee",25,0,0,1,26,1,"H","My Safe Florida Condominium Pilot Program","H0393",2025,"https://legiscan.com/FL/bill/H0393/2025",0.961538461538462,25,1,"N",1,1,1,1,1
1549773,1989181,"2025-2025_Regular_Session","2025-04-16","House: Third Reading RCS#136",116,0,3,0,119,1,"H","Uterine Fibroid Research Database","H1553",2025,"https://legiscan.com/FL/bill/H1553/2025",0.974789915966387,116,1,"Y",1,1,1,1,1
1549788,1988977,"2025-2025_Regular_Session","2025-04-15","House Commerce Committee",21,2,0,3,26,1,"H","Utility Services","H1523",2025,"https://legiscan.com/FL/bill/H1523/2025",0.807692307692308,23,0.91304347826087,"N",1,0.6,0.6,1,0.91304347826087
1549793,1987215,"2025-2025_Regular_Session","2025-04-16","House: Third Reading RCS#132",114,0,5,0,119,1,"H","Registration of Sexual Predators and Sexual Offenders","H1351",2025,"https://legiscan.com/FL/bill/H1351/2025",0.957983193277311,114,1,"Y",1,1,1,1,1
1549803,1987091,"2025-2025_Regular_Session","2025-04-16","House: Third Reading RCS#142",115,0,4,0,119,1,"H","Home Health Care Services","H1353",2025,"https://legiscan.com/FL/bill/H1353/2025",0.966386554621849,115,1,"Y",1,1,1,1,1
1549807,1982323,"2025-2025_Regular_Session","2025-04-16","House: Third Reading RCS#122",116,0,3,0,119,1,"H","Osceola County","H4043",2025,"https://legiscan.com/FL/bill/H4043/2025",0.974789915966387,116,1,"Y",1,1,1,1,1
1549810,1917185,"2025-2025_Regular_Session","2025-04-16","Senate: Third Reading RCS#4",36,0,1,1,38,1,"S","Debt Collection","S0232",2025,"https://legiscan.com/FL/bill/S0232/2025",0.947368421052632,36,1,"Y",1,1,1,1,1
1549815,1920600,"2025-2025_Regular_Session","2025-04-15","House Commerce Committee",25,0,0,1,26,1,"H","Transportation Facility Designations","H0177",2025,"https://legiscan.com/FL/bill/H0177/2025",0.961538461538462,25,1,"N",1,1,1,1,1
1549840,1983278,"2025-2025_Regular_Session","2025-04-16","Senate Rules",22,0,0,3,25,1,"S","Licensure of Family Foster Homes","S1174",2025,"https://legiscan.com/FL/bill/S1174/2025",0.88,22,1,"N",1,1,1,1,1
1549844,1917097,"2025-2025_Regular_Session","2025-04-15","House Commerce Committee",24,0,0,2,26,1,"H","Prohibited Practices in Consumer Debt Collection","H0147",2025,"https://legiscan.com/FL/bill/H0147/2025",0.923076923076923,24,1,"N",1,1,1,1,1
1549847,1943836,"2025-2025_Regular_Session","2025-04-16","House: Third Reading RCS#133",115,0,4,0,119,1,"H","False Reporting","H0279",2025,"https://legiscan.com/FL/bill/H0279/2025",0.966386554621849,115,1,"Y",1,1,1,1,1
1549853,1969535,"2025-2025_Regular_Session","2025-04-16","Senate: Third Reading RCS#19",27,9,1,1,38,1,"S","Department of Agriculture and Consumer Services","S0700",2025,"https://legiscan.com/FL/bill/S0700/2025",0.710526315789474,36,0.75,"Y",1,0,1,1,1
1549857,1973157,"2025-2025_Regular_Session","2025-04-15","House Commerce Committee",25,0,0,1,26,1,"H","Construction Regulations","H0683",2025,"https://legiscan.com/FL/bill/H0683/2025",0.961538461538462,25,1,"N",1,1,1,1,1
1549858,1984461,"2025-2025_Regular_Session","2025-04-16","Senate Rules",22,0,0,3,25,1,"S","Home Health Care Services","S1412",2025,"https://legiscan.com/FL/bill/S1412/2025",0.88,22,1,"N",1,1,1,1,1
1549859,1985119,"2025-2025_Regular_Session","2025-04-15","House Commerce Committee",15,6,0,5,26,1,"H","Employment Agreements","H1219",2025,"https://legiscan.com/FL/bill/H1219/2025",0.576923076923077,21,0.714285714285714,"N",1,0,1,1,1
1549863,1984901,"2025-2025_Regular_Session","2025-04-15","Senate Appropriations Committee on Transportation, Tourism, and Economic Development",15,0,0,0,15,1,"S","Department of Highway Safety and Motor Vehicles","S1348",2025,"https://legiscan.com/FL/bill/S1348/2025",1,15,1,"N",1,1,1,1,1
1549866,1953506,"2025-2025_Regular_Session","2025-04-15","House Commerce Committee",25,0,0,1,26,1,"H","Provenance of Digital Content","H0369",2025,"https://legiscan.com/FL/bill/H0369/2025",0.961538461538462,25,1,"N",1,1,1,1,1
1549870,1984006,"2025-2025_Regular_Session","2025-04-16","House: Third Reading RCS#107",83,31,5,0,119,1,"H","Verification of Reemployment Assistance Benefit Eligibility","H1157",2025,"https://legiscan.com/FL/bill/H1157/2025",0.697478991596639,114,0.728070175438597,"Y",0.98780487804878,0.0625,0.9375,0.98780487804878,0.973684210526316
1549875,1988716,"2025-2025_Regular_Session","2025-04-15","House Commerce Committee",17,9,0,0,26,1,"H","Gambling","H1467",2025,"https://legiscan.com/FL/bill/H1467/2025",0.653846153846154,26,0.653846153846154,"N",0.894736842105263,0,1,0.894736842105263,0.923076923076923
1549882,1971548,"2025-2025_Regular_Session","2025-04-15","House Commerce Committee",22,3,0,1,26,1,"H","Department of Agriculture and Consumer Services","H0651",2025,"https://legiscan.com/FL/bill/H0651/2025",0.846153846153846,25,0.88,"N",1,0.5,NA,1,1
1549884,1953841,"2025-2025_Regular_Session","2025-04-15","House Commerce Committee",25,0,0,1,26,1,"H","Platting","H0381",2025,"https://legiscan.com/FL/bill/H0381/2025",0.961538461538462,25,1,"N",1,1,1,1,1
1549888,1976850,"2025-2025_Regular_Session","2025-04-15","House Commerce Committee",21,2,0,3,26,1,"H","Anchoring and Mooring at Seaports","H0795",2025,"https://legiscan.com/FL/bill/H0795/2025",0.807692307692308,23,0.91304347826087,"N",0.9375,0.857142857142857,0.857142857142857,0.9375,0.91304347826087
1549894,1979933,"2025-2025_Regular_Session","2025-04-16","House: Third Reading RCS#139",112,4,3,0,119,1,"H","Court-appointed Psychologists","H0901",2025,"https://legiscan.com/FL/bill/H0901/2025",0.941176470588235,116,0.96551724137931,"Y",0.987951807228916,0.909090909090909,0.909090909090909,0.987951807228916,0.96551724137931
1549895,1980688,"2025-2025_Regular_Session","2025-04-16","House: Third Reading RCS#135",116,0,3,0,119,1,"H","Florida Institute for Pediatric Rare Diseases","H0907",2025,"https://legiscan.com/FL/bill/H0907/2025",0.974789915966387,116,1,"Y",1,1,1,1,1
1549907,1985442,"2025-2025_Regular_Session","2025-04-16","Senate: Third Reading RCS#3",36,0,1,1,38,1,"S","School District Reporting Requirements","S1374",2025,"https://legiscan.com/FL/bill/S1374/2025",0.947368421052632,36,1,"Y",1,1,1,1,1
1549910,1928217,"2025-2025_Regular_Session","2025-04-15","House Commerce Committee",26,0,0,0,26,1,"H","Farm Products","H0211",2025,"https://legiscan.com/FL/bill/H0211/2025",1,26,1,"N",1,1,1,1,1
1549913,1896450,"2025-2025_Regular_Session","2025-04-16","Senate Rules",23,0,0,2,25,1,"S","Relief of Jacob Rodgers by the City of Gainesville","S0096",2025,"https://legiscan.com/FL/bill/S0096/2025",0.92,23,1,"N",1,1,1,1,1
1549921,1982451,"2025-2025_Regular_Session","2025-04-16","House: Third Reading RCS#124",115,0,4,0,119,1,"H","City Pension Fund for Firefighters and Police Officers in the City of Tampa, Hillsborough County","H4045",2025,"https://legiscan.com/FL/bill/H4045/2025",0.966386554621849,115,1,"Y",1,1,1,1,1
1549922,1984566,"2025-2025_Regular_Session","2025-04-16","Senate: Third Reading RCS#12",37,0,0,1,38,1,"S","Fentanyl Testing","H1195",2025,"https://legiscan.com/FL/bill/H1195/2025",0.973684210526316,37,1,"Y",1,1,1,1,1
1549930,1976646,"2025-2025_Regular_Session","2025-04-16","Senate: Third Reading RCS#17",33,4,0,1,38,1,"S","Surrendered Infants","H0791",2025,"https://legiscan.com/FL/bill/H0791/2025",0.868421052631579,37,0.891891891891892,"Y",1,0.6,0.6,1,0.891891891891892
1549934,1986968,"2025-2025_Regular_Session","2025-04-16","House: Third Reading RCS#143",82,32,5,0,119,1,"H","Succession to Office of Governor, Auditing, and Government Efficiency","H1325",2025,"https://legiscan.com/FL/bill/H1325/2025",0.689075630252101,114,0.719298245614035,"Y",0.975903614457831,0.032258064516129,0.967741935483871,0.975903614457831,0.973684210526316
1549937,1918948,"2025-2025_Regular_Session","2025-04-16","House: Third Reading RCS#109",116,0,3,0,119,1,"H","Tax Exemptions for Surviving Spouses of Quadriplegics","H0165",2025,"https://legiscan.com/FL/bill/H0165/2025",0.974789915966387,116,1,"Y",1,1,1,1,1
1549944,1965244,"2025-2025_Regular_Session","2025-04-16","House: Third Reading RCS#140",116,0,3,0,119,1,"H","Medical Debt","H0547",2025,"https://legiscan.com/FL/bill/H0547/2025",0.974789915966387,116,1,"Y",1,1,1,1,1
1549954,1961566,"2025-2025_Regular_Session","2025-04-16","Senate Rules",23,0,0,2,25,1,"S","Disability History and Awareness Instruction","S0540",2025,"https://legiscan.com/FL/bill/S0540/2025",0.92,23,1,"N",1,1,1,1,1
1549955,1988942,"2025-2025_Regular_Session","2025-04-16","Senate: Third Reading RCS#18",36,0,1,1,38,1,"S","Affordable Housing","S1730",2025,"https://legiscan.com/FL/bill/S1730/2025",0.947368421052632,36,1,"Y",1,1,1,1,1
1549969,1971349,"2025-2025_Regular_Session","2025-04-16","House: Third Reading RCS#137",111,0,8,0,119,1,"H","Advanced Practice Registered Nurse Services","H0647",2025,"https://legiscan.com/FL/bill/H0647/2025",0.932773109243697,111,1,"Y",1,1,1,1,1
1549974,1987003,"2025-2025_Regular_Session","2025-04-16","House: Third Reading RCS#123",115,0,4,0,119,1,"H","Sunbridge Stewardship District, Osceola County","H4059",2025,"https://legiscan.com/FL/bill/H4059/2025",0.966386554621849,115,1,"Y",1,1,1,1,1
1549977,1971304,"2025-2025_Regular_Session","2025-04-16","Senate: Third Reading RCS#9",35,0,2,1,38,1,"S","Foreign Countries of Concern","S0768",2025,"https://legiscan.com/FL/bill/S0768/2025",0.921052631578947,35,1,"Y",1,1,1,1,1
1549980,1975755,"2025-2025_Regular_Session","2025-04-16","Senate Rules",21,2,0,2,25,1,"S","Employment Agreements","S0922",2025,"https://legiscan.com/FL/bill/S0922/2025",0.84,23,0.91304347826087,"N",1,0.6,0.6,1,0.91304347826087
1549985,1983587,"2025-2025_Regular_Session","2025-04-16","House: Third Reading RCS#141",113,0,6,0,119,1,"H","Health Care Patient Protection","H1119",2025,"https://legiscan.com/FL/bill/H1119/2025",0.949579831932773,113,1,"Y",1,1,1,1,1
1549990,1983792,"2025-2025_Regular_Session","2025-04-15","Senate Appropriations Committee on Transportation, Tourism, and Economic Development",13,2,0,0,15,1,"S","Rural and Urban Business Enterprises","S1264",2025,"https://legiscan.com/FL/bill/S1264/2025",0.866666666666667,15,0.866666666666667,"N",1,0.6,0.6,1,0.866666666666667
1550016,1974680,"2025-2025_Regular_Session","2025-04-16","Senate Rules",21,0,0,4,25,1,"S","Social Media Use by Minors","S0868",2025,"https://legiscan.com/FL/bill/S0868/2025",0.84,21,1,"N",1,1,1,1,1
1550023,1973861,"2025-2025_Regular_Session","2025-04-16","Senate Rules",23,0,0,2,25,1,"S","Utility Relocation","S0818",2025,"https://legiscan.com/FL/bill/S0818/2025",0.92,23,1,"N",1,1,1,1,1
1550053,1962096,"2025-2025_Regular_Session","2025-04-16","Senate: Third Reading RCS#15",36,0,1,1,38,1,"S","Leaving the Scene of a Crash Involving Only Damage to Vehicle or Property","H0479",2025,"https://legiscan.com/FL/bill/H0479/2025",0.947368421052632,36,1,"Y",1,1,1,1,1
1550060,1984138,"2025-2025_Regular_Session","2025-04-16","Senate Rules",23,0,0,2,25,1,"S","Permits for Drilling, Exploration, and Extraction of Oil and Gas Resources","S1300",2025,"https://legiscan.com/FL/bill/S1300/2025",0.92,23,1,"N",1,1,1,1,1
1550076,1973135,"2025-2025_Regular_Session","2025-04-16","House: Third Reading RCS#144",82,33,4,0,119,1,"H","Term Limits for Members of County Commissions and District School Boards","H0679",2025,"https://legiscan.com/FL/bill/H0679/2025",0.689075630252101,115,0.71304347826087,"Y",0.987951807228916,0,1,0.987951807228916,0.991304347826087
1550077,1988108,"2025-2025_Regular_Session","2025-04-16","Senate Rules",22,0,0,3,25,1,"S","Vexatious Litigants","S1650",2025,"https://legiscan.com/FL/bill/S1650/2025",0.88,22,1,"N",1,1,1,1,1
1550092,1988523,"2025-2025_Regular_Session","2025-04-16","Senate Rules",23,0,0,2,25,1,"S","Insulin Administration by Direct-support Professionals and Relatives","S1736",2025,"https://legiscan.com/FL/bill/S1736/2025",0.92,23,1,"N",1,1,1,1,1
1550117,1989175,"2025-2025_Regular_Session","2025-04-16","Senate Rules",23,0,0,2,25,1,"S","Motor Vehicle Manufacturers and Franchised Motor Vehicle Dealers","S1820",2025,"https://legiscan.com/FL/bill/S1820/2025",0.92,23,1,"N",1,1,1,1,1
1550119,1981821,"2025-2025_Regular_Session","2025-04-16","Senate Rules",18,4,0,3,25,1,"S","Local Government Land Regulation","S1080",2025,"https://legiscan.com/FL/bill/S1080/2025",0.72,22,0.818181818181818,"N",0.833333333333333,0.75,0.75,0.833333333333333,0.818181818181818
1550121,1966032,"2025-2025_Regular_Session","2025-04-16","Senate: Third Reading RCS#7",36,0,1,1,38,1,"S","Waiver or Release of Liens","S0658",2025,"https://legiscan.com/FL/bill/S0658/2025",0.947368421052632,36,1,"Y",1,1,1,1,1
1550139,1972053,"2025-2025_Regular_Session","2025-04-15","Senate Appropriations Committee on Criminal and Civil Justice",6,3,0,0,9,1,"S","Aggravating Factors for Capital Felonies","S0776",2025,"https://legiscan.com/FL/bill/S0776/2025",0.666666666666667,9,0.666666666666667,"N",0.833333333333333,0.333333333333333,0.666666666666667,0.833333333333333,0.777777777777778
1550142,1979344,"2025-2025_Regular_Session","2025-04-16","Senate Rules",23,0,0,2,25,1,"S","Physician Assistant and Advanced Practice Registered Nurse Services","S0998",2025,"https://legiscan.com/FL/bill/S0998/2025",0.92,23,1,"N",1,1,1,1,1
1550147,1988285,"2025-2025_Regular_Session","2025-04-16","Senate Rules",23,0,0,2,25,1,"S","Public Records/Pleading, Request for Relief, or Other Document Stricken by a Court","S1652",2025,"https://legiscan.com/FL/bill/S1652/2025",0.92,23,1,"N",1,1,1,1,1
1550221,1981730,"2025-2025_Regular_Session","2025-04-16","Senate Rules",22,0,0,3,25,1,"S","Fire Prevention","S1078",2025,"https://legiscan.com/FL/bill/S1078/2025",0.88,22,1,"N",1,1,1,1,1
1550250,1953712,"2025-2025_Regular_Session","2025-04-16","House: Third Reading RCS#112",114,0,5,0,119,1,"H","Securities","H0379",2025,"https://legiscan.com/FL/bill/H0379/2025",0.957983193277311,114,1,"Y",1,1,1,1,1
1550258,1989079,"2025-2025_Regular_Session","2025-04-16","Senate Rules",16,7,0,2,25,1,"S","Waste Management","S1822",2025,"https://legiscan.com/FL/bill/S1822/2025",0.64,23,0.695652173913043,"N",0.888888888888889,0,1,0.888888888888889,0.91304347826087
1550259,1978070,"2025-2025_Regular_Session","2025-04-16","House: Third Reading RCS#119",86,28,5,0,119,1,"H","Restrictions on Firearms and Ammunition During Emergencies","H6025",2025,"https://legiscan.com/FL/bill/H6025/2025",0.722689075630252,114,0.754385964912281,"Y",0.987951807228916,0.129032258064516,0.870967741935484,0.987951807228916,0.956140350877193
1550262,1942124,"2025-2025_Regular_Session","2025-04-16","House: Third Reading RCS#134",115,0,4,0,119,1,"H","Offenses Involving Motor Vehicles","H0253",2025,"https://legiscan.com/FL/bill/H0253/2025",0.966386554621849,115,1,"Y",1,1,1,1,1
1550264,1988761,"2025-2025_Regular_Session","2025-04-16","House: Third Reading RCS#117",115,0,4,0,119,1,"H","Trespass","H1447",2025,"https://legiscan.com/FL/bill/H1447/2025",0.966386554621849,115,1,"Y",1,1,1,1,1
1550269,1989207,"2025-2025_Regular_Session","2025-04-16","Senate Rules",21,0,0,4,25,1,"S","Refund of Overpayments Made by Patients","S1808",2025,"https://legiscan.com/FL/bill/S1808/2025",0.84,21,1,"N",1,1,1,1,1
1550271,1982976,"2025-2025_Regular_Session","2025-04-16","House: Third Reading RCS#130",116,0,3,0,119,1,"H","Tampering with, Harassing, or Retaliating against Court Officials","H1049",2025,"https://legiscan.com/FL/bill/H1049/2025",0.974789915966387,116,1,"Y",1,1,1,1,1
1550276,1981949,"2025-2025_Regular_Session","2025-04-15","House Commerce Committee",25,0,0,1,26,1,"H","Transportation Facility Designations","H0987",2025,"https://legiscan.com/FL/bill/H0987/2025",0.961538461538462,25,1,"N",1,1,1,1,1
1550329,1988342,"2025-2025_Regular_Session","2025-04-16","Senate Rules",22,1,0,2,25,1,"S","Education","S1702",2025,"https://legiscan.com/FL/bill/S1702/2025",0.88,23,0.956521739130435,"N",1,0.8,0.8,1,0.956521739130435
1550343,1984439,"2025-2025_Regular_Session","2025-04-16","Senate: Third Reading RCS#2",32,4,1,1,38,1,"S","Florida Trust Code","H1173",2025,"https://legiscan.com/FL/bill/H1173/2025",0.842105263157895,36,0.888888888888889,"Y",0.962962962962963,0.666666666666667,0.666666666666667,0.962962962962963,0.888888888888889
1550361,1970265,"2025-2025_Regular_Session","2025-04-16","Senate: Third Reading RCS#14",35,1,1,1,38,1,"S","Electronic Delivery of Notices Between Landlords and Tenants","H0615",2025,"https://legiscan.com/FL/bill/H0615/2025",0.921052631578947,36,0.972222222222222,"Y",1,0.9,0.9,1,0.972222222222222
1550362,1977185,"2025-2025_Regular_Session","2025-04-16","Senate: Third Reading RCS#13",37,0,0,1,38,1,"S","Third-party Reservation Platforms","S0940",2025,"https://legiscan.com/FL/bill/S0940/2025",0.973684210526316,37,1,"Y",1,1,1,1,1
1550377,1914829,"2025-2025_Regular_Session","2025-04-16","Senate Rules",23,0,0,2,25,1,"S","Chemicals in Consumer Products","S0196",2025,"https://legiscan.com/FL/bill/S0196/2025",0.92,23,1,"N",1,1,1,1,1
1550401,1966263,"2025-2025_Regular_Session","2025-04-16","Senate Rules",23,0,0,2,25,1,"S","Hazardous Walking Conditions","S0650",2025,"https://legiscan.com/FL/bill/S0650/2025",0.92,23,1,"N",1,1,1,1,1
1550403,1983777,"2025-2025_Regular_Session","2025-04-16","Senate Rules",21,1,0,3,25,1,"S","Public Records/Crime Victims/Officers Involved in Use of Force Incidents","S1266",2025,"https://legiscan.com/FL/bill/S1266/2025",0.84,22,0.954545454545455,"N",1,0.75,0.75,1,0.954545454545455
1550467,1915575,"2025-2025_Regular_Session","2025-04-16","Senate Rules",22,1,0,2,25,1,"S","Municipal Water and Sewer Utility Rates","S0202",2025,"https://legiscan.com/FL/bill/S0202/2025",0.88,23,0.956521739130435,"N",1,0.8,0.8,1,0.956521739130435
1550516,1901497,"2025-2025_Regular_Session","2025-04-16","Senate Rules",18,5,0,2,25,1,"S","Charter Schools","S0140",2025,"https://legiscan.com/FL/bill/S0140/2025",0.72,23,0.782608695652174,"N",1,0,1,1,1
1550523,1977647,"2025-2025_Regular_Session","2025-04-15","Senate Appropriations Committee on Transportation, Tourism, and Economic Development",15,0,0,0,15,1,"S","Statewide Study on Automation and Workforce Impact","S0936",2025,"https://legiscan.com/FL/bill/S0936/2025",1,15,1,"N",1,1,1,1,1
1550544,1974038,"2025-2025_Regular_Session","2025-04-16","Senate Rules",23,0,0,2,25,1,"S","Advertisements for Representation Services","S0846",2025,"https://legiscan.com/FL/bill/S0846/2025",0.92,23,1,"N",1,1,1,1,1
1550591,1981975,"2025-2025_Regular_Session","2025-04-16","Senate Rules",23,0,0,2,25,1,"S","Roof Contracting","S1076",2025,"https://legiscan.com/FL/bill/S1076/2025",0.92,23,1,"N",1,1,1,1,1
1550697,1985603,"2025-2025_Regular_Session","2025-04-16","Senate Rules",22,0,0,3,25,1,"S","Unmanned Aircraft or Unmanned Aircraft Systems","S1422",2025,"https://legiscan.com/FL/bill/S1422/2025",0.88,22,1,"N",1,1,1,1,1
1550934,1988365,"2025-2025_Regular_Session","2025-04-17","Senate Fiscal Policy",17,0,0,2,19,1,"S","Unrated Bonds","S1674",2025,"https://legiscan.com/FL/bill/S1674/2025",0.894736842105263,17,1,"N",1,1,1,1,1
1550957,1988743,"2025-2025_Regular_Session","2025-04-16","Senate Rules",22,1,0,2,25,1,"S","Stem Cell Therapy","S1768",2025,"https://legiscan.com/FL/bill/S1768/2025",0.88,23,0.956521739130435,"N",1,0.8,0.8,1,0.956521739130435
1551011,1988993,"2025-2025_Regular_Session","2025-04-17","Senate Fiscal Policy",17,0,0,2,19,1,"S","Parkinson's Disease","S1800",2025,"https://legiscan.com/FL/bill/S1800/2025",0.894736842105263,17,1,"N",1,1,1,1,1
1551019,1986949,"2025-2025_Regular_Session","2025-04-17","Senate Fiscal Policy",16,0,0,3,19,1,"S","Educator Preparation","S1590",2025,"https://legiscan.com/FL/bill/S1590/2025",0.842105263157895,16,1,"N",1,1,1,1,1
1551043,1967198,"2025-2025_Regular_Session","2025-04-17","House State Affairs Committee",23,0,0,3,26,1,"H","Registration of Agents and Organizations Associated with Foreign Countries of Concern","H0583",2025,"https://legiscan.com/FL/bill/H0583/2025",0.884615384615385,23,1,"N",1,1,1,1,1
1551050,1985601,"2025-2025_Regular_Session","2025-04-17","House Education & Employment Committee",13,5,0,5,23,1,"H","Education","H1267",2025,"https://legiscan.com/FL/bill/H1267/2025",0.565217391304348,18,0.722222222222222,"N",0.916666666666667,0.333333333333333,0.666666666666667,0.916666666666667,0.833333333333333
1551052,1967029,"2025-2025_Regular_Session","2025-04-17","House State Affairs Committee",23,0,0,3,26,1,"H","Removal, Storage, and Cleanup of Electric Vehicles","H0577",2025,"https://legiscan.com/FL/bill/H0577/2025",0.884615384615385,23,1,"N",1,1,1,1,1
1551053,1984295,"2025-2025_Regular_Session","2025-04-17","House State Affairs Committee",22,1,0,3,26,1,"H","Vessel Accountability","H1149",2025,"https://legiscan.com/FL/bill/H1149/2025",0.846153846153846,23,0.956521739130435,"N",1,0.8,0.8,1,0.956521739130435
1551054,1985213,"2025-2025_Regular_Session","2025-04-17","House Judiciary Committee",20,0,0,2,22,1,"H","Mental Health","H1207",2025,"https://legiscan.com/FL/bill/H1207/2025",0.909090909090909,20,1,"N",1,1,1,1,1
1551056,1987683,"2025-2025_Regular_Session","2025-04-17","House Judiciary Committee",20,0,0,2,22,1,"H","Juvenile Justice","H1405",2025,"https://legiscan.com/FL/bill/H1405/2025",0.909090909090909,20,1,"N",1,1,1,1,1
1551063,1973618,"2025-2025_Regular_Session","2025-04-17","Senate Fiscal Policy",17,0,0,2,19,1,"S","Disposition of Migrant Vessels","S0830",2025,"https://legiscan.com/FL/bill/S0830/2025",0.894736842105263,17,1,"N",1,1,1,1,1
1551065,1987752,"2025-2025_Regular_Session","2025-04-17","House Education & Employment Committee",20,0,0,3,23,1,"H","Safety of Students","H1403",2025,"https://legiscan.com/FL/bill/H1403/2025",0.869565217391304,20,1,"N",1,1,1,1,1
1551069,1984889,"2025-2025_Regular_Session","2025-04-17","House Education & Employment Committee",14,6,0,3,23,1,"H","Employment","H1225",2025,"https://legiscan.com/FL/bill/H1225/2025",0.608695652173913,20,0.7,"N",0.928571428571429,0.166666666666667,0.833333333333333,0.928571428571429,0.9
1551082,1982400,"2025-2025_Regular_Session","2025-04-17","House Education & Employment Committee",21,0,0,2,23,1,"H","Religious and Patriotic Expression in the Public School System","H1009",2025,"https://legiscan.com/FL/bill/H1009/2025",0.91304347826087,21,1,"N",1,1,1,1,1
1551083,1979491,"2025-2025_Regular_Session","2025-04-17","House Education & Employment Committee",19,0,0,4,23,1,"H","School Readiness Program","H0877",2025,"https://legiscan.com/FL/bill/H0877/2025",0.826086956521739,19,1,"N",1,1,1,1,1
1551092,1948923,"2025-2025_Regular_Session","2025-04-17","House Judiciary Committee",16,4,0,2,22,1,"H","Complaints Against Law Enforcement and Correctional Officers","H0317",2025,"https://legiscan.com/FL/bill/H0317/2025",0.727272727272727,20,0.8,"N",1,0.2,0.8,1,0.95
1551094,1987236,"2025-2025_Regular_Session","2025-04-17","House Judiciary Committee",20,0,0,2,22,1,"H","Law Enforcement Officers and Other Personnel","H1371",2025,"https://legiscan.com/FL/bill/H1371/2025",0.909090909090909,20,1,"N",1,1,1,1,1
1551098,1987276,"2025-2025_Regular_Session","2025-04-17","House Judiciary Committee",20,0,0,2,22,1,"H","Feasibility Study Relating to Statewide Pawn Data Database","H1359",2025,"https://legiscan.com/FL/bill/H1359/2025",0.909090909090909,20,1,"N",1,1,1,1,1
1551102,1973282,"2025-2025_Regular_Session","2025-04-17","House Judiciary Committee",19,0,0,3,22,1,"H","Driving and Boating Offenses","H0687",2025,"https://legiscan.com/FL/bill/H0687/2025",0.863636363636364,19,1,"N",1,1,1,1,1
1551104,1975029,"2025-2025_Regular_Session","2025-04-17","House State Affairs Committee",23,0,0,3,26,1,"H","Law Enforcement, Correctional, and Correctional Probation Officer Benefits","H0751",2025,"https://legiscan.com/FL/bill/H0751/2025",0.884615384615385,23,1,"N",1,1,1,1,1
1551111,1981045,"2025-2025_Regular_Session","2025-04-17","House State Affairs Committee",22,0,0,4,26,1,"H","Firefighter Health and Safety","H0929",2025,"https://legiscan.com/FL/bill/H0929/2025",0.846153846153846,22,1,"N",1,1,1,1,1
1551114,1942140,"2025-2025_Regular_Session","2025-04-17","Senate Fiscal Policy",17,0,0,2,19,1,"S","Council on the Social Status of Black Men and Boys","S0364",2025,"https://legiscan.com/FL/bill/S0364/2025",0.894736842105263,17,1,"N",1,1,1,1,1
1551115,1954185,"2025-2025_Regular_Session","2025-04-17","House Judiciary Committee",20,0,0,2,22,1,"H","Faith-based Content in Batterer's Intervention Program","H0391",2025,"https://legiscan.com/FL/bill/H0391/2025",0.909090909090909,20,1,"N",1,1,1,1,1
1551127,1985410,"2025-2025_Regular_Session","2025-04-17","Senate Fiscal Policy",17,0,0,2,19,1,"S","Assault or Battery on a Utility Worker","S1386",2025,"https://legiscan.com/FL/bill/S1386/2025",0.894736842105263,17,1,"N",1,1,1,1,1
1551128,1980726,"2025-2025_Regular_Session","2025-04-17","House Judiciary Committee",18,0,0,4,22,1,"H","Threats from Foreign Nations","H0925",2025,"https://legiscan.com/FL/bill/H0925/2025",0.818181818181818,18,1,"N",1,1,1,1,1
1551131,1982965,"2025-2025_Regular_Session","2025-04-17","House State Affairs Committee",21,0,0,5,26,1,"H","North St. Lucie River Water Control District, St. Lucie County","H4049",2025,"https://legiscan.com/FL/bill/H4049/2025",0.807692307692308,21,1,"N",1,1,1,1,1
1551134,1981258,"2025-2025_Regular_Session","2025-04-17","House Judiciary Committee",16,4,0,2,22,1,"H","Civil Actions","H0947",2025,"https://legiscan.com/FL/bill/H0947/2025",0.727272727272727,20,0.8,"N",0.733333333333333,1,1,0.733333333333333,0.8
1551136,1980680,"2025-2025_Regular_Session","2025-04-17","House Judiciary Committee",17,0,0,5,22,1,"H","Advertisements for Representation Services","H0915",2025,"https://legiscan.com/FL/bill/H0915/2025",0.772727272727273,17,1,"N",1,1,1,1,1
1551141,2011040,"2025-2025_Regular_Session","2025-04-17","House State Affairs Committee",22,0,0,4,26,1,"H","OGSR/Records of Insurers/Department of Financial Services","H7011",2025,"https://legiscan.com/FL/bill/H7011/2025",0.846153846153846,22,1,"N",1,1,1,1,1
1551142,1949074,"2025-2025_Regular_Session","2025-04-17","House State Affairs Committee",21,0,0,5,26,1,"H","Bonuses for Employees of Property Appraisers","H0307",2025,"https://legiscan.com/FL/bill/H0307/2025",0.807692307692308,21,1,"N",1,1,1,1,1
1551143,1975328,"2025-2025_Regular_Session","2025-04-17","House State Affairs Committee",24,0,0,2,26,1,"H","Celia Cruz Day","H0765",2025,"https://legiscan.com/FL/bill/H0765/2025",0.923076923076923,24,1,"N",1,1,1,1,1
1551151,1973819,"2025-2025_Regular_Session","2025-04-17","House State Affairs Committee",22,0,0,4,26,1,"H","San Carlos Estates Water Control District, Lee County","H4033",2025,"https://legiscan.com/FL/bill/H4033/2025",0.846153846153846,22,1,"N",1,1,1,1,1
1551193,1988227,"2025-2025_Regular_Session","2025-04-17","Senate Fiscal Policy",17,0,0,2,19,1,"S","Registration of Sexual Predators and Sexual Offenders","S1654",2025,"https://legiscan.com/FL/bill/S1654/2025",0.894736842105263,17,1,"N",1,1,1,1,1
1551200,1984254,"2025-2025_Regular_Session","2025-04-17","Senate Fiscal Policy",16,0,0,3,19,1,"S","Reporting of Student Mental Health Outcomes","S1310",2025,"https://legiscan.com/FL/bill/S1310/2025",0.842105263157895,16,1,"N",1,1,1,1,1
1551209,1984764,"2025-2025_Regular_Session","2025-04-17","House Education & Employment Committee",18,0,0,5,23,1,"H","K-12 School Route Optimization Pilot Program","H1213",2025,"https://legiscan.com/FL/bill/H1213/2025",0.782608695652174,18,1,"N",1,1,1,1,1
1551212,1982852,"2025-2025_Regular_Session","2025-04-17","House State Affairs Committee",21,0,0,5,26,1,"H","Florida State University College of Law Election Law Center","H1055",2025,"https://legiscan.com/FL/bill/H1055/2025",0.807692307692308,21,1,"N",1,1,1,1,1
1551214,1982943,"2025-2025_Regular_Session","2025-04-17","House State Affairs Committee",23,0,0,3,26,1,"H","Veterans","H1043",2025,"https://legiscan.com/FL/bill/H1043/2025",0.884615384615385,23,1,"N",1,1,1,1,1
1551233,1988884,"2025-2025_Regular_Session","2025-04-17","House State Affairs Committee",20,1,0,5,26,1,"H","Emergencies","H1535",2025,"https://legiscan.com/FL/bill/H1535/2025",0.769230769230769,21,0.952380952380952,"N",0.933333333333333,1,1,0.933333333333333,0.952380952380952
1551238,1985481,"2025-2025_Regular_Session","2025-04-17","Senate Fiscal Policy",17,0,0,2,19,1,"S","Juvenile Justice","S1344",2025,"https://legiscan.com/FL/bill/S1344/2025",0.894736842105263,17,1,"N",1,1,1,1,1
1551241,1987680,"2025-2025_Regular_Session","2025-04-17","House State Affairs Committee",17,4,0,5,26,1,"H","Emergency Powers During a Declared Public Health Emergency","H1399",2025,"https://legiscan.com/FL/bill/H1399/2025",0.653846153846154,21,0.80952380952381,"N",1,0.333333333333333,0.666666666666667,1,0.904761904761905
1551243,1964289,"2025-2025_Regular_Session","2025-04-17","Senate Fiscal Policy",17,0,0,2,19,1,"S","Young Adult Housing Support","S0584",2025,"https://legiscan.com/FL/bill/S0584/2025",0.894736842105263,17,1,"N",1,1,1,1,1
1551261,1945994,"2025-2025_Regular_Session","2025-04-17","Senate Fiscal Policy",16,0,0,3,19,1,"S","Awareness Program for Alzheimer's Disease and Dementia-related Disorders","S0398",2025,"https://legiscan.com/FL/bill/S0398/2025",0.842105263157895,16,1,"N",1,1,1,1,1
1551275,1972871,"2025-2025_Regular_Session","2025-04-17","Senate Fiscal Policy",16,0,0,3,19,1,"S","Veterans' Nursing Homes","S0788",2025,"https://legiscan.com/FL/bill/S0788/2025",0.842105263157895,16,1,"N",1,1,1,1,1
1551285,1979308,"2025-2025_Regular_Session","2025-04-17","House Education & Employment Committee",19,0,0,4,23,1,"H","Young Adults who are Homeless or were in the Child Welfare System","H0879",2025,"https://legiscan.com/FL/bill/H0879/2025",0.826086956521739,19,1,"N",1,1,1,1,1
1551293,1962522,"2025-2025_Regular_Session","2025-04-17","House State Affairs Committee",15,9,0,2,26,1,"H","Geoengineering and Weather Modification Activities","H0477",2025,"https://legiscan.com/FL/bill/H0477/2025",0.576923076923077,24,0.625,"N",0.882352941176471,0,1,0.882352941176471,0.916666666666667
1551294,1979028,"2025-2025_Regular_Session","2025-04-17","Senate Fiscal Policy",14,3,0,2,19,1,"S","Aggravating Factors","S0984",2025,"https://legiscan.com/FL/bill/S0984/2025",0.736842105263158,17,0.823529411764706,"N",1,0.25,0.75,1,0.941176470588235
1551297,1988409,"2025-2025_Regular_Session","2025-04-17","House State Affairs Committee",15,6,0,5,26,1,"H","Special Beverage Licenses for Equestrian Sport Facilities in Marion County","H4067",2025,"https://legiscan.com/FL/bill/H4067/2025",0.576923076923077,21,0.714285714285714,"N",1,0,1,1,1
1551299,1983822,"2025-2025_Regular_Session","2025-04-17","House Education & Employment Committee",19,0,0,4,23,1,"H","Education","H1105",2025,"https://legiscan.com/FL/bill/H1105/2025",0.826086956521739,19,1,"N",1,1,1,1,1
1551308,1979680,"2025-2025_Regular_Session","2025-04-17","Senate Fiscal Policy",16,0,0,3,19,1,"S","Securities","S0988",2025,"https://legiscan.com/FL/bill/S0988/2025",0.842105263157895,16,1,"N",1,1,1,1,1
1551318,1983260,"2025-2025_Regular_Session","2025-04-17","House State Affairs Committee",21,0,0,5,26,1,"H","Fort Pierce Farms Water Control District, St. Lucie County","H4047",2025,"https://legiscan.com/FL/bill/H4047/2025",0.807692307692308,21,1,"N",1,1,1,1,1
1551327,1977941,"2025-2025_Regular_Session","2025-04-17","House Education & Employment Committee",19,0,0,4,23,1,"H","School Readiness Program","H0859",2025,"https://legiscan.com/FL/bill/H0859/2025",0.826086956521739,19,1,"N",1,1,1,1,1
1551330,1975885,"2025-2025_Regular_Session","2025-04-17","Senate Fiscal Policy",17,0,0,2,19,1,"S","Indemnification of Commuter Rail Transportation Providers","S0916",2025,"https://legiscan.com/FL/bill/S0916/2025",0.894736842105263,17,1,"N",1,1,1,1,1
1551334,1963529,"2025-2025_Regular_Session","2025-04-17","House Judiciary Committee",19,0,0,3,22,1,"H","Use of Artificial Intelligence by Governmental Agencies to Detect Concealed Firearms","H0491",2025,"https://legiscan.com/FL/bill/H0491/2025",0.863636363636364,19,1,"N",1,1,1,1,1
1551335,1982367,"2025-2025_Regular_Session","2025-04-17","Senate Fiscal Policy",17,0,0,2,19,1,"S","Criminal Offender Substance Abuse Pilot Program","S1140",2025,"https://legiscan.com/FL/bill/S1140/2025",0.894736842105263,17,1,"N",1,1,1,1,1
1551341,1987763,"2025-2025_Regular_Session","2025-04-17","Senate Fiscal Policy",14,3,0,2,19,1,"S","Financial Services","S1612",2025,"https://legiscan.com/FL/bill/S1612/2025",0.736842105263158,17,0.823529411764706,"N",1,0.25,0.75,1,0.941176470588235
1551343,1968271,"2025-2025_Regular_Session","2025-04-17","House State Affairs Committee",23,0,0,3,26,1,"H","Dangerous Dogs","H0593",2025,"https://legiscan.com/FL/bill/H0593/2025",0.884615384615385,23,1,"N",1,1,1,1,1
1551347,1973439,"2025-2025_Regular_Session","2025-04-17","House State Affairs Committee",22,0,0,4,26,1,"H","Lee County","H4035",2025,"https://legiscan.com/FL/bill/H4035/2025",0.846153846153846,22,1,"N",1,1,1,1,1
1551348,1982284,"2025-2025_Regular_Session","2025-04-17","Senate Fiscal Policy",17,0,0,2,19,1,"S","School Readiness Program","S1102",2025,"https://legiscan.com/FL/bill/S1102/2025",0.894736842105263,17,1,"N",1,1,1,1,1
1551350,1989126,"2025-2025_Regular_Session","2025-04-17","House Education & Employment Committee",21,0,0,2,23,1,"H","Cardiac Emergencies","H1607",2025,"https://legiscan.com/FL/bill/H1607/2025",0.91304347826087,21,1,"N",1,1,1,1,1
1551351,1981587,"2025-2025_Regular_Session","2025-04-17","House Education & Employment Committee",17,0,0,6,23,1,"H","Reporting of Student Mental Health Outcomes","H0969",2025,"https://legiscan.com/FL/bill/H0969/2025",0.739130434782609,17,1,"N",1,1,1,1,1
1551354,1988733,"2025-2025_Regular_Session","2025-04-17","House Education & Employment Committee",14,5,0,4,23,1,"H","Materials Harmful to Minors","H1539",2025,"https://legiscan.com/FL/bill/H1539/2025",0.608695652173913,19,0.736842105263158,"N",1,0,1,1,1
1551358,1981326,"2025-2025_Regular_Session","2025-04-17","House State Affairs Committee",22,0,0,4,26,1,"H","Department of Highway Safety and Motor Vehicles","H0961",2025,"https://legiscan.com/FL/bill/H0961/2025",0.846153846153846,22,1,"N",1,1,1,1,1
1551363,1975159,"2025-2025_Regular_Session","2025-04-17","House State Affairs Committee",22,0,0,4,26,1,"H","Benefits for Firefighters Injured During Training Exercises","H0749",2025,"https://legiscan.com/FL/bill/H0749/2025",0.846153846153846,22,1,"N",1,1,1,1,1
1551371,1977580,"2025-2025_Regular_Session","2025-04-17","House Judiciary Committee",20,0,0,2,22,1,"H","Veterans Affairs","H0845",2025,"https://legiscan.com/FL/bill/H0845/2025",0.909090909090909,20,1,"N",1,1,1,1,1
1551373,1988832,"2025-2025_Regular_Session","2025-04-17","House Judiciary Committee",18,0,0,4,22,1,"H","Sexual Cyberharassment","H1451",2025,"https://legiscan.com/FL/bill/H1451/2025",0.818181818181818,18,1,"N",1,1,1,1,1
1551375,1989073,"2025-2025_Regular_Session","2025-04-17","House State Affairs Committee",20,2,0,4,26,1,"H","Waste Incineration","H1609",2025,"https://legiscan.com/FL/bill/H1609/2025",0.769230769230769,22,0.909090909090909,"N",1,0.666666666666667,0.666666666666667,1,0.909090909090909
1551382,1986439,"2025-2025_Regular_Session","2025-04-17","House State Affairs Committee",22,0,0,4,26,1,"H","Disposition of Migrant Vessels","H1285",2025,"https://legiscan.com/FL/bill/H1285/2025",0.846153846153846,22,1,"N",1,1,1,1,1
1551383,1946071,"2025-2025_Regular_Session","2025-04-17","House State Affairs Committee",15,5,0,6,26,1,"H","Office of Faith and Community","H0293",2025,"https://legiscan.com/FL/bill/H0293/2025",0.576923076923077,20,0.75,"N",1,0.166666666666667,0.833333333333333,1,0.95
1551385,1981744,"2025-2025_Regular_Session","2025-04-17","House State Affairs Committee",22,0,0,4,26,1,"H","Areas of Critical State Concern","H0995",2025,"https://legiscan.com/FL/bill/H0995/2025",0.846153846153846,22,1,"N",1,1,1,1,1
1551386,1974729,"2025-2025_Regular_Session","2025-04-17","House State Affairs Committee",21,0,0,5,26,1,"H","Spectrum Alert","H0711",2025,"https://legiscan.com/FL/bill/H0711/2025",0.807692307692308,21,1,"N",1,1,1,1,1
1551401,1958640,"2025-2025_Regular_Session","2025-04-17","House State Affairs Committee",20,0,0,6,26,1,"H","Administrative Procedures","H0433",2025,"https://legiscan.com/FL/bill/H0433/2025",0.769230769230769,20,1,"N",1,1,1,1,1
1551402,1983147,"2025-2025_Regular_Session","2025-04-17","House Judiciary Committee",18,0,0,4,22,1,"H","Department of Law Enforcement","H1053",2025,"https://legiscan.com/FL/bill/H1053/2025",0.818181818181818,18,1,"N",1,1,1,1,1
1551410,1987696,"2025-2025_Regular_Session","2025-04-17","Senate Fiscal Policy",16,0,0,3,19,1,"S","Mental Health and Substance Use Disorders","S1620",2025,"https://legiscan.com/FL/bill/S1620/2025",0.842105263157895,16,1,"N",1,1,1,1,1
1551417,1985682,"2025-2025_Regular_Session","2025-04-17","House Education & Employment Committee",17,4,0,2,23,1,"H","Education","H1255",2025,"https://legiscan.com/FL/bill/H1255/2025",0.739130434782609,21,0.80952380952381,"N",1,0.333333333333333,0.666666666666667,1,0.904761904761905
1551424,1952247,"2025-2025_Regular_Session","2025-04-17","House State Affairs Committee",22,0,0,4,26,1,"H","Dangerous Excessive Speeding","H0351",2025,"https://legiscan.com/FL/bill/H0351/2025",0.846153846153846,22,1,"N",1,1,1,1,1
1551428,1920331,"2025-2025_Regular_Session","2025-04-17","House Judiciary Committee",20,0,0,2,22,1,"H","Parole","H0181",2025,"https://legiscan.com/FL/bill/H0181/2025",0.909090909090909,20,1,"N",1,1,1,1,1
1551558,1988518,"2025-2025_Regular_Session","2025-04-17","House Judiciary Committee",19,0,0,3,22,1,"H","Pub. Rec./Lethality Assessment Forms","H1479",2025,"https://legiscan.com/FL/bill/H1479/2025",0.863636363636364,19,1,"N",1,1,1,1,1
1551727,1988334,"2025-2025_Regular_Session","2025-04-17","House State Affairs Committee",22,0,0,4,26,1,"H","City of Auburndale, Polk County","H4065",2025,"https://legiscan.com/FL/bill/H4065/2025",0.846153846153846,22,1,"N",1,1,1,1,1
1551729,1987633,"2025-2025_Regular_Session","2025-04-17","House Judiciary Committee",20,0,0,2,22,1,"H","Civil Remedy for Parental Abduction","H1385",2025,"https://legiscan.com/FL/bill/H1385/2025",0.909090909090909,20,1,"N",1,1,1,1,1
1551734,1975213,"2025-2025_Regular_Session","2025-04-17","House State Affairs Committee",23,0,0,3,26,1,"H","Downtown Development Authority of City of Fort Lauderdale, Broward County","H4037",2025,"https://legiscan.com/FL/bill/H4037/2025",0.884615384615385,23,1,"N",1,1,1,1,1
1551738,1987221,"2025-2025_Regular_Session","2025-04-17","House State Affairs Committee",21,0,0,5,26,1,"H","Tohopekaliga Water Authority, Osceola County","H4057",2025,"https://legiscan.com/FL/bill/H4057/2025",0.807692307692308,21,1,"N",1,1,1,1,1
1551740,1977164,"2025-2025_Regular_Session","2025-04-17","House Education & Employment Committee",21,0,0,2,23,1,"H","Statewide Study on Automation and Workforce Impact","H0827",2025,"https://legiscan.com/FL/bill/H0827/2025",0.91304347826087,21,1,"N",1,1,1,1,1
1551753,1983749,"2025-2025_Regular_Session","2025-04-17","House Education & Employment Committee",15,4,0,4,23,1,"H","Education","H1115",2025,"https://legiscan.com/FL/bill/H1115/2025",0.652173913043478,19,0.789473684210526,"N",1,0.333333333333333,0.666666666666667,1,0.894736842105263
1551756,1984993,"2025-2025_Regular_Session","2025-04-17","Senate Fiscal Policy",17,0,0,2,19,1,"S","Transportation Facility Designations","S1408",2025,"https://legiscan.com/FL/bill/S1408/2025",0.894736842105263,17,1,"N",1,1,1,1,1
1551910,1973592,"2025-2025_Regular_Session","2025-04-17","Senate Fiscal Policy",16,0,0,3,19,1,"S","Specialty License Plates","S0824",2025,"https://legiscan.com/FL/bill/S0824/2025",0.842105263157895,16,1,"N",1,1,1,1,1
1551934,1981925,"2025-2025_Regular_Session","2025-04-17","Senate Fiscal Policy",17,0,0,2,19,1,"S","Expedited DNA Testing Grant Program","S1072",2025,"https://legiscan.com/FL/bill/S1072/2025",0.894736842105263,17,1,"N",1,1,1,1,1
1551985,1984274,"2025-2025_Regular_Session","2025-04-17","House State Affairs Committee",23,0,0,3,26,1,"H","Sewer Collection Systems","H1123",2025,"https://legiscan.com/FL/bill/H1123/2025",0.884615384615385,23,1,"N",1,1,1,1,1
1552033,1984094,"2025-2025_Regular_Session","2025-04-17","Senate Appropriations",15,1,0,2,18,1,"S","Public Records/E-mail Addresses/DHSMV","S1292",2025,"https://legiscan.com/FL/bill/S1292/2025",0.833333333333333,16,0.9375,"N",1,0.833333333333333,0.833333333333333,1,0.9375
1552034,2016065,"2025-2025_Regular_Session","2025-04-17","Senate Appropriations",17,0,0,1,18,1,"S","State Financial Accounting","H5201",2025,"https://legiscan.com/FL/bill/H5201/2025",0.944444444444444,17,1,"N",1,1,1,1,1
1552036,1983005,"2025-2025_Regular_Session","2025-04-17","Senate Appropriations",14,0,0,4,18,1,"S","Assessment of Homestead Property","S0174",2025,"https://legiscan.com/FL/bill/S0174/2025",0.777777777777778,14,1,"N",1,1,1,1,1
1552037,1983555,"2025-2025_Regular_Session","2025-04-17","Senate Appropriations",16,0,0,2,18,1,"S","Benefits for Certain Officers Injured in the Line of Duty","S1160",2025,"https://legiscan.com/FL/bill/S1160/2025",0.888888888888889,16,1,"N",1,1,1,1,1
1552039,2019362,"2025-2025_Regular_Session","2025-04-17","Senate Appropriations",17,0,0,1,18,1,"S","Government Administration","H5009",2025,"https://legiscan.com/FL/bill/H5009/2025",0.944444444444444,17,1,"N",1,1,1,1,1
1552042,1975689,"2025-2025_Regular_Session","2025-04-17","Senate Appropriations",15,1,0,2,18,1,"S","Coverage for Fertility Preservation Services","S0924",2025,"https://legiscan.com/FL/bill/S0924/2025",0.833333333333333,16,0.9375,"N",0.9,1,1,0.9,0.9375
1552043,1984091,"2025-2025_Regular_Session","2025-04-17","Senate Appropriations",15,0,0,3,18,1,"S","Department of Highway Safety and Motor Vehicles","S1290",2025,"https://legiscan.com/FL/bill/S1290/2025",0.833333333333333,15,1,"N",1,1,1,1,1
1552045,1886094,"2025-2025_Regular_Session","2025-04-17","Senate Appropriations",16,0,0,2,18,1,"S","Relief of Kristen and Lia McIntosh by the Department of Agriculture and Consumer Services","S0026",2025,"https://legiscan.com/FL/bill/S0026/2025",0.888888888888889,16,1,"N",1,1,1,1,1
1552047,1964238,"2025-2025_Regular_Session","2025-04-17","Senate Appropriations",15,0,0,3,18,1,"S","Manufacturing","S0600",2025,"https://legiscan.com/FL/bill/S0600/2025",0.833333333333333,15,1,"N",1,1,1,1,1
1552049,1983487,"2025-2025_Regular_Session","2025-04-17","Senate Appropriations",15,0,0,3,18,1,"S","Assessment of Homestead Property","S0176",2025,"https://legiscan.com/FL/bill/S0176/2025",0.833333333333333,15,1,"N",1,1,1,1,1
1552051,2019272,"2025-2025_Regular_Session","2025-04-17","Senate Appropriations",17,0,0,1,18,1,"S","State Group Insurance","H5015",2025,"https://legiscan.com/FL/bill/H5015/2025",0.944444444444444,17,1,"N",1,1,1,1,1
1552052,2019303,"2025-2025_Regular_Session","2025-04-17","Senate Appropriations",17,0,0,1,18,1,"S","State-funded Property Reinsurance Programs","H5013",2025,"https://legiscan.com/FL/bill/H5013/2025",0.944444444444444,17,1,"N",1,1,1,1,1
1552053,2016043,"2025-2025_Regular_Session","2025-04-17","Senate Appropriations",17,0,0,1,18,1,"S","Capitol Center","H5203",2025,"https://legiscan.com/FL/bill/H5203/2025",0.944444444444444,17,1,"N",1,1,1,1,1
1552054,1982629,"2025-2025_Regular_Session","2025-04-17","Senate Appropriations",15,0,0,3,18,1,"S","Florida Virtual School","S1122",2025,"https://legiscan.com/FL/bill/S1122/2025",0.833333333333333,15,1,"N",1,1,1,1,1
1552063,1988251,"2025-2025_Regular_Session","2025-04-17","Senate Appropriations",16,0,0,2,18,1,"S","Transportation","S1662",2025,"https://legiscan.com/FL/bill/S1662/2025",0.888888888888889,16,1,"N",1,1,1,1,1
1552096,1885988,"2025-2025_Regular_Session","2025-04-17","Senate Appropriations",16,0,0,2,18,1,"S","Relief of Sidney Holmes by the State of Florida","S0010",2025,"https://legiscan.com/FL/bill/S0010/2025",0.888888888888889,16,1,"N",1,1,1,1,1
1552161,2016018,"2025-2025_Regular_Session","2025-04-17","Senate Appropriations",17,0,0,1,18,1,"S","Documentary Stamp Tax Distributions","H5501",2025,"https://legiscan.com/FL/bill/H5501/2025",0.944444444444444,17,1,"N",1,1,1,1,1
1552738,1984376,"2025-2025_Regular_Session","2025-04-21","Senate Rules",23,0,0,2,25,1,"S","Human Trafficking Awareness","S0444",2025,"https://legiscan.com/FL/bill/S0444/2025",0.92,23,1,"N",1,1,1,1,1
1552740,1987578,"2025-2025_Regular_Session","2025-04-21","Senate Rules",22,1,0,2,25,1,"S","Electronic Prescribing","S1568",2025,"https://legiscan.com/FL/bill/S1568/2025",0.88,23,0.956521739130435,"N",1,0.833333333333333,0.833333333333333,1,0.956521739130435
1553033,1942658,"2025-2025_Regular_Session","2025-04-21","Senate Rules",23,0,0,2,25,1,"S","Special Observances","H0259",2025,"https://legiscan.com/FL/bill/H0259/2025",0.92,23,1,"N",1,1,1,1,1
1553062,1982381,"2025-2025_Regular_Session","2025-04-21","Senate Rules",23,0,0,2,25,1,"S","School Social Workers","S1150",2025,"https://legiscan.com/FL/bill/S1150/2025",0.92,23,1,"N",1,1,1,1,1
1553089,1985713,"2025-2025_Regular_Session","2025-04-21","Senate Rules",23,0,0,2,25,1,"S","Arrest and Detention of Individuals with Significant Medical Conditions","S1450",2025,"https://legiscan.com/FL/bill/S1450/2025",0.92,23,1,"N",1,1,1,1,1
1553091,1987250,"2025-2025_Regular_Session","2025-04-21","Senate Rules",23,0,0,2,25,1,"S","Infrastructure and Resiliency","S1580",2025,"https://legiscan.com/FL/bill/S1580/2025",0.92,23,1,"N",1,1,1,1,1
1553098,1962260,"2025-2025_Regular_Session","2025-04-21","Senate Rules",16,7,0,2,25,1,"S","Anchoring Limitation Areas","H0481",2025,"https://legiscan.com/FL/bill/H0481/2025",0.64,23,0.695652173913043,"N",0.941176470588235,0,1,0.941176470588235,0.956521739130435
1553104,1983510,"2025-2025_Regular_Session","2025-04-21","Senate Rules",23,0,0,2,25,1,"S","Administration of Controlled Substances","S1224",2025,"https://legiscan.com/FL/bill/S1224/2025",0.92,23,1,"N",1,1,1,1,1
1553114,1988365,"2025-2025_Regular_Session","2025-04-21","Senate Rules",23,0,0,2,25,1,"S","Unrated Bonds","S1674",2025,"https://legiscan.com/FL/bill/S1674/2025",0.92,23,1,"N",1,1,1,1,1
1553118,1986443,"2025-2025_Regular_Session","2025-04-21","Senate Rules",22,0,0,3,25,1,"S","Anaphylaxis in Public and Charter Schools","S1514",2025,"https://legiscan.com/FL/bill/S1514/2025",0.88,22,1,"N",1,1,1,1,1
1553204,1983597,"2025-2025_Regular_Session","2025-04-21","Senate Rules",23,0,0,2,25,1,"S","Substance Abuse and Mental Health Care","S1240",2025,"https://legiscan.com/FL/bill/S1240/2025",0.92,23,1,"N",1,1,1,1,1
1553206,1967165,"2025-2025_Regular_Session","2025-04-21","Senate Rules",23,0,0,2,25,1,"S","Bonuses for Employees of County Tax Collectors and Property Appraisers","S0674",2025,"https://legiscan.com/FL/bill/S0674/2025",0.92,23,1,"N",1,1,1,1,1
1553208,1987665,"2025-2025_Regular_Session","2025-04-21","Senate Rules",15,8,0,2,25,1,"S","Patient Access to Records","S1606",2025,"https://legiscan.com/FL/bill/S1606/2025",0.6,23,0.652173913043478,"N",0.823529411764706,0.166666666666667,0.833333333333333,0.823529411764706,0.826086956521739
1553227,1956553,"2025-2025_Regular_Session","2025-04-21","Senate Rules",22,1,0,2,25,1,"S","Mitigation Banks","S0492",2025,"https://legiscan.com/FL/bill/S0492/2025",0.88,23,0.956521739130435,"N",1,0.833333333333333,0.833333333333333,1,0.956521739130435
1553244,1988863,"2025-2025_Regular_Session","2025-04-21","Senate Rules",22,1,0,2,25,1,"S","Public Officers and Employees","S1760",2025,"https://legiscan.com/FL/bill/S1760/2025",0.88,23,0.956521739130435,"N",0.941176470588235,1,1,0.941176470588235,0.956521739130435
1553251,1984155,"2025-2025_Regular_Session","2025-04-21","Senate Rules",13,9,0,3,25,1,"S","Parental Rights","S1288",2025,"https://legiscan.com/FL/bill/S1288/2025",0.52,22,0.590909090909091,"N",0.8125,0,1,0.8125,0.863636363636364
1553265,1983633,"2025-2025_Regular_Session","2025-04-21","Senate Rules",22,0,0,3,25,1,"S","Community Redevelopment Agencies","S1242",2025,"https://legiscan.com/FL/bill/S1242/2025",0.88,22,1,"N",1,1,1,1,1
1553275,1954185,"2025-2025_Regular_Session","2025-04-22","House Health & Human Services Committee",22,0,0,5,27,1,"H","Faith-based Content in Batterer's Intervention Program","H0391",2025,"https://legiscan.com/FL/bill/H0391/2025",0.814814814814815,22,1,"N",1,1,1,1,1
1553297,1983104,"2025-2025_Regular_Session","2025-04-22","House Health & Human Services Committee",22,0,0,5,27,1,"H","Children's Medical Services Program","H1085",2025,"https://legiscan.com/FL/bill/H1085/2025",0.814814814814815,22,1,"N",1,1,1,1,1
1553302,1973638,"2025-2025_Regular_Session","2025-04-21","Senate Rules",17,5,0,3,25,1,"S","Education","S0822",2025,"https://legiscan.com/FL/bill/S0822/2025",0.68,22,0.772727272727273,"N",1,0,1,1,1
1553317,1969426,"2025-2025_Regular_Session","2025-04-21","Senate Rules",23,0,0,2,25,1,"S","Construction Regulations","S0712",2025,"https://legiscan.com/FL/bill/S0712/2025",0.92,23,1,"N",1,1,1,1,1
1553338,1983946,"2025-2025_Regular_Session","2025-04-22","House Health & Human Services Committee",15,6,0,6,27,1,"H","Certified Recovery Residences","H1163",2025,"https://legiscan.com/FL/bill/H1163/2025",0.555555555555556,21,0.714285714285714,"N",1,0,1,1,1
1553352,1983968,"2025-2025_Regular_Session","2025-04-21","Senate Rules",17,6,0,2,25,1,"S","Department of Health","S1270",2025,"https://legiscan.com/FL/bill/S1270/2025",0.68,23,0.739130434782609,"N",0.882352941176471,0.333333333333333,0.666666666666667,0.882352941176471,0.826086956521739
1553384,1989022,"2025-2025_Regular_Session","2025-04-22","House Health & Human Services Committee",22,0,0,5,27,1,"H","Stem Cell Therapy","H1617",2025,"https://legiscan.com/FL/bill/H1617/2025",0.814814814814815,22,1,"N",1,1,1,1,1
1553401,1915309,"2025-2025_Regular_Session","2025-04-22","House Health & Human Services Committee",24,0,0,3,27,1,"H","State Group Insurance Program Coverage for Diagnostic and Supplemental Breast Examinations","H0141",2025,"https://legiscan.com/FL/bill/H0141/2025",0.888888888888889,24,1,"N",1,1,1,1,1
1553429,1987672,"2025-2025_Regular_Session","2025-04-22","House Health & Human Services Committee",23,0,0,4,27,1,"H","Improving Screening for and Treatment of Blood Clots","H1421",2025,"https://legiscan.com/FL/bill/H1421/2025",0.851851851851852,23,1,"N",1,1,1,1,1
1553436,1977448,"2025-2025_Regular_Session","2025-04-21","Senate Rules",23,0,0,2,25,1,"S","Certified Recovery Residences","S0954",2025,"https://legiscan.com/FL/bill/S0954/2025",0.92,23,1,"N",1,1,1,1,1
1553450,1987323,"2025-2025_Regular_Session","2025-04-22","House Health & Human Services Committee",18,4,0,5,27,1,"H","Health Care Practitioner Identification","H1341",2025,"https://legiscan.com/FL/bill/H1341/2025",0.666666666666667,22,0.818181818181818,"N",1,0.333333333333333,0.666666666666667,1,0.909090909090909
1553529,1988775,"2025-2025_Regular_Session","2025-04-21","Senate Rules",23,0,0,2,25,1,"S","Condominium and Cooperative Associations","S1742",2025,"https://legiscan.com/FL/bill/S1742/2025",0.92,23,1,"N",1,1,1,1,1
1553551,1987641,"2025-2025_Regular_Session","2025-04-21","Senate Rules",21,2,0,2,25,1,"S","Beaches","S1622",2025,"https://legiscan.com/FL/bill/S1622/2025",0.84,23,0.91304347826087,"N",0.882352941176471,1,1,0.882352941176471,0.91304347826087
1553585,1984625,"2025-2025_Regular_Session","2025-04-22","House State Affairs Committee",22,4,0,2,28,1,"H","Ad Valorem Tax Exemption","H1215",2025,"https://legiscan.com/FL/bill/H1215/2025",0.785714285714286,26,0.846153846153846,"N",1,0.428571428571429,0.571428571428571,1,0.884615384615385
1553586,1958806,"2025-2025_Regular_Session","2025-04-22","House Commerce Committee",24,0,0,3,27,1,"H","Telecommunications Access System Act of 1991","H0435",2025,"https://legiscan.com/FL/bill/H0435/2025",0.888888888888889,24,1,"N",1,1,1,1,1
1553596,1940859,"2025-2025_Regular_Session","2025-04-22","House Commerce Committee",18,6,0,3,27,1,"H","Housing","H0247",2025,"https://legiscan.com/FL/bill/H0247/2025",0.666666666666667,24,0.75,"N",0.882352941176471,0.428571428571429,0.571428571428571,0.882352941176471,0.791666666666667
1553598,1984889,"2025-2025_Regular_Session","2025-04-22","House Commerce Committee",15,7,0,5,27,1,"H","Employment","H1225",2025,"https://legiscan.com/FL/bill/H1225/2025",0.555555555555556,22,0.681818181818182,"N",0.9375,0,1,0.9375,0.954545454545455
1553604,1983927,"2025-2025_Regular_Session","2025-04-22","House Health & Human Services Committee",22,0,0,5,27,1,"H","Child Welfare","H1127",2025,"https://legiscan.com/FL/bill/H1127/2025",0.814814814814815,22,1,"N",1,1,1,1,1
1553607,1988659,"2025-2025_Regular_Session","2025-04-21","Senate Rules",20,3,0,2,25,1,"S","Higher Education","S1726",2025,"https://legiscan.com/FL/bill/S1726/2025",0.8,23,0.869565217391304,"N",0.941176470588235,0.666666666666667,0.666666666666667,0.941176470588235,0.869565217391304
1553612,1971398,"2025-2025_Regular_Session","2025-04-22","House Commerce Committee",24,0,0,3,27,1,"H","Insurance","H0643",2025,"https://legiscan.com/FL/bill/H0643/2025",0.888888888888889,24,1,"N",1,1,1,1,1
1553624,1988120,"2025-2025_Regular_Session","2025-04-22","House Health & Human Services Committee",17,6,0,4,27,1,"H","Nursing Education Programs","H1427",2025,"https://legiscan.com/FL/bill/H1427/2025",0.62962962962963,23,0.739130434782609,"N",1,0,1,1,1
1553638,1985540,"2025-2025_Regular_Session","2025-04-22","House Commerce Committee",25,0,0,2,27,1,"H","Energy Infrastructure Investment","H1239",2025,"https://legiscan.com/FL/bill/H1239/2025",0.925925925925926,25,1,"N",1,1,1,1,1
1553655,2021234,"2025-2025_Regular_Session","2025-04-22","Senate Appropriations",17,0,0,1,18,1,"S","Medicaid Enrollment for Permanently Disabled Individuals","S7032",2025,"https://legiscan.com/FL/bill/S7032/2025",0.944444444444444,17,1,"N",1,1,1,1,1
1553672,1983996,"2025-2025_Regular_Session","2025-04-22","House State Affairs Committee",19,7,0,2,28,1,"H","Water Management Districts","H1169",2025,"https://legiscan.com/FL/bill/H1169/2025",0.678571428571429,26,0.730769230769231,"N",1,0,1,1,1
1553679,1985026,"2025-2025_Regular_Session","2025-04-22","House State Affairs Committee",14,12,0,2,28,0,"H","Local Option Taxes","H1221",2025,"https://legiscan.com/FL/bill/H1221/2025",0.5,26,0.538461538461538,"N",0.736842105263158,0,1,0.736842105263158,0.807692307692308
1553686,1967427,"2025-2025_Regular_Session","2025-04-22","House Commerce Committee",15,8,0,4,27,1,"H","Land Use and Development","H0579",2025,"https://legiscan.com/FL/bill/H0579/2025",0.555555555555556,23,0.652173913043478,"N",0.882352941176471,0,1,0.882352941176471,0.91304347826087
1553698,1988278,"2025-2025_Regular_Session","2025-04-22","House Health & Human Services Committee",22,0,0,5,27,1,"H","Mental Health and Substance Use Disorders","H1439",2025,"https://legiscan.com/FL/bill/H1439/2025",0.814814814814815,22,1,"N",1,1,1,1,1
1553702,1898363,"2025-2025_Regular_Session","2025-04-22","Senate Appropriations",18,0,0,0,18,1,"S","Legal Tender","S0132",2025,"https://legiscan.com/FL/bill/S0132/2025",1,18,1,"N",1,1,1,1,1
1553706,2024348,"2025-2025_Regular_Session","2025-04-22","House Budget Committee",20,8,0,2,30,1,"H","Taxation","H7033",2025,"https://legiscan.com/FL/bill/H7033/2025",0.666666666666667,28,0.714285714285714,"N",1,0,1,1,1
1553736,1966982,"2025-2025_Regular_Session","2025-04-22","House Commerce Committee",23,0,0,4,27,1,"H","Manufacturing","H0561",2025,"https://legiscan.com/FL/bill/H0561/2025",0.851851851851852,23,1,"N",1,1,1,1,1
1553743,1965376,"2025-2025_Regular_Session","2025-04-22","House Health & Human Services Committee",22,0,0,5,27,1,"H","Public Education of Background Screening Requirements","H0531",2025,"https://legiscan.com/FL/bill/H0531/2025",0.814814814814815,22,1,"N",1,1,1,1,1
1553747,1977811,"2025-2025_Regular_Session","2025-04-22","House Budget Committee",28,0,0,2,30,1,"H","Relief/L.E./Department of Children and Families","H6535",2025,"https://legiscan.com/FL/bill/H6535/2025",0.933333333333333,28,1,"N",1,1,1,1,1
1553777,1987239,"2025-2025_Regular_Session","2025-04-22","House Commerce Committee",19,6,0,2,27,1,"H","Labor Pool Act","H6033",2025,"https://legiscan.com/FL/bill/H6033/2025",0.703703703703704,25,0.76,"N",1,0,1,1,1
1553781,1986700,"2025-2025_Regular_Session","2025-04-22","Senate Fiscal Policy",17,0,0,2,19,1,"S","Children's Medical Services Program","S1490",2025,"https://legiscan.com/FL/bill/S1490/2025",0.894736842105263,17,1,"N",1,1,1,1,1
1553810,1901209,"2025-2025_Regular_Session","2025-04-22","House Budget Committee",28,0,0,2,30,1,"H","Relief/Sidney Holmes/State of Florida","H6501",2025,"https://legiscan.com/FL/bill/H6501/2025",0.933333333333333,28,1,"N",1,1,1,1,1
1553815,1988351,"2025-2025_Regular_Session","2025-04-22","Senate Appropriations",11,6,0,1,18,1,"S","Local Option Taxes","S1664",2025,"https://legiscan.com/FL/bill/S1664/2025",0.611111111111111,17,0.647058823529412,"N",1,0,1,1,1
1553816,1974652,"2025-2025_Regular_Session","2025-04-22","House Commerce Committee",24,0,0,3,27,1,"H","Social Media Use by Minors","H0743",2025,"https://legiscan.com/FL/bill/H0743/2025",0.888888888888889,24,1,"N",1,1,1,1,1
1553817,2020763,"2025-2025_Regular_Session","2025-04-22","House Commerce Committee",24,0,0,3,27,1,"H","Hemp Consumable THC Products","H7027",2025,"https://legiscan.com/FL/bill/H7027/2025",0.888888888888889,24,1,"N",1,1,1,1,1
1553819,1984901,"2025-2025_Regular_Session","2025-04-22","Senate Appropriations",17,0,0,1,18,1,"S","Department of Highway Safety and Motor Vehicles","S1348",2025,"https://legiscan.com/FL/bill/S1348/2025",0.944444444444444,17,1,"N",1,1,1,1,1
1553844,1987803,"2025-2025_Regular_Session","2025-04-22","Senate Fiscal Policy",14,4,0,1,19,1,"S","Corrections","S1604",2025,"https://legiscan.com/FL/bill/S1604/2025",0.736842105263158,18,0.777777777777778,"N",1,0.2,0.8,1,0.944444444444444
1553849,1994534,"2025-2025_Regular_Session","2025-04-22","House State Affairs Committee",19,6,0,3,28,1,"H","Town of White Springs, Hamilton County","H4079",2025,"https://legiscan.com/FL/bill/H4079/2025",0.678571428571429,25,0.76,"N",1,0.142857142857143,0.857142857142857,1,0.96
1553870,1988825,"2025-2025_Regular_Session","2025-04-22","Senate Fiscal Policy",19,0,0,0,19,1,"S","Dangerous Excessive Speeding","S1782",2025,"https://legiscan.com/FL/bill/S1782/2025",1,19,1,"N",1,1,1,1,1
1553886,1967060,"2025-2025_Regular_Session","2025-04-22","House Commerce Committee",23,0,0,4,27,1,"H","Transportation","H0567",2025,"https://legiscan.com/FL/bill/H0567/2025",0.851851851851852,23,1,"N",1,1,1,1,1
1553915,1975312,"2025-2025_Regular_Session","2025-04-22","Senate Fiscal Policy",18,0,0,1,19,1,"S","Florida State University Election Law Center","S0892",2025,"https://legiscan.com/FL/bill/S0892/2025",0.947368421052632,18,1,"N",1,1,1,1,1
1553926,1988947,"2025-2025_Regular_Session","2025-04-22","House Education & Employment Committee",16,5,0,2,23,1,"H","Parental Rights","H1505",2025,"https://legiscan.com/FL/bill/H1505/2025",0.695652173913043,21,0.761904761904762,"N",1,0,1,1,1
1553965,1984167,"2025-2025_Regular_Session","2025-04-22","Senate Appropriations",17,0,0,1,18,1,"S","Fish and Wildlife Conservation Commission","H1133",2025,"https://legiscan.com/FL/bill/H1133/2025",0.944444444444444,17,1,"N",1,1,1,1,1
1553979,1973861,"2025-2025_Regular_Session","2025-04-22","Senate Appropriations",17,0,0,1,18,1,"S","Utility Relocation","S0818",2025,"https://legiscan.com/FL/bill/S0818/2025",0.944444444444444,17,1,"N",1,1,1,1,1
1554002,1985717,"2025-2025_Regular_Session","2025-04-22","Senate Fiscal Policy",19,0,0,0,19,1,"S","Apprenticeship and Preapprenticeship Program Funding","S1458",2025,"https://legiscan.com/FL/bill/S1458/2025",1,19,1,"N",1,1,1,1,1
1554005,1965086,"2025-2025_Regular_Session","2025-04-22","House Commerce Committee",22,2,0,3,27,1,"H","Public Lodging and Public Food Service Establishments","H0535",2025,"https://legiscan.com/FL/bill/H0535/2025",0.814814814814815,24,0.916666666666667,"N",1,0.666666666666667,0.666666666666667,1,0.916666666666667
1554013,1981574,"2025-2025_Regular_Session","2025-04-22","Senate Appropriations",18,0,0,0,18,1,"S","Medicaid Oversight","S1060",2025,"https://legiscan.com/FL/bill/S1060/2025",1,18,1,"N",1,1,1,1,1
1554015,1981399,"2025-2025_Regular_Session","2025-04-22","House Commerce Committee",20,3,0,4,27,1,"H","Real Property and Land Use and Development","H0943",2025,"https://legiscan.com/FL/bill/H0943/2025",0.740740740740741,23,0.869565217391304,"N",1,0.5,NA,1,1
1554032,1981938,"2025-2025_Regular_Session","2025-04-22","House Commerce Committee",13,8,0,6,27,0,"H","Community and Economic Development","H0991",2025,"https://legiscan.com/FL/bill/H0991/2025",0.481481481481481,21,0.619047619047619,"N",0.8125,0,1,0.8125,0.857142857142857
1554061,1985703,"2025-2025_Regular_Session","2025-04-22","House Commerce Committee",19,6,0,2,27,1,"H","Property Tax Benefits for Residential Properties","H1259",2025,"https://legiscan.com/FL/bill/H1259/2025",0.703703703703704,25,0.76,"N",1,0,1,1,1
1554063,1987146,"2025-2025_Regular_Session","2025-04-22","Senate Fiscal Policy",19,0,0,0,19,1,"S","Energy Infrastructure Investment","S1574",2025,"https://legiscan.com/FL/bill/S1574/2025",1,19,1,"N",1,1,1,1,1
1554065,1981625,"2025-2025_Regular_Session","2025-04-22","Senate Appropriations",17,1,0,0,18,1,"S","Services for Individuals with Developmental Disabilities","S1050",2025,"https://legiscan.com/FL/bill/S1050/2025",0.944444444444444,18,0.944444444444444,"N",1,0.833333333333333,0.833333333333333,1,0.944444444444444
1554078,1985751,"2025-2025_Regular_Session","2025-04-22","House Commerce Committee",18,6,0,3,27,1,"H","Property Tax Benefits for Residential Properties","H1257",2025,"https://legiscan.com/FL/bill/H1257/2025",0.666666666666667,24,0.75,"N",1,0,1,1,1
1554109,1964918,"2025-2025_Regular_Session","2025-04-22","Senate Fiscal Policy",14,4,0,1,19,1,"S","Unlawful Distribution of Controlled Substances Resulting in Death","S0612",2025,"https://legiscan.com/FL/bill/S0612/2025",0.736842105263158,18,0.777777777777778,"N",1,0.2,0.8,1,0.944444444444444
1554194,1885907,"2025-2025_Regular_Session","2025-04-22","Senate Appropriations",17,0,0,1,18,1,"S","Relief of L.P., a Minor, by the Department of Children and Families","S0012",2025,"https://legiscan.com/FL/bill/S0012/2025",0.944444444444444,17,1,"N",1,1,1,1,1
1554297,1989143,"2025-2025_Regular_Session","2025-04-22","Senate Fiscal Policy",19,0,0,0,19,1,"S","Tampering With, Harassing, or Retaliating Against Court Officials","S1838",2025,"https://legiscan.com/FL/bill/S1838/2025",1,19,1,"N",1,1,1,1,1
1554393,2019290,"2025-2025_Regular_Session","2025-04-22","House Commerce Committee",25,0,0,2,27,1,"H","Taxation of Hemp Consumable THC Products","H7029",2025,"https://legiscan.com/FL/bill/H7029/2025",0.925925925925926,25,1,"N",1,1,1,1,1
1554410,1926906,"2025-2025_Regular_Session","2025-04-22","House Budget Committee",28,0,0,2,30,1,"H","Relief/Kristen and Lia Mcintosh/Department of Agriculture and Consumer Services","H6513",2025,"https://legiscan.com/FL/bill/H6513/2025",0.933333333333333,28,1,"N",1,1,1,1,1
1554649,1982681,"2025-2025_Regular_Session","2025-04-22","Senate Fiscal Policy",19,0,0,0,19,1,"S","Age as an Element of a Criminal Offense","S1136",2025,"https://legiscan.com/FL/bill/S1136/2025",1,19,1,"N",1,1,1,1,1
1554674,1982957,"2025-2025_Regular_Session","2025-04-22","Senate Fiscal Policy",18,0,0,1,19,1,"S","Sexual Images","S1180",2025,"https://legiscan.com/FL/bill/S1180/2025",0.947368421052632,18,1,"N",1,1,1,1,1
1554728,1964855,"2025-2025_Regular_Session","2025-04-22","Senate Fiscal Policy",18,0,0,1,19,1,"S","Jai Alai Permitholders","S0622",2025,"https://legiscan.com/FL/bill/S0622/2025",0.947368421052632,18,1,"N",1,1,1,1,1
1554730,1967313,"2025-2025_Regular_Session","2025-04-22","House Commerce Committee",23,0,0,4,27,1,"H","Fees/Florida Manufacturing Promotional Campaign","H0563",2025,"https://legiscan.com/FL/bill/H0563/2025",0.851851851851852,23,1,"N",1,1,1,1,1
1554747,1983647,"2025-2025_Regular_Session","2025-04-22","Senate Fiscal Policy",19,0,0,0,19,1,"S","Feasibility Study Relating to a Statewide Pawn Data Database","S1252",2025,"https://legiscan.com/FL/bill/S1252/2025",1,19,1,"N",1,1,1,1,1
1554782,1981161,"2025-2025_Regular_Session","2025-04-22","Senate Fiscal Policy",18,0,0,1,19,1,"S","Tampering with an Electronic Monitoring Device","S1054",2025,"https://legiscan.com/FL/bill/S1054/2025",0.947368421052632,18,1,"N",1,1,1,1,1
1554843,1973474,"2025-2025_Regular_Session","2025-04-22","Senate Appropriations",14,4,0,0,18,1,"S","Office of Faith and Community","S0820",2025,"https://legiscan.com/FL/bill/S0820/2025",0.777777777777778,18,0.777777777777778,"N",1,0.333333333333333,0.666666666666667,1,0.888888888888889
1554957,1989057,"2025-2025_Regular_Session","2025-04-23","House: Third Reading RCS#146",108,3,8,0,119,1,"H","Local Government Salaries and Benefits","H1581",2025,"https://legiscan.com/FL/bill/H1581/2025",0.907563025210084,111,0.972972972972973,"Y",0.98780487804878,0.931034482758621,0.931034482758621,0.98780487804878,0.972972972972973
1554962,1981949,"2025-2025_Regular_Session","2025-04-23","House: Third Reading RCS#147",112,0,7,0,119,1,"H","Transportation Facility Designations","H0987",2025,"https://legiscan.com/FL/bill/H0987/2025",0.941176470588235,112,1,"Y",1,1,1,1,1
1554965,1956827,"2025-2025_Regular_Session","2025-04-23","Senate: Third Reading RCS#7",37,1,0,0,38,1,"S","Family Empowerment Scholarship Program","S0508",2025,"https://legiscan.com/FL/bill/S0508/2025",0.973684210526316,38,0.973684210526316,"Y",0.962962962962963,1,1,0.962962962962963,0.973684210526316
1554968,1956291,"2025-2025_Regular_Session","2025-04-23","Senate: Third Reading RCS#8",28,10,0,0,38,1,"S","Trust Fund Interest for Purposes Approved by the Supreme Court","S0498",2025,"https://legiscan.com/FL/bill/S0498/2025",0.736842105263158,38,0.736842105263158,"Y",0.962962962962963,0.181818181818182,0.818181818181818,0.962962962962963,0.921052631578947
1554970,1956520,"2025-2025_Regular_Session","2025-04-22","Senate Fiscal Policy",19,0,0,0,19,1,"S","Concealed Carry Licensing Requirements for Law Enforcement Officers, Correctional Officers, Correctional Probation Officers, and Military Servicemembers","S0490",2025,"https://legiscan.com/FL/bill/S0490/2025",1,19,1,"N",1,1,1,1,1
1554973,1927189,"2025-2025_Regular_Session","2025-04-23","Senate: Third Reading RCS#11",35,3,0,0,38,1,"S","Public Records/Judicial Qualifications Commission","S0302",2025,"https://legiscan.com/FL/bill/S0302/2025",0.921052631578947,38,0.921052631578947,"Y",0.962962962962963,0.818181818181818,0.818181818181818,0.962962962962963,0.921052631578947
1554975,1954083,"2025-2025_Regular_Session","2025-04-23","House: Third Reading RCS#151",114,0,5,0,119,1,"H","My Safe Florida Condominium Pilot Program","H0393",2025,"https://legiscan.com/FL/bill/H0393/2025",0.957983193277311,114,1,"Y",1,1,1,1,1
1554976,1914959,"2025-2025_Regular_Session","2025-04-22","Senate Fiscal Policy",18,0,0,1,19,1,"S","Comprehensive Waste Reduction and Recycling Plan","S0200",2025,"https://legiscan.com/FL/bill/S0200/2025",0.947368421052632,18,1,"N",1,1,1,1,1
1554982,1985601,"2025-2025_Regular_Session","2025-04-23","House: Third Reading RCS#157",86,27,6,0,119,1,"H","Education","H1267",2025,"https://legiscan.com/FL/bill/H1267/2025",0.722689075630252,113,0.761061946902655,"Y",1,0.129032258064516,0.870967741935484,1,0.964601769911504
1554991,1969327,"2025-2025_Regular_Session","2025-04-22","Senate Fiscal Policy",17,1,0,1,19,1,"S","Sexual Offenses by Persons Previously Convicted of Sexual Offenses","S0716",2025,"https://legiscan.com/FL/bill/S0716/2025",0.894736842105263,18,0.944444444444444,"N",1,0.8,0.8,1,0.944444444444444
1554996,1988761,"2025-2025_Regular_Session","2025-04-23","Senate: Third Reading RCS#15",35,1,2,0,38,1,"S","Trespass","H1447",2025,"https://legiscan.com/FL/bill/H1447/2025",0.921052631578947,36,0.972222222222222,"Y",1,0.888888888888889,0.888888888888889,1,0.972222222222222
1554998,1970026,"2025-2025_Regular_Session","2025-04-23","Senate: Third Reading RCS#2",37,0,1,0,38,1,"S","Child Care and Early Learning Providers","S0738",2025,"https://legiscan.com/FL/bill/S0738/2025",0.973684210526316,37,1,"Y",1,1,1,1,1
1555003,1989073,"2025-2025_Regular_Session","2025-04-23","House: Third Reading RCS#149",99,13,7,0,119,1,"H","Waste Incineration","H1609",2025,"https://legiscan.com/FL/bill/H1609/2025",0.831932773109244,112,0.883928571428571,"Y",1,0.551724137931034,0.551724137931034,1,0.883928571428571
1555022,1989207,"2025-2025_Regular_Session","2025-04-23","Senate: Third Reading RCS#16",37,0,1,0,38,1,"S","Refund of Overpayments Made by Patients","S1808",2025,"https://legiscan.com/FL/bill/S1808/2025",0.973684210526316,37,1,"Y",1,1,1,1,1
1555029,1942124,"2025-2025_Regular_Session","2025-04-23","Senate: Third Reading RCS#14",36,0,2,0,38,1,"S","Offenses Involving Motor Vehicles","H0253",2025,"https://legiscan.com/FL/bill/H0253/2025",0.947368421052632,36,1,"Y",1,1,1,1,1
1555033,1979158,"2025-2025_Regular_Session","2025-04-22","Senate Fiscal Policy",18,0,0,1,19,1,"S","Court-appointed Psychologists","S0976",2025,"https://legiscan.com/FL/bill/S0976/2025",0.947368421052632,18,1,"N",1,1,1,1,1
1555038,1985165,"2025-2025_Regular_Session","2025-04-22","Senate Fiscal Policy",18,0,0,1,19,1,"S","Access to School Readiness Programs for Economically Disadvantaged Households","S1382",2025,"https://legiscan.com/FL/bill/S1382/2025",0.947368421052632,18,1,"N",1,1,1,1,1
1555039,1956483,"2025-2025_Regular_Session","2025-04-22","Senate Fiscal Policy",18,0,0,1,19,1,"S","Timeshare Management Firms","S0496",2025,"https://legiscan.com/FL/bill/S0496/2025",0.947368421052632,18,1,"N",1,1,1,1,1
1555040,1983804,"2025-2025_Regular_Session","2025-04-23","House: Third Reading RCS#148",114,0,5,0,119,1,"H","Unmanned Aircraft and Unmanned Aircraft Systems","H1121",2025,"https://legiscan.com/FL/bill/H1121/2025",0.957983193277311,114,1,"Y",1,1,1,1,1
1555044,1964335,"2025-2025_Regular_Session","2025-04-22","Senate Fiscal Policy",18,0,0,1,19,1,"S","My Safe Florida Condominium Pilot Program","S0592",2025,"https://legiscan.com/FL/bill/S0592/2025",0.947368421052632,18,1,"N",1,1,1,1,1
1555048,1943836,"2025-2025_Regular_Session","2025-04-23","Senate: Third Reading RCS#3",38,0,0,0,38,1,"S","False Reporting","H0279",2025,"https://legiscan.com/FL/bill/H0279/2025",1,38,1,"Y",1,1,1,1,1
1555049,1928691,"2025-2025_Regular_Session","2025-04-22","Senate Appropriations",18,0,0,0,18,1,"S","Ad Valorem Tax Exemption","S0318",2025,"https://legiscan.com/FL/bill/S0318/2025",1,18,1,"N",1,1,1,1,1
1555057,1894640,"2025-2025_Regular_Session","2025-04-22","Senate Fiscal Policy",18,0,0,1,19,1,"S","State Land Management","S0080",2025,"https://legiscan.com/FL/bill/S0080/2025",0.947368421052632,18,1,"N",1,1,1,1,1
1555058,1979881,"2025-2025_Regular_Session","2025-04-23","House: Third Reading RCS#153",115,0,4,0,119,1,"H","Timeshare Plan Management","H0897",2025,"https://legiscan.com/FL/bill/H0897/2025",0.966386554621849,115,1,"Y",1,1,1,1,1
1555059,1985349,"2025-2025_Regular_Session","2025-04-22","Senate Fiscal Policy",15,3,0,1,19,1,"S","Controlled Substances","S1360",2025,"https://legiscan.com/FL/bill/S1360/2025",0.789473684210526,18,0.833333333333333,"N",1,0.4,0.6,1,0.888888888888889
1555069,1967198,"2025-2025_Regular_Session","2025-04-23","House: Third Reading RCS#156",115,0,4,0,119,1,"H","Registration of Agents and Organizations Associated with Foreign Countries of Concern","H0583",2025,"https://legiscan.com/FL/bill/H0583/2025",0.966386554621849,115,1,"Y",1,1,1,1,1
1555074,1988264,"2025-2025_Regular_Session","2025-04-23","Senate: Third Reading RCS#25",37,0,1,0,38,1,"S","Public Records/Lethality Assessment Forms","S1640",2025,"https://legiscan.com/FL/bill/S1640/2025",0.973684210526316,37,1,"Y",1,1,1,1,1
1555076,1984179,"2025-2025_Regular_Session","2025-04-23","House: Third Reading RCS#154",109,5,5,0,119,1,"H","Utility Service Restrictions","H1137",2025,"https://legiscan.com/FL/bill/H1137/2025",0.915966386554622,114,0.956140350877193,"Y",1,0.838709677419355,0.838709677419355,1,0.956140350877193
1555089,1978070,"2025-2025_Regular_Session","2025-04-23","Senate: Third Reading RCS#31",32,5,1,0,38,1,"S","Restrictions on Firearms and Ammunition During Emergencies","H6025",2025,"https://legiscan.com/FL/bill/H6025/2025",0.842105263157895,37,0.864864864864865,"Y",1,0.5,NA,1,1
1555091,1953324,"2025-2025_Regular_Session","2025-04-22","Senate Fiscal Policy",19,0,0,0,19,1,"S","Fleeing or Attempting to Elude a Law Enforcement Officer","S0468",2025,"https://legiscan.com/FL/bill/S0468/2025",1,19,1,"N",1,1,1,1,1
1555105,1963800,"2025-2025_Regular_Session","2025-04-23","Senate: Third Reading RCS#20",38,0,0,0,38,1,"S","Uniform Commercial Code","H0515",2025,"https://legiscan.com/FL/bill/H0515/2025",1,38,1,"Y",1,1,1,1,1
1555106,1965244,"2025-2025_Regular_Session","2025-04-23","Senate: Third Reading RCS#4",38,0,0,0,38,1,"S","Medical Debt","H0547",2025,"https://legiscan.com/FL/bill/H0547/2025",1,38,1,"Y",1,1,1,1,1
1555111,1901158,"2025-2025_Regular_Session","2025-04-23","Senate: Third Reading RCS#5",38,0,0,0,38,1,"S","Hazardous Walking Conditions","H0085",2025,"https://legiscan.com/FL/bill/H0085/2025",1,38,1,"Y",1,1,1,1,1
1555116,1914829,"2025-2025_Regular_Session","2025-04-23","Senate: Third Reading RCS#32",38,0,0,0,38,1,"S","Chemicals in Consumer Products","S0196",2025,"https://legiscan.com/FL/bill/S0196/2025",1,38,1,"Y",1,1,1,1,1
1555120,1983419,"2025-2025_Regular_Session","2025-04-22","Senate Fiscal Policy",19,0,0,0,19,1,"S","Firefighter Health and Safety","S1212",2025,"https://legiscan.com/FL/bill/S1212/2025",1,19,1,"N",1,1,1,1,1
1555122,1988251,"2025-2025_Regular_Session","2025-04-23","Senate: Third Reading RCS#22",37,0,1,0,38,1,"S","Transportation","S1662",2025,"https://legiscan.com/FL/bill/S1662/2025",0.973684210526316,37,1,"Y",1,1,1,1,1
1555143,1941927,"2025-2025_Regular_Session","2025-04-23","Senate: Third Reading RCS#10",34,4,0,0,38,1,"S","Public Records/Agency for Health Care Administration","S0342",2025,"https://legiscan.com/FL/bill/S0342/2025",0.894736842105263,38,0.894736842105263,"Y",0.962962962962963,0.727272727272727,0.727272727272727,0.962962962962963,0.894736842105263
1555144,1894920,"2025-2025_Regular_Session","2025-04-23","Senate: Third Reading RCS#13",36,2,0,0,38,1,"S","Municipal Water and Sewer Utility Rates","H0011",2025,"https://legiscan.com/FL/bill/H0011/2025",0.947368421052632,38,0.947368421052632,"Y",0.962962962962963,0.909090909090909,0.909090909090909,0.962962962962963,0.947368421052632
1555154,1980682,"2025-2025_Regular_Session","2025-04-23","House: Third Reading RCS#150",113,2,4,0,119,1,"H","Condominium and Cooperative Associations","H0913",2025,"https://legiscan.com/FL/bill/H0913/2025",0.949579831932773,115,0.982608695652174,"Y",0.975903614457831,1,1,0.975903614457831,0.982608695652174
1555158,1970240,"2025-2025_Regular_Session","2025-04-22","Senate Fiscal Policy",18,0,0,1,19,1,"S","Workforce Education","S0742",2025,"https://legiscan.com/FL/bill/S0742/2025",0.947368421052632,18,1,"N",1,1,1,1,1
1555165,1927008,"2025-2025_Regular_Session","2025-04-23","Senate: Third Reading RCS#12",35,3,0,0,38,1,"S","Public Records/Appellate Court Clerks and their Spouses and Children","S0300",2025,"https://legiscan.com/FL/bill/S0300/2025",0.921052631578947,38,0.921052631578947,"Y",0.962962962962963,0.818181818181818,0.818181818181818,0.962962962962963,0.921052631578947
1555166,1989095,"2025-2025_Regular_Session","2025-04-23","Senate: Third Reading RCS#24",37,0,1,0,38,1,"S","Vexatious Litigants","H1559",2025,"https://legiscan.com/FL/bill/H1559/2025",0.973684210526316,37,1,"Y",1,1,1,1,1
1555169,1981753,"2025-2025_Regular_Session","2025-04-22","Senate Fiscal Policy",18,0,0,1,19,1,"S","Sexual Cyberharassment","S1084",2025,"https://legiscan.com/FL/bill/S1084/2025",0.947368421052632,18,1,"N",1,1,1,1,1
1555170,1986936,"2025-2025_Regular_Session","2025-04-22","Senate Fiscal Policy",18,0,0,1,19,1,"S","Health Care Patient Protection","S1602",2025,"https://legiscan.com/FL/bill/S1602/2025",0.947368421052632,18,1,"N",1,1,1,1,1
1555174,1964783,"2025-2025_Regular_Session","2025-04-22","Senate Fiscal Policy",19,0,0,0,19,1,"S","Public Education of Background Screening Requirements","S0614",2025,"https://legiscan.com/FL/bill/S0614/2025",1,19,1,"N",1,1,1,1,1
1555178,1988998,"2025-2025_Regular_Session","2025-04-23","Senate: Third Reading RCS#19",37,0,1,0,38,1,"S","Prearranged Transportation Services","H1525",2025,"https://legiscan.com/FL/bill/H1525/2025",0.973684210526316,37,1,"Y",1,1,1,1,1
1555179,1975419,"2025-2025_Regular_Session","2025-04-22","Senate Fiscal Policy",19,0,0,0,19,1,"S","Improving Screening for and Treatment of Blood Clots","S0890",2025,"https://legiscan.com/FL/bill/S0890/2025",1,19,1,"N",1,1,1,1,1
1555180,1989126,"2025-2025_Regular_Session","2025-04-23","House: Third Reading RCS#164",115,0,4,0,119,1,"H","Cardiac Emergencies","H1607",2025,"https://legiscan.com/FL/bill/H1607/2025",0.966386554621849,115,1,"Y",1,1,1,1,1
1555184,1963822,"2025-2025_Regular_Session","2025-04-22","Senate Fiscal Policy",19,0,0,0,19,1,"S","Dangerous Dogs","S0572",2025,"https://legiscan.com/FL/bill/S0572/2025",1,19,1,"N",1,1,1,1,1
1555186,1981805,"2025-2025_Regular_Session","2025-04-23","House: Third Reading RCS#167",112,1,6,0,119,1,"H","Legal Tender","H0999",2025,"https://legiscan.com/FL/bill/H0999/2025",0.941176470588235,113,0.991150442477876,"Y",1,0.967741935483871,0.967741935483871,1,0.991150442477876
1555194,1971349,"2025-2025_Regular_Session","2025-04-23","Senate: Third Reading RCS#30",38,0,0,0,38,1,"S","Advanced Practice Registered Nurse Services","H0647",2025,"https://legiscan.com/FL/bill/H0647/2025",1,38,1,"Y",1,1,1,1,1
1555197,1956161,"2025-2025_Regular_Session","2025-04-22","Senate Fiscal Policy",18,0,0,1,19,1,"S","Aggravated Animal Cruelty","S0494",2025,"https://legiscan.com/FL/bill/S0494/2025",0.947368421052632,18,1,"N",1,1,1,1,1
1555198,1964289,"2025-2025_Regular_Session","2025-04-23","Senate: Third Reading RCS#6",38,0,0,0,38,1,"S","Young Adult Housing Support","S0584",2025,"https://legiscan.com/FL/bill/S0584/2025",1,38,1,"Y",1,1,1,1,1
1555200,1974755,"2025-2025_Regular_Session","2025-04-23","House: Third Reading RCS#168",112,1,6,0,119,1,"H","Roofing Services","H0715",2025,"https://legiscan.com/FL/bill/H0715/2025",0.941176470588235,113,0.991150442477876,"Y",1,0.967741935483871,0.967741935483871,1,0.991150442477876
1555213,1979058,"2025-2025_Regular_Session","2025-04-22","Senate Fiscal Policy",18,0,0,1,19,1,"S","Parole","S0964",2025,"https://legiscan.com/FL/bill/S0964/2025",0.947368421052632,18,1,"N",1,1,1,1,1
1555215,1957189,"2025-2025_Regular_Session","2025-04-22","Senate Fiscal Policy",18,0,0,1,19,1,"S","Spectrum Alert","S0500",2025,"https://legiscan.com/FL/bill/S0500/2025",0.947368421052632,18,1,"N",1,1,1,1,1
1555216,1979078,"2025-2025_Regular_Session","2025-04-23","House: Third Reading RCS#160",84,27,8,0,119,1,"H","Educator Preparation","H0875",2025,"https://legiscan.com/FL/bill/H0875/2025",0.705882352941177,111,0.756756756756757,"Y",1,0.1,0.9,1,0.972972972972973
1555230,1981821,"2025-2025_Regular_Session","2025-04-23","Senate: Third Reading RCS#33",18,19,1,0,38,0,"S","Local Government Land Regulation","S1080",2025,"https://legiscan.com/FL/bill/S1080/2025",0.473684210526316,37,0.486486486486487,"Y",0.666666666666667,0,1,0.666666666666667,0.756756756756757
1555239,1981744,"2025-2025_Regular_Session","2025-04-23","House: Third Reading RCS#152",115,0,4,0,119,1,"H","Areas of Critical State Concern","H0995",2025,"https://legiscan.com/FL/bill/H0995/2025",0.966386554621849,115,1,"Y",1,1,1,1,1
1555241,1894885,"2025-2025_Regular_Session","2025-04-23","House: Third Reading RCS#174",78,32,9,0,119,1,"H","Dental Therapy","H0021",2025,"https://legiscan.com/FL/bill/H0021/2025",0.65546218487395,110,0.709090909090909,"Y",0.9375,0.1,0.9,0.9375,0.927272727272727
1555243,1981326,"2025-2025_Regular_Session","2025-04-23","House: Third Reading RCS#183",115,0,4,0,119,1,"H","Department of Highway Safety and Motor Vehicles","H0961",2025,"https://legiscan.com/FL/bill/H0961/2025",0.966386554621849,115,1,"Y",1,1,1,1,1
1555245,1922514,"2025-2025_Regular_Session","2025-04-23","House: Third Reading RCS#182",115,0,4,0,119,1,"H","Transportation Concurrency","H0203",2025,"https://legiscan.com/FL/bill/H0203/2025",0.966386554621849,115,1,"Y",1,1,1,1,1
1555246,1984282,"2025-2025_Regular_Session","2025-04-23","Senate: Third Reading RCS#28",38,0,0,0,38,1,"S","Removal of Altered Sexual Depictions Posted without Consent","H1161",2025,"https://legiscan.com/FL/bill/H1161/2025",1,38,1,"Y",1,1,1,1,1
1555247,1965049,"2025-2025_Regular_Session","2025-04-23","House: Third Reading RCS#172",112,2,5,0,119,1,"H","Fire Prevention","H0551",2025,"https://legiscan.com/FL/bill/H0551/2025",0.941176470588235,114,0.982456140350877,"Y",0.975308641975309,1,1,0.975308641975309,0.982456140350877
1555253,1927412,"2025-2025_Regular_Session","2025-04-22","Senate Fiscal Policy",18,0,0,1,19,1,"S","Medicaid Providers","S0306",2025,"https://legiscan.com/FL/bill/S0306/2025",0.947368421052632,18,1,"N",1,1,1,1,1
1555257,1983749,"2025-2025_Regular_Session","2025-04-23","House: Third Reading RCS#159",86,26,7,0,119,1,"H","Education","H1115",2025,"https://legiscan.com/FL/bill/H1115/2025",0.722689075630252,112,0.767857142857143,"Y",1,0.133333333333333,0.866666666666667,1,0.964285714285714
1555261,1981587,"2025-2025_Regular_Session","2025-04-23","House: Third Reading RCS#162",106,1,12,0,119,1,"H","Reporting of Student Mental Health Outcomes","H0969",2025,"https://legiscan.com/FL/bill/H0969/2025",0.890756302521008,107,0.990654205607477,"Y",1,0.96,0.96,1,0.990654205607477
1555264,1983813,"2025-2025_Regular_Session","2025-04-23","House: Third Reading RCS#173",114,0,5,0,119,1,"H","Services for Individuals with Developmental Disabilities","H1103",2025,"https://legiscan.com/FL/bill/H1103/2025",0.957983193277311,114,1,"Y",1,1,1,1,1
1555266,1973519,"2025-2025_Regular_Session","2025-04-23","House: Third Reading RCS#155",115,0,4,0,119,1,"H","Local Housing Assistance Plans","H0701",2025,"https://legiscan.com/FL/bill/H0701/2025",0.966386554621849,115,1,"Y",1,1,1,1,1
1555269,1988743,"2025-2025_Regular_Session","2025-04-23","Senate: Third Reading RCS#17",37,0,1,0,38,1,"S","Stem Cell Therapy","S1768",2025,"https://legiscan.com/FL/bill/S1768/2025",0.973684210526316,37,1,"Y",1,1,1,1,1
1555272,1951666,"2025-2025_Regular_Session","2025-04-23","Senate: Third Reading RCS#9",37,0,1,0,38,1,"S","Transportation","S0462",2025,"https://legiscan.com/FL/bill/S0462/2025",0.973684210526316,37,1,"Y",1,1,1,1,1
1555273,1985684,"2025-2025_Regular_Session","2025-04-22","Senate Fiscal Policy",19,0,0,0,19,1,"S","Public Safety","S1444",2025,"https://legiscan.com/FL/bill/S1444/2025",1,19,1,"N",1,1,1,1,1
1555276,1968271,"2025-2025_Regular_Session","2025-04-23","House: Third Reading RCS#187",115,0,4,0,119,1,"H","Dangerous Dogs","H0593",2025,"https://legiscan.com/FL/bill/H0593/2025",0.966386554621849,115,1,"Y",1,1,1,1,1
1555301,1983166,"2025-2025_Regular_Session","2025-04-22","Senate Fiscal Policy",18,0,0,1,19,1,"S","Home Health Aide for Medically Fragile Children Program","S1156",2025,"https://legiscan.com/FL/bill/S1156/2025",0.947368421052632,18,1,"N",1,1,1,1,1
1555313,1988285,"2025-2025_Regular_Session","2025-04-23","Senate: Third Reading RCS#23",35,2,1,0,38,1,"S","Public Records/Pleading, Request for Relief, or Other Document Stricken by a Court","S1652",2025,"https://legiscan.com/FL/bill/S1652/2025",0.921052631578947,37,0.945945945945946,"Y",1,0.8,0.8,1,0.945945945945946
1555315,1984396,"2025-2025_Regular_Session","2025-04-23","Senate: Third Reading RCS#29",37,1,0,0,38,1,"S","Permits for Drilling, Exploration, and Extraction of Oil and Gas Resources","H1143",2025,"https://legiscan.com/FL/bill/H1143/2025",0.973684210526316,38,0.973684210526316,"Y",1,0.909090909090909,0.909090909090909,1,0.973684210526316
1555321,1987565,"2025-2025_Regular_Session","2025-04-22","Senate Fiscal Policy",18,0,0,1,19,1,"S","Coverage for Mammograms and Supplemental Breast Cancer Screenings","S1578",2025,"https://legiscan.com/FL/bill/S1578/2025",0.947368421052632,18,1,"N",1,1,1,1,1
1555324,1959191,"2025-2025_Regular_Session","2025-04-22","Senate Fiscal Policy",18,0,0,1,19,1,"S","Newborn Screenings","S0524",2025,"https://legiscan.com/FL/bill/S0524/2025",0.947368421052632,18,1,"N",1,1,1,1,1
1555334,1989234,"2025-2025_Regular_Session","2025-04-23","Senate: Third Reading RCS#18",38,0,0,0,38,1,"S","Insulin Administration by Direct Support Professionals and Relatives","H1567",2025,"https://legiscan.com/FL/bill/H1567/2025",1,38,1,"Y",1,1,1,1,1
1555337,1988494,"2025-2025_Regular_Session","2025-04-22","Senate Fiscal Policy",15,4,0,0,19,1,"S","Capital Human Trafficking of Vulnerable Persons for Sexual Exploitation","S1804",2025,"https://legiscan.com/FL/bill/S1804/2025",0.789473684210526,19,0.789473684210526,"N",1,0.2,0.8,1,0.947368421052632
1555347,1984062,"2025-2025_Regular_Session","2025-04-22","Senate Fiscal Policy",18,0,0,1,19,1,"S","Department of Law Enforcement","S1268",2025,"https://legiscan.com/FL/bill/S1268/2025",0.947368421052632,18,1,"N",1,1,1,1,1
1555363,1977164,"2025-2025_Regular_Session","2025-04-23","House: Third Reading RCS#180",112,1,6,0,119,1,"H","Statewide Study on Automation and Workforce Impact","H0827",2025,"https://legiscan.com/FL/bill/H0827/2025",0.941176470588235,113,0.991150442477876,"Y",0.9875,1,1,0.9875,0.991150442477876
1555364,1977647,"2025-2025_Regular_Session","2025-04-22","Senate Fiscal Policy",18,0,0,1,19,1,"S","Statewide Study on Automation and Workforce Impact","S0936",2025,"https://legiscan.com/FL/bill/S0936/2025",0.947368421052632,18,1,"N",1,1,1,1,1
1555365,1982400,"2025-2025_Regular_Session","2025-04-23","House: Third Reading RCS#161",102,7,10,0,119,1,"H","Religious and Patriotic Expression in the Public School System","H1009",2025,"https://legiscan.com/FL/bill/H1009/2025",0.857142857142857,109,0.935779816513762,"Y",1,0.740740740740741,0.740740740740741,1,0.935779816513762
1555366,1980681,"2025-2025_Regular_Session","2025-04-23","House: Third Reading RCS#175",112,1,6,0,119,1,"H","Nursing Education Programs","H0919",2025,"https://legiscan.com/FL/bill/H0919/2025",0.941176470588235,113,0.991150442477876,"Y",0.987654320987654,1,1,0.987654320987654,0.991150442477876
1555372,1984523,"2025-2025_Regular_Session","2025-04-22","Senate Fiscal Policy",18,0,0,1,19,1,"S","Behavioral Health Managing Entities","S1354",2025,"https://legiscan.com/FL/bill/S1354/2025",0.947368421052632,18,1,"N",1,1,1,1,1
1555379,1974729,"2025-2025_Regular_Session","2025-04-23","House: Third Reading RCS#190",115,0,4,0,119,1,"H","Spectrum Alert","H0711",2025,"https://legiscan.com/FL/bill/H0711/2025",0.966386554621849,115,1,"Y",1,1,1,1,1
1555388,1988832,"2025-2025_Regular_Session","2025-04-23","House: Third Reading RCS#194",115,0,4,0,119,1,"H","Sexual Cyberharassment","H1451",2025,"https://legiscan.com/FL/bill/H1451/2025",0.966386554621849,115,1,"Y",1,1,1,1,1
1555389,1985682,"2025-2025_Regular_Session","2025-04-23","House: Third Reading RCS#158",86,27,6,0,119,1,"H","Education","H1255",2025,"https://legiscan.com/FL/bill/H1255/2025",0.722689075630252,113,0.761061946902655,"Y",1,0.129032258064516,0.870967741935484,1,0.964601769911504
1555397,1987091,"2025-2025_Regular_Session","2025-04-23","Senate: Third Reading RCS#26",37,0,1,0,38,1,"S","Home Health Care Services","H1353",2025,"https://legiscan.com/FL/bill/H1353/2025",0.973684210526316,37,1,"Y",1,1,1,1,1
1555400,1952247,"2025-2025_Regular_Session","2025-04-23","House: Third Reading RCS#184",75,38,6,0,119,1,"H","Dangerous Excessive Speeding","H0351",2025,"https://legiscan.com/FL/bill/H0351/2025",0.630252100840336,113,0.663716814159292,"Y",0.853658536585366,0.161290322580645,0.838709677419355,0.853658536585366,0.849557522123894
1555402,1990952,"2025-2025_Regular_Session","2025-04-22","Senate Fiscal Policy",18,0,0,1,19,1,"S","Health Care Provider Referrals","S1842",2025,"https://legiscan.com/FL/bill/S1842/2025",0.947368421052632,18,1,"N",1,1,1,1,1
1555415,1988509,"2025-2025_Regular_Session","2025-04-23","House: Third Reading RCS#178",115,0,4,0,119,1,"H","Emergency Services","H1487",2025,"https://legiscan.com/FL/bill/H1487/2025",0.966386554621849,115,1,"Y",1,1,1,1,1
1555416,1981211,"2025-2025_Regular_Session","2025-04-23","House: Third Reading RCS#165",88,25,6,0,119,1,"H","Employment Eligibility","H0955",2025,"https://legiscan.com/FL/bill/H0955/2025",0.739495798319328,113,0.778761061946903,"Y",1,0.193548387096774,0.806451612903226,1,0.946902654867257
1555417,1973157,"2025-2025_Regular_Session","2025-04-23","House: Third Reading RCS#171",114,0,5,0,119,1,"H","Construction Regulations","H0683",2025,"https://legiscan.com/FL/bill/H0683/2025",0.957983193277311,114,1,"Y",1,1,1,1,1
1555428,1984447,"2025-2025_Regular_Session","2025-04-23","House: Third Reading RCS#177",115,0,4,0,119,1,"H","Medicaid Enrollment for Permanently Disabled Individuals","H1227",2025,"https://legiscan.com/FL/bill/H1227/2025",0.966386554621849,115,1,"Y",1,1,1,1,1
1555433,1985119,"2025-2025_Regular_Session","2025-04-23","House: Third Reading RCS#166",91,21,7,0,119,1,"H","Employment Agreements","H1219",2025,"https://legiscan.com/FL/bill/H1219/2025",0.764705882352941,112,0.8125,"Y",1,0.3,0.7,1,0.919642857142857
1555440,1967029,"2025-2025_Regular_Session","2025-04-23","House: Third Reading RCS#188",112,0,7,0,119,1,"H","Removal, Storage, and Cleanup of Electric Vehicles","H0577",2025,"https://legiscan.com/FL/bill/H0577/2025",0.941176470588235,112,1,"Y",1,1,1,1,1
1555444,1963394,"2025-2025_Regular_Session","2025-04-23","House: Third Reading RCS#179",114,0,5,0,119,1,"H","Memory Care","H0493",2025,"https://legiscan.com/FL/bill/H0493/2025",0.957983193277311,114,1,"Y",1,1,1,1,1
1555472,1918478,"2025-2025_Regular_Session","2025-04-23","House: Third Reading RCS#163",92,19,8,0,119,1,"H","Student Participation in Interscholastic and Intrascholastic Extracurricular Sports","S0248",2025,"https://legiscan.com/FL/bill/S0248/2025",0.773109243697479,111,0.828828828828829,"Y",1,0.344827586206897,0.655172413793103,1,0.90990990990991
1555475,1928217,"2025-2025_Regular_Session","2025-04-23","House: Third Reading RCS#169",114,0,5,0,119,1,"H","Farm Products","H0211",2025,"https://legiscan.com/FL/bill/H0211/2025",0.957983193277311,114,1,"Y",1,1,1,1,1
1555481,1975135,"2025-2025_Regular_Session","2025-04-23","House: Third Reading RCS#195",115,0,4,0,119,1,"H","Sexual Images","H0757",2025,"https://legiscan.com/FL/bill/H0757/2025",0.966386554621849,115,1,"Y",1,1,1,1,1
1555494,1981045,"2025-2025_Regular_Session","2025-04-23","House: Third Reading RCS#193",115,0,4,0,119,1,"H","Firefighter Health and Safety","H0929",2025,"https://legiscan.com/FL/bill/H0929/2025",0.966386554621849,115,1,"Y",1,1,1,1,1
1555495,1897172,"2025-2025_Regular_Session","2025-04-23","House: Third Reading RCS#186",89,22,8,0,119,1,"H","Regulation of Xylazine","H0057",2025,"https://legiscan.com/FL/bill/H0057/2025",0.747899159663866,111,0.801801801801802,"Y",0.98780487804878,0.275862068965517,0.724137931034483,0.98780487804878,0.918918918918919
1555496,1982813,"2025-2025_Regular_Session","2025-04-23","House: Third Reading RCS#176",115,0,4,0,119,1,"H","Newborn Screenings","H1089",2025,"https://legiscan.com/FL/bill/H1089/2025",0.966386554621849,115,1,"Y",1,1,1,1,1
1555498,1982314,"2025-2025_Regular_Session","2025-04-23","House: Third Reading RCS#185",111,2,6,0,119,1,"H","Carrying of Handguns or Weapons by Law Enforcement Officers Attending Athletic Events","H1021",2025,"https://legiscan.com/FL/bill/H1021/2025",0.932773109243697,113,0.982300884955752,"Y",1,0.9375,0.9375,1,0.982300884955752
1555507,1984946,"2025-2025_Regular_Session","2025-04-22","Senate Fiscal Policy",18,0,0,1,19,1,"S","Vessels","S1388",2025,"https://legiscan.com/FL/bill/S1388/2025",0.947368421052632,18,1,"N",1,1,1,1,1
1555511,1958304,"2025-2025_Regular_Session","2025-04-23","House: Third Reading RCS#170",115,0,4,0,119,1,"H","Motor Vehicle Manufacturers and Franchised Motor Vehicle Dealers","H0429",2025,"https://legiscan.com/FL/bill/H0429/2025",0.966386554621849,115,1,"Y",1,1,1,1,1
1555650,1982673,"2025-2025_Regular_Session","2025-04-23","House: Third Reading RCS#192",115,0,4,0,119,1,"H","Crisis Care Coordination","H1013",2025,"https://legiscan.com/FL/bill/H1013/2025",0.966386554621849,115,1,"Y",1,1,1,1,1
1555655,1970101,"2025-2025_Regular_Session","2025-04-22","Senate Fiscal Policy",18,0,0,1,19,1,"S","International Baccalaureate Bonus Funding","S0754",2025,"https://legiscan.com/FL/bill/S0754/2025",0.947368421052632,18,1,"N",1,1,1,1,1
1555660,1986539,"2025-2025_Regular_Session","2025-04-23","House: Third Reading RCS#191",114,1,4,0,119,1,"H","Department of Health","H1299",2025,"https://legiscan.com/FL/bill/H1299/2025",0.957983193277311,115,0.991304347826087,"Y",0.98780487804878,1,1,0.98780487804878,0.991304347826087
1555661,1989225,"2025-2025_Regular_Session","2025-04-23","House: Third Reading RCS#189",115,0,4,0,119,1,"H","Parkinson's Disease","H1545",2025,"https://legiscan.com/FL/bill/H1545/2025",0.966386554621849,115,1,"Y",1,1,1,1,1
1555702,1981949,"2025-2025_Regular_Session","2025-04-23","Senate: Third Reading RCS#27",38,0,0,0,38,1,"S","Transportation Facility Designations","H0987",2025,"https://legiscan.com/FL/bill/H0987/2025",1,38,1,"Y",1,1,1,1,1
1555854,1972053,"2025-2025_Regular_Session","2025-04-22","Senate Fiscal Policy",15,3,0,1,19,1,"S","Aggravating Factors for Capital Felonies","S0776",2025,"https://legiscan.com/FL/bill/S0776/2025",0.789473684210526,18,0.833333333333333,"N",1,0.4,0.6,1,0.888888888888889
1556118,1986613,"2025-2025_Regular_Session","2025-04-22","Senate Fiscal Policy",19,0,0,0,19,1,"S","Educational Opportunities for Military Children","S1528",2025,"https://legiscan.com/FL/bill/S1528/2025",1,19,1,"N",1,1,1,1,1
1556257,1949074,"2025-2025_Regular_Session","2025-04-23","House: Third Reading RCS#181",111,0,8,0,119,1,"H","Bonuses for Employees of Property Appraisers","H0307",2025,"https://legiscan.com/FL/bill/H0307/2025",0.932773109243697,111,1,"Y",1,1,1,1,1
1556382,1972698,"2025-2025_Regular_Session","2025-04-24","Senate: Third Reading RCS#4",32,4,1,1,38,1,"S","State Group Insurance Program Coverage of Standard Fertility Preservation Services","H0677",2025,"https://legiscan.com/FL/bill/H0677/2025",0.842105263157895,36,0.888888888888889,"Y",0.84,1,1,0.84,0.888888888888889
1556385,1982284,"2025-2025_Regular_Session","2025-04-24","Senate: Third Reading RCS#18",37,0,0,1,38,1,"S","School Readiness Program","S1102",2025,"https://legiscan.com/FL/bill/S1102/2025",0.973684210526316,37,1,"Y",1,1,1,1,1
1556447,1981896,"2025-2025_Regular_Session","2025-04-24","Senate: Third Reading RCS#15",37,0,0,1,38,1,"S","Licensure of Family Foster Homes","H0989",2025,"https://legiscan.com/FL/bill/H0989/2025",0.973684210526316,37,1,"Y",1,1,1,1,1
1556455,1973618,"2025-2025_Regular_Session","2025-04-24","Senate: Third Reading RCS#6",36,0,1,1,38,1,"S","Disposition of Migrant Vessels","S0830",2025,"https://legiscan.com/FL/bill/S0830/2025",0.947368421052632,36,1,"Y",1,1,1,1,1
1556462,1975135,"2025-2025_Regular_Session","2025-04-24","Senate: Third Reading RCS#19",37,0,0,1,38,1,"S","Sexual Images","H0757",2025,"https://legiscan.com/FL/bill/H0757/2025",0.973684210526316,37,1,"Y",1,1,1,1,1
1556466,1901497,"2025-2025_Regular_Session","2025-04-24","Senate: Third Reading RCS#10",30,7,0,1,38,1,"S","Charter Schools","S0140",2025,"https://legiscan.com/FL/bill/S0140/2025",0.789473684210526,37,0.810810810810811,"Y",1,0.363636363636364,0.636363636363636,1,0.891891891891892
1556485,1985410,"2025-2025_Regular_Session","2025-04-24","Senate: Third Reading RCS#12",37,0,0,1,38,1,"S","Assault or Battery on a Utility Worker","S1386",2025,"https://legiscan.com/FL/bill/S1386/2025",0.973684210526316,37,1,"Y",1,1,1,1,1
1556493,1976248,"2025-2025_Regular_Session","2025-04-24","Senate: Third Reading RCS#20",37,0,0,1,38,1,"S","Offenses Involving Children","H0777",2025,"https://legiscan.com/FL/bill/H0777/2025",0.973684210526316,37,1,"Y",1,1,1,1,1
1556511,1987641,"2025-2025_Regular_Session","2025-04-24","Senate: Third Reading RCS#32",35,2,0,1,38,1,"S","Beaches","S1622",2025,"https://legiscan.com/FL/bill/S1622/2025",0.921052631578947,37,0.945945945945946,"Y",0.923076923076923,1,1,0.923076923076923,0.945945945945946
1556577,1985481,"2025-2025_Regular_Session","2025-04-24","Senate: Third Reading RCS#13",36,0,1,1,38,1,"S","Juvenile Justice","S1344",2025,"https://legiscan.com/FL/bill/S1344/2025",0.947368421052632,36,1,"Y",1,1,1,1,1
1556579,1975312,"2025-2025_Regular_Session","2025-04-24","Senate: Third Reading RCS#23",37,0,0,1,38,1,"S","Florida State University Election Law Center","S0892",2025,"https://legiscan.com/FL/bill/S0892/2025",0.973684210526316,37,1,"Y",1,1,1,1,1
1556585,1949074,"2025-2025_Regular_Session","2025-04-24","Senate: Third Reading RCS#26",36,0,1,1,38,1,"S","Bonuses for Employees of Property Appraisers","H0307",2025,"https://legiscan.com/FL/bill/H0307/2025",0.947368421052632,36,1,"Y",1,1,1,1,1
1556587,1972091,"2025-2025_Regular_Session","2025-04-24","Senate: Third Reading RCS#31",36,0,1,1,38,1,"S","Israeli Bonds","H0669",2025,"https://legiscan.com/FL/bill/H0669/2025",0.947368421052632,36,1,"Y",1,1,1,1,1
1556591,1984764,"2025-2025_Regular_Session","2025-04-24","House: Third Reading RCS#200",114,0,5,0,119,1,"H","K-12 School Route Optimization Pilot Program","H1213",2025,"https://legiscan.com/FL/bill/H1213/2025",0.957983193277311,114,1,"Y",1,1,1,1,1
1556592,1942140,"2025-2025_Regular_Session","2025-04-24","Senate: Third Reading RCS#9",37,0,0,1,38,1,"S","Council on the Social Status of Black Men and Boys","S0364",2025,"https://legiscan.com/FL/bill/S0364/2025",0.973684210526316,37,1,"Y",1,1,1,1,1
1556611,1959086,"2025-2025_Regular_Session","2025-04-24","House: Third Reading RCS#198",83,28,8,0,119,1,"H","Education","H0443",2025,"https://legiscan.com/FL/bill/H0443/2025",0.697478991596639,111,0.747747747747748,"Y",1,0.0344827586206897,0.96551724137931,1,0.990990990990991
1556613,1973099,"2025-2025_Regular_Session","2025-04-24","Senate: Third Reading RCS#3",32,5,0,1,38,1,"S","Aggravating Factors for Capital Felonies","H0693",2025,"https://legiscan.com/FL/bill/H0693/2025",0.842105263157895,37,0.864864864864865,"Y",0.961538461538462,0.636363636363636,0.636363636363636,0.961538461538462,0.864864864864865
1556658,1983822,"2025-2025_Regular_Session","2025-04-24","House: Third Reading RCS#197",115,0,4,0,119,1,"H","Education","H1105",2025,"https://legiscan.com/FL/bill/H1105/2025",0.966386554621849,115,1,"Y",1,1,1,1,1
1556659,1973474,"2025-2025_Regular_Session","2025-04-24","Senate: Third Reading RCS#24",13,23,1,1,38,0,"S","Office of Faith and Community","S0820",2025,"https://legiscan.com/FL/bill/S0820/2025",0.342105263157895,36,0.361111111111111,"Y",0.08,1,1,0.92,0.944444444444444
1556660,1973474,"2025-2025_Regular_Session","2025-04-24","Senate: Third Reading RCS#25",27,9,1,1,38,1,"S","Office of Faith and Community","S0820",2025,"https://legiscan.com/FL/bill/S0820/2025",0.710526315789474,36,0.75,"Y",1,0.181818181818182,0.818181818181818,1,0.944444444444444
1556677,1945994,"2025-2025_Regular_Session","2025-04-24","Senate: Third Reading RCS#8",37,0,0,1,38,1,"S","Awareness Program for Alzheimer's Disease and Dementia-related Disorders","S0398",2025,"https://legiscan.com/FL/bill/S0398/2025",0.973684210526316,37,1,"Y",1,1,1,1,1
1556680,1982629,"2025-2025_Regular_Session","2025-04-24","Senate: Third Reading RCS#17",37,0,0,1,38,1,"S","Florida Virtual School","S1122",2025,"https://legiscan.com/FL/bill/S1122/2025",0.973684210526316,37,1,"Y",1,1,1,1,1
1556688,1987146,"2025-2025_Regular_Session","2025-04-24","Senate: Third Reading RCS#34",37,0,0,1,38,1,"S","Energy Infrastructure Investment","S1574",2025,"https://legiscan.com/FL/bill/S1574/2025",0.973684210526316,37,1,"Y",1,1,1,1,1
1556692,1965049,"2025-2025_Regular_Session","2025-04-24","Senate: Third Reading RCS#49",37,0,0,1,38,1,"S","Fire Prevention","H0551",2025,"https://legiscan.com/FL/bill/H0551/2025",0.973684210526316,37,1,"Y",1,1,1,1,1
1556696,1981587,"2025-2025_Regular_Session","2025-04-24","Senate: Third Reading RCS#14",37,0,0,1,38,1,"S","Reporting of Student Mental Health Outcomes","H0969",2025,"https://legiscan.com/FL/bill/H0969/2025",0.973684210526316,37,1,"Y",1,1,1,1,1
1556698,1977941,"2025-2025_Regular_Session","2025-04-24","House: Third Reading RCS#199",114,0,5,0,119,1,"H","School Readiness Program","H0859",2025,"https://legiscan.com/FL/bill/H0859/2025",0.957983193277311,114,1,"Y",1,1,1,1,1
1556719,1942658,"2025-2025_Regular_Session","2025-04-24","Senate: Third Reading RCS#28",36,0,1,1,38,1,"S","Special Observances","H0259",2025,"https://legiscan.com/FL/bill/H0259/2025",0.947368421052632,36,1,"Y",1,1,1,1,1
1556741,1977448,"2025-2025_Regular_Session","2025-04-24","Senate: Third Reading RCS#22",37,0,0,1,38,1,"S","Certified Recovery Residences","S0954",2025,"https://legiscan.com/FL/bill/S0954/2025",0.973684210526316,37,1,"Y",1,1,1,1,1
1556754,1965336,"2025-2025_Regular_Session","2025-04-24","Senate: Third Reading RCS#42",37,0,0,1,38,1,"S","Administration of Controlled Substances by Paramedics","H0519",2025,"https://legiscan.com/FL/bill/H0519/2025",0.973684210526316,37,1,"Y",1,1,1,1,1
1556756,1988733,"2025-2025_Regular_Session","2025-04-24","House: Third Reading RCS#201",81,29,9,0,119,1,"H","Materials Harmful to Minors","H1539",2025,"https://legiscan.com/FL/bill/H1539/2025",0.680672268907563,110,0.736363636363636,"Y",1,0,1,1,1
1556801,1973282,"2025-2025_Regular_Session","2025-04-24","House: Third Reading RCS#214",113,0,6,0,119,1,"H","Driving and Boating Offenses","H0687",2025,"https://legiscan.com/FL/bill/H0687/2025",0.949579831932773,113,1,"Y",1,1,1,1,1
1556823,1977580,"2025-2025_Regular_Session","2025-04-24","House: Third Reading RCS#212",114,0,5,0,119,1,"H","Veterans Affairs","H0845",2025,"https://legiscan.com/FL/bill/H0845/2025",0.957983193277311,114,1,"Y",1,1,1,1,1
1556838,1977909,"2025-2025_Regular_Session","2025-04-24","Senate: Third Reading RCS#5",35,2,0,1,38,1,"S","Indemnification and Insurance Obligations of Commuter Rail Transportation Providers","H0867",2025,"https://legiscan.com/FL/bill/H0867/2025",0.921052631578947,37,0.945945945945946,"Y",0.961538461538462,0.909090909090909,0.909090909090909,0.961538461538462,0.945945945945946
1556905,1983147,"2025-2025_Regular_Session","2025-04-24","House: Third Reading RCS#213",114,0,5,0,119,1,"H","Department of Law Enforcement","H1053",2025,"https://legiscan.com/FL/bill/H1053/2025",0.957983193277311,114,1,"Y",1,1,1,1,1
1556928,1987215,"2025-2025_Regular_Session","2025-04-24","Senate: Third Reading RCS#11",37,0,0,1,38,1,"S","Registration of Sexual Predators and Sexual Offenders","H1351",2025,"https://legiscan.com/FL/bill/H1351/2025",0.973684210526316,37,1,"Y",1,1,1,1,1
1556936,1987696,"2025-2025_Regular_Session","2025-04-24","Senate: Third Reading RCS#37",37,0,0,1,38,1,"S","Mental Health and Substance Use Disorders","S1620",2025,"https://legiscan.com/FL/bill/S1620/2025",0.973684210526316,37,1,"Y",1,1,1,1,1
1556937,1987696,"2025-2025_Regular_Session","2025-04-24","Senate: Third Reading RCS#38",37,0,0,1,38,1,"S","Mental Health and Substance Use Disorders","S1620",2025,"https://legiscan.com/FL/bill/S1620/2025",0.973684210526316,37,1,"Y",1,1,1,1,1
1556948,1988977,"2025-2025_Regular_Session","2025-04-24","House: Third Reading RCS#205",80,31,8,0,119,1,"H","Utility Services","H1523",2025,"https://legiscan.com/FL/bill/H1523/2025",0.672268907563025,111,0.720720720720721,"Y",0.975308641975309,0.0333333333333333,0.966666666666667,0.975308641975309,0.972972972972973
1556965,1904632,"2025-2025_Regular_Session","2025-04-24","House: Third Reading RCS#208",101,9,9,0,119,1,"H","Fleeing or Attempting to Elude a Law Enforcement Officer","H0113",2025,"https://legiscan.com/FL/bill/H0113/2025",0.848739495798319,110,0.918181818181818,"Y",1,0.678571428571429,0.678571428571429,1,0.918181818181818
1556970,1952247,"2025-2025_Regular_Session","2025-04-24","Senate: Third Reading RCS#30",37,0,0,1,38,1,"S","Dangerous Excessive Speeding","H0351",2025,"https://legiscan.com/FL/bill/H0351/2025",0.973684210526316,37,1,"Y",1,1,1,1,1
1556979,1988496,"2025-2025_Regular_Session","2025-04-24","House: Third Reading RCS#204",112,0,7,0,119,1,"H","Sexual Offenses by Persons Previously Convicted of Sexual Offenses","H1455",2025,"https://legiscan.com/FL/bill/H1455/2025",0.941176470588235,112,1,"Y",1,1,1,1,1
1556987,1987196,"2025-2025_Regular_Session","2025-04-24","House: Third Reading RCS#226",114,0,5,0,119,1,"H","West Villages Improvement District, Sarasota County","H4061",2025,"https://legiscan.com/FL/bill/H4061/2025",0.957983193277311,114,1,"Y",1,1,1,1,1
1556988,1942733,"2025-2025_Regular_Session","2025-04-24","House: Third Reading RCS#223",113,0,6,0,119,1,"H","Compensation for Health Care Services for Inmates in Martin County","H4007",2025,"https://legiscan.com/FL/bill/H4007/2025",0.949579831932773,113,1,"Y",1,1,1,1,1
1556992,1909442,"2025-2025_Regular_Session","2025-04-24","House: Third Reading RCS#235",116,0,3,0,119,1,"H","Relief/Mande Penney-Lemmon/Sarasota County","H6503",2025,"https://legiscan.com/FL/bill/H6503/2025",0.974789915966387,116,1,"Y",1,1,1,1,1
1556993,1970800,"2025-2025_Regular_Session","2025-04-24","House: Third Reading RCS#211",113,0,6,0,119,1,"H","Behavioral Health Managing Entities","H0633",2025,"https://legiscan.com/FL/bill/H0633/2025",0.949579831932773,113,1,"Y",1,1,1,1,1
1556996,1967112,"2025-2025_Regular_Session","2025-04-24","House: Third Reading RCS#232",113,0,6,0,119,1,"H","Relief/Jacob Rodgers/City of Gainesville","H6521",2025,"https://legiscan.com/FL/bill/H6521/2025",0.949579831932773,113,1,"Y",1,1,1,1,1
1556998,1988509,"2025-2025_Regular_Session","2025-04-24","Senate: Third Reading RCS#46",37,0,0,1,38,1,"S","Emergency Services","H1487",2025,"https://legiscan.com/FL/bill/H1487/2025",0.973684210526316,37,1,"Y",1,1,1,1,1
1557026,1988205,"2025-2025_Regular_Session","2025-04-24","House: Third Reading RCS#229",115,0,4,0,119,1,"H","Leon County","H4075",2025,"https://legiscan.com/FL/bill/H4075/2025",0.966386554621849,115,1,"Y",1,1,1,1,1
1557027,1973592,"2025-2025_Regular_Session","2025-04-24","Senate: Third Reading RCS#7",37,0,0,1,38,1,"S","Specialty License Plates","S0824",2025,"https://legiscan.com/FL/bill/S0824/2025",0.973684210526316,37,1,"Y",1,1,1,1,1
1557033,1986443,"2025-2025_Regular_Session","2025-04-24","Senate: Third Reading RCS#35",37,0,0,1,38,1,"S","Anaphylaxis in Public and Charter Schools","S1514",2025,"https://legiscan.com/FL/bill/S1514/2025",0.973684210526316,37,1,"Y",1,1,1,1,1
1557039,1985119,"2025-2025_Regular_Session","2025-04-24","Senate: Third Reading RCS#51",28,9,0,1,38,1,"S","Employment Agreements","H1219",2025,"https://legiscan.com/FL/bill/H1219/2025",0.736842105263158,37,0.756756756756757,"Y",1,0.181818181818182,0.818181818181818,1,0.945945945945946
1557057,1985708,"2025-2025_Regular_Session","2025-04-24","House: Third Reading RCS#203",111,0,8,0,119,1,"H","Human Trafficking Awareness","H1237",2025,"https://legiscan.com/FL/bill/H1237/2025",0.932773109243697,111,1,"Y",1,1,1,1,1
1557062,1948923,"2025-2025_Regular_Session","2025-04-24","House: Third Reading RCS#241",93,16,10,0,119,1,"H","Complaints Against Law Enforcement and Correctional Officers","H0317",2025,"https://legiscan.com/FL/bill/H0317/2025",0.781512605042017,109,0.853211009174312,"Y",1,0.428571428571429,0.571428571428571,1,0.889908256880734
1557064,1986700,"2025-2025_Regular_Session","2025-04-24","Senate: Third Reading RCS#36",37,0,0,1,38,1,"S","Children's Medical Services Program","S1490",2025,"https://legiscan.com/FL/bill/S1490/2025",0.973684210526316,37,1,"Y",1,1,1,1,1
1557069,1964918,"2025-2025_Regular_Session","2025-04-24","Senate: Third Reading RCS#27",31,5,1,1,38,1,"S","Unlawful Distribution of Controlled Substances Resulting in Death","S0612",2025,"https://legiscan.com/FL/bill/S0612/2025",0.815789473684211,36,0.861111111111111,"Y",1,0.545454545454545,0.545454545454545,1,0.861111111111111
1557088,1956326,"2025-2025_Regular_Session","2025-04-24","House: Third Reading RCS#207",113,0,6,0,119,1,"H","Affordable Property Ad Valorem Tax Exemption on Leased Land","H0411",2025,"https://legiscan.com/FL/bill/H0411/2025",0.949579831932773,113,1,"Y",1,1,1,1,1
1557091,1975029,"2025-2025_Regular_Session","2025-04-24","House: Third Reading RCS#209",111,0,8,0,119,1,"H","Law Enforcement, Correctional, and Correctional Probation Officer Benefits","H0751",2025,"https://legiscan.com/FL/bill/H0751/2025",0.932773109243697,111,1,"Y",1,1,1,1,1
1557099,1958842,"2025-2025_Regular_Session","2025-04-24","House: Third Reading RCS#237",88,24,7,0,119,1,"H","Optometry","H0449",2025,"https://legiscan.com/FL/bill/H0449/2025",0.739495798319328,112,0.785714285714286,"Y",0.855421686746988,0.586206896551724,0.586206896551724,0.855421686746988,0.785714285714286
1557103,1987276,"2025-2025_Regular_Session","2025-04-24","House: Third Reading RCS#242",113,0,6,0,119,1,"H","Feasibility Study Relating to Statewide Pawn Data Database","H1359",2025,"https://legiscan.com/FL/bill/H1359/2025",0.949579831932773,113,1,"Y",1,1,1,1,1
1557110,1973819,"2025-2025_Regular_Session","2025-04-24","House: Third Reading RCS#218",111,2,6,0,119,1,"H","San Carlos Estates Water Control District, Lee County","H4033",2025,"https://legiscan.com/FL/bill/H4033/2025",0.932773109243697,113,0.982300884955752,"Y",0.975308641975309,1,1,0.975308641975309,0.982300884955752
1557126,1982976,"2025-2025_Regular_Session","2025-04-24","Senate: Third Reading RCS#29",36,0,1,1,38,1,"S","Tampering with, Harassing, or Retaliating against Court Officials","H1049",2025,"https://legiscan.com/FL/bill/H1049/2025",0.947368421052632,36,1,"Y",1,1,1,1,1
1557140,1958304,"2025-2025_Regular_Session","2025-04-24","Senate: Third Reading RCS#45",37,0,0,1,38,1,"S","Motor Vehicle Manufacturers and Franchised Motor Vehicle Dealers","H0429",2025,"https://legiscan.com/FL/bill/H0429/2025",0.973684210526316,37,1,"Y",1,1,1,1,1
1557147,1982828,"2025-2025_Regular_Session","2025-04-24","Senate: Third Reading RCS#40",37,0,0,1,38,1,"S","Arrest and Detention of Individuals with Significant Medical Conditions","H1099",2025,"https://legiscan.com/FL/bill/H1099/2025",0.973684210526316,37,1,"Y",1,1,1,1,1
1557169,1973373,"2025-2025_Regular_Session","2025-04-24","Senate: Third Reading RCS#39",37,0,0,1,38,1,"S","Apprenticeship and Preapprenticeship Program Funding","H0681",2025,"https://legiscan.com/FL/bill/H0681/2025",0.973684210526316,37,1,"Y",1,1,1,1,1
1557181,1989126,"2025-2025_Regular_Session","2025-04-24","Senate: Third Reading RCS#44",37,0,0,1,38,1,"S","Cardiac Emergencies","H1607",2025,"https://legiscan.com/FL/bill/H1607/2025",0.973684210526316,37,1,"Y",1,1,1,1,1
1557183,1983429,"2025-2025_Regular_Session","2025-04-24","House: Third Reading RCS#225",113,0,6,0,119,1,"H","Pasco County Mosquito Control District, Pasco County","H4051",2025,"https://legiscan.com/FL/bill/H4051/2025",0.949579831932773,113,1,"Y",1,1,1,1,1
1557190,1974680,"2025-2025_Regular_Session","2025-04-24","Senate: Third Reading RCS#52",34,3,0,1,38,1,"S","Social Media Use by Minors","S0868",2025,"https://legiscan.com/FL/bill/S0868/2025",0.894736842105263,37,0.918918918918919,"Y",1,0.727272727272727,0.727272727272727,1,0.918918918918919
1557194,1982965,"2025-2025_Regular_Session","2025-04-24","House: Third Reading RCS#216",113,0,6,0,119,1,"H","North St. Lucie River Water Control District, St. Lucie County","H4049",2025,"https://legiscan.com/FL/bill/H4049/2025",0.949579831932773,113,1,"Y",1,1,1,1,1
1557211,1977392,"2025-2025_Regular_Session","2025-04-24","Senate: Third Reading RCS#2",37,0,0,1,38,1,"S","Expedited DNA Testing Grant Program","H0847",2025,"https://legiscan.com/FL/bill/H0847/2025",0.973684210526316,37,1,"Y",1,1,1,1,1
1557219,1916134,"2025-2025_Regular_Session","2025-04-24","House: Third Reading RCS#217",94,11,14,0,119,1,"H","Lee County","H4001",2025,"https://legiscan.com/FL/bill/H4001/2025",0.789915966386555,105,0.895238095238095,"Y",0.962025316455696,0.692307692307692,0.692307692307692,0.962025316455696,0.895238095238095
1557220,1983070,"2025-2025_Regular_Session","2025-04-24","House: Third Reading RCS#243",115,0,4,0,119,1,"H","Substance Abuse and Mental Health Care","H1091",2025,"https://legiscan.com/FL/bill/H1091/2025",0.966386554621849,115,1,"Y",1,1,1,1,1
1557224,1942869,"2025-2025_Regular_Session","2025-04-24","House: Third Reading RCS#234",115,0,4,0,119,1,"H","Relief/Jose Correa/Miami Dade County","H6517",2025,"https://legiscan.com/FL/bill/H6517/2025",0.966386554621849,115,1,"Y",1,1,1,1,1
1557227,1953712,"2025-2025_Regular_Session","2025-04-24","Senate: Third Reading RCS#43",37,0,0,1,38,1,"S","Securities","H0379",2025,"https://legiscan.com/FL/bill/H0379/2025",0.973684210526316,37,1,"Y",1,1,1,1,1
1557242,1974755,"2025-2025_Regular_Session","2025-04-24","Senate: Third Reading RCS#50",37,0,0,1,38,1,"S","Roofing Services","H0715",2025,"https://legiscan.com/FL/bill/H0715/2025",0.973684210526316,37,1,"Y",1,1,1,1,1
1557251,1980709,"2025-2025_Regular_Session","2025-04-24","House: Third Reading RCS#222",115,0,4,0,119,1,"H","Collier County","H4041",2025,"https://legiscan.com/FL/bill/H4041/2025",0.966386554621849,115,1,"Y",1,1,1,1,1
1557252,1977024,"2025-2025_Regular_Session","2025-04-24","House: Third Reading RCS#240",113,1,5,0,119,1,"H","Acupuncture","H0803",2025,"https://legiscan.com/FL/bill/H0803/2025",0.949579831932773,114,0.991228070175439,"Y",1,0.96969696969697,0.96969696969697,1,0.991228070175439
1557253,1977874,"2025-2025_Regular_Session","2025-04-24","House: Third Reading RCS#233",115,0,4,0,119,1,"H","Relief/Estate of M.N./Broward County Sheriff's Office","H6533",2025,"https://legiscan.com/FL/bill/H6533/2025",0.966386554621849,115,1,"Y",1,1,1,1,1
1557258,1973439,"2025-2025_Regular_Session","2025-04-24","House: Third Reading RCS#219",115,0,4,0,119,1,"H","Lee County","H4035",2025,"https://legiscan.com/FL/bill/H4035/2025",0.966386554621849,115,1,"Y",1,1,1,1,1
1557259,1963529,"2025-2025_Regular_Session","2025-04-24","House: Third Reading RCS#239",114,1,4,0,119,1,"H","Use of Artificial Intelligence by Governmental Agencies to Detect Concealed Firearms","H0491",2025,"https://legiscan.com/FL/bill/H0491/2025",0.957983193277311,115,0.991304347826087,"Y",1,0.96969696969697,0.96969696969697,1,0.991304347826087
1557268,1976731,"2025-2025_Regular_Session","2025-04-24","House: Third Reading RCS#238",115,0,4,0,119,1,"H","Veteran and Spouse Nursing Home Beds","H0797",2025,"https://legiscan.com/FL/bill/H0797/2025",0.966386554621849,115,1,"Y",1,1,1,1,1
1557297,1983777,"2025-2025_Regular_Session","2025-04-24","Senate: Third Reading RCS#47",18,19,0,1,38,0,"S","Public Records/Crime Victims/Officers Involved in Use of Force Incidents","S1266",2025,"https://legiscan.com/FL/bill/S1266/2025",0.473684210526316,37,0.486486486486487,"Y",0.423076923076923,0.636363636363636,0.636363636363636,0.576923076923077,0.594594594594595
1557298,1983777,"2025-2025_Regular_Session","2025-04-24","Senate: Third Reading RCS#48",23,14,0,1,38,1,"S","Public Records/Crime Victims/Officers Involved in Use of Force Incidents","S1266",2025,"https://legiscan.com/FL/bill/S1266/2025",0.605263157894737,37,0.621621621621622,"Y",0.769230769230769,0.272727272727273,0.727272727272727,0.769230769230769,0.756756756756757
1557308,1920331,"2025-2025_Regular_Session","2025-04-24","House: Third Reading RCS#210",112,0,7,0,119,1,"H","Parole","H0181",2025,"https://legiscan.com/FL/bill/H0181/2025",0.941176470588235,112,1,"Y",1,1,1,1,1
1557317,1922852,"2025-2025_Regular_Session","2025-04-24","House: Third Reading RCS#236",116,0,3,0,119,1,"H","Relief/Patricia Ermini/Lee County Sheriff's Office","H6509",2025,"https://legiscan.com/FL/bill/H6509/2025",0.974789915966387,116,1,"Y",1,1,1,1,1
1557334,1988409,"2025-2025_Regular_Session","2025-04-24","House: Third Reading RCS#230",92,16,11,0,119,1,"H","Special Beverage Licenses for Equestrian Sport Facilities in Marion County","H4067",2025,"https://legiscan.com/FL/bill/H4067/2025",0.773109243697479,108,0.851851851851852,"Y",0.963414634146341,0.5,NA,1,1
1557373,1958878,"2025-2025_Regular_Session","2025-04-24","Senate: Third Reading RCS#21",37,0,0,1,38,1,"S","Tampering with an Electronic Monitoring Device","H0437",2025,"https://legiscan.com/FL/bill/H0437/2025",0.973684210526316,37,1,"Y",1,1,1,1,1
1557380,1988334,"2025-2025_Regular_Session","2025-04-24","House: Third Reading RCS#227",115,0,4,0,119,1,"H","City of Auburndale, Polk County","H4065",2025,"https://legiscan.com/FL/bill/H4065/2025",0.966386554621849,115,1,"Y",1,1,1,1,1
1557410,1983804,"2025-2025_Regular_Session","2025-04-24","Senate: Third Reading RCS#41",37,0,0,1,38,1,"S","Unmanned Aircraft and Unmanned Aircraft Systems","H1121",2025,"https://legiscan.com/FL/bill/H1121/2025",0.973684210526316,37,1,"Y",1,1,1,1,1
1557596,1980680,"2025-2025_Regular_Session","2025-04-24","House: Third Reading RCS#244",114,1,4,0,119,1,"H","Advertisements for Representation Services","H0915",2025,"https://legiscan.com/FL/bill/H0915/2025",0.957983193277311,115,0.991304347826087,"Y",0.98780487804878,1,1,0.98780487804878,0.991304347826087
1557679,1977082,"2025-2025_Regular_Session","2025-04-24","House: Third Reading RCS#202",109,0,10,0,119,1,"H","School Social Workers","H0809",2025,"https://legiscan.com/FL/bill/H0809/2025",0.915966386554622,109,1,"Y",1,1,1,1,1
1557687,1972025,"2025-2025_Regular_Session","2025-04-24","House: Third Reading RCS#206",99,13,7,0,119,1,"H","Aggravating Factors for Capital Felonies","H0653",2025,"https://legiscan.com/FL/bill/H0653/2025",0.831932773109244,112,0.883928571428571,"Y",1,0.566666666666667,0.566666666666667,1,0.883928571428571
1557693,1988328,"2025-2025_Regular_Session","2025-04-24","House: Third Reading RCS#224",114,0,5,0,119,1,"H","Leon County","H4073",2025,"https://legiscan.com/FL/bill/H4073/2025",0.957983193277311,114,1,"Y",1,1,1,1,1
1557694,1975213,"2025-2025_Regular_Session","2025-04-24","House: Third Reading RCS#221",112,0,7,0,119,1,"H","Downtown Development Authority of City of Fort Lauderdale, Broward County","H4037",2025,"https://legiscan.com/FL/bill/H4037/2025",0.941176470588235,112,1,"Y",1,1,1,1,1
1557706,1987221,"2025-2025_Regular_Session","2025-04-24","House: Third Reading RCS#228",114,0,5,0,119,1,"H","Tohopekaliga Water Authority, Osceola County","H4057",2025,"https://legiscan.com/FL/bill/H4057/2025",0.957983193277311,114,1,"Y",1,1,1,1,1
1557721,1964440,"2025-2025_Regular_Session","2025-04-24","House: Third Reading RCS#231",112,0,7,0,119,1,"H","Palm Beach County","H4011",2025,"https://legiscan.com/FL/bill/H4011/2025",0.941176470588235,112,1,"Y",1,1,1,1,1
1557736,1983260,"2025-2025_Regular_Session","2025-04-24","House: Third Reading RCS#215",114,0,5,0,119,1,"H","Fort Pierce Farms Water Control District, St. Lucie County","H4047",2025,"https://legiscan.com/FL/bill/H4047/2025",0.957983193277311,114,1,"Y",1,1,1,1,1
1557916,1974703,"2025-2025_Regular_Session","2025-04-24","Senate: Third Reading RCS#16",37,0,0,1,38,1,"S","Water Access Facilities","H0735",2025,"https://legiscan.com/FL/bill/H0735/2025",0.973684210526316,37,1,"Y",1,1,1,1,1
1557937,2024348,"2025-2025_Regular_Session","2025-04-25","House: Third Reading RCS#246",78,29,12,0,119,1,"H","Taxation","H7033",2025,"https://legiscan.com/FL/bill/H7033/2025",0.65546218487395,107,0.728971962616822,"Y",0.961538461538462,0.103448275862069,0.896551724137931,0.961538461538462,0.94392523364486
1557974,1973837,"2025-2025_Regular_Session","2025-04-25","House: Third Reading RCS#250",80,20,19,0,119,1,"H","Former Phosphate Mining Lands","S0832",2025,"https://legiscan.com/FL/bill/S0832/2025",0.672268907563025,100,0.8,"Y",0.763157894736842,0.916666666666667,0.916666666666667,0.763157894736842,0.8
1557992,1985751,"2025-2025_Regular_Session","2025-04-25","House: Third Reading RCS#248",80,28,11,0,119,1,"H","Property Tax Benefits for Residential Properties","H1257",2025,"https://legiscan.com/FL/bill/H1257/2025",0.672268907563025,108,0.740740740740741,"Y",1,0,1,1,1
1558008,1985703,"2025-2025_Regular_Session","2025-04-25","House: Third Reading RCS#249",79,28,12,0,119,1,"H","Property Tax Benefits for Residential Properties","H1259",2025,"https://legiscan.com/FL/bill/H1259/2025",0.663865546218487,107,0.738317757009346,"Y",1,0,1,1,1
1558060,1984274,"2025-2025_Regular_Session","2025-04-25","House: Third Reading RCS#258",111,0,8,0,119,1,"H","Sewer Collection Systems","H1123",2025,"https://legiscan.com/FL/bill/H1123/2025",0.932773109243697,111,1,"Y",1,1,1,1,1
1558070,1982937,"2025-2025_Regular_Session","2025-04-25","House: Third Reading RCS#259",111,0,8,0,119,1,"H","Criminal Offender Substance Abuse Program","H1095",2025,"https://legiscan.com/FL/bill/H1095/2025",0.932773109243697,111,1,"Y",1,1,1,1,1
1558086,1971398,"2025-2025_Regular_Session","2025-04-25","House: Third Reading RCS#251",100,3,16,0,119,1,"H","Insurance","H0643",2025,"https://legiscan.com/FL/bill/H0643/2025",0.840336134453782,103,0.970873786407767,"Y",0.961538461538462,1,1,0.961538461538462,0.970873786407767
1558101,1984625,"2025-2025_Regular_Session","2025-04-25","House: Third Reading RCS#256",110,1,8,0,119,1,"H","Ad Valorem Tax Exemption","H1215",2025,"https://legiscan.com/FL/bill/H1215/2025",0.92436974789916,111,0.990990990990991,"Y",1,0.967741935483871,0.967741935483871,1,0.990990990990991
1558102,1966346,"2025-2025_Regular_Session","2025-04-25","House: Third Reading RCS#260",110,0,9,0,119,1,"H","Medical Marijuana Use Registry Identification Cards","H0555",2025,"https://legiscan.com/FL/bill/H0555/2025",0.92436974789916,110,1,"Y",1,1,1,1,1
1558110,1973541,"2025-2025_Regular_Session","2025-04-25","House: Third Reading RCS#254",106,0,13,0,119,1,"H","Utility Relocation","H0703",2025,"https://legiscan.com/FL/bill/H0703/2025",0.890756302521008,106,1,"Y",1,1,1,1,1
1558111,1988120,"2025-2025_Regular_Session","2025-04-25","House: Third Reading RCS#253",78,28,13,0,119,1,"H","Nursing Education Programs","H1427",2025,"https://legiscan.com/FL/bill/H1427/2025",0.65546218487395,106,0.735849056603774,"Y",0.987179487179487,0.0357142857142857,0.964285714285714,0.987179487179487,0.981132075471698
1558114,1985026,"2025-2025_Regular_Session","2025-04-25","House: Third Reading RCS#247",62,45,12,0,119,1,"H","Local Option Taxes","H1221",2025,"https://legiscan.com/FL/bill/H1221/2025",0.521008403361345,107,0.579439252336449,"Y",0.802631578947368,0.032258064516129,0.967741935483871,0.802631578947368,0.850467289719626
1558152,1975386,"2025-2025_Regular_Session","2025-04-25","House: Third Reading RCS#252",69,42,8,0,119,1,"H","Rural Communities","S0110",2025,"https://legiscan.com/FL/bill/S0110/2025",0.579831932773109,111,0.621621621621622,"Y",0.873417721518987,0,1,0.873417721518987,0.90990990990991
1558205,1954185,"2025-2025_Regular_Session","2025-04-25","House: Third Reading RCS#261",109,1,9,0,119,1,"H","Faith-based Content in Batterer's Intervention Program","H0391",2025,"https://legiscan.com/FL/bill/H0391/2025",0.915966386554622,110,0.990909090909091,"Y",1,0.967741935483871,0.967741935483871,1,0.990909090909091
1558211,1987236,"2025-2025_Regular_Session","2025-04-25","House: Third Reading RCS#257",111,0,8,0,119,1,"H","Law Enforcement Officers and Other Personnel","H1371",2025,"https://legiscan.com/FL/bill/H1371/2025",0.932773109243697,111,1,"Y",1,1,1,1,1
1558214,1942335,"2025-2025_Regular_Session","2025-04-25","House: Third Reading RCS#269",106,0,13,0,119,1,"H","Exceptional Students and Video Cameras in Public Schools","H0257",2025,"https://legiscan.com/FL/bill/H0257/2025",0.890756302521008,106,1,"Y",1,1,1,1,1
1558217,1988947,"2025-2025_Regular_Session","2025-04-25","House: Third Reading RCS#263",80,28,11,0,119,1,"H","Parental Rights","H1505",2025,"https://legiscan.com/FL/bill/H1505/2025",0.672268907563025,108,0.740740740740741,"Y",1,0.0344827586206897,0.96551724137931,1,0.990740740740741
1558221,1987633,"2025-2025_Regular_Session","2025-04-25","House: Third Reading RCS#265",108,0,11,0,119,1,"H","Civil Remedy for Parental Abduction","H1385",2025,"https://legiscan.com/FL/bill/H1385/2025",0.907563025210084,108,1,"Y",1,1,1,1,1
1558239,1987672,"2025-2025_Regular_Session","2025-04-25","House: Third Reading RCS#262",110,0,9,0,119,1,"H","Improving Screening for and Treatment of Blood Clots","H1421",2025,"https://legiscan.com/FL/bill/H1421/2025",0.92436974789916,110,1,"Y",1,1,1,1,1
1558244,1948551,"2025-2025_Regular_Session","2025-04-25","House: Third Reading RCS#255",111,0,8,0,119,1,"H","Toll Exemptions for Purple Heart Medal Recipients","H0313",2025,"https://legiscan.com/FL/bill/H0313/2025",0.932773109243697,111,1,"Y",1,1,1,1,1
1558307,1984889,"2025-2025_Regular_Session","2025-04-25","House: Third Reading RCS#264",78,30,11,0,119,1,"H","Employment","H1225",2025,"https://legiscan.com/FL/bill/H1225/2025",0.65546218487395,108,0.722222222222222,"Y",0.987341772151899,0,1,0.987341772151899,0.990740740740741
1558327,1948479,"2025-2025_Regular_Session","2025-04-25","House: Third Reading RCS#267",107,0,12,0,119,1,"H","Repair of Motorized Wheelchairs","H0311",2025,"https://legiscan.com/FL/bill/H0311/2025",0.899159663865546,107,1,"Y",1,1,1,1,1
1558335,1965376,"2025-2025_Regular_Session","2025-04-25","House: Third Reading RCS#268",107,0,12,0,119,1,"H","Public Education of Background Screening Requirements","H0531",2025,"https://legiscan.com/FL/bill/H0531/2025",0.899159663865546,107,1,"Y",1,1,1,1,1
1558339,1988716,"2025-2025_Regular_Session","2025-04-25","House: Third Reading RCS#266",70,34,15,0,119,1,"H","Gambling","H1467",2025,"https://legiscan.com/FL/bill/H1467/2025",0.588235294117647,104,0.673076923076923,"Y",0.921052631578947,0,1,0.921052631578947,0.942307692307692
1558349,1977811,"2025-2025_Regular_Session","2025-04-25","House: Third Reading RCS#270",107,0,12,0,119,1,"H","Relief/L.E./Department of Children and Families","H6535",2025,"https://legiscan.com/FL/bill/H6535/2025",0.899159663865546,107,1,"Y",1,1,1,1,1
1558497,1958981,"2025-2025_Regular_Session","2025-04-25","House: Third Reading RCS#271",107,0,12,0,119,1,"H","Disability History and Awareness Instruction","H0447",2025,"https://legiscan.com/FL/bill/H0447/2025",0.899159663865546,107,1,"Y",1,1,1,1,1
1558769,1968271,"2025-2025_Regular_Session","2025-03-19","House Intergovernmental Affairs Subcommittee",16,0,0,2,18,1,"H","Dangerous Dogs","H0593",2025,"https://legiscan.com/FL/bill/H0593/2025",0.888888888888889,16,1,"N",1,1,1,1,1
1558770,1968271,"2025-2025_Regular_Session","2025-04-08","House Judiciary Committee",21,0,0,1,22,1,"H","Dangerous Dogs","H0593",2025,"https://legiscan.com/FL/bill/H0593/2025",0.954545454545455,21,1,"N",1,1,1,1,1
1558771,1968271,"2025-2025_Regular_Session","2025-04-17","House State Affairs Committee",23,0,0,3,26,1,"H","Dangerous Dogs","H0593",2025,"https://legiscan.com/FL/bill/H0593/2025",0.884615384615385,23,1,"N",1,1,1,1,1
1558772,1968271,"2025-2025_Regular_Session","2025-04-28","Senate: Third Reading RCS#2",36,0,0,2,38,1,"S","Dangerous Dogs","H0593",2025,"https://legiscan.com/FL/bill/H0593/2025",0.947368421052632,36,1,"Y",1,1,1,1,1
1558791,1904632,"2025-2025_Regular_Session","2025-04-28","Senate: Third Reading RCS#6",36,0,0,2,38,1,"S","Fleeing or Attempting to Elude a Law Enforcement Officer","H0113",2025,"https://legiscan.com/FL/bill/H0113/2025",0.947368421052632,36,1,"Y",1,1,1,1,1
1558792,1967112,"2025-2025_Regular_Session","2025-04-28","Senate: Third Reading RCS#21",36,0,0,2,38,1,"S","Relief/Jacob Rodgers/City of Gainesville","H6521",2025,"https://legiscan.com/FL/bill/H6521/2025",0.947368421052632,36,1,"Y",1,1,1,1,1
1558805,1984179,"2025-2025_Regular_Session","2025-04-28","Senate: Third Reading RCS#14",36,0,0,2,38,1,"S","Utility Service Restrictions","H1137",2025,"https://legiscan.com/FL/bill/H1137/2025",0.947368421052632,36,1,"Y",1,1,1,1,1
1558856,1975029,"2025-2025_Regular_Session","2025-04-28","Senate: Third Reading RCS#19",36,0,0,2,38,1,"S","Law Enforcement, Correctional, and Correctional Probation Officer Benefits","H0751",2025,"https://legiscan.com/FL/bill/H0751/2025",0.947368421052632,36,1,"Y",1,1,1,1,1
1558857,1958981,"2025-2025_Regular_Session","2025-04-28","Senate: Third Reading RCS#10",35,0,0,3,38,1,"S","Disability History and Awareness Instruction","H0447",2025,"https://legiscan.com/FL/bill/H0447/2025",0.921052631578947,35,1,"Y",1,1,1,1,1
1558862,1965376,"2025-2025_Regular_Session","2025-04-28","Senate: Third Reading RCS#13",36,0,0,2,38,1,"S","Public Education of Background Screening Requirements","H0531",2025,"https://legiscan.com/FL/bill/H0531/2025",0.947368421052632,36,1,"Y",1,1,1,1,1
1558864,1964260,"2025-2025_Regular_Session","2025-04-28","Senate: Third Reading RCS#12",35,0,0,3,38,1,"S","Fees/Florida Manufacturing Promotional Campaign","S0602",2025,"https://legiscan.com/FL/bill/S0602/2025",0.921052631578947,35,1,"Y",1,1,1,1,1
1558940,1981821,"2025-2025_Regular_Session","2025-04-28","Senate: Third Reading RCS#3",26,8,2,2,38,1,"S","Local Government Land Regulation","S1080",2025,"https://legiscan.com/FL/bill/S1080/2025",0.684210526315789,34,0.764705882352941,"Y",1,0.272727272727273,0.727272727272727,1,0.911764705882353
1558948,1981574,"2025-2025_Regular_Session","2025-04-28","Senate: Third Reading RCS#16",35,0,1,2,38,1,"S","Medicaid Oversight","S1060",2025,"https://legiscan.com/FL/bill/S1060/2025",0.921052631578947,35,1,"Y",1,1,1,1,1
1558965,1964238,"2025-2025_Regular_Session","2025-04-28","Senate: Third Reading RCS#11",35,0,0,3,38,1,"S","Manufacturing","S0600",2025,"https://legiscan.com/FL/bill/S0600/2025",0.921052631578947,35,1,"Y",1,1,1,1,1
1558980,1976731,"2025-2025_Regular_Session","2025-04-28","Senate: Third Reading RCS#18",36,0,0,2,38,1,"S","Veteran and Spouse Nursing Home Beds","H0797",2025,"https://legiscan.com/FL/bill/H0797/2025",0.947368421052632,36,1,"Y",1,1,1,1,1
1559000,1961566,"2025-2025_Regular_Session","2025-04-28","Senate: Third Reading RCS#9",35,0,0,3,38,1,"S","Disability History and Awareness Instruction","S0540",2025,"https://legiscan.com/FL/bill/S0540/2025",0.921052631578947,35,1,"Y",1,1,1,1,1
1559017,1987672,"2025-2025_Regular_Session","2025-04-28","Senate: Third Reading RCS#5",36,0,0,2,38,1,"S","Improving Screening for and Treatment of Blood Clots","H1421",2025,"https://legiscan.com/FL/bill/H1421/2025",0.947368421052632,36,1,"Y",1,1,1,1,1
1559033,1893073,"2025-2025_Regular_Session","2025-04-28","Senate: Third Reading RCS#17",36,0,0,2,38,1,"S","Health Facilities","S0068",2025,"https://legiscan.com/FL/bill/S0068/2025",0.947368421052632,36,1,"Y",1,1,1,1,1
1559037,1984946,"2025-2025_Regular_Session","2025-04-28","Senate: Third Reading RCS#4",35,0,1,2,38,1,"S","Vessels","S1388",2025,"https://legiscan.com/FL/bill/S1388/2025",0.921052631578947,35,1,"Y",1,1,1,1,1
1559073,1988494,"2025-2025_Regular_Session","2025-04-28","Senate: Third Reading RCS#24",27,11,0,0,38,1,"S","Capital Human Trafficking of Vulnerable Persons for Sexual Exploitation","S1804",2025,"https://legiscan.com/FL/bill/S1804/2025",0.710526315789474,38,0.710526315789474,"Y",0.925925925925926,0.181818181818182,0.818181818181818,0.925925925925926,0.894736842105263
1559142,1985708,"2025-2025_Regular_Session","2025-04-28","Senate: Third Reading RCS#20",35,0,0,3,38,1,"S","Human Trafficking Awareness","H1237",2025,"https://legiscan.com/FL/bill/H1237/2025",0.921052631578947,35,1,"Y",1,1,1,1,1
1559246,1980680,"2025-2025_Regular_Session","2025-04-28","Senate: Third Reading RCS#22",36,0,1,1,38,1,"S","Advertisements for Representation Services","H0915",2025,"https://legiscan.com/FL/bill/H0915/2025",0.947368421052632,36,1,"Y",1,1,1,1,1
1559289,1979881,"2025-2025_Regular_Session","2025-04-28","Senate: Third Reading RCS#8",36,0,0,2,38,1,"S","Timeshare Plan Management","H0897",2025,"https://legiscan.com/FL/bill/H0897/2025",0.947368421052632,36,1,"Y",1,1,1,1,1
1559292,1953605,"2025-2025_Regular_Session","2025-04-28","Senate: Third Reading RCS#7",33,3,0,2,38,1,"S","Purchase and Possession of Firearms by Law Enforcement Officers, Correctional Officers, Correctional Probation Officers, and Servicemembers","H0383",2025,"https://legiscan.com/FL/bill/H0383/2025",0.868421052631579,36,0.916666666666667,"Y",1,0.727272727272727,0.727272727272727,1,0.916666666666667
1559299,1982937,"2025-2025_Regular_Session","2025-04-28","Senate: Third Reading RCS#23",37,0,0,1,38,1,"S","Criminal Offender Substance Abuse Program","H1095",2025,"https://legiscan.com/FL/bill/H1095/2025",0.973684210526316,37,1,"Y",1,1,1,1,1
1559572,1986613,"2025-2025_Regular_Session","2025-04-28","Senate: Third Reading RCS#15",36,0,0,2,38,1,"S","Educational Opportunities for Military Children","S1528",2025,"https://legiscan.com/FL/bill/S1528/2025",0.947368421052632,36,1,"Y",1,1,1,1,1
1559666,1969535,"2025-2025_Regular_Session","2025-04-29","House: Third Reading RCS#275",88,27,4,0,119,1,"H","Department of Agriculture and Consumer Services","S0700",2025,"https://legiscan.com/FL/bill/S0700/2025",0.739495798319328,115,0.765217391304348,"Y",1,0.15625,0.84375,1,0.956521739130435
1559667,1954083,"2025-2025_Regular_Session","2025-04-29","Senate: Third Reading RCS#7",37,0,1,0,38,1,"S","My Safe Florida Condominium Pilot Program","H0393",2025,"https://legiscan.com/FL/bill/H0393/2025",0.973684210526316,37,1,"Y",1,1,1,1,1
1559670,1974729,"2025-2025_Regular_Session","2025-04-29","Senate: Third Reading RCS#5",37,0,1,0,38,1,"S","Spectrum Alert","H0711",2025,"https://legiscan.com/FL/bill/H0711/2025",0.973684210526316,37,1,"Y",1,1,1,1,1
1559680,1977185,"2025-2025_Regular_Session","2025-04-29","House: Third Reading RCS#281",114,0,5,0,119,1,"H","Third-party Reservation Platforms","S0940",2025,"https://legiscan.com/FL/bill/S0940/2025",0.957983193277311,114,1,"Y",1,1,1,1,1
1559686,1987641,"2025-2025_Regular_Session","2025-04-29","House: Third Reading RCS#274",108,0,11,0,119,1,"H","Beaches","S1622",2025,"https://legiscan.com/FL/bill/S1622/2025",0.907563025210084,108,1,"Y",1,1,1,1,1
1559700,1977478,"2025-2025_Regular_Session","2025-04-29","House: Third Reading RCS#284",114,0,5,0,119,1,"H","Flood Disclosures","S0948",2025,"https://legiscan.com/FL/bill/S0948/2025",0.957983193277311,114,1,"Y",1,1,1,1,1
1559701,1956553,"2025-2025_Regular_Session","2025-04-29","Senate: Third Reading RCS#3",35,3,0,0,38,1,"S","Mitigation Banks","S0492",2025,"https://legiscan.com/FL/bill/S0492/2025",0.921052631578947,38,0.921052631578947,"Y",1,0.727272727272727,0.727272727272727,1,0.921052631578947
1559708,1979604,"2025-2025_Regular_Session","2025-04-29","House: Third Reading RCS#277",112,0,7,0,119,1,"H","Driver License Education Requirements","S0994",2025,"https://legiscan.com/FL/bill/S0994/2025",0.941176470588235,112,1,"Y",1,1,1,1,1
1559715,1977285,"2025-2025_Regular_Session","2025-04-29","House: Third Reading RCS#288",115,0,4,0,119,1,"H","Insurance Overpayment Claims Submitted to Psychologists","S0944",2025,"https://legiscan.com/FL/bill/S0944/2025",0.966386554621849,115,1,"Y",1,1,1,1,1
1559727,1927121,"2025-2025_Regular_Session","2025-04-29","House: Third Reading RCS#295",116,0,3,0,119,1,"H","Middle School and High School Start Times","S0296",2025,"https://legiscan.com/FL/bill/S0296/2025",0.974789915966387,116,1,"Y",1,1,1,1,1
1559731,1908822,"2025-2025_Regular_Session","2025-04-29","House: Third Reading RCS#289",116,0,3,0,119,1,"H","Coverage for Diagnostic and Supplemental Breast Examinations","S0158",2025,"https://legiscan.com/FL/bill/S0158/2025",0.974789915966387,116,1,"Y",1,1,1,1,1
1559754,1897268,"2025-2025_Regular_Session","2025-04-29","House: Third Reading RCS#300",115,0,4,0,119,1,"H","Exploitation of Vulnerable Adults","S0106",2025,"https://legiscan.com/FL/bill/S0106/2025",0.966386554621849,115,1,"Y",1,1,1,1,1
1559778,1988942,"2025-2025_Regular_Session","2025-04-29","House: Third Reading RCS#285",109,3,7,0,119,1,"H","Affordable Housing","S1730",2025,"https://legiscan.com/FL/bill/S1730/2025",0.915966386554622,112,0.973214285714286,"Y",0.963414634146341,1,1,0.963414634146341,0.973214285714286
1559780,1982813,"2025-2025_Regular_Session","2025-04-29","Senate: Third Reading RCS#6",36,0,2,0,38,1,"S","Newborn Screenings","H1089",2025,"https://legiscan.com/FL/bill/H1089/2025",0.947368421052632,36,1,"Y",1,1,1,1,1
1559788,1987276,"2025-2025_Regular_Session","2025-04-29","Senate: Third Reading RCS#15",37,0,1,0,38,1,"S","Feasibility Study Relating to Statewide Pawn Data Database","H1359",2025,"https://legiscan.com/FL/bill/H1359/2025",0.973684210526316,37,1,"Y",1,1,1,1,1
1559793,1979933,"2025-2025_Regular_Session","2025-04-29","Senate: Third Reading RCS#11",37,0,1,0,38,1,"S","Court-appointed Psychologists","H0901",2025,"https://legiscan.com/FL/bill/H0901/2025",0.973684210526316,37,1,"Y",1,1,1,1,1
1559794,1988251,"2025-2025_Regular_Session","2025-04-29","House: Third Reading RCS#276",103,7,9,0,119,1,"H","Transportation","S1662",2025,"https://legiscan.com/FL/bill/S1662/2025",0.865546218487395,110,0.936363636363636,"Y",1,0.740740740740741,0.740740740740741,1,0.936363636363636
1559796,1964289,"2025-2025_Regular_Session","2025-04-29","House: Third Reading RCS#292",116,0,3,0,119,1,"H","Young Adult Housing Support","S0584",2025,"https://legiscan.com/FL/bill/S0584/2025",0.974789915966387,116,1,"Y",1,1,1,1,1
1559798,1923039,"2025-2025_Regular_Session","2025-04-29","House: Third Reading RCS#303",115,0,4,0,119,1,"H","Warranty Associations","S0282",2025,"https://legiscan.com/FL/bill/S0282/2025",0.966386554621849,115,1,"Y",1,1,1,1,1
1559809,1985442,"2025-2025_Regular_Session","2025-04-29","House: Third Reading RCS#296",115,0,4,0,119,1,"H","School District Reporting Requirements","S1374",2025,"https://legiscan.com/FL/bill/S1374/2025",0.966386554621849,115,1,"Y",1,1,1,1,1
1559813,1982781,"2025-2025_Regular_Session","2025-04-29","House: Third Reading RCS#273",109,0,10,0,119,1,"H","Spring Restoration","S1228",2025,"https://legiscan.com/FL/bill/S1228/2025",0.915966386554622,109,1,"Y",1,1,1,1,1
1559819,1930979,"2025-2025_Regular_Session","2025-04-29","House: Third Reading RCS#282",111,0,8,0,119,1,"H","Property Rights","S0322",2025,"https://legiscan.com/FL/bill/S0322/2025",0.932773109243697,111,1,"Y",1,1,1,1,1
1559866,1942526,"2025-2025_Regular_Session","2025-04-29","Senate: Third Reading RCS#4",37,0,1,0,38,1,"S","Aggravated Animal Cruelty","H0255",2025,"https://legiscan.com/FL/bill/H0255/2025",0.973684210526316,37,1,"Y",1,1,1,1,1
1559871,1984383,"2025-2025_Regular_Session","2025-04-29","Senate: Third Reading RCS#8",37,0,1,0,38,1,"S","Workforce Education","H1145",2025,"https://legiscan.com/FL/bill/H1145/2025",0.973684210526316,37,1,"Y",1,1,1,1,1
1559890,1981326,"2025-2025_Regular_Session","2025-04-29","Senate: Third Reading RCS#17",38,0,0,0,38,1,"S","Department of Highway Safety and Motor Vehicles","H0961",2025,"https://legiscan.com/FL/bill/H0961/2025",1,38,1,"Y",1,1,1,1,1
1559916,1951666,"2025-2025_Regular_Session","2025-04-29","House: Third Reading RCS#313",114,0,5,0,119,1,"H","Transportation","S0462",2025,"https://legiscan.com/FL/bill/S0462/2025",0.957983193277311,114,1,"Y",1,1,1,1,1
1559917,1983070,"2025-2025_Regular_Session","2025-04-29","Senate: Third Reading RCS#14",37,0,1,0,38,1,"S","Substance Abuse and Mental Health Care","H1091",2025,"https://legiscan.com/FL/bill/H1091/2025",0.973684210526316,37,1,"Y",1,1,1,1,1
1559929,1885988,"2025-2025_Regular_Session","2025-04-29","Senate: Third Reading RCS#24",38,0,0,0,38,1,"S","Relief of Sidney Holmes by the State of Florida","S0010",2025,"https://legiscan.com/FL/bill/S0010/2025",1,38,1,"Y",1,1,1,1,1
1559930,1954289,"2025-2025_Regular_Session","2025-04-29","House: Third Reading RCS#287",114,0,5,0,119,1,"H","Nonprofit Agricultural Organization Medical Benefit Plans","S0480",2025,"https://legiscan.com/FL/bill/S0480/2025",0.957983193277311,114,1,"Y",1,1,1,1,1
1559932,1917016,"2025-2025_Regular_Session","2025-04-29","House: Third Reading RCS#322",116,0,3,0,119,1,"H","Criminal Offenses Against Law Enforcement Officers and Other Personnel","S0234",2025,"https://legiscan.com/FL/bill/S0234/2025",0.974789915966387,116,1,"Y",1,1,1,1,1
1559934,1974993,"2025-2025_Regular_Session","2025-04-29","House: Third Reading RCS#319",115,0,4,0,119,1,"H","Probation for Misdemeanor Offenses","S0878",2025,"https://legiscan.com/FL/bill/S0878/2025",0.966386554621849,115,1,"Y",1,1,1,1,1
1559939,1963769,"2025-2025_Regular_Session","2025-04-29","House: Third Reading RCS#280",115,0,4,0,119,1,"H","Wine Containers","S0578",2025,"https://legiscan.com/FL/bill/S0578/2025",0.966386554621849,115,1,"Y",1,1,1,1,1
1559946,1946221,"2025-2025_Regular_Session","2025-04-29","Senate: Third Reading RCS#2",38,0,0,0,38,1,"S","Comprehensive Waste Reduction and Recycling Plan","H0295",2025,"https://legiscan.com/FL/bill/H0295/2025",1,38,1,"Y",1,1,1,1,1
1559958,1988472,"2025-2025_Regular_Session","2025-04-29","House: Third Reading RCS#308",111,3,5,0,119,1,"H","Entities that Boycott Israel","S1678",2025,"https://legiscan.com/FL/bill/S1678/2025",0.932773109243697,114,0.973684210526316,"Y",1,0.903225806451613,0.903225806451613,1,0.973684210526316
1559959,1984167,"2025-2025_Regular_Session","2025-04-29","Senate: Third Reading RCS#23",36,2,0,0,38,1,"S","Fish and Wildlife Conservation Commission","H1133",2025,"https://legiscan.com/FL/bill/H1133/2025",0.947368421052632,38,0.947368421052632,"Y",1,0.818181818181818,0.818181818181818,1,0.947368421052632
1559963,1971304,"2025-2025_Regular_Session","2025-04-29","House: Third Reading RCS#307",113,0,6,0,119,1,"H","Foreign Countries of Concern","S0768",2025,"https://legiscan.com/FL/bill/S0768/2025",0.949579831932773,113,1,"Y",1,1,1,1,1
1559983,1960474,"2025-2025_Regular_Session","2025-04-29","House: Third Reading RCS#301",115,0,4,0,119,1,"H","State Courts System","S0538",2025,"https://legiscan.com/FL/bill/S0538/2025",0.966386554621849,115,1,"Y",1,1,1,1,1
1559987,1886094,"2025-2025_Regular_Session","2025-04-29","Senate: Third Reading RCS#25",37,0,1,0,38,1,"S","Relief of Kristen and Lia McIntosh by the Department of Agriculture and Consumer Services","S0026",2025,"https://legiscan.com/FL/bill/S0026/2025",0.973684210526316,37,1,"Y",1,1,1,1,1
1559996,1942081,"2025-2025_Regular_Session","2025-04-29","House: Third Reading RCS#278",112,0,7,0,119,1,"H","Telecommunications Access System Act of 1991","S0344",2025,"https://legiscan.com/FL/bill/S0344/2025",0.941176470588235,112,1,"Y",1,1,1,1,1
1560005,1953383,"2025-2025_Regular_Session","2025-04-29","House: Third Reading RCS#318",115,0,4,0,119,1,"H","Education in Correctional Facilities for Professional Licensure","S0472",2025,"https://legiscan.com/FL/bill/S0472/2025",0.966386554621849,115,1,"Y",1,1,1,1,1
1560014,1983166,"2025-2025_Regular_Session","2025-04-29","Senate: Third Reading RCS#13",37,0,1,0,38,1,"S","Home Health Aide for Medically Fragile Children Program","S1156",2025,"https://legiscan.com/FL/bill/S1156/2025",0.973684210526316,37,1,"Y",1,1,1,1,1
1560015,1988285,"2025-2025_Regular_Session","2025-04-29","House: Third Reading RCS#299",115,0,4,0,119,1,"H","Public Records/Pleading, Request for Relief, or Other Document Stricken by a Court","S1652",2025,"https://legiscan.com/FL/bill/S1652/2025",0.966386554621849,115,1,"Y",1,1,1,1,1
1560019,1903465,"2025-2025_Regular_Session","2025-04-29","House: Third Reading RCS#326",109,0,10,0,119,1,"H","Abandoning Restrained Dogs During Natural Disasters","S0150",2025,"https://legiscan.com/FL/bill/S0150/2025",0.915966386554622,109,1,"Y",1,1,1,1,1
1560031,1984595,"2025-2025_Regular_Session","2025-04-29","House: Third Reading RCS#294",116,0,3,0,119,1,"H","Students Enrolled in Dropout Retrieval Programs","S1402",2025,"https://legiscan.com/FL/bill/S1402/2025",0.974789915966387,116,1,"Y",1,1,1,1,1
1560038,1987557,"2025-2025_Regular_Session","2025-04-29","House: Third Reading RCS#290",115,0,4,0,119,1,"H","Background Screening of Athletic Coaches","S1546",2025,"https://legiscan.com/FL/bill/S1546/2025",0.966386554621849,115,1,"Y",1,1,1,1,1
1560052,1987737,"2025-2025_Regular_Session","2025-04-29","House: Third Reading RCS#312",115,1,3,0,119,1,"H","Emergencies","S0180",2025,"https://legiscan.com/FL/bill/S0180/2025",0.966386554621849,116,0.991379310344828,"Y",0.988095238095238,1,1,0.988095238095238,0.991379310344828
1560058,1920331,"2025-2025_Regular_Session","2025-04-29","Senate: Third Reading RCS#10",37,0,1,0,38,1,"S","Parole","H0181",2025,"https://legiscan.com/FL/bill/H0181/2025",0.973684210526316,37,1,"Y",1,1,1,1,1
1560064,1963580,"2025-2025_Regular_Session","2025-04-29","House: Third Reading RCS#340",115,0,4,0,119,1,"H","Public Records and Meetings/NG911 Systems","S7006",2025,"https://legiscan.com/FL/bill/S7006/2025",0.966386554621849,115,1,"Y",1,1,1,1,1
1560074,1983449,"2025-2025_Regular_Session","2025-04-29","House: Third Reading RCS#298",115,0,4,0,119,1,"H","Fraudulent Use of Gift Cards","S1198",2025,"https://legiscan.com/FL/bill/S1198/2025",0.966386554621849,115,1,"Y",1,1,1,1,1
1560075,2006597,"2025-2025_Regular_Session","2025-04-29","House: Third Reading RCS#336",116,0,3,0,119,1,"H","OGSR/Agency Cybersecurity Information","S7020",2025,"https://legiscan.com/FL/bill/S7020/2025",0.974789915966387,116,1,"Y",1,1,1,1,1
1560087,1885934,"2025-2025_Regular_Session","2025-04-29","House: Third Reading RCS#329",116,0,3,0,119,1,"H","Relief of Darline Angervil and J.R. by the South Broward Hospital District","S0028",2025,"https://legiscan.com/FL/bill/S0028/2025",0.974789915966387,116,1,"Y",1,1,1,1,1
1560107,1972281,"2025-2025_Regular_Session","2025-04-29","House: Third Reading RCS#283",115,0,4,0,119,1,"H","Platting","S0784",2025,"https://legiscan.com/FL/bill/S0784/2025",0.966386554621849,115,1,"Y",1,1,1,1,1
1560114,1983147,"2025-2025_Regular_Session","2025-04-29","Senate: Third Reading RCS#16",37,0,1,0,38,1,"S","Department of Law Enforcement","H1053",2025,"https://legiscan.com/FL/bill/H1053/2025",0.973684210526316,37,1,"Y",1,1,1,1,1
1560117,1963657,"2025-2025_Regular_Session","2025-04-29","House: Third Reading RCS#315",115,1,3,0,119,1,"H","Unlawful Demolition of Historical Buildings and Structures","S0582",2025,"https://legiscan.com/FL/bill/S0582/2025",0.966386554621849,116,0.991379310344828,"Y",0.988095238095238,1,1,0.988095238095238,0.991379310344828
1560119,1987696,"2025-2025_Regular_Session","2025-04-29","House: Third Reading RCS#291",116,0,3,0,119,1,"H","Mental Health and Substance Use Disorders","S1620",2025,"https://legiscan.com/FL/bill/S1620/2025",0.974789915966387,116,1,"Y",1,1,1,1,1
1560124,1964918,"2025-2025_Regular_Session","2025-04-29","House: Third Reading RCS#321",113,1,5,0,119,1,"H","Unlawful Distribution of Controlled Substances Resulting in Death","S0612",2025,"https://legiscan.com/FL/bill/S0612/2025",0.949579831932773,114,0.991228070175439,"Y",1,0.966666666666667,0.966666666666667,1,0.991228070175439
1560131,1977164,"2025-2025_Regular_Session","2025-04-29","Senate: Third Reading RCS#9",35,0,3,0,38,1,"S","Statewide Study on Automation and Workforce Impact","H0827",2025,"https://legiscan.com/FL/bill/H0827/2025",0.921052631578947,35,1,"Y",1,1,1,1,1
1560138,1982284,"2025-2025_Regular_Session","2025-04-29","House: Third Reading RCS#293",116,0,3,0,119,1,"H","School Readiness Program","S1102",2025,"https://legiscan.com/FL/bill/S1102/2025",0.974789915966387,116,1,"Y",1,1,1,1,1
1560143,1919924,"2025-2025_Regular_Session","2025-04-29","House: Third Reading RCS#334",113,2,4,0,119,1,"H","Public Records/Congressional Members and Public Officers","S0268",2025,"https://legiscan.com/FL/bill/S0268/2025",0.949579831932773,115,0.982608695652174,"Y",1,0.935483870967742,0.935483870967742,1,0.982608695652174
1560149,1988832,"2025-2025_Regular_Session","2025-04-29","Senate: Third Reading RCS#12",37,0,1,0,38,1,"S","Sexual Cyberharassment","H1451",2025,"https://legiscan.com/FL/bill/H1451/2025",0.973684210526316,37,1,"Y",1,1,1,1,1
1560166,1979142,"2025-2025_Regular_Session","2025-04-29","House: Third Reading RCS#286",115,0,4,0,119,1,"H","Type 1 Diabetes Early Detection Program","S0958",2025,"https://legiscan.com/FL/bill/S0958/2025",0.966386554621849,115,1,"Y",1,1,1,1,1
1560179,1970800,"2025-2025_Regular_Session","2025-04-29","Senate: Third Reading RCS#18",38,0,0,0,38,1,"S","Behavioral Health Managing Entities","H0633",2025,"https://legiscan.com/FL/bill/H0633/2025",1,38,1,"Y",1,1,1,1,1
1560220,1947432,"2025-2025_Regular_Session","2025-04-29","House: Third Reading RCS#311",111,0,8,0,119,1,"H","Administrative Procedures","S0108",2025,"https://legiscan.com/FL/bill/S0108/2025",0.932773109243697,111,1,"Y",1,1,1,1,1
1560221,1917185,"2025-2025_Regular_Session","2025-04-29","House: Third Reading RCS#297",116,0,3,0,119,1,"H","Debt Collection","S0232",2025,"https://legiscan.com/FL/bill/S0232/2025",0.974789915966387,116,1,"Y",1,1,1,1,1
1560223,1942180,"2025-2025_Regular_Session","2025-04-29","House: Third Reading RCS#310",114,0,5,0,119,1,"H","Ethics","S0348",2025,"https://legiscan.com/FL/bill/S0348/2025",0.957983193277311,114,1,"Y",1,1,1,1,1
1560252,1973249,"2025-2025_Regular_Session","2025-04-29","House: Third Reading RCS#314",114,0,5,0,119,1,"H","General Permits for Distributed Wastewater Treatment Systems","S0796",2025,"https://legiscan.com/FL/bill/S0796/2025",0.957983193277311,114,1,"Y",1,1,1,1,1
1560257,1963716,"2025-2025_Regular_Session","2025-04-29","House: Third Reading RCS#339",115,0,4,0,119,1,"H","OGSR/Applicants or Participants in Certain Federal, State, or Local Housing Assistance Programs","S7004",2025,"https://legiscan.com/FL/bill/S7004/2025",0.966386554621849,115,1,"Y",1,1,1,1,1
1560258,1951899,"2025-2025_Regular_Session","2025-04-29","House: Third Reading RCS#338",113,2,4,0,119,1,"H","OGSR/Site-specific Location Information for Endangered and Threatened Species","S7000",2025,"https://legiscan.com/FL/bill/S7000/2025",0.949579831932773,115,0.982608695652174,"Y",1,0.935483870967742,0.935483870967742,1,0.982608695652174
1560259,1988264,"2025-2025_Regular_Session","2025-04-29","House: Third Reading RCS#333",114,0,5,0,119,1,"H","Public Records/Lethality Assessment Forms","S1640",2025,"https://legiscan.com/FL/bill/S1640/2025",0.957983193277311,114,1,"Y",1,1,1,1,1
1560280,1994035,"2025-2025_Regular_Session","2025-04-29","House: Third Reading RCS#335",115,0,4,0,119,1,"H","OGSR/Parental Consent Requirements Before Terminating a Pregnancy","S7018",2025,"https://legiscan.com/FL/bill/S7018/2025",0.966386554621849,115,1,"Y",1,1,1,1,1
1560281,1885961,"2025-2025_Regular_Session","2025-04-29","House: Third Reading RCS#332",114,0,5,0,119,1,"H","Relief of Eric Miles, Jr., and Jennifer Miles by the South Broward Hospital District","S0022",2025,"https://legiscan.com/FL/bill/S0022/2025",0.957983193277311,114,1,"Y",1,1,1,1,1
1560308,1964855,"2025-2025_Regular_Session","2025-04-29","Senate: Third Reading RCS#28",37,1,0,0,38,1,"S","Jai Alai Permitholders","S0622",2025,"https://legiscan.com/FL/bill/S0622/2025",0.973684210526316,38,0.973684210526316,"Y",0.962962962962963,1,1,0.962962962962963,0.973684210526316
1560314,1918834,"2025-2025_Regular_Session","2025-04-29","House: Third Reading RCS#302",114,0,5,0,119,1,"H","Trusts","S0262",2025,"https://legiscan.com/FL/bill/S0262/2025",0.957983193277311,114,1,"Y",1,1,1,1,1
1560332,1985481,"2025-2025_Regular_Session","2025-04-29","House: Third Reading RCS#317",114,0,5,0,119,1,"H","Juvenile Justice","S1344",2025,"https://legiscan.com/FL/bill/S1344/2025",0.957983193277311,114,1,"Y",1,1,1,1,1
1560350,1984362,"2025-2025_Regular_Session","2025-04-29","House: Third Reading RCS#316",116,0,3,0,119,1,"H","Harming or Neglecting Children","S1286",2025,"https://legiscan.com/FL/bill/S1286/2025",0.974789915966387,116,1,"Y",1,1,1,1,1
1560358,1942300,"2025-2025_Regular_Session","2025-04-29","House: Third Reading RCS#309",114,0,5,0,119,1,"H","Holocaust Remembrance Day","S0356",2025,"https://legiscan.com/FL/bill/S0356/2025",0.957983193277311,114,1,"Y",1,1,1,1,1
1560362,1976023,"2025-2025_Regular_Session","2025-04-29","House: Third Reading RCS#324",114,0,5,0,119,1,"H","Veterans' Benefits Assistance","S0910",2025,"https://legiscan.com/FL/bill/S0910/2025",0.957983193277311,114,1,"Y",1,1,1,1,1
1560363,1983199,"2025-2025_Regular_Session","2025-04-29","House: Third Reading RCS#323",116,0,3,0,119,1,"H","Benefits for Firefighters Injured During Training Exercises","S1202",2025,"https://legiscan.com/FL/bill/S1202/2025",0.974789915966387,116,1,"Y",1,1,1,1,1
1560373,1886227,"2025-2025_Regular_Session","2025-04-29","House: Third Reading RCS#330",115,0,4,0,119,1,"H","Relief of the Estate of Peniel Janvier by the City of Miami Beach","S0014",2025,"https://legiscan.com/FL/bill/S0014/2025",0.966386554621849,115,1,"Y",1,1,1,1,1
1560436,1886040,"2025-2025_Regular_Session","2025-04-29","House: Third Reading RCS#328",116,0,3,0,119,1,"H","Relief of Marcus Button by the Pasco County School Board","S0008",2025,"https://legiscan.com/FL/bill/S0008/2025",0.974789915966387,116,1,"Y",1,1,1,1,1
1560454,1989225,"2025-2025_Regular_Session","2025-04-29","Senate: Third Reading RCS#26",38,0,0,0,38,1,"S","Parkinson's Disease","H1545",2025,"https://legiscan.com/FL/bill/H1545/2025",1,38,1,"Y",1,1,1,1,1
1560457,1897545,"2025-2025_Regular_Session","2025-04-29","House: Third Reading RCS#325",89,20,10,0,119,1,"H","Regulation of Presidential Libraries","S0118",2025,"https://legiscan.com/FL/bill/S0118/2025",0.747899159663866,109,0.81651376146789,"Y",1,0.2,0.8,1,0.954128440366973
1560460,1987236,"2025-2025_Regular_Session","2025-04-29","Senate: Third Reading RCS#30",37,0,1,0,38,1,"S","Law Enforcement Officers and Other Personnel","H1371",2025,"https://legiscan.com/FL/bill/H1371/2025",0.973684210526316,37,1,"Y",1,1,1,1,1
1560525,1898257,"2025-2025_Regular_Session","2025-04-29","House: Third Reading RCS#327",116,0,3,0,119,1,"H","Compensation of Victims of Wrongful Incarceration","S0130",2025,"https://legiscan.com/FL/bill/S0130/2025",0.974789915966387,116,1,"Y",1,1,1,1,1
1560528,1928340,"2025-2025_Regular_Session","2025-04-29","House: Third Reading RCS#304",115,0,4,0,119,1,"H","Limited Liability Companies","S0316",2025,"https://legiscan.com/FL/bill/S0316/2025",0.966386554621849,115,1,"Y",1,1,1,1,1
1560559,1886200,"2025-2025_Regular_Session","2025-04-29","House: Third Reading RCS#331",113,0,6,0,119,1,"H","Relief of J.N., a Minor, by Hillsborough County","S0020",2025,"https://legiscan.com/FL/bill/S0020/2025",0.949579831932773,113,1,"Y",1,1,1,1,1
1560570,1977941,"2025-2025_Regular_Session","2025-04-29","Senate: Third Reading RCS#29",38,0,0,0,38,1,"S","School Readiness Program","H0859",2025,"https://legiscan.com/FL/bill/H0859/2025",1,38,1,"Y",1,1,1,1,1
1560572,1983455,"2025-2025_Regular_Session","2025-04-29","House: Third Reading RCS#320",116,0,3,0,119,1,"H","Installation or Use of Tracking Devices or Applications","S1168",2025,"https://legiscan.com/FL/bill/S1168/2025",0.974789915966387,116,1,"Y",1,1,1,1,1
1560594,1981805,"2025-2025_Regular_Session","2025-04-29","Senate: Third Reading RCS#27",38,0,0,0,38,1,"S","Legal Tender","H0999",2025,"https://legiscan.com/FL/bill/H0999/2025",1,38,1,"Y",1,1,1,1,1
1560603,1981409,"2025-2025_Regular_Session","2025-04-29","House: Third Reading RCS#337",114,0,5,0,119,1,"H","OGSR/Department of Financial Services","S7010",2025,"https://legiscan.com/FL/bill/S7010/2025",0.957983193277311,114,1,"Y",1,1,1,1,1
1560620,1986883,"2025-2025_Regular_Session","2025-04-29","House: Third Reading RCS#279",115,0,4,0,119,1,"H","Aerospace Industry","S1516",2025,"https://legiscan.com/FL/bill/S1516/2025",0.966386554621849,115,1,"Y",1,1,1,1,1
1560642,1979950,"2025-2025_Regular_Session","2025-04-29","Senate: Third Reading RCS#31",22,16,0,0,38,1,"S","Corrections","H0903",2025,"https://legiscan.com/FL/bill/H0903/2025",0.578947368421053,38,0.578947368421053,"Y",0.407407407407407,1,1,0.592592592592593,0.710526315789474
1560643,1979950,"2025-2025_Regular_Session","2025-04-29","Senate: Third Reading RCS#32",26,11,1,0,38,1,"S","Corrections","H0903",2025,"https://legiscan.com/FL/bill/H0903/2025",0.684210526315789,37,0.702702702702703,"Y",0.923076923076923,0.181818181818182,0.818181818181818,0.923076923076923,0.891891891891892
1560806,1967572,"2025-2025_Regular_Session","2025-04-29","House: Third Reading RCS#305",115,0,4,0,119,1,"H","Pawnbroker Transaction Forms","S0678",2025,"https://legiscan.com/FL/bill/S0678/2025",0.966386554621849,115,1,"Y",1,1,1,1,1
1561245,1985598,"2025-2025_Regular_Session","2025-04-29","House: Third Reading RCS#306",115,0,4,0,119,1,"H","Postjudgment Execution Proceedings Relating to Terrorism","S1430",2025,"https://legiscan.com/FL/bill/S1430/2025",0.966386554621849,115,1,"Y",1,1,1,1,1
1561617,1927412,"2025-2025_Regular_Session","2025-04-30","Senate: Third Reading RCS#3",37,0,0,1,38,1,"S","Medicaid Providers","S0306",2025,"https://legiscan.com/FL/bill/S0306/2025",0.973684210526316,37,1,"Y",1,1,1,1,1
1561654,1973282,"2025-2025_Regular_Session","2025-04-30","Senate: Third Reading RCS#2",37,0,0,1,38,1,"S","Driving and Boating Offenses","H0687",2025,"https://legiscan.com/FL/bill/H0687/2025",0.973684210526316,37,1,"Y",1,1,1,1,1
1561684,1979950,"2025-2025_Regular_Session","2025-03-26","House Criminal Justice Subcommittee",14,3,0,1,18,1,"H","Corrections","H0903",2025,"https://legiscan.com/FL/bill/H0903/2025",0.777777777777778,17,0.823529411764706,"N",1,0.25,0.75,1,0.941176470588235
1561685,1979950,"2025-2025_Regular_Session","2025-04-02","House Judiciary Committee",16,5,0,1,22,1,"H","Corrections","H0903",2025,"https://legiscan.com/FL/bill/H0903/2025",0.727272727272727,21,0.761904761904762,"N",1,0,1,1,1
1561772,1956553,"2025-2025_Regular_Session","2025-04-30","House: Third Reading RCS#342",87,26,6,0,119,1,"H","Mitigation Banks","S0492",2025,"https://legiscan.com/FL/bill/S0492/2025",0.73109243697479,113,0.769911504424779,"Y",0.987951807228916,0.166666666666667,0.833333333333333,0.987951807228916,0.946902654867257
1561845,1943586,"2025-2025_Regular_Session","2025-04-30","House: Third Reading RCS#343",112,0,7,0,119,1,"H","Trust Funds for Wildlife Management","S0388",2025,"https://legiscan.com/FL/bill/S0388/2025",0.941176470588235,112,1,"Y",1,1,1,1,1
1561846,1911850,"2025-2025_Regular_Session","2025-04-30","House: Third Reading RCS#347",97,10,12,0,119,1,"H","Housing","S0184",2025,"https://legiscan.com/FL/bill/S0184/2025",0.815126050420168,107,0.906542056074766,"Y",0.975308641975309,0.692307692307692,0.692307692307692,0.975308641975309,0.906542056074766
1561877,1968600,"2025-2025_Regular_Session","2025-04-30","Senate: Third Reading RCS#14",36,0,1,1,38,1,"S","Broward County Narcotics and Dangerous Drug Intelligence and Enforcement Unit, Broward County","H4015",2025,"https://legiscan.com/FL/bill/H4015/2025",0.947368421052632,36,1,"Y",1,1,1,1,1
1561888,1918478,"2025-2025_Regular_Session","2025-04-30","Senate: Third Reading RCS#9",36,1,0,1,38,1,"S","Student Participation in Interscholastic and Intrascholastic Extracurricular Sports","S0248",2025,"https://legiscan.com/FL/bill/S0248/2025",0.947368421052632,37,0.972972972972973,"Y",1,0.9,0.9,1,0.972972972972973
1561904,1988205,"2025-2025_Regular_Session","2025-04-30","Senate: Third Reading RCS#37",36,0,1,1,38,1,"S","Leon County","H4075",2025,"https://legiscan.com/FL/bill/H4075/2025",0.947368421052632,36,1,"Y",1,1,1,1,1
1561923,1943534,"2025-2025_Regular_Session","2025-04-30","House: Third Reading RCS#346",112,0,7,0,119,1,"H","Annexing State-owned Lands","S0384",2025,"https://legiscan.com/FL/bill/S0384/2025",0.941176470588235,112,1,"Y",1,1,1,1,1
1561931,1983429,"2025-2025_Regular_Session","2025-04-30","Senate: Third Reading RCS#38",36,0,1,1,38,1,"S","Pasco County Mosquito Control District, Pasco County","H4051",2025,"https://legiscan.com/FL/bill/H4051/2025",0.947368421052632,36,1,"Y",1,1,1,1,1
1561943,1971020,"2025-2025_Regular_Session","2025-04-30","House: Third Reading RCS#363",113,0,6,0,119,1,"H","Vessel Accountability","S0164",2025,"https://legiscan.com/FL/bill/S0164/2025",0.949579831932773,113,1,"Y",1,1,1,1,1
1561984,1980682,"2025-2025_Regular_Session","2025-04-30","Senate: Third Reading RCS#4",37,0,0,1,38,1,"S","Condominium and Cooperative Associations","H0913",2025,"https://legiscan.com/FL/bill/H0913/2025",0.973684210526316,37,1,"Y",1,1,1,1,1
1561990,1980709,"2025-2025_Regular_Session","2025-04-30","Senate: Third Reading RCS#24",36,0,1,1,38,1,"S","Collier County","H4041",2025,"https://legiscan.com/FL/bill/H4041/2025",0.947368421052632,36,1,"Y",1,1,1,1,1
1561998,1975213,"2025-2025_Regular_Session","2025-04-30","Senate: Third Reading RCS#23",36,0,1,1,38,1,"S","Downtown Development Authority of City of Fort Lauderdale, Broward County","H4037",2025,"https://legiscan.com/FL/bill/H4037/2025",0.947368421052632,36,1,"Y",1,1,1,1,1
1562007,1916134,"2025-2025_Regular_Session","2025-04-30","Senate: Third Reading RCS#7",36,0,1,1,38,1,"S","Lee County","H4001",2025,"https://legiscan.com/FL/bill/H4001/2025",0.947368421052632,36,1,"Y",1,1,1,1,1
1562008,1973439,"2025-2025_Regular_Session","2025-04-30","Senate: Third Reading RCS#22",36,0,1,1,38,1,"S","Lee County","H4035",2025,"https://legiscan.com/FL/bill/H4035/2025",0.947368421052632,36,1,"Y",1,1,1,1,1
1562010,1982451,"2025-2025_Regular_Session","2025-04-30","Senate: Third Reading RCS#26",36,0,1,1,38,1,"S","City Pension Fund for Firefighters and Police Officers in the City of Tampa, Hillsborough County","H4045",2025,"https://legiscan.com/FL/bill/H4045/2025",0.947368421052632,36,1,"Y",1,1,1,1,1
1562018,1987003,"2025-2025_Regular_Session","2025-04-30","Senate: Third Reading RCS#31",36,0,1,1,38,1,"S","Sunbridge Stewardship District, Osceola County","H4059",2025,"https://legiscan.com/FL/bill/H4059/2025",0.947368421052632,36,1,"Y",1,1,1,1,1
1562021,1971907,"2025-2025_Regular_Session","2025-04-30","Senate: Third Reading RCS#16",36,0,1,1,38,1,"S","North River Ranch Improvement Stewardship District, Manatee County","H4021",2025,"https://legiscan.com/FL/bill/H4021/2025",0.947368421052632,36,1,"Y",1,1,1,1,1
1562024,1988743,"2025-2025_Regular_Session","2025-04-30","House: Third Reading RCS#351",112,0,7,0,119,1,"H","Stem Cell Therapy","S1768",2025,"https://legiscan.com/FL/bill/S1768/2025",0.941176470588235,112,1,"Y",1,1,1,1,1
1562025,1964440,"2025-2025_Regular_Session","2025-04-30","Senate: Third Reading RCS#12",36,0,1,1,38,1,"S","Palm Beach County","H4011",2025,"https://legiscan.com/FL/bill/H4011/2025",0.947368421052632,36,1,"Y",1,1,1,1,1
1562034,1983070,"2025-2025_Regular_Session","2025-04-30","House: Third Reading RCS#371",112,0,7,0,119,1,"H","Substance Abuse and Mental Health Care","H1091",2025,"https://legiscan.com/FL/bill/H1091/2025",0.941176470588235,112,1,"Y",1,1,1,1,1
1562037,1981821,"2025-2025_Regular_Session","2025-04-30","House: Third Reading RCS#345",84,29,6,0,119,1,"H","Local Government Land Regulation","S1080",2025,"https://legiscan.com/FL/bill/S1080/2025",0.705882352941177,113,0.743362831858407,"Y",0.987951807228916,0.0666666666666667,0.933333333333333,0.987951807228916,0.973451327433628
1562066,1985042,"2025-2025_Regular_Session","2025-04-30","Senate: Third Reading RCS#5",10,26,1,1,38,0,"S","Amendments to the State Constitution","H1205",2025,"https://legiscan.com/FL/bill/H1205/2025",0.263157894736842,36,0.277777777777778,"Y",0,1,1,1,1
1562087,1984396,"2025-2025_Regular_Session","2025-04-30","House: Third Reading RCS#365",109,0,10,0,119,1,"H","Permits for Drilling, Exploration, and Extraction of Oil and Gas Resources","H1143",2025,"https://legiscan.com/FL/bill/H1143/2025",0.915966386554622,109,1,"Y",1,1,1,1,1
1562103,1987146,"2025-2025_Regular_Session","2025-04-30","House: Third Reading RCS#344",112,0,7,0,119,1,"H","Energy Infrastructure Investment","S1574",2025,"https://legiscan.com/FL/bill/S1574/2025",0.941176470588235,112,1,"Y",1,1,1,1,1
1562106,1983166,"2025-2025_Regular_Session","2025-04-30","House: Third Reading RCS#354",113,0,6,0,119,1,"H","Home Health Aide for Medically Fragile Children Program","S1156",2025,"https://legiscan.com/FL/bill/S1156/2025",0.949579831932773,113,1,"Y",1,1,1,1,1
1562110,1973282,"2025-2025_Regular_Session","2025-04-30","House: Third Reading RCS#378",111,0,8,0,119,1,"H","Driving and Boating Offenses","H0687",2025,"https://legiscan.com/FL/bill/H0687/2025",0.932773109243697,111,1,"Y",1,1,1,1,1
1562117,1964414,"2025-2025_Regular_Session","2025-04-30","House: Third Reading RCS#348",104,9,6,0,119,1,"H","Public Lodging and Public Food Service Establishments","S0606",2025,"https://legiscan.com/FL/bill/S0606/2025",0.873949579831933,113,0.920353982300885,"Y",0.987951807228916,0.733333333333333,0.733333333333333,0.987951807228916,0.920353982300885
1562122,1968271,"2025-2025_Regular_Session","2025-04-30","House: Third Reading RCS#366",112,0,7,0,119,1,"H","Dangerous Dogs","H0593",2025,"https://legiscan.com/FL/bill/H0593/2025",0.941176470588235,112,1,"Y",1,1,1,1,1
1562127,1977448,"2025-2025_Regular_Session","2025-04-30","House: Third Reading RCS#349",97,10,12,0,119,1,"H","Certified Recovery Residences","S0954",2025,"https://legiscan.com/FL/bill/S0954/2025",0.815126050420168,107,0.906542056074766,"Y",0.975609756097561,0.68,0.68,0.975609756097561,0.906542056074766
1562132,1981805,"2025-2025_Regular_Session","2025-04-30","House: Third Reading RCS#374",113,0,6,0,119,1,"H","Legal Tender","H0999",2025,"https://legiscan.com/FL/bill/H0999/2025",0.949579831932773,113,1,"Y",1,1,1,1,1
1562133,1893073,"2025-2025_Regular_Session","2025-04-30","House: Third Reading RCS#350",113,0,6,0,119,1,"H","Health Facilities","S0068",2025,"https://legiscan.com/FL/bill/S0068/2025",0.949579831932773,113,1,"Y",1,1,1,1,1
1562136,1985637,"2025-2025_Regular_Session","2025-04-30","House: Third Reading RCS#358",110,0,9,0,119,1,"H","School Safety","S1470",2025,"https://legiscan.com/FL/bill/S1470/2025",0.92436974789916,110,1,"Y",1,1,1,1,1
1562140,1988494,"2025-2025_Regular_Session","2025-04-30","House: Third Reading RCS#359",95,17,7,0,119,1,"H","Capital Human Trafficking of Vulnerable Persons for Sexual Exploitation","S1804",2025,"https://legiscan.com/FL/bill/S1804/2025",0.798319327731092,112,0.848214285714286,"Y",1,0.413793103448276,0.586206896551724,1,0.892857142857143
1562159,1981374,"2025-2025_Regular_Session","2025-04-30","House: Third Reading RCS#357",111,0,8,0,119,1,"H","Electrocardiograms for Student Athletes","S1070",2025,"https://legiscan.com/FL/bill/S1070/2025",0.932773109243697,111,1,"Y",1,1,1,1,1
1562171,1970026,"2025-2025_Regular_Session","2025-04-30","House: Third Reading RCS#355",114,0,5,0,119,1,"H","Child Care and Early Learning Providers","S0738",2025,"https://legiscan.com/FL/bill/S0738/2025",0.957983193277311,114,1,"Y",1,1,1,1,1
1562175,1956265,"2025-2025_Regular_Session","2025-04-30","Senate: Third Reading RCS#11",36,0,1,1,38,1,"S","St. Augustine-St. Johns County Airport Authority, St. Johns County","H4009",2025,"https://legiscan.com/FL/bill/H4009/2025",0.947368421052632,36,1,"Y",1,1,1,1,1
1562210,1963605,"2025-2025_Regular_Session","2025-04-30","House: Third Reading RCS#380",92,20,7,0,119,1,"H","Water Management Districts","S7002",2025,"https://legiscan.com/FL/bill/S7002/2025",0.773109243697479,112,0.821428571428571,"Y",1,0.354838709677419,0.645161290322581,1,0.901785714285714
1562217,1982965,"2025-2025_Regular_Session","2025-04-30","Senate: Third Reading RCS#28",36,0,1,1,38,1,"S","North St. Lucie River Water Control District, St. Lucie County","H4049",2025,"https://legiscan.com/FL/bill/H4049/2025",0.947368421052632,36,1,"Y",1,1,1,1,1
1562222,1972165,"2025-2025_Regular_Session","2025-04-30","Senate: Third Reading RCS#18",36,0,1,1,38,1,"S","Lee County","H4025",2025,"https://legiscan.com/FL/bill/H4025/2025",0.947368421052632,36,1,"Y",1,1,1,1,1
1562225,1988496,"2025-2025_Regular_Session","2025-04-30","Senate: Third Reading RCS#46",37,0,0,1,38,1,"S","Sexual Offenses by Persons Previously Convicted of Sexual Offenses","H1455",2025,"https://legiscan.com/FL/bill/H1455/2025",0.973684210526316,37,1,"Y",1,1,1,1,1
1562241,1989234,"2025-2025_Regular_Session","2025-04-30","House: Third Reading RCS#373",111,0,8,0,119,1,"H","Insulin Administration by Direct Support Professionals and Relatives","H1567",2025,"https://legiscan.com/FL/bill/H1567/2025",0.932773109243697,111,1,"Y",1,1,1,1,1
1562260,1973541,"2025-2025_Regular_Session","2025-04-30","Senate: Third Reading RCS#41",37,0,0,1,38,1,"S","Utility Relocation","H0703",2025,"https://legiscan.com/FL/bill/H0703/2025",0.973684210526316,37,1,"Y",1,1,1,1,1
1562266,1942733,"2025-2025_Regular_Session","2025-04-30","Senate: Third Reading RCS#10",36,0,1,1,38,1,"S","Compensation for Health Care Services for Inmates in Martin County","H4007",2025,"https://legiscan.com/FL/bill/H4007/2025",0.947368421052632,36,1,"Y",1,1,1,1,1
1562274,1982323,"2025-2025_Regular_Session","2025-04-30","Senate: Third Reading RCS#25",36,0,1,1,38,1,"S","Osceola County","H4043",2025,"https://legiscan.com/FL/bill/H4043/2025",0.947368421052632,36,1,"Y",1,1,1,1,1
1562291,1973157,"2025-2025_Regular_Session","2025-04-30","Senate: Third Reading RCS#40",36,0,1,1,38,1,"S","Construction Regulations","H0683",2025,"https://legiscan.com/FL/bill/H0683/2025",0.947368421052632,36,1,"Y",1,1,1,1,1
1562298,1924331,"2025-2025_Regular_Session","2025-04-30","Senate: Third Reading RCS#45",37,0,0,1,38,1,"S","State Land Management","H0209",2025,"https://legiscan.com/FL/bill/H0209/2025",0.973684210526316,37,1,"Y",1,1,1,1,1
1562301,1987196,"2025-2025_Regular_Session","2025-04-30","Senate: Third Reading RCS#32",36,0,1,1,38,1,"S","West Villages Improvement District, Sarasota County","H4061",2025,"https://legiscan.com/FL/bill/H4061/2025",0.947368421052632,36,1,"Y",1,1,1,1,1
1562308,1989207,"2025-2025_Regular_Session","2025-04-30","House: Third Reading RCS#352",112,0,7,0,119,1,"H","Refund of Overpayments Made by Patients","S1808",2025,"https://legiscan.com/FL/bill/S1808/2025",0.941176470588235,112,1,"Y",1,1,1,1,1
1562314,1947432,"2025-2025_Regular_Session","2025-04-30","Senate: Third Reading RCS#8",37,0,0,1,38,1,"S","Administrative Procedures","S0108",2025,"https://legiscan.com/FL/bill/S0108/2025",0.973684210526316,37,1,"Y",1,1,1,1,1
1562327,1986443,"2025-2025_Regular_Session","2025-04-30","House: Third Reading RCS#356",113,0,6,0,119,1,"H","Anaphylaxis in Public and Charter Schools","S1514",2025,"https://legiscan.com/FL/bill/S1514/2025",0.949579831932773,113,1,"Y",1,1,1,1,1
1562347,1988334,"2025-2025_Regular_Session","2025-04-30","Senate: Third Reading RCS#33",36,0,1,1,38,1,"S","City of Auburndale, Polk County","H4065",2025,"https://legiscan.com/FL/bill/H4065/2025",0.947368421052632,36,1,"Y",1,1,1,1,1
1562364,1897172,"2025-2025_Regular_Session","2025-04-30","Senate: Third Reading RCS#44",36,1,0,1,38,1,"S","Regulation of Xylazine","H0057",2025,"https://legiscan.com/FL/bill/H0057/2025",0.947368421052632,37,0.972972972972973,"Y",1,0.9,0.9,1,0.972972972972973
1562365,1986700,"2025-2025_Regular_Session","2025-04-30","House: Third Reading RCS#353",112,0,7,0,119,1,"H","Children's Medical Services Program","S1490",2025,"https://legiscan.com/FL/bill/S1490/2025",0.941176470588235,112,1,"Y",1,1,1,1,1
1562380,1973819,"2025-2025_Regular_Session","2025-04-30","Senate: Third Reading RCS#21",36,0,1,1,38,1,"S","San Carlos Estates Water Control District, Lee County","H4033",2025,"https://legiscan.com/FL/bill/H4033/2025",0.947368421052632,36,1,"Y",1,1,1,1,1
1562383,1958195,"2025-2025_Regular_Session","2025-04-30","House: Third Reading RCS#361",112,0,7,0,119,1,"H","Veterans","S0116",2025,"https://legiscan.com/FL/bill/S0116/2025",0.941176470588235,112,1,"Y",1,1,1,1,1
1562394,1970927,"2025-2025_Regular_Session","2025-04-30","Senate: Third Reading RCS#15",36,0,1,1,38,1,"S","Bermont Drainage District, Charlotte County","H4017",2025,"https://legiscan.com/FL/bill/H4017/2025",0.947368421052632,36,1,"Y",1,1,1,1,1
1562400,1988409,"2025-2025_Regular_Session","2025-04-30","Senate: Third Reading RCS#34",35,1,1,1,38,1,"S","Special Beverage Licenses for Equestrian Sport Facilities in Marion County","H4067",2025,"https://legiscan.com/FL/bill/H4067/2025",0.921052631578947,36,0.972222222222222,"Y",0.961538461538462,1,1,0.961538461538462,0.972222222222222
1562419,1961673,"2025-2025_Regular_Session","2025-04-30","Senate: Third Reading RCS#39",18,19,0,1,38,0,"S","Recovery of Damages for Medical Negligence Resulting in Death","H6017",2025,"https://legiscan.com/FL/bill/H6017/2025",0.473684210526316,37,0.486486486486487,"Y",0.62962962962963,0.1,0.9,0.62962962962963,0.702702702702703
1562421,1973618,"2025-2025_Regular_Session","2025-04-30","House: Third Reading RCS#362",112,0,7,0,119,1,"H","Disposition of Migrant Vessels","S0830",2025,"https://legiscan.com/FL/bill/S0830/2025",0.941176470588235,112,1,"Y",1,1,1,1,1
1562423,1981045,"2025-2025_Regular_Session","2025-04-30","Senate: Third Reading RCS#42",37,0,0,1,38,1,"S","Firefighter Health and Safety","H0929",2025,"https://legiscan.com/FL/bill/H0929/2025",0.973684210526316,37,1,"Y",1,1,1,1,1
1562433,1894920,"2025-2025_Regular_Session","2025-04-30","House: Third Reading RCS#364",111,0,8,0,119,1,"H","Municipal Water and Sewer Utility Rates","H0011",2025,"https://legiscan.com/FL/bill/H0011/2025",0.932773109243697,111,1,"Y",1,1,1,1,1
1562435,1985410,"2025-2025_Regular_Session","2025-04-30","House: Third Reading RCS#360",113,0,6,0,119,1,"H","Assault or Battery on a Utility Worker","S1386",2025,"https://legiscan.com/FL/bill/S1386/2025",0.949579831932773,113,1,"Y",1,1,1,1,1
1562436,1988761,"2025-2025_Regular_Session","2025-04-30","House: Third Reading RCS#367",112,0,7,0,119,1,"H","Trespass","H1447",2025,"https://legiscan.com/FL/bill/H1447/2025",0.941176470588235,112,1,"Y",1,1,1,1,1
1562437,1980688,"2025-2025_Regular_Session","2025-04-30","Senate: Third Reading RCS#43",37,0,0,1,38,1,"S","Florida Institute for Pediatric Rare Diseases","H0907",2025,"https://legiscan.com/FL/bill/H0907/2025",0.973684210526316,37,1,"Y",1,1,1,1,1
1562453,1957959,"2025-2025_Regular_Session","2025-04-30","House: Third Reading RCS#382",113,0,6,0,119,1,"H","Children with Developmental Disabilities","S0112",2025,"https://legiscan.com/FL/bill/S0112/2025",0.949579831932773,113,1,"Y",1,1,1,1,1
1562455,1988942,"2025-2025_Regular_Session","2025-04-30","Senate: Third Reading RCS#57",37,0,0,1,38,1,"S","Affordable Housing","S1730",2025,"https://legiscan.com/FL/bill/S1730/2025",0.973684210526316,37,1,"Y",1,1,1,1,1
1562461,1927298,"2025-2025_Regular_Session","2025-04-30","House: Third Reading RCS#386",112,0,7,0,119,1,"H","Florida Institute for Human and Machine Cognition, Inc.","S0312",2025,"https://legiscan.com/FL/bill/S0312/2025",0.941176470588235,112,1,"Y",1,1,1,1,1
1562465,1989126,"2025-2025_Regular_Session","2025-04-30","House: Third Reading RCS#376",113,0,6,0,119,1,"H","Cardiac Emergencies","H1607",2025,"https://legiscan.com/FL/bill/H1607/2025",0.949579831932773,113,1,"Y",1,1,1,1,1
1562478,1988251,"2025-2025_Regular_Session","2025-04-30","Senate: Third Reading RCS#58",37,0,0,1,38,1,"S","Transportation","S1662",2025,"https://legiscan.com/FL/bill/S1662/2025",0.973684210526316,37,1,"Y",1,1,1,1,1
1562479,1976248,"2025-2025_Regular_Session","2025-04-30","House: Third Reading RCS#370",111,0,8,0,119,1,"H","Offenses Involving Children","H0777",2025,"https://legiscan.com/FL/bill/H0777/2025",0.932773109243697,111,1,"Y",1,1,1,1,1
1562485,1981909,"2025-2025_Regular_Session","2025-04-30","House: Third Reading RCS#383",112,0,7,0,119,1,"H","Mental Health","S0168",2025,"https://legiscan.com/FL/bill/S0168/2025",0.941176470588235,112,1,"Y",1,1,1,1,1
1562487,1989225,"2025-2025_Regular_Session","2025-04-30","House: Third Reading RCS#372",112,0,7,0,119,1,"H","Parkinson's Disease","H1545",2025,"https://legiscan.com/FL/bill/H1545/2025",0.941176470588235,112,1,"Y",1,1,1,1,1
1562496,1959086,"2025-2025_Regular_Session","2025-04-30","Senate: Third Reading RCS#52",30,7,0,1,38,1,"S","Education","H0443",2025,"https://legiscan.com/FL/bill/H0443/2025",0.789473684210526,37,0.810810810810811,"Y",1,0.3,0.7,1,0.918918918918919
1562497,1980682,"2025-2025_Regular_Session","2025-04-30","House: Third Reading RCS#377",112,0,7,0,119,1,"H","Condominium and Cooperative Associations","H0913",2025,"https://legiscan.com/FL/bill/H0913/2025",0.941176470588235,112,1,"Y",1,1,1,1,1
1562499,1946009,"2025-2025_Regular_Session","2025-04-30","Senate: Third Reading RCS#50",37,0,0,1,38,1,"S","Boating Safety","H0289",2025,"https://legiscan.com/FL/bill/H0289/2025",0.973684210526316,37,1,"Y",1,1,1,1,1
1562500,1986539,"2025-2025_Regular_Session","2025-04-30","Senate: Third Reading RCS#48",37,0,0,1,38,1,"S","Department of Health","H1299",2025,"https://legiscan.com/FL/bill/H1299/2025",0.973684210526316,37,1,"Y",1,1,1,1,1
1562507,1985708,"2025-2025_Regular_Session","2025-04-30","House: Third Reading RCS#368",113,0,6,0,119,1,"H","Human Trafficking Awareness","H1237",2025,"https://legiscan.com/FL/bill/H1237/2025",0.949579831932773,113,1,"Y",1,1,1,1,1
1562520,1988328,"2025-2025_Regular_Session","2025-04-30","Senate: Third Reading RCS#36",36,0,1,1,38,1,"S","Leon County","H4073",2025,"https://legiscan.com/FL/bill/H4073/2025",0.947368421052632,36,1,"Y",1,1,1,1,1
1562527,1975312,"2025-2025_Regular_Session","2025-04-30","House: Third Reading RCS#387",112,0,7,0,119,1,"H","Florida State University Election Law Center","S0892",2025,"https://legiscan.com/FL/bill/S0892/2025",0.941176470588235,112,1,"Y",1,1,1,1,1
1562539,1983813,"2025-2025_Regular_Session","2025-04-30","Senate: Third Reading RCS#49",37,0,0,1,38,1,"S","Services for Individuals with Developmental Disabilities","H1103",2025,"https://legiscan.com/FL/bill/H1103/2025",0.973684210526316,37,1,"Y",1,1,1,1,1
1562551,1989220,"2025-2025_Regular_Session","2025-04-30","Senate: Third Reading RCS#51",27,10,0,1,38,1,"S","Financial Services","H1549",2025,"https://legiscan.com/FL/bill/H1549/2025",0.710526315789474,37,0.72972972972973,"Y",0.925925925925926,0.2,0.8,0.925925925925926,0.891891891891892
1562557,1892690,"2025-2025_Regular_Session","2025-04-30","House: Third Reading RCS#388",82,28,9,0,119,1,"H","Geoengineering and Weather Modification Activities","S0056",2025,"https://legiscan.com/FL/bill/S0056/2025",0.689075630252101,110,0.745454545454545,"Y",0.975609756097561,0.0714285714285714,0.928571428571429,0.975609756097561,0.963636363636364
1562592,1972564,"2025-2025_Regular_Session","2025-04-30","Senate: Third Reading RCS#17",36,0,1,1,38,1,"S","Officers and Employees of North Springs Improvement District, Broward County","H4023",2025,"https://legiscan.com/FL/bill/H4023/2025",0.947368421052632,36,1,"Y",1,1,1,1,1
1562608,1885988,"2025-2025_Regular_Session","2025-04-30","House: Third Reading RCS#385",112,0,7,0,119,1,"H","Relief of Sidney Holmes by the State of Florida","S0010",2025,"https://legiscan.com/FL/bill/S0010/2025",0.941176470588235,112,1,"Y",1,1,1,1,1
1562610,1982976,"2025-2025_Regular_Session","2025-04-30","House: Third Reading RCS#369",113,0,6,0,119,1,"H","Tampering with, Harassing, or Retaliating against Court Officials","H1049",2025,"https://legiscan.com/FL/bill/H1049/2025",0.949579831932773,113,1,"Y",1,1,1,1,1
1562617,1987597,"2025-2025_Regular_Session","2025-04-30","House: Third Reading RCS#381",113,0,6,0,119,1,"H","Child Welfare","S7012",2025,"https://legiscan.com/FL/bill/S7012/2025",0.949579831932773,113,1,"Y",1,1,1,1,1
1562620,1886094,"2025-2025_Regular_Session","2025-04-30","House: Third Reading RCS#384",112,0,7,0,119,1,"H","Relief of Kristen and Lia McIntosh by the Department of Agriculture and Consumer Services","S0026",2025,"https://legiscan.com/FL/bill/S0026/2025",0.941176470588235,112,1,"Y",1,1,1,1,1
1562639,1987221,"2025-2025_Regular_Session","2025-04-30","Senate: Third Reading RCS#30",36,0,1,1,38,1,"S","Tohopekaliga Water Authority, Osceola County","H4057",2025,"https://legiscan.com/FL/bill/H4057/2025",0.947368421052632,36,1,"Y",1,1,1,1,1
1562681,1981949,"2025-2025_Regular_Session","2025-04-30","House: Third Reading RCS#375",111,0,8,0,119,1,"H","Transportation Facility Designations","H0987",2025,"https://legiscan.com/FL/bill/H0987/2025",0.932773109243697,111,1,"Y",1,1,1,1,1
1562713,1989073,"2025-2025_Regular_Session","2025-04-30","Senate: Third Reading RCS#53",24,13,0,1,38,1,"S","Waste Incineration","H1609",2025,"https://legiscan.com/FL/bill/H1609/2025",0.631578947368421,37,0.648648648648649,"Y",0.888888888888889,0,1,0.888888888888889,0.918918918918919
1562734,1983260,"2025-2025_Regular_Session","2025-04-30","Senate: Third Reading RCS#27",36,0,1,1,38,1,"S","Fort Pierce Farms Water Control District, St. Lucie County","H4047",2025,"https://legiscan.com/FL/bill/H4047/2025",0.947368421052632,36,1,"Y",1,1,1,1,1
1563017,1979604,"2025-2025_Regular_Session","2025-04-30","Senate: Third Reading RCS#56",37,0,0,1,38,1,"S","Driver License Education Requirements","S0994",2025,"https://legiscan.com/FL/bill/S0994/2025",0.973684210526316,37,1,"Y",1,1,1,1,1
1563093,1984946,"2025-2025_Regular_Session","2025-04-30","House: Third Reading RCS#389",104,7,8,0,119,1,"H","Vessels","S1388",2025,"https://legiscan.com/FL/bill/S1388/2025",0.873949579831933,111,0.936936936936937,"Y",0.98780487804878,0.793103448275862,0.793103448275862,0.98780487804878,0.936936936936937
1563152,1968501,"2025-2025_Regular_Session","2025-04-30","Senate: Third Reading RCS#13",36,0,1,1,38,1,"S","Citrus County","H4013",2025,"https://legiscan.com/FL/bill/H4013/2025",0.947368421052632,36,1,"Y",1,1,1,1,1
1563162,1973193,"2025-2025_Regular_Session","2025-04-30","Senate: Third Reading RCS#19",36,0,1,1,38,1,"S","Greater Naples Fire Rescue District; Collier County","H4029",2025,"https://legiscan.com/FL/bill/H4029/2025",0.947368421052632,36,1,"Y",1,1,1,1,1
1563243,1962260,"2025-2025_Regular_Session","2025-04-30","Senate: Third Reading RCS#55",29,8,0,1,38,1,"S","Anchoring Limitation Areas","H0481",2025,"https://legiscan.com/FL/bill/H0481/2025",0.763157894736842,37,0.783783783783784,"Y",0.925925925925926,0.4,0.6,0.925925925925926,0.837837837837838
1563268,1977082,"2025-2025_Regular_Session","2025-04-30","Senate: Third Reading RCS#47",37,0,0,1,38,1,"S","School Social Workers","H0809",2025,"https://legiscan.com/FL/bill/H0809/2025",0.973684210526316,37,1,"Y",1,1,1,1,1
1563276,1972025,"2025-2025_Regular_Session","2025-04-30","Senate: Third Reading RCS#54",25,12,0,1,38,1,"S","Aggravating Factors for Capital Felonies","H0653",2025,"https://legiscan.com/FL/bill/H0653/2025",0.657894736842105,37,0.675675675675676,"Y",0.925925925925926,0,1,0.925925925925926,0.945945945945946
1563296,1988190,"2025-2025_Regular_Session","2025-04-30","Senate: Third Reading RCS#35",36,0,1,1,38,1,"S","City of Coral Springs and City of Parkland, Broward County","H4071",2025,"https://legiscan.com/FL/bill/H4071/2025",0.947368421052632,36,1,"Y",1,1,1,1,1
1563303,1990100,"2025-2025_Regular_Session","2025-04-30","Senate: Third Reading RCS#29",35,1,1,1,38,1,"S","Duval County","H4053",2025,"https://legiscan.com/FL/bill/H4053/2025",0.921052631578947,36,0.972222222222222,"Y",0.961538461538462,1,1,0.961538461538462,0.972222222222222
1563304,1973683,"2025-2025_Regular_Session","2025-04-30","Senate: Third Reading RCS#20",35,1,1,1,38,1,"S","City of Oviedo, Seminole County","H4031",2025,"https://legiscan.com/FL/bill/H4031/2025",0.921052631578947,36,0.972222222222222,"Y",0.961538461538462,1,1,0.961538461538462,0.972222222222222
1563367,1988942,"2025-2025_Regular_Session","2025-05-01","House: Third Reading RCS#392",105,0,14,0,119,1,"H","Affordable Housing","S1730",2025,"https://legiscan.com/FL/bill/S1730/2025",0.882352941176471,105,1,"Y",1,1,1,1,1
1563378,1959086,"2025-2025_Regular_Session","2025-05-01","House: Third Reading RCS#393",86,25,8,0,119,1,"H","Education","H0443",2025,"https://legiscan.com/FL/bill/H0443/2025",0.722689075630252,111,0.774774774774775,"Y",1,0.107142857142857,0.892857142857143,1,0.972972972972973
1563404,1983749,"2025-2025_Regular_Session","2025-05-01","Senate: Third Reading RCS#6",38,0,0,0,38,1,"S","Education","H1115",2025,"https://legiscan.com/FL/bill/H1115/2025",1,38,1,"Y",1,1,1,1,1
1563412,1983822,"2025-2025_Regular_Session","2025-05-01","Senate: Third Reading RCS#3",38,0,0,0,38,1,"S","Education","H1105",2025,"https://legiscan.com/FL/bill/H1105/2025",1,38,1,"Y",1,1,1,1,1
1563429,1983813,"2025-2025_Regular_Session","2025-05-01","House: Third Reading RCS#391",110,0,9,0,119,1,"H","Services for Individuals with Developmental Disabilities","H1103",2025,"https://legiscan.com/FL/bill/H1103/2025",0.92436974789916,110,1,"Y",1,1,1,1,1
1563434,1979078,"2025-2025_Regular_Session","2025-05-01","Senate: Third Reading RCS#5",38,0,0,0,38,1,"S","Educator Preparation","H0875",2025,"https://legiscan.com/FL/bill/H0875/2025",1,38,1,"Y",1,1,1,1,1
1563439,1985042,"2025-2025_Regular_Session","2025-05-01","Senate: Third Reading RCS#2",28,10,0,0,38,1,"S","Amendments to the State Constitution","H1205",2025,"https://legiscan.com/FL/bill/H1205/2025",0.736842105263158,38,0.736842105263158,"Y",1,0.0909090909090909,0.909090909090909,1,0.973684210526316
1563488,1964414,"2025-2025_Regular_Session","2025-05-01","Senate: Third Reading RCS#14",35,2,1,0,38,1,"S","Public Lodging and Public Food Service Establishments","S0606",2025,"https://legiscan.com/FL/bill/S0606/2025",0.921052631578947,37,0.945945945945946,"Y",1,0.818181818181818,0.818181818181818,1,0.945945945945946
1563489,1987557,"2025-2025_Regular_Session","2025-05-01","Senate: Third Reading RCS#12",37,0,1,0,38,1,"S","Background Screening of Athletic Coaches","S1546",2025,"https://legiscan.com/FL/bill/S1546/2025",0.973684210526316,37,1,"Y",1,1,1,1,1
1563528,1985637,"2025-2025_Regular_Session","2025-05-01","Senate: Third Reading RCS#11",37,0,1,0,38,1,"S","School Safety","S1470",2025,"https://legiscan.com/FL/bill/S1470/2025",0.973684210526316,37,1,"Y",1,1,1,1,1
1563550,1981374,"2025-2025_Regular_Session","2025-05-01","Senate: Third Reading RCS#9",37,0,1,0,38,1,"S","Electrocardiograms for Student Athletes","S1070",2025,"https://legiscan.com/FL/bill/S1070/2025",0.973684210526316,37,1,"Y",1,1,1,1,1
1563571,1954083,"2025-2025_Regular_Session","2025-05-01","House: Third Reading RCS#398",111,0,8,0,119,1,"H","My Safe Florida Condominium Pilot Program","H0393",2025,"https://legiscan.com/FL/bill/H0393/2025",0.932773109243697,111,1,"Y",1,1,1,1,1
1563589,1985682,"2025-2025_Regular_Session","2025-05-01","Senate: Third Reading RCS#4",38,0,0,0,38,1,"S","Education","H1255",2025,"https://legiscan.com/FL/bill/H1255/2025",1,38,1,"Y",1,1,1,1,1
1563609,1988120,"2025-2025_Regular_Session","2025-05-01","Senate: Third Reading RCS#20",36,0,2,0,38,1,"S","Nursing Education Programs","H1427",2025,"https://legiscan.com/FL/bill/H1427/2025",0.947368421052632,36,1,"Y",1,1,1,1,1
1563610,1974729,"2025-2025_Regular_Session","2025-05-01","House: Third Reading RCS#395",113,0,6,0,119,1,"H","Spectrum Alert","H0711",2025,"https://legiscan.com/FL/bill/H0711/2025",0.949579831932773,113,1,"Y",1,1,1,1,1
1563627,1924331,"2025-2025_Regular_Session","2025-05-01","House: Third Reading RCS#394",112,0,7,0,119,1,"H","State Land Management","H0209",2025,"https://legiscan.com/FL/bill/H0209/2025",0.941176470588235,112,1,"Y",1,1,1,1,1
1563696,1961673,"2025-2025_Regular_Session","2025-05-01","Senate: Third Reading RCS#22",33,4,1,0,38,1,"S","Recovery of Damages for Medical Negligence Resulting in Death","H6017",2025,"https://legiscan.com/FL/bill/H6017/2025",0.868421052631579,37,0.891891891891892,"Y",0.846153846153846,1,1,0.846153846153846,0.891891891891892
1563741,1989126,"2025-2025_Regular_Session","2025-05-01","Senate: Third Reading RCS#10",37,0,1,0,38,1,"S","Cardiac Emergencies","H1607",2025,"https://legiscan.com/FL/bill/H1607/2025",0.973684210526316,37,1,"Y",1,1,1,1,1
1563771,1942526,"2025-2025_Regular_Session","2025-05-01","House: Third Reading RCS#400",112,0,7,0,119,1,"H","Aggravated Animal Cruelty","H0255",2025,"https://legiscan.com/FL/bill/H0255/2025",0.941176470588235,112,1,"Y",1,1,1,1,1
1563774,1988743,"2025-2025_Regular_Session","2025-05-01","Senate: Third Reading RCS#8",37,0,1,0,38,1,"S","Stem Cell Therapy","S1768",2025,"https://legiscan.com/FL/bill/S1768/2025",0.973684210526316,37,1,"Y",1,1,1,1,1
1563779,1946009,"2025-2025_Regular_Session","2025-05-01","House: Third Reading RCS#397",105,5,9,0,119,1,"H","Boating Safety","H0289",2025,"https://legiscan.com/FL/bill/H0289/2025",0.882352941176471,110,0.954545454545455,"Y",0.963855421686747,0.925925925925926,0.925925925925926,0.963855421686747,0.954545454545455
1563783,1981821,"2025-2025_Regular_Session","2025-05-01","Senate: Third Reading RCS#15",29,8,1,0,38,1,"S","Local Government Land Regulation","S1080",2025,"https://legiscan.com/FL/bill/S1080/2025",0.763157894736842,37,0.783783783783784,"Y",1,0.272727272727273,0.727272727272727,1,0.918918918918919
1563789,1983730,"2025-2025_Regular_Session","2025-05-01","Senate: Third Reading RCS#19",34,2,2,0,38,1,"S","Out-of-network Providers","H1101",2025,"https://legiscan.com/FL/bill/H1101/2025",0.894736842105263,36,0.944444444444444,"Y",1,0.8,0.8,1,0.944444444444444
1563814,1985042,"2025-2025_Regular_Session","2025-05-01","House: Third Reading RCS#402",27,82,10,0,119,0,"H","Amendments to the State Constitution","H1205",2025,"https://legiscan.com/FL/bill/H1205/2025",0.226890756302521,109,0.247706422018349,"Y",0,1,1,1,1
1563815,1985042,"2025-2025_Regular_Session","2025-05-01","House: Third Reading RCS#403",81,30,8,0,119,1,"H","Amendments to the State Constitution","H1205",2025,"https://legiscan.com/FL/bill/H1205/2025",0.680672268907563,111,0.72972972972973,"Y",1,0,1,1,1
1563827,1987597,"2025-2025_Regular_Session","2025-05-01","Senate: Third Reading RCS#18",37,0,1,0,38,1,"S","Child Welfare","S7012",2025,"https://legiscan.com/FL/bill/S7012/2025",0.973684210526316,37,1,"Y",1,1,1,1,1
1563828,1971304,"2025-2025_Regular_Session","2025-05-01","Senate: Third Reading RCS#17",37,0,1,0,38,1,"S","Foreign Countries of Concern","S0768",2025,"https://legiscan.com/FL/bill/S0768/2025",0.973684210526316,37,1,"Y",1,1,1,1,1
1563859,1988857,"2025-2025_Regular_Session","2025-05-01","Senate: Third Reading RCS#21",37,0,1,0,38,1,"S","Public Officers and Employees","H1445",2025,"https://legiscan.com/FL/bill/H1445/2025",0.973684210526316,37,1,"Y",1,1,1,1,1
1563919,1988496,"2025-2025_Regular_Session","2025-05-01","Senate: Third Reading RCS#25",37,0,1,0,38,1,"S","Sexual Offenses by Persons Previously Convicted of Sexual Offenses","H1455",2025,"https://legiscan.com/FL/bill/H1455/2025",0.973684210526316,37,1,"Y",1,1,1,1,1
1563957,1954083,"2025-2025_Regular_Session","2025-05-01","Senate: Third Reading RCS#24",37,0,1,0,38,1,"S","My Safe Florida Condominium Pilot Program","H0393",2025,"https://legiscan.com/FL/bill/H0393/2025",0.973684210526316,37,1,"Y",1,1,1,1,1
1564019,1989073,"2025-2025_Regular_Session","2025-05-01","House: Third Reading RCS#401",111,1,7,0,119,1,"H","Waste Incineration","H1609",2025,"https://legiscan.com/FL/bill/H1609/2025",0.932773109243697,112,0.991071428571429,"Y",1,0.967741935483871,0.967741935483871,1,0.991071428571429
1564129,1981949,"2025-2025_Regular_Session","2025-05-01","Senate: Third Reading RCS#13",37,0,1,0,38,1,"S","Transportation Facility Designations","H0987",2025,"https://legiscan.com/FL/bill/H0987/2025",0.973684210526316,37,1,"Y",1,1,1,1,1
1564311,1984946,"2025-2025_Regular_Session","2025-05-01","Senate: Third Reading RCS#16",35,2,1,0,38,1,"S","Vessels","S1388",2025,"https://legiscan.com/FL/bill/S1388/2025",0.921052631578947,37,0.945945945945946,"Y",1,0.818181818181818,0.818181818181818,1,0.945945945945946
1564440,1984625,"2025-2025_Regular_Session","2025-05-02","Senate: Third Reading RCS#5",37,0,0,1,38,1,"S","Ad Valorem Tax Exemption","H1215",2025,"https://legiscan.com/FL/bill/H1215/2025",0.973684210526316,37,1,"Y",1,1,1,1,1
1564446,1984274,"2025-2025_Regular_Session","2025-05-02","Senate: Third Reading RCS#3",37,0,0,1,38,1,"S","Sewer Collection Systems","H1123",2025,"https://legiscan.com/FL/bill/H1123/2025",0.973684210526316,37,1,"Y",1,1,1,1,1
1564489,1909442,"2025-2025_Regular_Session","2025-05-02","Senate: Third Reading RCS#2",35,0,2,1,38,1,"S","Relief/Mande Penney-Lemmon/Sarasota County","H6503",2025,"https://legiscan.com/FL/bill/H6503/2025",0.921052631578947,35,1,"Y",1,1,1,1,1
1564506,1928217,"2025-2025_Regular_Session","2025-05-02","Senate: Third Reading RCS#4",37,0,0,1,38,1,"S","Farm Products","H0211",2025,"https://legiscan.com/FL/bill/H0211/2025",0.973684210526316,37,1,"Y",1,1,1,1,1
1564549,1986539,"2025-2025_Regular_Session","2025-05-02","House: Third Reading RCS#405",113,0,6,0,119,1,"H","Department of Health","H1299",2025,"https://legiscan.com/FL/bill/H1299/2025",0.949579831932773,113,1,"Y",1,1,1,1,1
1564569,1983730,"2025-2025_Regular_Session","2025-05-02","House: Third Reading RCS#409",87,27,5,0,119,1,"H","Out-of-network Providers","H1101",2025,"https://legiscan.com/FL/bill/H1101/2025",0.73109243697479,114,0.763157894736842,"Y",0.988095238095238,0.133333333333333,0.866666666666667,0.988095238095238,0.956140350877193
1564574,1989220,"2025-2025_Regular_Session","2025-05-02","House: Third Reading RCS#406",114,0,5,0,119,1,"H","Financial Services","H1549",2025,"https://legiscan.com/FL/bill/H1549/2025",0.957983193277311,114,1,"Y",1,1,1,1,1
1564575,1989220,"2025-2025_Regular_Session","2025-05-02","Senate: Third Reading RCS#12",36,1,0,1,38,1,"S","Financial Services","H1549",2025,"https://legiscan.com/FL/bill/H1549/2025",0.947368421052632,37,0.972972972972973,"Y",0.962962962962963,1,1,0.962962962962963,0.972972972972973
1564581,1979078,"2025-2025_Regular_Session","2025-05-02","House: Third Reading RCS#408",91,22,6,0,119,1,"H","Educator Preparation","H0875",2025,"https://legiscan.com/FL/bill/H0875/2025",0.764705882352941,113,0.805309734513274,"Y",1,0.241379310344828,0.758620689655172,1,0.938053097345133
1564585,1985042,"2025-2025_Regular_Session","2025-05-02","Senate: Third Reading RCS#10",28,9,0,1,38,1,"S","Amendments to the State Constitution","H1205",2025,"https://legiscan.com/FL/bill/H1205/2025",0.736842105263158,37,0.756756756756757,"Y",1,0.1,0.9,1,0.972972972972973
1564590,1971304,"2025-2025_Regular_Session","2025-05-02","House: Third Reading RCS#407",114,0,5,0,119,1,"H","Foreign Countries of Concern","S0768",2025,"https://legiscan.com/FL/bill/S0768/2025",0.957983193277311,114,1,"Y",1,1,1,1,1
1564610,1987696,"2025-2025_Regular_Session","2025-05-02","Senate: Third Reading RCS#11",34,3,0,1,38,1,"S","Mental Health and Substance Use Disorders","S1620",2025,"https://legiscan.com/FL/bill/S1620/2025",0.894736842105263,37,0.918918918918919,"Y",0.888888888888889,1,1,0.888888888888889,0.918918918918919
1564611,1987737,"2025-2025_Regular_Session","2025-05-02","Senate: Third Reading RCS#8",34,1,2,1,38,1,"S","Emergencies","S0180",2025,"https://legiscan.com/FL/bill/S0180/2025",0.894736842105263,35,0.971428571428571,"Y",1,0.9,0.9,1,0.971428571428571
1564612,1987737,"2025-2025_Regular_Session","2025-05-02","House: Third Reading RCS#411",106,0,13,0,119,1,"H","Emergencies","S0180",2025,"https://legiscan.com/FL/bill/S0180/2025",0.890756302521008,106,1,"Y",1,1,1,1,1
1564632,1974923,"2025-2025_Regular_Session","2025-05-02","Senate: Third Reading RCS#14",32,0,5,1,38,1,"S","Brownfields","H0733",2025,"https://legiscan.com/FL/bill/H0733/2025",0.842105263157895,32,1,"Y",1,1,1,1,1
1564634,1989073,"2025-2025_Regular_Session","2025-05-02","Senate: Third Reading RCS#9",26,10,1,1,38,1,"S","Waste Incineration","H1609",2025,"https://legiscan.com/FL/bill/H1609/2025",0.684210526315789,36,0.722222222222222,"Y",0.923076923076923,0.2,0.8,0.923076923076923,0.888888888888889
1564642,1956553,"2025-2025_Regular_Session","2025-05-02","Senate: Third Reading RCS#15",30,3,4,1,38,1,"S","Mitigation Banks","S0492",2025,"https://legiscan.com/FL/bill/S0492/2025",0.789473684210526,33,0.909090909090909,"Y",1,0.625,0.625,1,0.909090909090909
1564649,1981909,"2025-2025_Regular_Session","2025-05-02","House: Third Reading RCS#417",99,0,20,0,119,1,"H","Mental Health","S0168",2025,"https://legiscan.com/FL/bill/S0168/2025",0.831932773109244,99,1,"Y",1,1,1,1,1
1564660,1983749,"2025-2025_Regular_Session","2025-05-02","House: Third Reading RCS#413",84,19,16,0,119,1,"H","Education","H1115",2025,"https://legiscan.com/FL/bill/H1115/2025",0.705882352941177,103,0.815533980582524,"Y",1,0.136363636363636,0.863636363636364,1,0.970873786407767
1564661,1983822,"2025-2025_Regular_Session","2025-05-02","House: Third Reading RCS#415",85,14,20,0,119,1,"H","Education","H1105",2025,"https://legiscan.com/FL/bill/H1105/2025",0.714285714285714,99,0.858585858585859,"Y",1,0.3,0.7,1,0.939393939393939
1564664,1979078,"2025-2025_Regular_Session","2025-05-02","Senate: Third Reading RCS#20",31,0,4,3,38,1,"S","Educator Preparation","H0875",2025,"https://legiscan.com/FL/bill/H0875/2025",0.815789473684211,31,1,"Y",1,1,1,1,1
1564675,1987597,"2025-2025_Regular_Session","2025-05-02","House: Third Reading RCS#418",98,0,21,0,119,1,"H","Child Welfare","S7012",2025,"https://legiscan.com/FL/bill/S7012/2025",0.823529411764706,98,1,"Y",1,1,1,1,1
1564693,1988857,"2025-2025_Regular_Session","2025-05-02","House: Third Reading RCS#422",97,1,21,0,119,1,"H","Public Officers and Employees","H1445",2025,"https://legiscan.com/FL/bill/H1445/2025",0.815126050420168,98,0.989795918367347,"Y",0.987179487179487,1,1,0.987179487179487,0.989795918367347
1564700,1985682,"2025-2025_Regular_Session","2025-05-02","House: Third Reading RCS#414",100,0,19,0,119,1,"H","Education","H1255",2025,"https://legiscan.com/FL/bill/H1255/2025",0.840336134453782,100,1,"Y",1,1,1,1,1
1564701,1985682,"2025-2025_Regular_Session","2025-05-02","Senate: Third Reading RCS#19",30,0,5,3,38,1,"S","Education","H1255",2025,"https://legiscan.com/FL/bill/H1255/2025",0.789473684210526,30,1,"Y",1,1,1,1,1
1564705,1974729,"2025-2025_Regular_Session","2025-05-02","House: Third Reading RCS#421",99,0,20,0,119,1,"H","Spectrum Alert","H0711",2025,"https://legiscan.com/FL/bill/H0711/2025",0.831932773109244,99,1,"Y",1,1,1,1,1
1564706,1988120,"2025-2025_Regular_Session","2025-05-02","House: Third Reading RCS#416",99,0,20,0,119,1,"H","Nursing Education Programs","H1427",2025,"https://legiscan.com/FL/bill/H1427/2025",0.831932773109244,99,1,"Y",1,1,1,1,1
1564707,1988120,"2025-2025_Regular_Session","2025-05-02","Senate: Third Reading RCS#22",26,5,4,3,38,1,"S","Nursing Education Programs","H1427",2025,"https://legiscan.com/FL/bill/H1427/2025",0.684210526315789,31,0.838709677419355,"Y",0.96,0.333333333333333,0.666666666666667,0.96,0.903225806451613
1564722,1958195,"2025-2025_Regular_Session","2025-05-02","House: Third Reading RCS#420",98,0,21,0,119,1,"H","Veterans","S0116",2025,"https://legiscan.com/FL/bill/S0116/2025",0.823529411764706,98,1,"Y",1,1,1,1,1
1564738,1918478,"2025-2025_Regular_Session","2025-05-02","House: Third Reading RCS#419",88,10,21,0,119,1,"H","Student Participation in Interscholastic and Intrascholastic Extracurricular Sports","S0248",2025,"https://legiscan.com/FL/bill/S0248/2025",0.739495798319328,98,0.897959183673469,"Y",1,0.473684210526316,0.526315789473684,1,0.908163265306122
1564739,1946009,"2025-2025_Regular_Session","2025-05-02","Senate: Third Reading RCS#23",31,0,4,3,38,1,"S","Boating Safety","H0289",2025,"https://legiscan.com/FL/bill/H0289/2025",0.815789473684211,31,1,"Y",1,1,1,1,1
1564740,1946009,"2025-2025_Regular_Session","2025-05-02","House: Third Reading RCS#426",93,1,25,0,119,1,"H","Boating Safety","H0289",2025,"https://legiscan.com/FL/bill/H0289/2025",0.781512605042017,94,0.98936170212766,"Y",1,0.941176470588235,0.941176470588235,1,0.98936170212766
1564744,1983822,"2025-2025_Regular_Session","2025-05-02","Senate: Third Reading RCS#21",26,5,4,3,38,1,"S","Education","H1105",2025,"https://legiscan.com/FL/bill/H1105/2025",0.684210526315789,31,0.838709677419355,"Y",1,0.166666666666667,0.833333333333333,1,0.967741935483871
1564756,1979604,"2025-2025_Regular_Session","2025-05-02","Senate: Third Reading RCS#7",33,0,4,1,38,1,"S","Driver License Education Requirements","S0994",2025,"https://legiscan.com/FL/bill/S0994/2025",0.868421052631579,33,1,"Y",1,1,1,1,1
1570115,2016463,"2025-2025_Regular_Session","2025-05-13","House: Third Reading RCS#428",88,10,21,0,119,1,"H","Prekindergarten Through Grade 12 Education","S2510",2025,"https://legiscan.com/FL/bill/S2510/2025",0.739495798319328,98,0.897959183673469,"Y",1,0.545454545454545,0.545454545454545,1,0.897959183673469
1572589,1981445,"2025-2025_Regular_Session","2025-04-03","House Civil Justice & Claims Subcommittee",14,0,0,5,19,1,"H","Homeowner's Associations","H0983",2025,"https://legiscan.com/FL/bill/H0983/2025",0.736842105263158,14,1,"N",1,1,1,1,1
1572590,1981445,"2025-2025_Regular_Session","2025-04-10","House Housing, Agriculture & Tourism Subcommittee",17,0,0,1,18,1,"H","Homeowner's Associations","H0983",2025,"https://legiscan.com/FL/bill/H0983/2025",0.944444444444444,17,1,"N",1,1,1,1,1
1572965,1986968,"2025-2025_Regular_Session","2025-03-11","House Government Operations Subcommittee",14,3,0,1,18,1,"H","Succession to Office of Governor, Auditing, and Government Efficiency","H1325",2025,"https://legiscan.com/FL/bill/H1325/2025",0.777777777777778,17,0.823529411764706,"N",1,0.4,0.6,1,0.882352941176471
1572966,1986968,"2025-2025_Regular_Session","2025-03-20","House State Affairs Committee",17,8,0,1,26,1,"H","Succession to Office of Governor, Auditing, and Government Efficiency","H1325",2025,"https://legiscan.com/FL/bill/H1325/2025",0.653846153846154,25,0.68,"N",0.944444444444444,0,1,0.944444444444444,0.96
1572967,1953445,"2025-2025_Regular_Session","2025-03-11","House Natural Resources & Disasters Subcommittee",16,0,0,2,18,1,"H","Nature-based Methods for Improving Coastal Resilience","H0371",2025,"https://legiscan.com/FL/bill/H0371/2025",0.888888888888889,16,1,"N",1,1,1,1,1
1572968,1953445,"2025-2025_Regular_Session","2025-03-20","House State Affairs Committee",23,0,0,3,26,1,"H","Nature-based Methods for Improving Coastal Resilience","H0371",2025,"https://legiscan.com/FL/bill/H0371/2025",0.884615384615385,23,1,"N",1,1,1,1,1
1572969,1946009,"2025-2025_Regular_Session","2025-03-06","House Criminal Justice Subcommittee",18,0,0,0,18,1,"H","Boating Safety","H0289",2025,"https://legiscan.com/FL/bill/H0289/2025",1,18,1,"N",1,1,1,1,1
1572970,1946009,"2025-2025_Regular_Session","2025-03-13","House State Affairs Committee",25,0,0,1,26,1,"H","Boating Safety","H0289",2025,"https://legiscan.com/FL/bill/H0289/2025",0.961538461538462,25,1,"N",1,1,1,1,1
1572971,1946009,"2025-2025_Regular_Session","2025-03-20","House Judiciary Committee",20,0,0,3,23,1,"H","Boating Safety","H0289",2025,"https://legiscan.com/FL/bill/H0289/2025",0.869565217391304,20,1,"N",1,1,1,1,1
1572972,1943801,"2025-2025_Regular_Session","2025-03-19","House Intergovernmental Affairs Subcommittee",18,0,0,0,18,1,"H","Veterans' Benefits Assistance","H0277",2025,"https://legiscan.com/FL/bill/H0277/2025",1,18,1,"N",1,1,1,1,1
1572973,1943801,"2025-2025_Regular_Session","2025-03-26","House Industries & Professional Activities Subcommittee",12,0,0,6,18,1,"H","Veterans' Benefits Assistance","H0277",2025,"https://legiscan.com/FL/bill/H0277/2025",0.666666666666667,12,1,"N",1,1,1,1,1
1572974,1943801,"2025-2025_Regular_Session","2025-04-08","House State Affairs Committee",21,0,0,5,26,1,"H","Veterans' Benefits Assistance","H0277",2025,"https://legiscan.com/FL/bill/H0277/2025",0.807692307692308,21,1,"N",1,1,1,1,1
1572975,1983749,"2025-2025_Regular_Session","2025-03-27","House Education Administration Subcommittee",13,3,0,2,18,1,"H","Education","H1115",2025,"https://legiscan.com/FL/bill/H1115/2025",0.722222222222222,16,0.8125,"N",1,0.4,0.6,1,0.875
1572976,1983749,"2025-2025_Regular_Session","2025-04-08","House PreK-12 Budget Subcommittee",13,2,0,0,15,1,"H","Education","H1115",2025,"https://legiscan.com/FL/bill/H1115/2025",0.866666666666667,15,0.866666666666667,"N",1,0.5,NA,1,1
1572977,1983749,"2025-2025_Regular_Session","2025-04-17","House Education & Employment Committee",15,4,0,4,23,1,"H","Education","H1115",2025,"https://legiscan.com/FL/bill/H1115/2025",0.652173913043478,19,0.789473684210526,"N",1,0.333333333333333,0.666666666666667,1,0.894736842105263
1572979,1942526,"2025-2025_Regular_Session","2025-03-12","House Criminal Justice Subcommittee",17,0,0,2,19,1,"H","Aggravated Animal Cruelty","H0255",2025,"https://legiscan.com/FL/bill/H0255/2025",0.894736842105263,17,1,"N",1,1,1,1,1
1572980,1942526,"2025-2025_Regular_Session","2025-03-26","House Judiciary Committee",22,0,0,0,22,1,"H","Aggravated Animal Cruelty","H0255",2025,"https://legiscan.com/FL/bill/H0255/2025",1,22,1,"N",1,1,1,1,1
1572981,1963907,"2025-2025_Regular_Session","2025-03-25","House Human Services Subcommittee",17,0,0,1,18,1,"H","Specific Medical Diagnoses in Child Protective Investigations","H0511",2025,"https://legiscan.com/FL/bill/H0511/2025",0.944444444444444,17,1,"N",1,1,1,1,1
1572982,1963907,"2025-2025_Regular_Session","2025-04-08","House Judiciary Committee",19,0,0,3,22,1,"H","Specific Medical Diagnoses in Child Protective Investigations","H0511",2025,"https://legiscan.com/FL/bill/H0511/2025",0.863636363636364,19,1,"N",1,1,1,1,1
1572983,2020763,"2025-2025_Regular_Session","2025-04-16","House Budget Committee",29,0,0,1,30,1,"H","Hemp Consumable THC Products","H7027",2025,"https://legiscan.com/FL/bill/H7027/2025",0.966666666666667,29,1,"N",1,1,1,1,1
1572984,2020763,"2025-2025_Regular_Session","2025-04-22","House Commerce Committee",24,0,0,3,27,1,"H","Hemp Consumable THC Products","H7027",2025,"https://legiscan.com/FL/bill/H7027/2025",0.888888888888889,24,1,"N",1,1,1,1,1
1572985,1987752,"2025-2025_Regular_Session","2025-03-11","House Education Administration Subcommittee",17,0,0,1,18,1,"H","Safety of Students","H1403",2025,"https://legiscan.com/FL/bill/H1403/2025",0.944444444444444,17,1,"N",1,1,1,1,1
1572986,1987752,"2025-2025_Regular_Session","2025-03-19","House Criminal Justice Subcommittee",18,0,0,0,18,1,"H","Safety of Students","H1403",2025,"https://legiscan.com/FL/bill/H1403/2025",1,18,1,"N",1,1,1,1,1
1572987,1987752,"2025-2025_Regular_Session","2025-04-01","House PreK-12 Budget Subcommittee",11,0,0,4,15,1,"H","Safety of Students","H1403",2025,"https://legiscan.com/FL/bill/H1403/2025",0.733333333333333,11,1,"N",1,1,1,1,1
1572988,1987752,"2025-2025_Regular_Session","2025-04-17","House Education & Employment Committee",20,0,0,3,23,1,"H","Safety of Students","H1403",2025,"https://legiscan.com/FL/bill/H1403/2025",0.869565217391304,20,1,"N",1,1,1,1,1
1572989,1985213,"2025-2025_Regular_Session","2025-03-19","House Criminal Justice Subcommittee",18,0,0,0,18,1,"H","Mental Health","H1207",2025,"https://legiscan.com/FL/bill/H1207/2025",1,18,1,"N",1,1,1,1,1
1572990,1985213,"2025-2025_Regular_Session","2025-04-01","House Human Services Subcommittee",15,0,0,3,18,1,"H","Mental Health","H1207",2025,"https://legiscan.com/FL/bill/H1207/2025",0.833333333333333,15,1,"N",1,1,1,1,1
1572991,1985213,"2025-2025_Regular_Session","2025-04-17","House Judiciary Committee",20,0,0,2,22,1,"H","Mental Health","H1207",2025,"https://legiscan.com/FL/bill/H1207/2025",0.909090909090909,20,1,"N",1,1,1,1,1
1578965,1985682,"2025-2025_Regular_Session","2025-03-18","House Student Academic Success Subcommittee",15,2,0,1,18,1,"H","Education","H1255",2025,"https://legiscan.com/FL/bill/H1255/2025",0.833333333333333,17,0.882352941176471,"N",1,0.6,0.6,1,0.882352941176471
1578966,1985682,"2025-2025_Regular_Session","2025-04-01","House PreK-12 Budget Subcommittee",12,1,0,2,15,1,"H","Education","H1255",2025,"https://legiscan.com/FL/bill/H1255/2025",0.8,13,0.923076923076923,"N",1,0.75,0.75,1,0.923076923076923
1578967,1985682,"2025-2025_Regular_Session","2025-04-17","House Education & Employment Committee",17,4,0,2,23,1,"H","Education","H1255",2025,"https://legiscan.com/FL/bill/H1255/2025",0.739130434782609,21,0.80952380952381,"N",1,0.333333333333333,0.666666666666667,1,0.904761904761905
1583082,1990100,"2025-2025_Regular_Session","2025-03-12","House Intergovernmental Affairs Subcommittee",16,0,0,2,18,1,"H","Duval County","H4053",2025,"https://legiscan.com/FL/bill/H4053/2025",0.888888888888889,16,1,"N",1,1,1,1,1
1583083,1990100,"2025-2025_Regular_Session","2025-03-19","House Industries & Professional Activities Subcommittee",14,0,0,4,18,1,"H","Duval County","H4053",2025,"https://legiscan.com/FL/bill/H4053/2025",0.777777777777778,14,1,"N",1,1,1,1,1
1583084,1990100,"2025-2025_Regular_Session","2025-03-26","House State Affairs Committee",22,0,0,5,27,1,"H","Duval County","H4053",2025,"https://legiscan.com/FL/bill/H4053/2025",0.814814814814815,22,1,"N",1,1,1,1,1
1584807,1972079,"2025-2025_Regular_Session","2025-04-01","House Natural Resources & Disasters Subcommittee",16,0,0,2,18,1,"H","One Water Approaches to Water Resource Management","H0661",2025,"https://legiscan.com/FL/bill/H0661/2025",0.888888888888889,16,1,"N",1,1,1,1,1
1585448,2018625,"2025-2025_Regular_Session","2025-06-05","Senate Appropriations",17,0,0,1,18,1,"S","Taxation","H7031",2025,"https://legiscan.com/FL/bill/H7031/2025",0.944444444444444,17,1,"N",1,1,1,1,1
1585449,2018625,"2025-2025_Regular_Session","2025-06-05","Senate: Third Reading RCS#6",32,0,0,6,38,1,"S","Taxation","H7031",2025,"https://legiscan.com/FL/bill/H7031/2025",0.842105263157895,32,1,"Y",1,1,1,1,1
1585636,2019303,"2025-2025_Regular_Session","2025-06-05","Senate: Third Reading RCS#3",32,0,0,6,38,1,"S","State-funded Property Reinsurance Programs","H5013",2025,"https://legiscan.com/FL/bill/H5013/2025",0.842105263157895,32,1,"Y",1,1,1,1,1
1585673,2019272,"2025-2025_Regular_Session","2025-06-05","Senate: Third Reading RCS#4",32,0,0,6,38,1,"S","State Group Insurance","H5015",2025,"https://legiscan.com/FL/bill/H5015/2025",0.842105263157895,32,1,"Y",1,1,1,1,1
1585782,2035556,"2025-2025_Regular_Session","2025-06-05","Senate Appropriations",17,0,0,1,18,1,"S","Debt Reduction","S1906",2025,"https://legiscan.com/FL/bill/S1906/2025",0.944444444444444,17,1,"N",1,1,1,1,1
1585783,2035626,"2025-2025_Regular_Session","2025-06-05","Senate Appropriations",14,3,0,1,18,1,"S","Budget Stabilization Fund","S1908",2025,"https://legiscan.com/FL/bill/S1908/2025",0.777777777777778,17,0.823529411764706,"N",1,0.4,0.6,1,0.882352941176471
1585851,2035521,"2025-2025_Regular_Session","2025-06-05","House Budget Committee",23,4,0,3,30,1,"H","Budget Stabilization Fund","H5019",2025,"https://legiscan.com/FL/bill/H5019/2025",0.766666666666667,27,0.851851851851852,"N",1,0.333333333333333,0.666666666666667,1,0.925925925925926
1585856,2035539,"2025-2025_Regular_Session","2025-06-05","House Budget Committee",27,0,0,3,30,1,"H","Debt Reduction","H5017",2025,"https://legiscan.com/FL/bill/H5017/2025",0.9,27,1,"N",1,1,1,1,1
1585860,2016043,"2025-2025_Regular_Session","2025-06-05","Senate: Third Reading RCS#5",32,0,0,6,38,1,"S","Capitol Center","H5203",2025,"https://legiscan.com/FL/bill/H5203/2025",0.842105263157895,32,1,"Y",1,1,1,1,1
1590893,1982323,"2025-2025_Regular_Session","2025-03-19","House Intergovernmental Affairs Subcommittee",16,0,0,2,18,1,"H","Osceola County","H4043",2025,"https://legiscan.com/FL/bill/H4043/2025",0.888888888888889,16,1,"N",1,1,1,1,1
1590894,1982323,"2025-2025_Regular_Session","2025-03-27","House Ways & Means Committee",18,0,0,1,19,1,"H","Osceola County","H4043",2025,"https://legiscan.com/FL/bill/H4043/2025",0.947368421052632,18,1,"N",1,1,1,1,1
1590895,1982323,"2025-2025_Regular_Session","2025-04-02","House State Affairs Committee",23,0,0,3,26,1,"H","Osceola County","H4043",2025,"https://legiscan.com/FL/bill/H4043/2025",0.884615384615385,23,1,"N",1,1,1,1,1
1590896,1977113,"2025-2025_Regular_Session","2025-04-01","House Government Operations Subcommittee",16,0,0,3,19,1,"H","Pub. Rec./Public Officers","H0789",2025,"https://legiscan.com/FL/bill/H0789/2025",0.842105263157895,16,1,"N",1,1,1,1,1
1590897,1977113,"2025-2025_Regular_Session","2025-04-08","House State Affairs Committee",22,0,0,4,26,1,"H","Pub. Rec./Public Officers","H0789",2025,"https://legiscan.com/FL/bill/H0789/2025",0.846153846153846,22,1,"N",1,1,1,1,1
1590898,1948923,"2025-2025_Regular_Session","2025-03-26","House Criminal Justice Subcommittee",18,0,0,0,18,1,"H","Complaints Against Law Enforcement and Correctional Officers","H0317",2025,"https://legiscan.com/FL/bill/H0317/2025",1,18,1,"N",1,1,1,1,1
1590899,1948923,"2025-2025_Regular_Session","2025-04-10","House Government Operations Subcommittee",11,6,0,1,18,1,"H","Complaints Against Law Enforcement and Correctional Officers","H0317",2025,"https://legiscan.com/FL/bill/H0317/2025",0.611111111111111,17,0.647058823529412,"N",0.833333333333333,0.2,0.8,0.833333333333333,0.823529411764706
1590900,1948923,"2025-2025_Regular_Session","2025-04-17","House Judiciary Committee",16,4,0,2,22,1,"H","Complaints Against Law Enforcement and Correctional Officers","H0317",2025,"https://legiscan.com/FL/bill/H0317/2025",0.727272727272727,20,0.8,"N",1,0.2,0.8,1,0.95
1591084,2018625,"2025-2025_Regular_Session","2025-06-16","House: Third Reading RCS#432",93,7,20,0,120,1,"H","Taxation","H7031",2025,"https://legiscan.com/FL/bill/H7031/2025",0.775,100,0.93,"Y",1,0.666666666666667,0.666666666666667,1,0.93
1591109,2035521,"2025-2025_Regular_Session","2025-06-16","House: Third Reading RCS#431",100,1,19,0,120,1,"H","Budget Stabilization Fund","H5019",2025,"https://legiscan.com/FL/bill/H5019/2025",0.833333333333333,101,0.99009900990099,"Y",0.987179487179487,1,1,0.987179487179487,0.99009900990099
1591110,2035521,"2025-2025_Regular_Session","2025-06-16","Senate: Third Reading RCS#13",29,4,1,5,39,1,"S","Budget Stabilization Fund","H5019",2025,"https://legiscan.com/FL/bill/H5019/2025",0.743589743589744,33,0.878787878787879,"Y",1,0.555555555555556,0.555555555555556,1,0.878787878787879
1591126,2016502,"2025-2025_Regular_Session","2025-06-16","Senate: Third Reading RCS#9",29,5,0,5,39,1,"S","Natural Resources","S2506",2025,"https://legiscan.com/FL/bill/S2506/2025",0.743589743589744,34,0.852941176470588,"Y",1,0.5,NA,1,1
1591127,2016502,"2025-2025_Regular_Session","2025-06-16","House: Third Reading RCS#441",91,13,16,0,120,1,"H","Natural Resources","S2506",2025,"https://legiscan.com/FL/bill/S2506/2025",0.758333333333333,104,0.875,"Y",1,0.48,0.52,1,0.884615384615385
1591129,2016312,"2025-2025_Regular_Session","2025-06-16","Senate: Third Reading RCS#8",34,0,0,5,39,1,"S","Appropriations","S2500",2025,"https://legiscan.com/FL/bill/S2500/2025",0.871794871794872,34,1,"Y",1,1,1,1,1
1591130,2016312,"2025-2025_Regular_Session","2025-06-16","House: Third Reading RCS#443",103,2,15,0,120,1,"H","Appropriations","S2500",2025,"https://legiscan.com/FL/bill/S2500/2025",0.858333333333333,105,0.980952380952381,"Y",1,0.923076923076923,0.923076923076923,1,0.980952380952381
1591134,2016463,"2025-2025_Regular_Session","2025-06-16","Senate: Third Reading RCS#7",25,9,0,5,39,1,"S","Prekindergarten Through Grade 12 Education","S2510",2025,"https://legiscan.com/FL/bill/S2510/2025",0.641025641025641,34,0.735294117647059,"Y",1,0.1,0.9,1,0.970588235294118
1591135,2016463,"2025-2025_Regular_Session","2025-06-16","House: Third Reading RCS#440",80,24,16,0,120,1,"H","Prekindergarten Through Grade 12 Education","S2510",2025,"https://legiscan.com/FL/bill/S2510/2025",0.666666666666667,104,0.769230769230769,"Y",1,0.04,0.96,1,0.990384615384615
1591154,2035539,"2025-2025_Regular_Session","2025-06-16","House: Third Reading RCS#433",101,0,19,0,120,1,"H","Debt Reduction","H5017",2025,"https://legiscan.com/FL/bill/H5017/2025",0.841666666666667,101,1,"Y",1,1,1,1,1
1591155,2035539,"2025-2025_Regular_Session","2025-06-16","Senate: Third Reading RCS#12",34,0,0,5,39,1,"S","Debt Reduction","H5017",2025,"https://legiscan.com/FL/bill/H5017/2025",0.871794871794872,34,1,"Y",1,1,1,1,1
1591169,2006287,"2025-2025_Regular_Session","2025-06-16","Senate: Third Reading RCS#4",34,0,0,5,39,1,"S","Retirement","S7022",2025,"https://legiscan.com/FL/bill/S7022/2025",0.871794871794872,34,1,"Y",1,1,1,1,1
1591170,2006287,"2025-2025_Regular_Session","2025-06-16","House: Third Reading RCS#437",105,0,15,0,120,1,"H","Retirement","S7022",2025,"https://legiscan.com/FL/bill/S7022/2025",0.875,105,1,"Y",1,1,1,1,1
1591172,2016424,"2025-2025_Regular_Session","2025-06-16","Senate: Third Reading RCS#6",34,0,0,5,39,1,"S","Health and Human Services","S2514",2025,"https://legiscan.com/FL/bill/S2514/2025",0.871794871794872,34,1,"Y",1,1,1,1,1
1591173,2016424,"2025-2025_Regular_Session","2025-06-16","House: Third Reading RCS#438",105,0,15,0,120,1,"H","Health and Human Services","S2514",2025,"https://legiscan.com/FL/bill/S2514/2025",0.875,105,1,"Y",1,1,1,1,1
1591196,2019272,"2025-2025_Regular_Session","2025-06-16","House: Third Reading RCS#434",98,5,17,0,120,1,"H","State Group Insurance","H5015",2025,"https://legiscan.com/FL/bill/H5015/2025",0.816666666666667,103,0.951456310679612,"Y",1,0.791666666666667,0.791666666666667,1,0.951456310679612
1591197,2019272,"2025-2025_Regular_Session","2025-06-16","Senate: Third Reading RCS#10",25,9,0,5,39,1,"S","State Group Insurance","H5015",2025,"https://legiscan.com/FL/bill/H5015/2025",0.641025641025641,34,0.735294117647059,"Y",1,0.1,0.9,1,0.970588235294118
1591199,2016388,"2025-2025_Regular_Session","2025-06-16","Senate: Third Reading RCS#3",33,0,1,5,39,1,"S","Collective Bargaining","S2504",2025,"https://legiscan.com/FL/bill/S2504/2025",0.846153846153846,33,1,"Y",1,1,1,1,1
1591200,2016388,"2025-2025_Regular_Session","2025-06-16","House: Third Reading RCS#436",105,0,15,0,120,1,"H","Collective Bargaining","S2504",2025,"https://legiscan.com/FL/bill/S2504/2025",0.875,105,1,"Y",1,1,1,1,1
1591214,2016571,"2025-2025_Regular_Session","2025-06-16","Senate: Third Reading RCS#2",24,8,2,5,39,1,"S","Implementing the 2025-2026 General Appropriations Act","S2502",2025,"https://legiscan.com/FL/bill/S2502/2025",0.615384615384615,32,0.75,"Y",1,0.2,0.8,1,0.9375
1591215,2016571,"2025-2025_Regular_Session","2025-06-16","House: Third Reading RCS#435",87,18,15,0,120,1,"H","Implementing the 2025-2026 General Appropriations Act","S2502",2025,"https://legiscan.com/FL/bill/S2502/2025",0.725,105,0.828571428571429,"Y",1,0.307692307692308,0.692307692307692,1,0.923809523809524
1591235,2016351,"2025-2025_Regular_Session","2025-06-16","Senate: Third Reading RCS#5",34,0,0,5,39,1,"S","Judges","S2508",2025,"https://legiscan.com/FL/bill/S2508/2025",0.871794871794872,34,1,"Y",1,1,1,1,1
1591236,2016351,"2025-2025_Regular_Session","2025-06-16","House: Third Reading RCS#439",105,0,15,0,120,1,"H","Judges","S2508",2025,"https://legiscan.com/FL/bill/S2508/2025",0.875,105,1,"Y",1,1,1,1,1
1591237,2018625,"2025-2025_Regular_Session","2025-06-16","Senate: Third Reading RCS#11",32,2,0,5,39,1,"S","Taxation","H7031",2025,"https://legiscan.com/FL/bill/H7031/2025",0.82051282051282,34,0.941176470588235,"Y",1,0.8,0.8,1,0.941176470588235
