ID,Label,T_10_CENS_Total,T_10_CENS_White,T_10_CENS_Hispanic,T_10_CENS_Black,T_10_CENS_Asian,T_10_CENS_Native,T_10_CENS_Pacific,T_10_CENS_BlackAlone,T_10_CENS_NativeAlone,T_19_ACS_Total,T_19_ACS_White,T_19_ACS_Hispanic,T_19_ACS_Black,T_19_ACS_Asian,T_19_ACS_Native,T_19_ACS_Pacific,T_19_ACS_BlackAlone,T_19_ACS_NativeAlone,T_20_CENS_Total,T_20_CENS_White,T_20_CENS_Hispanic,T_20_CENS_Black,T_20_CENS_Asian,T_20_CENS_Native,T_20_CENS_Pacific,T_20_CENS_ADJ_Total,T_20_CENS_ADJ_White,T_20_CENS_ADJ_Hispanic,T_20_CENS_ADJ_Black,T_20_CENS_ADJ_Asian,T_20_CENS_ADJ_Native,T_20_CENS_ADJ_Pacific,T_20_ACS_Total,T_20_ACS_White,T_20_ACS_Hispanic,T_20_ACS_Black,T_20_ACS_Asian,T_20_ACS_Native,T_20_ACS_Pacific,T_20_ACS_BlackAlone,T_20_ACS_AsianAlone,T_20_ACS_NativeAlone,T_20_ACS_PacificAlone,T_20_ACS_OtherAlone,T_20_ACS_TwoOrMore,T_22_ACS_Total,T_22_ACS_White,T_22_ACS_Hispanic,T_22_ACS_Black,T_22_ACS_Asian,T_22_ACS_Native,T_22_ACS_Pacific,V_10_VAP_Total,V_10_VAP_White,V_10_VAP_Hispanic,V_10_VAP_Black,V_10_VAP_Asian,V_10_VAP_Native,V_10_VAP_Pacific,V_10_VAP_BlackAlone,V_10_VAP_NativeAlone,V_19_CVAP_Total,V_19_CVAP_White,V_19_CVAP_Hispanic,V_19_CVAP_Black,V_19_CVAP_Asian,V_19_CVAP_Native,V_19_CVAP_Pacific,V_19_CVAP_BlackAlone,V_19_CVAP_AsianAlone,V_19_CVAP_NativeAlone,V_19_CVAP_OtherAlone,V_19_CVAP_TwoOrMore,V_20_VAP_Total,V_20_VAP_White,V_20_VAP_Hispanic,V_20_VAP_Black,V_20_VAP_Asian,V_20_VAP_Native,V_20_VAP_Pacific,V_20_VAP_NH_Total,V_20_VAP_NH_White,V_20_VAP_NH_Hispanic,V_20_VAP_NH_BlackAlone,V_20_VAP_NH_AsianAlone,V_20_VAP_NH_NativeAlone,V_20_VAP_NH_PacificAlone,V_20_VAP_NH_OtherAlone,V_20_VAP_NH_TwoOrMore,V_20_CVAP_Total,V_20_CVAP_White,V_20_CVAP_Hispanic,V_20_CVAP_Black,V_20_CVAP_Asian,V_20_CVAP_Native,V_20_CVAP_Pacific,V_20_CVAP_BlackAlone,V_20_CVAP_AsianAlone,V_20_CVAP_NativeAlone,V_20_CVAP_PacificAlone,V_20_CVAP_OtherAlone,V_22_CVAP_Total,V_22_CVAP_White,V_22_CVAP_Hispanic,V_22_CVAP_Black,V_22_CVAP_Asian,V_22_CVAP_Native,V_22_CVAP_Pacific,V_22_CVAP_BlackAlone,V_22_CVAP_AsianAlone,V_22_CVAP_NativeAlone,V_22_CVAP_PacificAlone,V_24_CVAP_Total,V_24_CVAP_White,V_24_CVAP_Hispanic,V_24_CVAP_Black,V_24_CVAP_Asian,V_24_CVAP_Native,V_24_CVAP_Pacific,V_24_CVAP_BlackAlone,V_24_CVAP_AsianAlone,V_24_CVAP_NativeAlone,V_24_CVAP_PacificAlone,E_08_PRES_Total,E_08_PRES_Dem,E_08_PRES_Rep,E_12_PRES_Total,E_12_PRES_Dem,E_12_PRES_Rep,E_16_PRES_Total,E_16_PRES_Dem,E_16_PRES_Rep,E_16_SEN_Total,E_16_SEN_Dem,E_16_SEN_Rep,E_18_SEN_Total,E_18_SEN_Dem,E_18_SEN_Rep,E_18_GOV_Total,E_18_GOV_Dem,E_18_GOV_Rep,E_18_AG_Total,E_18_AG_Dem,E_18_AG_Rep,E_16-20_COMP_Total,E_16-20_COMP_Dem,E_16-20_COMP_Rep,E_20_PRES_Total,E_20_PRES_Dem,E_20_PRES_Rep
0,Un,0,0,0,0,0,0,0,0,0,0,0,0,0,0,0,0,0,0,0,0,0,0,0,0,0,0,0,0,0,0,0,0,0,0,0,0,0,0,0,0,0,0,0,0,0,0,0,0,0,0,0,0,0,0,0,0,0,0,0,0,0,0,0,0,0,0,0,0,0,0,0,0,0,0,0,0,0,0,0,0,0,0,0,0,0,0,0,0,0,0,0,0,0,0,0,0,0,0,0,0,0,2137,2016,41,57,49,3,0,37,46,0,0,2292,2130,54,65,78,4,0,45,61,0,0,0,0,0,0,0,0,0,0,0,0,0,0,0,0,0,0,0,0,0,0,0,0,0,0,0,0,0
1,1,23148,4233,5536,12995,1102,327,75,0,0,22749,4040,5734,12373,1286,147,101,0,0,22562,3577,5525,13147,1045,433,46,22842,3592,5589,13339,1048,433,46,21887,4292,5212,12126,924,112,96,10615,706,6,0,114,941,22341,4007,6234,12780,418,400,81,17963,3942,3964,9565,859,237,57,0,0,15290,3669,3572,7541,360,77,0,7312,319,4,145,0,17953,3275,4105,10153,840,359,37,17953,3275,4105,9063,694,54,3,110,649,14854,3831,3017,7635,275,77,0,0,0,0,0,0,16192,4953,3676,7129,273,118,0,6819,219,30,0,15815,5089,3641,6556,316,291,67,6153,224,22,67,6850,6340,459,6774,6273,501,6709,6011,501,6315,5729,448,4728,4292,381,4880,4205,472,4612,4026,476,5587,4977,482,6340,5645,622
2,2,20128,15717,2217,798,1188,109,14,0,0,22268,17056,1981,2100,1447,126,13,0,0,24167,16535,3344,1585,1814,323,13,24188,16553,3344,1585,1814,323,13,22534,16755,2327,2228,1386,134,14,1793,1085,1,14,70,486,23608,15324,3351,2407,1486,123,0,15587,12547,1480,531,833,73,11,0,0,16402,13463,851,1228,841,67,15,1039,831,2,10,0,19448,14010,2237,1086,1337,250,5,19448,14010,2237,745,1220,14,0,346,876,16550,13771,976,1124,711,60,15,0,0,0,0,0,20912,14778,2580,2650,825,49,0,2547,802,15,0,21039,14629,2654,2448,1215,18,0,2353,1185,0,0,10453,5919,4426,9809,5362,4447,10943,5558,4854,10606,5641,4736,9466,5497,3866,9542,4784,4553,9322,4880,4365,10434,5632,4593,12744,7397,5175
3,3,23612,2766,15206,5782,693,358,91,0,0,23151,3172,14090,7279,586,366,4,0,0,22825,1955,14369,6055,847,582,67,23031,1965,14502,6101,848,583,67,24274,3100,15284,8433,656,311,12,4597,429,0,0,170,692,23994,2787,16214,9451,456,492,39,16880,2514,10203,4011,554,262,72,0,0,14639,2332,8699,3341,219,20,0,3284,208,0,25,0,17237,1760,10478,4424,684,449,52,17237,1760,10478,3387,593,45,9,359,606,15632,1899,9861,3523,212,0,0,0,0,0,0,0,15942,2193,10218,3188,138,55,0,3000,93,32,0,15544,2101,9626,3438,241,179,0,3154,117,50,0,5910,5341,524,3907,3737,170,5884,5278,471,5375,4884,380,3736,3366,322,3877,3331,439,3459,3014,391,4656,4094,486,5690,4706,946
4,4,24365,4748,13890,5505,1236,375,89,0,0,24068,4346,13105,6565,1401,193,84,0,0,23476,3894,12582,6089,1902,509,66,23748,3912,12747,6159,1912,512,67,22964,4287,12676,6346,1412,431,86,4272,1303,2,0,103,320,23225,4497,12183,6756,1461,484,165,18315,4444,9559,3839,1006,270,69,0,0,16113,3883,8393,3523,276,49,0,3437,235,2,23,0,18266,3695,9149,4414,1544,358,49,18266,3695,9149,3415,1386,31,3,160,427,15296,3959,8014,2983,338,97,0,0,0,0,0,0,13998,3755,7119,2740,427,176,0,2521,365,19,0,13351,3827,6441,2703,411,163,0,2520,333,20,0,5451,4917,499,7745,6975,770,5635,4978,510,5091,4508,478,3555,3152,354,3709,3135,447,3312,2850,427,4436,3846,510,5305,4423,832
5,5,24564,7490,3484,13273,862,299,54,0,0,24975,7020,3958,13540,851,396,122,0,0,24363,5738,4366,13217,1559,319,50,23667,5534,4120,12977,1550,315,47,24826,6593,4607,13544,716,372,94,12107,617,6,15,49,833,25176,6089,4870,13586,1528,354,78,18426,6371,2186,9515,596,208,40,0,0,18039,6166,2502,8856,438,153,15,8694,415,2,74,0,18928,5022,2947,10112,1022,223,30,18928,5022,2947,9293,932,23,0,122,589,17932,5568,2872,9030,257,148,15,0,0,0,0,0,18376,5293,3433,9122,363,179,0,8698,280,15,0,17601,4760,3774,8536,393,40,0,8119,283,10,0,11607,9575,1927,9555,7379,2176,11002,8787,1888,10713,8904,1630,8891,7209,1588,9024,6748,1880,8662,6652,1922,9950,7933,1832,11535,9340,2066
6,6,23994,5769,12945,5205,902,315,98,0,0,24185,3837,14565,6281,882,338,18,0,0,23505,3655,13696,5705,1317,507,96,23648,3660,13790,5733,1318,507,96,23999,3922,13305,7794,680,227,15,5594,539,4,0,113,525,22892,3792,13459,7142,351,188,49,17606,5033,8829,3489,680,220,70,0,0,14788,2827,8739,2689,396,58,0,2594,396,2,123,0,17767,3212,9948,4051,971,350,72,17767,3212,9948,3088,805,33,9,223,449,15060,2916,8051,3564,349,49,0,0,0,0,0,0,15851,3115,8893,3544,201,125,0,3444,202,4,0,16237,3744,8057,4032,354,52,0,3937,321,0,0,7006,5881,1065,5772,5268,504,6986,5928,891,6578,5792,682,4647,4000,616,4839,3912,768,4553,3731,773,5790,4867,841,7246,5861,1327
7,7,23533,2814,5276,15885,389,282,67,0,0,21994,2698,5312,14347,285,247,57,0,0,22659,2165,5636,15165,333,407,36,22938,2176,5714,15362,334,407,36,22691,2595,6150,14607,444,235,45,13120,316,0,0,95,418,21892,2822,5485,14371,510,192,20,17562,2721,3466,11489,313,197,50,0,0,15464,2644,3118,9487,106,70,10,9422,89,0,64,0,17319,2069,3812,11466,270,297,22,17319,2069,3812,10588,224,43,3,167,413,15822,2526,3879,9319,84,77,0,0,0,0,0,0,13590,955,3046,9410,82,73,0,9347,56,7,0,14167,1042,3441,9060,363,23,25,9049,113,2,25,7393,7105,253,7827,7549,278,6900,6529,249,6372,6069,197,4550,4391,132,4785,4470,223,3955,3714,211,5538,5235,236,6689,6224,414
8,8,24211,22783,656,349,298,171,12,0,0,23226,21693,850,297,367,42,0,0,0,23442,20859,1017,432,442,448,27,23464,20881,1017,432,442,448,27,23209,21529,624,210,655,46,0,69,398,0,0,305,287,23032,20806,1053,369,656,372,0,18635,17752,386,201,197,122,7,0,0,18238,17362,526,167,134,22,0,117,130,0,11,0,18886,17156,633,272,297,334,18,18886,17156,633,147,213,36,0,88,613,18603,17895,452,33,204,21,0,0,0,0,0,0,18451,17260,693,124,221,80,0,100,116,2,0,18403,17101,756,172,189,127,0,155,57,2,0,13292,7641,5412,12737,7127,5610,13703,6234,6580,13542,7741,5429,12312,6370,5742,12457,5154,6318,12139,5353,6614,13202,6459,6280,15227,7868,6971
9,9,22885,13228,3662,4235,2035,193,26,0,0,23119,11189,5031,4984,1920,540,0,0,0,23352,10599,5242,5442,2331,440,56,23418,10622,5254,5456,2333,440,56,22886,11137,5409,4520,1957,476,0,3469,1768,235,0,42,832,23391,11590,5286,4561,1985,406,91,17966,11426,2368,2769,1496,135,22,0,0,16473,9577,3061,2754,800,212,0,2686,770,181,50,0,18405,9447,3525,3724,1686,358,42,18405,9447,3525,3171,1585,49,2,118,508,16262,9657,3212,2352,781,242,0,0,0,0,0,0,16375,10026,3224,2319,611,164,30,2094,572,85,30,16400,9028,3196,3170,919,127,23,2887,890,0,23,10411,6996,3289,6983,4860,2123,10089,6289,3351,9742,6929,2569,8272,5437,2716,8425,4768,3109,8120,4908,3089,9278,5965,3064,11101,7450,3500
10,10,24021,10541,6428,6501,1078,258,62,0,0,23599,8315,7997,6674,1156,443,22,0,0,23570,7495,8090,7452,957,474,65,23676,7516,8125,7485,957,474,65,22996,8276,7590,6387,1239,181,21,5537,1053,0,0,30,509,22863,8214,7843,6666,913,439,19,18620,9489,4201,4363,782,192,41,0,0,16272,7032,4765,3920,424,118,0,3769,424,4,30,0,18441,6853,5643,5268,765,326,45,18441,6853,5643,4619,678,39,1,132,476,16486,7147,4969,3837,477,77,0,0,0,0,0,0,16507,7086,5221,3813,395,24,0,3751,360,4,0,16396,6839,5600,3443,478,68,0,3235,417,6,0,9533,6990,2408,9384,7262,2122,8885,6189,2418,8540,6615,1731,6747,4892,1747,6957,4463,2118,6600,4430,2076,7852,5569,2102,9523,6801,2535
11,11,23249,9189,5423,6586,2517,246,64,0,0,23481,6840,6954,6757,3067,194,143,0,0,23435,6711,6655,7356,3138,540,41,23512,6723,6683,7380,3139,540,41,24076,6515,8209,6405,3374,272,70,5054,3056,109,0,206,930,23828,6570,7742,6987,2938,191,4,17663,8108,3533,4302,1900,164,45,0,0,14224,5837,4104,3704,519,53,0,3505,450,21,36,0,18416,6146,4656,5281,2481,386,34,18416,6146,4656,4604,2379,27,2,125,477,14715,5802,4580,3583,694,50,0,0,0,0,0,0,16114,6040,4858,4384,737,47,0,4320,656,4,0,16529,6136,5126,4043,1071,80,0,3948,997,20,0,8407,6286,2033,7321,5572,1749,7306,5177,1837,6989,5423,1414,5560,4077,1417,5696,3742,1685,5456,3750,1633,6527,4729,1665,8311,6181,2043
12,12,23327,15853,2652,3052,1972,204,40,0,0,22324,13320,3310,3833,1943,327,64,0,0,24275,12807,4438,5007,2164,482,43,24349,12843,4448,5017,2166,482,43,22055,13627,2982,3907,1622,253,49,3058,1467,84,0,45,783,23566,13533,4237,4285,1782,227,24,18524,13554,1624,1952,1450,139,23,0,0,16214,11356,2158,1838,724,121,0,1575,704,51,44,0,19072,11214,2913,3296,1596,349,26,19072,11214,2913,2739,1484,42,5,120,555,16380,11517,2032,2131,634,142,0,0,0,0,0,0,18237,11931,3030,2399,718,99,0,2131,663,20,0,18713,11942,3450,2374,807,66,0,2164,742,0,0,10783,7266,3363,9355,5929,3426,10377,6340,3468,10088,7005,2804,8746,5710,2906,8845,4981,3244,8654,5184,3354,9772,6269,3218,12104,8409,3507
13,13,23445,17291,2349,2488,1499,221,25,0,0,22907,14417,3149,3395,2080,328,34,0,0,23418,14725,3431,3564,1833,453,31,23483,14756,3439,3576,1833,453,31,22570,13824,3994,3860,1750,334,27,2493,1617,23,0,86,536,23549,13404,4896,4561,1819,151,40,18078,14143,1438,1545,1004,145,17,0,0,16711,11764,1968,1675,1161,100,0,1426,1109,25,59,0,18618,12607,2218,2372,1323,326,22,18618,12607,2218,1876,1188,31,4,78,616,16712,11621,2368,1650,964,115,0,0,0,0,0,0,17230,11408,2827,1903,1014,41,0,1745,1016,0,0,17037,11983,2142,1690,1119,53,0,1520,1140,0,0,11913,7603,4132,11987,7740,4247,11188,6630,3925,10925,7258,3401,9723,6112,3475,9826,5150,3876,9603,5450,4046,10587,6469,3781,12379,8199,3954
14,14,22581,18591,945,1049,2004,101,20,0,0,22839,17309,1332,1383,3151,38,4,0,0,23643,16264,1349,1379,4330,242,34,23664,16283,1349,1379,4330,242,34,23081,17251,1240,1089,3592,169,0,778,3057,9,0,59,688,23460,15160,1619,1355,5082,131,0,17078,14444,590,709,1326,62,12,0,0,16467,13640,603,794,1249,25,0,770,1125,6,140,0,18219,13334,868,919,2835,161,16,18219,13334,868,744,2714,13,7,58,481,16570,13567,614,623,1676,34,0,0,0,0,0,0,16115,12661,865,906,1602,69,0,838,1437,0,0,16280,12824,755,671,1995,82,0,607,1730,0,0,12753,7757,4819,12108,6921,5187,12341,6852,4892,12270,8610,3412,10786,6516,4150,10901,5185,4851,10670,5594,4959,11747,6876,4524,13710,8510,4935
15,15,22468,8437,1251,12404,667,258,38,0,0,22922,7936,1836,12811,668,204,0,0,0,23703,8324,1893,12879,825,326,40,23775,8331,1894,12937,825,326,40,22717,7610,1855,12705,1067,202,0,11755,1036,9,0,76,376,23082,7603,1883,12946,1130,183,0,18420,7783,837,9405,510,170,31,0,0,18232,7246,1217,9266,453,92,0,9152,453,18,10,0,20154,7797,1388,10329,669,245,37,20154,7797,1388,9571,559,34,3,155,647,18222,7097,1098,9167,801,90,0,0,0,0,0,0,18578,7071,1040,9608,787,135,0,9318,748,0,0,18878,7427,1292,9218,743,103,0,8896,712,5,0,13259,11078,2094,13173,10868,2305,12656,10383,1919,12402,10396,1800,11228,9358,1763,11366,8626,2125,11047,8729,2211,12085,9889,1962,13964,11846,1984
16,16,23511,21118,737,515,1094,99,13,0,0,24799,21614,1164,683,1121,297,20,0,0,24517,20341,1335,829,1611,321,22,24527,20349,1335,829,1611,321,22,25025,20807,1522,950,1301,368,37,829,984,251,0,62,570,24617,20139,1802,868,1401,213,23,17066,15609,431,311,672,65,8,0,0,18235,16585,570,428,505,143,0,373,445,124,4,0,18850,16173,823,533,1053,201,16,18850,16173,823,366,938,6,3,75,466,17945,15890,775,523,562,177,0,0,0,0,0,0,17870,15635,970,372,692,175,0,318,644,19,0,18249,16010,846,417,825,154,0,321,761,0,0,14065,7982,5935,13938,7075,6863,13984,7825,5357,13858,8122,5428,12893,7635,5125,12983,5940,5816,12627,6527,5964,13728,7728,5540,16174,10296,5575
17,17,23904,21669,717,365,1090,122,13,0,0,23699,19748,1154,515,2128,63,0,0,0,24275,19937,1091,670,2078,231,16,24278,19940,1091,670,2078,231,16,23999,20153,1130,561,1868,161,0,407,1679,27,0,165,429,24285,20145,1083,470,2054,398,0,17644,16325,398,222,653,76,9,0,0,17362,15622,568,265,906,15,0,230,891,15,0,0,18854,16054,702,432,1322,169,15,18854,16054,702,304,1226,14,3,51,500,17685,16104,602,290,698,27,0,0,0,0,0,0,17116,15275,676,256,752,140,0,258,745,30,0,16980,14780,694,303,987,145,0,300,909,11,0,13918,7614,6143,13007,6279,6728,14015,7338,5960,13888,7750,5891,12801,7104,5586,12914,5531,6421,12687,6134,6440,13631,7192,6053,15664,9320,6059
18,18,24674,18278,2459,2012,1995,176,50,0,0,23954,18216,2397,2028,1765,206,27,0,0,24371,16861,2666,2272,2267,290,32,24398,16880,2668,2272,2267,290,32,24164,17901,2579,2502,1539,281,23,1859,1269,63,0,30,462,24764,17143,3094,3099,1404,284,0,19224,14752,1653,1411,1390,113,28,0,0,17950,14299,1662,1063,812,65,0,1040,665,11,20,0,19667,14078,1987,1666,1690,194,15,19667,14078,1987,1335,1532,10,0,156,569,18327,14161,1881,1371,783,129,0,0,0,0,0,0,17896,13704,2072,1344,749,104,0,1243,617,30,0,17943,13741,1709,1810,675,95,4,1582,543,19,4,12449,9080,3232,13936,9629,4307,12248,9155,2527,12070,9108,2665,10918,8448,2359,10989,7168,2886,10762,7657,2961,11640,8611,2671,12917,10138,2607
19,19,23592,20509,816,748,1492,91,20,0,0,24808,20054,1360,743,2660,212,0,0,0,24704,19592,1250,1046,2494,204,23,24714,19600,1250,1046,2494,204,23,24574,19090,1254,756,3570,264,0,532,3180,1,0,59,469,24739,19394,1195,1102,2891,385,0,17739,15721,519,488,981,58,10,0,0,17220,14765,752,464,1163,50,0,444,1123,15,30,0,18895,15547,801,683,1614,140,12,18895,15547,801,486,1444,19,0,116,482,16873,14224,668,428,1455,42,0,0,0,0,0,0,17600,15183,614,516,1157,65,0,480,1027,0,0,18104,15416,611,586,1410,53,0,547,1272,0,0,14856,9390,5301,12838,7554,5284,14471,9676,4121,14443,9496,4677,13327,9090,4117,13410,7324,4819,13158,8123,4903,14128,9230,4470,16042,11606,4183
20,20,24773,17611,3042,1873,2364,178,26,0,0,25245,16937,3506,1830,2674,242,9,0,0,24780,15801,3576,2124,3023,298,47,24801,15814,3577,2124,3023,298,47,24642,16670,3626,2132,2240,287,7,1429,2063,17,0,216,618,25062,16294,4374,2510,1996,309,0,19412,14587,1980,1215,1634,127,20,0,0,18613,14007,1945,1066,1481,126,0,953,1439,18,29,0,19959,13435,2503,1492,2275,235,30,19959,13435,2503,1138,2125,21,2,186,549,18097,13578,2105,1144,1143,231,0,0,0,0,0,0,18191,13075,2290,1566,1135,191,0,1260,1096,0,0,18356,13330,2292,1401,1269,132,0,1164,1224,0,0,12485,8286,4017,11922,7703,4219,12154,7536,4080,11828,8214,3345,10591,7015,3451,10708,5874,4002,10330,6212,3981,11491,7278,3881,13519,8841,4449
21,21,22995,19399,876,694,2027,81,19,0,0,22860,17640,1463,655,2882,113,81,0,0,23917,17497,1363,1075,3664,216,14,23930,17508,1363,1075,3664,216,14,22991,16965,1595,1077,3122,109,67,829,2927,53,0,102,519,23934,17059,1620,974,4175,57,67,17959,15566,559,458,1357,53,16,0,0,16548,14098,834,461,1098,30,0,426,1063,20,52,0,18979,14611,881,756,2499,143,12,18979,14611,881,578,2346,7,2,61,493,16811,13651,1082,764,1221,38,0,0,0,0,0,0,16712,13129,1181,612,1761,34,0,518,1713,20,0,17048,13585,1190,573,1676,66,0,448,1551,19,0,12636,7230,5264,10089,5245,4844,12979,6936,5417,12851,7490,5114,11441,6640,4696,11586,5288,5467,11206,5754,5341,12400,6795,5258,14387,8640,5514
22,22,23733,20747,1310,823,795,124,18,0,0,23955,19594,2377,712,1319,197,10,0,0,23732,18805,2231,1043,1281,330,26,23786,18852,2232,1043,1281,330,26,23749,19544,2224,684,1271,156,8,456,1206,4,0,4,309,23617,18728,2458,843,1502,175,76,18901,16891,845,564,538,87,14,0,0,18535,15901,1645,443,536,9,0,403,511,9,8,0,19506,16021,1536,736,890,260,17,19506,16021,1536,496,801,25,4,51,572,18851,16192,1604,486,589,0,0,0,0,0,0,0,19795,16425,1911,510,807,55,20,393,714,35,20,20176,16832,1674,602,923,52,26,354,819,22,26,11843,6846,4824,9750,5514,4236,12040,5328,6154,11764,6953,4594,10109,5158,4836,10328,3918,5685,9944,4217,5601,11237,5367,5572,13473,6648,6601
23,23,23289,21612,729,216,576,100,12,0,0,22863,20801,1019,432,339,145,29,0,0,23285,20693,1140,327,640,213,40,23305,20713,1140,327,640,213,40,22638,20931,853,295,363,46,6,138,302,9,6,112,286,23329,20645,1377,228,440,208,0,18734,17617,497,145,367,61,9,0,0,18435,17532,407,153,191,99,30,109,191,4,34,0,19817,17935,775,218,468,154,29,19817,17935,775,127,393,18,7,111,451,18489,17783,361,125,170,63,4,0,0,0,0,0,19329,18324,644,98,166,87,0,93,162,15,0,19522,18567,607,87,204,40,0,70,146,0,0,14331,8228,5939,13565,7439,6126,14199,7433,6166,14091,8715,5168,12929,7328,5487,13065,5881,6490,12817,6200,6505,13848,7518,6042,16393,9636,6523
24,24,23058,11117,8274,3718,612,235,39,0,0,23605,10044,9643,4232,613,414,0,0,0,23653,8574,10455,4661,704,430,71,23798,8610,10523,4680,704,430,71,24220,8930,10788,4723,481,419,0,3062,333,0,0,63,1038,24068,9172,10791,4181,409,326,0,17497,9719,5223,2386,438,146,30,0,0,16012,8017,5496,2145,315,18,0,1991,295,0,28,0,18103,7643,6986,3271,535,289,54,18103,7643,6986,2424,445,11,4,119,471,16123,7378,5917,2475,289,18,0,0,0,0,0,0,16148,7416,6162,2278,198,33,0,2040,194,10,0,17088,8464,5861,2497,232,124,4,2145,205,8,4,8437,6112,2219,6447,4884,1563,8241,5566,2384,7788,5903,1696,6340,4474,1801,6528,4012,2200,5771,3805,1883,7243,4947,2137,8896,5914,2883
25,25,23467,8215,11409,4291,480,300,62,0,0,23170,5542,13659,4077,461,156,54,0,0,23675,5799,13551,4901,549,507,57,23939,5842,13715,4945,549,507,57,22602,6091,12623,3859,743,108,100,2783,561,0,12,58,475,24186,6775,13512,4256,737,308,88,17314,7442,7143,2778,352,191,38,0,0,15196,4330,8494,2109,220,23,0,2003,150,0,10,0,17535,5021,9241,3376,399,370,45,17535,5021,9241,2446,288,13,8,75,443,14762,4495,8063,1894,269,9,10,0,0,0,0,0,15724,4962,8539,1920,181,20,25,1718,173,0,25,15524,5620,7748,1647,361,76,7,1488,186,11,7,5841,4717,1056,5636,4685,951,5992,4652,1155,5519,4554,805,4047,3181,815,4186,2994,1040,3670,2727,888,4911,3740,1061,6095,4351,1668
26,26,23594,14365,5962,2592,1025,157,37,0,0,23022,12611,6846,2505,1434,100,0,0,0,23704,12168,7134,3569,1167,311,49,23796,12213,7165,3572,1169,311,49,22400,12101,6369,3126,1292,165,0,2155,1112,14,0,48,601,22573,11168,7107,3550,1389,312,26,19114,12748,3921,1805,783,113,29,0,0,16353,10063,4214,1648,381,62,0,1500,362,15,2,0,19607,10977,5065,2715,907,216,40,19607,10977,5065,2149,781,16,6,184,429,16150,10330,3748,1694,299,63,0,0,0,0,0,0,16155,9664,4418,1420,568,86,0,1288,515,0,0,17444,9727,4870,2097,568,171,0,1916,463,29,0,7309,5212,1983,8665,6492,2173,7216,4598,2323,6663,4874,1608,5356,3702,1588,5549,3255,2019,4839,3086,1680,6282,4097,2020,8089,5070,2890
27,27,24304,18569,2919,1586,1373,157,24,0,0,23560,16444,3297,2231,1710,171,34,0,0,24426,16496,4064,2186,1666,322,22,24465,16524,4068,2188,1666,322,22,24128,16418,3255,2322,1931,257,47,1225,1478,0,0,253,1504,24678,15984,3931,2696,2171,411,23,19189,15398,1861,996,948,102,18,0,0,17686,13791,2045,971,690,48,0,826,653,21,130,0,19804,14173,2791,1469,1248,257,15,19804,14173,2791,1090,1143,6,4,114,483,18577,14272,1866,1326,1008,131,0,0,0,0,0,0,19354,14053,2555,1203,1180,254,0,706,1120,0,0,19897,14411,2683,1288,1193,208,0,865,1123,4,0,11935,7656,4110,10282,6364,3918,11838,6589,4719,11593,7745,3627,10062,6135,3828,10207,5103,4403,9691,5243,4344,11069,6435,4356,13129,7793,5162
28,28,23643,20173,1941,831,744,93,22,0,0,23264,18770,1941,1389,1343,413,93,0,0,24217,18658,3065,1213,1167,280,29,24232,18668,3068,1213,1167,280,29,23018,18274,1960,1718,1193,378,123,1130,873,20,0,118,645,23982,18836,2978,1207,1110,248,82,18627,16303,1266,561,510,55,16,0,0,17555,14739,1299,693,634,190,0,637,567,19,0,0,19340,15399,2118,883,842,192,19,19340,15399,2118,626,729,12,6,87,363,17343,14369,1277,977,538,180,0,0,0,0,0,0,18881,15696,2080,595,446,10,0,562,442,10,0,18295,14799,2055,598,765,12,0,577,741,0,0,13153,7617,5376,12491,7049,5442,13013,6793,5604,12664,7882,4524,11225,6543,4571,11444,5279,5296,11294,5666,5488,12307,6763,5209,14418,8425,5776
29,29,22734,18146,1305,1034,2223,134,16,0,0,23075,16747,939,1382,4097,112,31,0,0,23926,16481,1678,1248,4349,246,11,23946,16498,1678,1248,4351,246,11,23197,16260,1412,1419,3914,67,43,1131,3768,0,43,231,350,23915,16821,1704,1622,3603,49,26,18460,15133,899,808,1582,100,10,0,0,16880,13901,725,823,1166,78,30,754,1123,0,170,0,19487,14208,1228,943,2949,188,10,19487,14208,1228,729,2821,16,0,61,424,17257,14206,1170,952,767,60,45,0,0,0,0,0,17089,13769,1255,1094,943,30,25,782,913,0,25,17768,14057,1670,1279,779,19,0,999,713,0,0,11617,6982,4465,11156,6286,4870,11047,6031,4521,11225,7150,3863,9790,5631,4057,9895,4487,4711,9666,4803,4761,10733,5908,4536,12799,7302,5307
30,30,23333,21433,855,328,668,110,17,0,0,24214,21590,1249,222,1125,58,10,0,0,23435,20056,1360,607,1000,251,18,23459,20080,1360,607,1000,251,18,23670,20652,1329,189,1362,56,14,97,1164,5,0,95,333,23043,19721,1446,252,1336,120,0,18255,17025,523,210,448,64,9,0,0,18537,17068,708,168,586,36,0,164,570,5,0,0,18895,16569,898,371,750,171,12,18895,16569,898,259,688,9,3,51,418,18160,16470,858,95,768,39,0,0,0,0,0,0,17517,15781,714,149,844,38,0,113,822,0,0,18026,16274,925,328,497,22,0,261,431,0,0,12624,6806,5648,15124,7554,7570,13161,5599,6999,12851,7274,5373,11341,5513,5730,11543,4271,6526,10929,4474,6326,12410,5703,6409,14748,7058,7504
31,31,23253,20027,1035,598,1553,144,7,0,0,23654,19380,1398,585,2061,95,135,0,0,24087,18923,1608,920,2330,247,28,24104,18939,1608,920,2330,247,28,24488,20067,1573,501,2095,89,138,341,1877,30,138,83,376,25027,19638,1919,721,2571,105,77,17109,15069,635,354,998,103,3,0,0,17370,14960,983,355,993,26,30,355,926,12,10,0,18946,15447,1035,585,1574,188,14,18946,15447,1035,436,1436,17,1,88,486,18384,15956,1033,351,963,12,35,0,0,0,0,0,19210,16234,1261,469,1191,35,20,358,1112,35,20,18759,15766,1379,360,1181,45,0,281,966,33,0,13453,8020,5276,13970,7409,6561,13589,7622,5251,13534,8186,5094,12410,7123,5153,12494,5592,5758,12262,6149,5991,13302,7393,5477,15544,9697,5578
32,32,23513,20889,943,1015,664,112,20,0,0,23232,19816,1500,1219,689,124,0,0,0,23609,19306,1584,1255,1114,318,20,23636,19331,1584,1255,1114,318,20,23166,19046,1805,1338,686,110,0,1001,612,35,0,0,667,23659,19112,1625,1242,1303,346,0,18420,16714,602,632,451,74,15,0,0,18095,15855,870,802,419,120,0,752,375,40,30,0,19031,16025,1027,858,784,240,15,19031,16025,1027,657,699,16,1,85,521,18140,15820,1005,821,364,109,0,0,0,0,0,0,18265,15885,850,698,643,194,0,688,529,55,0,18431,15986,980,743,662,54,0,609,568,4,0,12596,7476,4834,12538,7012,5526,12967,6302,5977,12686,7772,4625,11477,6312,5044,11617,4954,5854,11359,5361,5864,12445,6462,5620,14671,8027,6390
33,33,23408,16883,1675,3174,1836,201,47,0,0,23491,15872,2560,3456,1944,401,23,0,0,23847,15137,2604,3961,2081,470,49,23887,15165,2604,3966,2082,470,49,23847,15965,2309,3881,2133,272,16,3085,1910,5,0,18,556,25049,16824,2355,3990,1952,348,77,19292,14518,1110,2246,1447,149,30,0,0,18184,13645,1646,2060,660,153,0,1953,613,3,26,0,20394,13552,1963,3013,1741,344,40,20394,13552,1963,2345,1459,45,5,93,932,18985,13733,1434,2613,1114,78,0,0,0,0,0,0,19970,14378,1601,2888,938,114,0,2515,877,0,0,19465,13722,1761,2800,1014,73,0,2409,924,0,0,10117,7220,2766,8466,5841,2625,10206,6325,3335,9887,6971,2632,8681,5819,2763,8783,5060,3261,8565,5092,3336,9589,6157,3162,11530,7694,3654
34,34,23673,22251,593,325,422,127,14,0,0,23420,21612,743,245,714,207,26,0,0,23167,20702,952,449,477,398,50,23186,20721,952,449,477,398,50,23463,21731,667,241,645,238,17,206,431,65,0,23,343,23436,21006,1334,241,539,318,90,18238,17347,341,212,266,97,7,0,0,18438,17261,520,203,307,140,0,199,197,70,10,0,18715,17023,598,302,332,294,33,18715,17023,598,181,224,28,12,65,584,18277,17264,500,202,196,125,0,0,0,0,0,0,18385,17227,666,147,232,150,0,58,135,0,0,18740,17456,517,206,370,255,0,77,371,5,0,12598,7171,5197,12482,6656,5826,13228,5936,6586,12973,7492,5157,11673,6014,5494,11817,4788,6280,11562,4998,6391,12653,6130,6146,14791,7509,6959
35,35,23685,21886,949,239,477,109,20,0,0,23361,21345,1295,243,348,110,0,0,0,23304,19984,1754,472,543,295,38,23316,19995,1754,472,543,295,38,23431,21032,1664,144,467,110,0,43,325,6,0,94,268,23517,20310,1578,435,771,216,0,18366,17153,643,145,313,79,8,0,0,18610,17498,665,158,225,94,0,114,195,4,0,0,19300,16901,1228,351,406,231,26,19300,16901,1228,236,319,20,3,112,481,18856,17597,899,51,253,26,0,0,0,0,0,0,18546,16831,1061,193,378,78,0,113,348,0,0,18592,16434,1086,246,426,176,199,90,351,0,199,13115,7294,5659,12843,6965,5878,13424,6378,6478,13192,7817,5116,11956,6470,5355,12132,5097,6484,11817,5331,6352,12814,6509,6021,14637,8007,6396
36,36,23652,22147,673,350,378,138,25,0,0,23545,21386,660,653,787,100,0,0,0,23349,21114,879,406,426,308,28,23368,21132,879,406,426,308,28,23518,21386,827,312,869,88,0,251,721,0,0,0,333,23431,20815,876,397,815,224,0,18533,17557,436,224,231,94,15,0,0,18705,17530,334,528,319,10,0,524,259,0,0,0,19411,17853,590,275,287,224,23,19411,17853,590,160,217,17,6,46,522,18310,17405,279,222,407,10,0,0,0,0,0,0,18335,17230,328,209,406,135,0,170,388,15,0,18870,17186,608,419,431,182,0,258,348,7,0,13849,8389,5277,13539,7735,5804,13941,7209,6034,13814,8422,5149,12977,7533,5296,13115,6008,6341,12837,6375,6298,13708,7467,5903,15725,9225,6257
37,37,26133,21833,1315,1371,1490,295,37,0,0,25337,21008,1585,1242,1476,374,26,0,0,25418,20833,1402,951,1732,443,58,24671,20445,1258,742,1730,440,58,25155,20150,1662,1577,1787,379,14,1087,1495,0,0,79,680,25737,21409,1125,1109,1587,323,0,20713,17518,979,1158,955,181,23,0,0,20473,17528,930,918,915,185,0,748,897,20,30,0,20701,17419,971,699,1245,308,40,20701,17419,971,533,1038,52,8,63,617,19634,16566,945,1032,985,132,0,0,0,0,0,0,19739,17218,720,691,986,160,0,589,941,50,0,19807,17130,923,465,1021,246,0,403,945,44,0,13287,7787,5343,12165,6964,5201,13680,6966,6020,13406,8474,4655,12119,7243,4734,12244,5861,5749,11955,5897,5934,13113,7254,5535,15508,9119,6122
38,38,24871,21465,1212,932,1064,398,33,0,0,24090,20446,1594,1414,906,124,24,0,0,24657,19785,1940,1166,1173,554,52,24691,19817,1940,1166,1173,554,52,24094,20353,1361,1716,836,288,30,920,615,110,0,2,730,24288,20946,928,1156,1009,247,11,19628,17388,771,588,712,261,23,0,0,19285,17081,881,851,380,73,0,686,351,55,45,0,20138,16723,1301,766,859,416,34,20138,16723,1301,483,705,100,6,107,713,19351,17132,759,894,402,111,0,0,0,0,0,0,20404,17824,742,1101,583,164,0,899,518,39,0,20499,17221,1221,1162,669,181,0,914,563,32,0,13407,7717,5509,12041,6877,5164,13215,6319,6156,12861,8009,4499,11373,6534,4633,11559,5285,5598,11264,5232,5831,12514,6614,5517,15135,8353,6446
39,39,24190,11076,7379,5434,922,671,153,0,0,23898,9484,8805,5486,982,390,168,0,0,24043,9027,8923,5955,916,891,130,24257,9084,9011,6007,916,891,130,23609,10087,8755,4750,1003,292,109,2885,636,12,13,54,1164,23775,10705,7926,5439,795,375,46,19018,10010,4854,3649,736,435,100,0,0,16537,8501,4459,2897,362,221,25,2329,260,15,176,0,19305,8299,6306,4329,720,648,94,19305,8299,6306,3070,510,103,14,115,888,16559,8982,4276,2656,408,145,15,0,0,0,0,0,16645,9554,3462,2960,429,222,0,2490,301,24,0,16923,8609,4815,2615,596,213,0,2341,419,47,0,8722,7136,1506,7263,5833,1430,7127,5266,1489,6634,5321,1000,5435,4394,919,5562,4082,1230,5308,3922,1246,6251,4790,1240,7524,5747,1636
40,40,24713,18039,2205,2513,1899,620,95,0,0,25280,17947,3246,2509,1809,708,83,0,0,24436,17053,2740,2516,1847,774,250,24477,17087,2741,2518,1847,774,250,25721,17259,3574,3138,2024,670,121,2028,1267,72,0,140,1383,25137,17526,2501,3082,2203,761,93,19692,14907,1497,1769,1377,414,66,0,0,20030,15099,2130,1579,866,276,0,1360,601,74,190,0,19878,14571,1899,1750,1346,562,152,19878,14571,1899,1213,1017,110,44,78,946,20329,14947,2196,1884,958,254,0,0,0,0,0,0,19014,14458,1529,1637,1129,325,0,1291,888,59,0,18792,13943,1799,1611,1208,269,2,1259,1002,19,2,8296,4976,3218,9126,5495,3631,8623,4632,3365,8262,5471,2517,7032,4443,2467,7158,3668,3059,6933,3722,3098,7921,4631,3008,9708,5867,3579
41,41,25583,20347,1963,1898,1446,473,61,0,0,23794,18233,2412,1710,1560,448,114,0,0,24214,18320,2517,1743,1272,618,88,24266,18355,2523,1747,1275,618,88,23600,17436,2303,1793,1725,660,120,1131,1133,92,0,33,1473,23866,18763,1723,1330,1365,538,90,20558,17161,1168,1108,1068,327,39,0,0,18671,15760,1302,637,646,189,0,566,562,94,152,0,20313,16234,1586,1140,989,467,68,20313,16234,1586,709,798,81,15,78,812,18712,15636,1188,682,792,221,0,0,0,0,0,0,20869,17837,880,825,1002,275,0,561,836,118,0,21194,17599,1347,1039,976,185,10,743,784,44,10,12774,7971,4635,10046,6357,3689,12549,7503,4440,12233,8323,3628,10934,7263,3537,11094,5907,4320,10028,5272,4632,11775,7256,4172,14156,9333,4559
42,42,23067,20796,709,304,1227,69,8,0,0,23730,20492,868,218,2075,58,26,0,0,23518,19115,1204,474,2329,129,26,23519,19116,1204,474,2329,129,26,23872,19926,868,741,2187,129,24,182,1721,6,0,20,1151,23980,19126,1254,1223,1993,66,23,15807,14452,442,189,702,38,2,0,0,15878,14462,392,151,820,35,0,147,787,0,15,0,16963,14253,756,316,1390,83,18,16963,14253,756,178,1247,3,5,75,446,15770,14068,463,306,856,99,0,0,0,0,0,0,15954,13772,796,516,795,44,0,342,654,0,0,15691,13152,778,755,944,72,0,523,702,17,0,13161,6902,6171,12669,5701,6968,13157,7560,4883,13138,7074,5846,11711,6831,4792,11755,5503,6073,11579,6009,5505,12655,7086,5338,14754,9548,4933
43,43,24506,21671,849,777,745,759,30,0,0,24123,20427,1170,1232,965,585,69,0,0,24236,20284,1173,866,845,1101,73,24275,20318,1173,867,845,1105,73,24116,20075,1439,1055,1006,717,0,392,754,348,0,0,1104,24446,20539,1171,931,1169,635,3,18979,17172,509,472,500,465,17,0,0,18419,16447,705,446,382,398,0,361,374,305,38,0,19317,16627,730,551,581,755,45,19317,16627,730,339,431,353,9,92,736,19150,16730,845,531,483,497,0,0,0,0,0,0,18412,16539,719,384,555,307,0,287,508,121,0,19077,16796,984,601,367,368,6,419,271,101,6,12999,7164,5679,11511,6335,5176,12534,5896,5941,12178,7413,4418,10861,6225,4457,10983,4866,5395,10692,4929,5615,11905,6190,5359,14494,7868,6338
44,44,24985,22808,876,569,439,398,31,0,0,25365,22101,1467,815,623,670,17,0,0,24664,21146,1203,761,553,755,29,24736,21212,1203,761,553,756,29,25061,21887,1338,724,714,725,11,469,494,96,0,14,763,25323,19379,3593,2031,621,1579,16,19155,17824,489,313,303,266,21,0,0,19248,17543,845,312,170,330,10,296,145,59,35,0,19526,17172,736,446,378,561,9,19526,17172,736,248,289,70,2,69,940,18930,17519,544,300,152,362,0,0,0,0,0,0,18898,15374,2162,686,287,359,0,625,227,100,0,19039,16778,796,720,421,313,5,632,306,37,5,9601,5132,4293,8502,4609,3893,9877,3433,5752,9558,5238,3966,7989,3739,4093,8119,2799,4789,7957,2820,5006,9166,3766,5067,11693,4617,6793
45,45,24962,22364,788,709,683,611,39,0,0,24302,21391,609,877,854,850,76,0,0,24682,20648,1289,900,843,847,59,24725,20689,1289,900,843,847,59,24325,20999,793,946,690,990,29,163,504,307,5,44,1516,24702,21911,793,908,455,649,152,19349,17701,439,412,478,390,20,0,0,18838,17012,380,409,407,490,30,282,360,202,131,0,19654,16974,761,533,589,605,49,19654,16974,761,324,459,140,12,60,924,18964,17061,448,381,337,623,14,0,0,0,0,0,19651,17979,459,265,284,384,45,124,221,115,45,19651,17610,574,368,423,421,44,220,293,216,44,12188,6391,5575,10972,5793,5179,11950,4552,6632,11525,6593,4586,10042,4941,4920,10262,3786,5812,9993,3739,6128,11196,4936,5879,13697,6103,7243
46,46,24811,14658,3527,3831,2597,766,119,0,0,24249,12857,4237,5360,2514,2168,44,0,0,24313,11400,5432,4920,2482,908,121,24448,11459,5451,4938,2488,908,121,24104,13122,4482,4727,2310,1486,54,3037,1933,275,0,157,1101,23665,13049,4112,4358,2201,1346,59,19290,12327,2209,2462,2054,484,73,0,0,17112,10667,2260,2460,1231,598,0,2231,1221,245,65,0,18956,9865,3527,3308,1947,654,89,18956,9865,3527,2394,1791,131,31,188,1029,17151,10811,2377,2195,1195,614,0,0,0,0,0,0,16660,10787,2153,2061,1082,524,0,1990,994,99,0,16257,9943,2512,2154,1254,317,0,1865,1183,60,0,7686,5244,2328,7737,5211,2526,7495,4358,2676,6273,4180,1844,5819,3869,1835,5924,3329,2237,5735,3293,2327,6578,4053,2302,8418,5291,2939
47,47,25285,23066,903,646,378,395,25,0,0,23666,21453,764,824,443,491,52,0,0,24738,21169,1319,851,531,735,44,24779,21208,1319,851,531,735,44,24532,21594,1067,950,509,475,50,505,472,45,12,0,830,25120,20786,2344,691,750,403,2,19653,18323,523,353,254,251,11,0,0,18731,17317,522,363,255,214,15,243,255,27,76,0,19788,17485,797,472,369,523,20,19788,17485,797,286,261,88,5,71,795,19560,17785,782,471,350,230,4,0,0,0,0,0,19159,16616,1726,327,355,137,0,258,340,30,0,19491,17532,1074,307,263,207,0,277,216,14,0,12268,6582,5439,10607,5685,4922,12107,4551,6733,11839,6696,4774,10227,4975,5059,10386,3789,5926,10138,3787,6181,11303,4925,5997,13447,5811,7339
48,48,25111,23269,783,508,397,275,17,0,0,25228,22962,880,599,672,195,24,0,0,24407,21327,1154,640,517,585,33,24437,21357,1154,640,517,585,33,25507,22709,1412,735,628,133,31,437,480,0,0,0,466,24956,22513,904,695,422,331,47,18816,17697,453,299,241,175,9,0,0,19395,17981,570,414,331,68,0,389,262,60,20,0,19548,17453,759,417,344,422,18,19548,17453,759,260,251,80,4,68,673,19474,17757,1033,386,231,24,0,0,0,0,0,0,18972,17708,692,293,121,102,0,263,92,37,0,19432,17642,926,487,201,127,5,421,160,43,5,13142,7318,5570,11562,6129,5433,13498,5814,6783,13169,7524,5251,11680,6178,5311,11865,4835,6161,11599,5011,6443,12818,6196,6182,15330,7784,7178
49,49,25268,14719,8653,1937,485,369,53,0,0,24655,12471,10143,2821,648,1488,69,0,0,24425,11536,10199,1742,1050,992,60,24555,11575,10270,1743,1050,993,60,24618,12401,10220,2711,676,815,71,1188,379,20,0,45,365,24450,14820,7450,1963,592,328,28,19885,12978,5449,1332,398,265,37,0,0,18075,11020,5610,1097,218,32,0,929,145,14,100,0,19641,10406,6996,1278,932,726,52,19641,10406,6996,770,759,43,4,72,591,18175,10765,6030,1125,190,47,0,0,0,0,0,0,19185,13475,4285,1086,220,102,0,953,133,20,0,17524,10768,5346,1010,272,99,18,849,142,0,18,8793,6312,2341,7814,5949,1865,8403,5375,2564,7851,5925,1658,6647,4746,1778,6756,4176,2191,6511,4109,2262,7398,4946,2214,8348,5365,2824
50,50,25061,23159,741,478,516,242,9,0,0,24615,22618,935,594,477,317,12,0,0,25156,22166,1129,641,588,459,31,24790,22054,1007,508,588,459,31,24833,22477,1294,506,550,249,15,194,411,13,15,0,439,25603,21279,2717,671,888,515,53,19469,18180,463,325,360,173,7,0,0,19599,18456,551,275,162,164,10,210,136,8,3,0,20302,18218,691,436,455,329,22,20302,18218,691,314,331,47,5,86,610,19673,18340,719,233,201,128,15,0,0,0,0,0,19972,17513,1610,379,342,100,10,147,310,4,10,20396,18470,858,331,596,125,0,150,480,4,0,13078,7260,5531,12060,6676,5384,13012,5980,6189,12763,7424,4940,11171,6071,4926,11285,5001,5597,11098,5041,5904,12244,6139,5726,14594,7420,6862
51,51,24752,23133,566,416,318,328,30,0,0,24306,22563,773,490,334,362,1,0,0,24288,21192,1103,654,411,711,36,24356,21256,1103,654,411,711,36,24162,22227,848,685,265,368,1,146,206,12,0,2,721,23810,19720,2681,691,341,325,4,19247,18276,308,234,207,222,16,0,0,19638,18618,484,123,194,182,0,100,160,10,29,0,19628,17635,615,368,269,515,19,19628,17635,615,206,209,71,4,77,811,19677,18645,518,96,190,197,0,0,0,0,0,0,19327,17443,1246,226,228,200,0,131,138,4,0,20613,19224,458,333,272,217,11,148,174,10,11,10501,5561,4720,9273,4823,4450,10564,3973,5898,10127,5729,4026,8572,4256,4188,8727,3192,4993,8567,3239,5195,9765,4264,5177,12327,5265,6800
52,52,27890,24899,1285,1208,373,192,23,0,0,27318,24662,1139,955,521,390,13,0,0,25984,22638,1232,967,443,457,32,24736,22225,926,450,430,457,32,27176,24226,1329,788,421,334,65,614,242,17,5,302,437,25956,22742,1440,698,186,305,66,22050,19617,1021,1092,228,128,19,0,0,22094,20079,841,732,268,138,4,649,193,8,20,0,21047,18531,877,789,304,335,22,21047,18531,877,666,233,20,10,70,640,21659,19724,890,651,175,136,4,0,0,0,0,0,20682,18734,1025,555,68,176,4,477,24,44,4,20757,18938,918,599,86,152,0,481,16,16,0,13652,7200,6190,13021,6401,6620,14203,5454,7977,13810,7488,5913,11393,5278,5928,11555,4088,6726,11209,4192,6882,12778,5501,6905,14909,6578,8037
53,53,24513,22642,635,391,758,123,16,0,0,23803,21162,639,572,1285,202,21,0,0,23416,20055,1112,666,1087,356,49,23437,20076,1112,666,1087,356,49,24198,20992,1020,504,1423,250,78,249,916,0,0,129,893,23764,20242,1568,459,1198,262,64,18752,17507,390,248,531,91,11,0,0,18763,17254,523,347,452,108,0,290,422,0,54,0,18813,16429,708,429,840,282,26,18813,16429,708,293,734,32,8,68,541,18928,17154,611,376,561,129,0,0,0,0,0,0,18432,16647,771,176,586,133,0,73,459,0,0,18698,16597,1182,179,530,123,0,115,356,6,0,13687,7775,5724,11080,6059,5021,13423,6346,6190,13250,7758,5148,11747,6244,5337,11847,5037,5932,11654,5296,6208,12722,6427,5865,14563,7905,6347
54,54,24505,19088,1504,1564,2375,154,33,0,0,23883,18594,1245,1372,2691,205,0,0,0,23862,15857,2117,1603,4095,242,44,23875,15867,2117,1603,4096,242,44,23529,18288,1202,1121,2948,48,0,848,2907,16,0,45,219,26024,18845,1640,1707,3957,147,247,22380,17503,1309,1460,2130,123,31,0,0,20260,16711,1002,930,1492,50,0,806,1485,12,54,0,21878,14641,1833,1490,3772,185,35,21878,14641,1833,1165,3445,32,11,111,640,19930,16401,1033,978,1477,27,0,0,0,0,0,0,21303,16824,1329,1022,1890,91,0,770,1800,12,0,19186,13697,1714,1712,1800,46,0,1588,1643,8,0,9288,7114,2000,7128,5487,1641,10458,7605,2193,10080,7625,2090,7853,6201,1518,7890,5695,1812,7742,5698,1924,8428,6300,1835,6595,4979,1468
55,55,25728,23899,675,371,710,141,25,0,0,25424,22975,1203,481,763,92,17,0,0,24746,21640,1070,496,968,347,25,24763,21657,1070,496,968,347,25,24724,22119,1212,405,1069,65,0,254,806,12,0,0,322,24284,21122,1461,489,1095,56,0,18795,17708,380,234,413,95,12,0,0,19561,18114,679,267,433,74,0,263,419,10,0,0,19542,17473,685,345,652,250,15,19542,17473,685,214,545,15,2,81,527,19201,17770,695,238,465,48,0,0,0,0,0,0,18517,17010,780,194,491,44,0,175,470,0,0,18525,16834,887,195,575,50,0,169,493,4,0,14642,8214,6222,13997,7238,6759,14675,7049,6813,14519,8200,6006,12941,6740,6049,13089,5269,6856,12752,5655,6939,14091,6986,6661,16655,8978,7314
56,56,22186,17632,1650,1857,1093,220,27,0,0,22550,16109,2774,2464,1446,44,20,0,0,23077,15709,2905,2789,1534,509,41,23166,15771,2914,2799,1535,509,41,22418,16133,2631,2783,1080,88,34,1908,988,8,0,17,733,22978,16394,2876,2409,1244,307,18,17816,14857,989,1112,813,145,23,0,0,17507,13551,1826,1518,523,36,0,1422,500,18,21,0,18973,13740,1920,1867,1197,376,26,18973,13740,1920,1454,1056,14,6,56,727,17537,13456,1706,1646,601,91,0,0,0,0,0,0,17728,13950,1812,1214,526,201,0,1104,490,75,0,18264,13921,1857,1149,1016,279,0,1022,946,109,0,9938,6288,3504,10419,6260,4159,9718,5221,3909,9679,6314,3093,8134,4986,3036,8219,4067,3560,8048,4258,3672,9129,5290,3548,11072,6814,4053
57,57,22648,19872,844,955,910,144,18,0,0,23492,19302,1181,1194,1767,191,16,0,0,23698,18618,1337,1226,2125,335,23,23721,18637,1338,1228,2125,335,23,23982,18923,1677,1580,1620,413,0,1002,1432,23,0,0,924,23944,18378,1796,1760,1819,389,13,17498,15730,505,601,595,95,13,0,0,17568,15603,615,463,773,89,0,384,604,10,38,0,18825,15336,865,832,1448,251,14,18825,15336,865,657,1355,22,5,63,522,17597,15465,741,552,691,150,0,0,0,0,0,0,17825,15394,886,646,736,149,0,548,685,14,0,17594,15399,566,859,529,166,0,631,503,9,0,11032,6295,4579,11219,5675,5544,11721,5204,5872,11518,6414,4808,10337,5338,4872,10472,4086,5727,10210,4363,5727,11266,5408,5529,13355,6954,6149
58,58,24065,20405,1536,1360,715,219,33,0,0,24152,18195,3058,2135,1087,340,10,0,0,23370,17576,2589,1996,886,500,26,23425,17617,2592,2000,886,500,26,24346,17834,2650,2750,1370,347,9,1356,961,89,0,7,1453,23139,15866,3331,3024,998,166,12,18829,16543,913,774,510,145,24,0,0,18644,15515,1425,999,592,129,0,948,548,60,0,0,18849,14913,1660,1302,665,351,20,18849,14913,1660,966,542,27,6,70,665,18680,15136,1405,1200,735,109,0,0,0,0,0,0,17309,13690,1715,1362,459,41,0,789,442,14,0,17206,13895,1780,967,423,52,12,611,368,16,12,10400,6259,3966,9516,5462,4054,10135,4854,4704,9765,6144,3341,8042,4561,3358,8202,3642,4047,7945,3749,4091,9197,4872,4051,11273,6290,4781
59,59,27186,22269,1813,2311,766,135,27,0,0,26564,20392,2272,2655,1321,260,38,0,0,25461,19533,2136,2128,1122,423,26,23369,18982,1550,1191,1109,414,26,25756,19245,2417,2493,1638,360,46,1855,1346,21,0,70,798,24599,18216,2604,2258,1287,288,47,22497,18415,1493,1974,572,113,21,0,0,21400,17384,1615,1787,473,90,0,1697,362,14,76,0,21456,16791,1600,1762,836,349,16,21456,16791,1600,1534,736,24,3,70,698,21041,16722,1642,1680,753,172,0,0,0,0,0,0,20403,16411,1712,1450,560,189,0,1357,397,34,0,20577,16831,1444,1410,751,250,4,1280,571,36,4,12154,7076,4883,10302,5805,4497,11847,5196,5998,11446,6740,4405,9814,5091,4595,9972,3931,5362,9623,4139,5373,10896,5296,5272,12928,6711,5983
60,60,23581,16564,1401,4182,1538,179,26,0,0,23482,15512,1837,4869,1375,235,12,0,0,24243,14557,2416,5310,1923,398,44,24270,14577,2416,5313,1923,398,44,23357,14780,2046,4641,1906,98,40,4023,1690,4,15,53,745,23759,14427,2508,5054,1600,456,40,18803,13891,895,2913,1118,125,18,0,0,17909,12934,1139,3073,604,168,0,2995,554,0,0,0,19833,12727,1608,3915,1467,318,34,19833,12727,1608,3402,1315,14,3,103,661,18103,12794,1361,2871,993,73,14,0,0,0,0,0,18873,12465,1873,3325,915,304,24,3008,841,35,24,19209,12243,2022,3640,1022,239,41,3199,934,29,41,13061,8290,4593,12113,7896,4217,12775,7415,4748,12570,8423,3872,11202,7127,3958,11300,5951,4640,11061,6255,4674,12196,7416,4458,14402,9323,4858
61,61,25609,21837,1289,1789,644,168,21,0,0,25784,20980,1779,1766,1160,398,65,0,0,25821,20685,1722,1884,1085,360,12,23927,20080,1240,1102,1070,350,12,25993,20512,1974,2279,1096,338,92,1691,883,5,0,49,878,25763,20766,1459,2321,1071,55,0,20150,17202,983,1497,410,129,12,0,0,20210,16740,1383,1313,555,156,0,1228,540,10,75,0,20901,16944,1288,1511,768,275,11,20901,16944,1288,1332,666,22,3,52,594,20415,16600,1350,1679,607,88,0,0,0,0,0,0,20366,17250,928,1481,666,44,0,1291,619,0,0,20550,17515,1061,1317,575,141,30,1163,520,11,30,12910,6887,5844,12570,6179,6391,12846,5799,6290,12545,6947,5279,10850,5528,5175,11007,4258,6030,10737,4543,6069,12063,5774,5924,14651,7616,6746
62,62,24165,23115,389,240,297,137,16,0,0,23695,22510,375,105,390,212,30,0,0,23109,20950,720,360,426,345,28,23129,20970,720,360,426,345,28,23597,22190,454,134,473,151,0,45,318,73,0,104,413,23118,21204,869,246,551,100,0,18279,17651,219,137,174,99,9,0,0,18095,17425,347,88,147,74,0,54,118,20,15,0,18483,17069,422,214,278,265,17,18483,17069,422,124,202,30,8,57,571,18015,17290,403,74,183,63,0,0,0,0,0,0,18160,17015,650,97,389,15,0,83,265,0,0,18664,17633,554,110,347,15,0,89,313,0,0,14145,7318,6574,14095,6626,7469,14069,6022,7171,13861,6913,6589,12569,5896,6491,12743,4619,7181,12468,5044,7271,13531,6034,7047,15684,7729,7594
63,63,24990,22613,1243,633,505,174,26,0,0,23746,21506,1016,583,523,330,20,0,0,23675,19960,1684,884,691,432,30,23720,20003,1685,884,691,432,30,23129,20783,1054,563,584,171,13,389,456,59,0,28,357,23048,18541,2301,1293,571,186,82,19760,18266,751,367,337,127,16,0,0,18948,17826,417,215,280,194,0,204,195,80,20,0,19732,17150,1093,600,490,344,18,19732,17150,1093,317,377,24,7,99,665,18870,17651,520,279,241,176,0,0,0,0,0,0,17550,14980,1175,892,344,103,0,715,204,10,0,17603,15651,859,669,208,115,0,534,183,5,0,12319,6077,5866,11538,5365,6173,12001,4278,7137,11706,5765,5647,10220,4294,5775,10378,3337,6464,10136,3528,6469,11188,4434,6464,12945,5470,7302
64,64,23734,22260,744,320,302,119,9,0,0,22800,20630,1031,462,494,196,11,0,0,24135,21309,1221,479,550,391,20,24165,21338,1221,479,550,391,20,22813,20356,1213,331,544,297,15,240,293,4,0,86,621,24209,19718,2232,661,1223,449,39,19270,18284,506,221,185,86,8,0,0,18250,17205,562,200,190,107,0,171,156,4,12,0,20183,18157,851,331,378,292,18,20183,18157,851,200,268,35,0,97,575,18375,17070,643,215,288,162,0,0,0,0,0,0,18570,16420,1049,412,513,170,0,267,365,8,0,19380,17607,766,256,510,116,0,244,317,0,0,13777,8884,4642,12811,7801,5010,13359,7745,4954,13228,8426,4467,12463,7846,4481,12567,6802,5276,12297,6934,5231,13049,7846,4910,14795,9400,5163
65,65,24120,19955,2550,1118,570,271,42,0,0,22954,17606,3446,1217,832,219,118,0,0,23425,16417,4464,1586,679,692,52,23547,16509,4484,1587,679,692,52,23168,18519,2771,1281,746,245,80,802,700,39,0,26,314,24334,14471,4949,3988,1045,255,215,19080,16465,1545,676,398,187,30,0,0,17075,14552,1536,570,307,99,0,523,307,55,10,0,18947,14183,2881,1098,494,493,37,18947,14183,2881,621,422,41,8,54,737,17330,15289,1101,608,232,92,0,0,0,0,0,0,18805,13130,2493,2409,544,116,0,1997,489,14,0,18857,14899,1769,1461,548,212,0,998,524,6,0,9734,5162,4337,8077,4078,3999,9023,3575,4967,8711,4842,3623,7404,3512,3780,7573,2715,4409,7352,2913,4342,8287,3666,4393,10000,4520,5280
66,66,24517,23221,543,225,403,155,21,0,0,23185,21231,1074,269,437,183,18,0,0,23589,21280,913,367,482,332,23,23613,21304,913,367,482,332,23,22893,20562,1221,479,560,165,20,287,446,77,0,37,261,23531,19994,1444,1356,778,184,80,19401,18554,333,153,268,110,15,0,0,18252,17192,595,150,155,133,0,146,132,90,20,0,19771,18117,621,261,331,252,19,19771,18117,621,154,240,30,6,73,530,18539,17087,774,266,238,112,0,0,0,0,0,0,19075,16871,976,710,369,58,0,610,300,14,0,19176,17174,753,466,697,82,4,331,538,6,4,14840,7300,7310,13682,6211,7471,14612,6104,7775,14344,7111,6929,13058,6116,6791,13176,5034,7574,12882,5304,7474,13946,6205,7419,15919,7625,8034
67,67,23413,20545,1410,533,796,165,16,0,0,22072,18738,1783,531,945,85,94,0,0,23414,17792,2771,893,1005,363,34,23454,17823,2771,893,1005,363,34,21987,18784,1680,423,933,123,77,279,649,13,0,32,548,23208,18581,2472,1234,822,608,97,17773,15846,943,368,508,107,12,0,0,16732,14967,974,298,324,65,0,243,274,10,110,0,18670,14648,1909,601,732,290,17,18670,14648,1909,405,633,21,2,183,869,16700,14888,995,239,381,99,0,0,0,0,0,0,16470,14146,1335,379,436,153,0,368,411,4,0,16365,14033,1251,374,589,143,0,297,566,0,0,11388,6046,5208,10635,5411,5224,11262,5004,5707,11123,6157,4701,9596,5023,4436,9740,4172,5198,9479,4276,5088,10672,5194,5219,13000,6578,6227
68,68,24010,21682,1106,669,485,159,21,0,0,23151,20019,1736,1061,686,348,0,0,0,23605,19917,1745,1008,566,263,31,23638,19948,1745,1008,566,263,31,22974,19656,2148,855,541,259,0,464,337,0,0,35,332,23579,18312,2760,1570,1382,222,0,18799,17287,676,439,346,93,16,0,0,18258,16258,1166,470,335,0,0,438,272,0,35,0,19114,16597,1123,664,422,178,17,19114,16597,1123,487,359,20,6,93,429,18617,16655,1292,409,242,0,0,0,0,0,0,0,19411,15789,1806,1218,509,29,0,1129,399,0,0,19749,16931,1566,751,368,39,5,697,195,3,5,12295,5222,6880,11500,4544,6956,12423,4001,7986,12016,5577,6223,10421,3877,6433,10607,2986,7185,10360,3179,7106,11491,4085,7194,13351,4927,8254
69,69,23671,21955,665,277,685,107,13,0,0,23427,21139,1028,480,717,100,16,0,0,23534,20818,1031,446,797,260,25,23544,20828,1031,446,797,260,25,23015,20191,1000,818,962,112,5,660,708,39,0,23,401,23632,19829,1556,895,1282,105,2,18932,17829,413,182,436,64,8,0,0,18573,17214,549,303,427,62,10,295,385,19,4,0,19704,17745,705,307,584,214,12,19704,17745,705,185,497,10,0,67,495,18673,17001,505,525,592,83,0,0,0,0,0,0,18651,16482,920,351,781,75,0,331,622,4,0,19226,16766,1239,571,638,72,0,521,466,0,0,14149,6908,7073,14017,6445,7572,13593,6139,6899,13398,6962,6216,12293,6188,5988,12398,5123,6889,12175,5413,6670,13202,6312,6649,15505,8056,7246
70,70,23582,19083,2181,1464,772,127,24,0,0,23881,17437,2889,2719,945,141,0,0,0,23484,16004,3451,2398,794,326,32,23537,16043,3454,2400,794,326,32,24018,17494,2772,2723,793,110,0,2231,630,14,0,33,849,23809,14499,3387,3751,1478,426,0,18050,15161,1350,892,509,86,18,0,0,17712,13765,1914,1633,362,47,0,1547,355,30,10,0,18591,13478,2258,1623,564,215,27,18591,13478,2258,1218,474,14,4,298,847,18021,14314,1764,1488,390,15,0,0,0,0,0,0,17672,12190,2396,2112,833,144,0,1771,785,0,0,17483,12146,2357,2086,680,134,5,1651,651,13,5,10126,5316,4689,8491,4277,4214,10010,3964,5552,9684,5360,4048,8115,3787,4225,8293,2905,5051,7975,3060,4797,9234,4062,4932,11388,5298,5906
71,71,22396,17499,2354,1795,682,142,42,0,0,23162,15970,4380,2643,762,44,16,0,0,23161,14835,4350,2846,857,352,52,23243,14879,4367,2857,857,352,52,23065,16793,4042,1945,733,56,22,1222,625,0,0,48,335,22180,14349,4026,3096,943,101,1,17644,14363,1498,1223,466,91,26,0,0,17475,13164,2598,1368,327,7,0,1271,317,0,10,0,18383,12554,2914,2002,627,254,35,18383,12554,2914,1515,535,23,5,224,613,17501,13801,2321,980,337,10,0,0,0,0,0,0,16679,11638,2362,2075,552,4,0,1914,483,0,0,16840,11252,2926,1885,626,119,5,1697,571,3,5,10435,4773,5496,9666,4269,5397,9951,4124,5451,9564,5028,4343,8265,3810,4369,8453,3165,4984,8161,3231,4862,9230,4086,4969,11068,5167,5749
72,72,21896,6030,8574,7651,364,360,80,0,0,22117,4881,10701,7126,636,358,54,0,0,23279,4334,11479,7900,445,511,53,23596,4363,11645,8011,445,511,53,22098,5134,10655,7124,423,424,80,5375,125,6,11,70,723,25143,3975,11123,11168,454,566,160,15740,5263,5340,5182,253,258,50,0,0,14064,3932,5757,3978,260,145,15,3826,159,10,30,0,16749,3767,7397,5651,312,349,41,16749,3767,7397,4545,234,42,5,232,527,14795,4296,6035,4120,211,213,36,0,0,0,0,0,18513,3954,7382,6606,335,264,146,6190,316,4,146,19460,4202,7719,6730,412,122,42,6514,377,16,42,6511,4938,1487,6760,5208,1552,5935,4240,1552,5479,4247,1105,4333,3231,1052,4447,3035,1306,4255,3003,1229,5123,3700,1338,6326,4436,1816
73,73,23383,12196,5980,5096,482,270,41,0,0,23241,9996,7546,6092,369,166,10,0,0,24517,9193,8537,6566,559,425,74,24712,9244,8614,6617,559,425,74,23331,9451,7914,6436,328,150,27,5108,154,2,8,140,562,24776,7685,8051,9386,849,183,56,17229,10121,3625,3240,330,188,29,0,0,15423,7854,3928,3398,199,94,0,3179,149,1,27,0,18163,7593,5635,4587,418,329,55,18163,7593,5635,3660,309,60,4,260,642,15349,7336,4067,3580,97,74,19,0,0,0,0,0,14123,5216,3727,4774,356,68,34,4418,300,0,34,14262,5445,4349,3807,494,45,45,3418,356,1,45,8726,5130,3453,9670,5870,3800,8116,4454,3399,7686,5010,2504,6469,3811,2587,6642,3354,3076,6408,3404,2949,7352,4177,3040,8835,5038,3705
74,74,23966,13137,5961,4474,721,267,63,0,0,22320,9614,6875,4891,1089,583,50,0,0,23907,9212,7987,6254,990,428,70,24027,9251,8026,6278,991,428,70,21594,8962,7157,4702,957,462,90,3498,757,0,0,50,1170,22962,7979,8367,5175,1830,219,109,18327,11270,3743,2870,508,177,41,0,0,15809,8384,4109,2843,329,154,0,2594,224,0,35,0,18556,8197,5390,4397,669,345,65,18556,8197,5390,3502,567,44,6,188,662,15725,8224,4060,3047,330,110,0,0,0,0,0,0,16161,7020,4516,3811,770,38,0,3588,608,0,0,15186,7467,3666,3408,619,129,4,2868,588,4,4,7960,4824,3011,4623,2886,1737,7679,4422,2994,7290,4889,2226,5856,3582,2203,6029,3207,2630,5763,3218,2482,6793,4044,2617,8213,4964,3163
75,75,23170,6293,11076,5849,495,359,85,0,0,22449,5699,10891,5591,684,238,121,0,0,23771,4893,12508,6304,625,664,116,24132,4944,12705,6396,629,667,116,22224,6300,9744,5954,566,278,69,4658,541,6,0,221,746,23183,5535,9467,8139,394,246,34,16498,5368,7160,3825,373,244,56,0,0,14821,4759,6299,3161,372,172,0,2960,367,3,82,0,17498,4137,8697,4376,450,472,95,17498,4137,8697,3295,336,73,9,341,610,14190,4907,5707,3080,384,189,0,0,0,0,0,0,15665,4388,5707,5247,187,100,0,4966,185,0,0,15291,3726,6127,5100,257,66,0,4885,197,6,0,5552,4178,1295,5807,4478,1329,5158,3695,1337,4735,3691,916,3432,2531,856,3541,2387,1063,3338,2306,998,4234,3015,1144,5196,3467,1692
76,76,24210,23069,545,179,335,121,14,0,0,24336,22835,694,413,503,8,0,0,0,23763,21331,934,399,463,366,12,23789,21355,935,399,463,366,12,24407,22168,1130,355,671,28,0,145,501,0,0,0,465,24020,19909,1884,1109,850,360,29,18265,17588,318,98,197,82,7,0,0,18885,18075,392,198,208,10,0,159,173,0,0,0,18954,17328,606,232,304,276,9,18954,17328,606,125,231,22,1,64,577,18466,17428,568,181,304,18,0,0,0,0,0,0,18005,15904,938,487,455,131,0,422,325,0,0,18487,16476,915,299,525,128,4,236,432,0,4,13373,6368,6745,12726,5456,7270,13533,4831,8020,13267,6351,6654,11885,4908,6838,12048,3792,7591,11788,4110,7565,12908,5050,7537,15163,6308,8584
77,77,24458,21036,1770,1078,599,181,16,0,0,23870,18858,3417,1283,497,252,0,0,0,24252,18511,2945,1775,863,345,30,24308,18557,2951,1778,863,345,30,23852,19034,2678,1461,654,244,0,925,442,24,0,50,704,23659,16764,3859,2423,1105,449,0,19247,17106,1045,648,407,113,10,0,0,18853,15774,2059,760,178,59,0,643,137,25,56,0,19736,15889,1855,1159,622,250,24,19736,15889,1855,803,529,13,3,70,574,18883,15922,1560,880,373,71,0,0,0,0,0,0,18031,14055,2115,1113,580,184,0,791,549,15,0,18501,14085,2618,1013,621,132,0,762,589,1,0,11623,6919,4524,10949,6265,4684,11793,5474,5799,11516,7155,4148,9718,5120,4473,9893,3978,5329,9624,4203,5296,10904,5443,5203,13081,6739,6134
78,78,24681,21837,1562,820,413,197,27,0,0,24595,21012,2183,1185,376,259,0,0,0,24011,19220,2492,1266,618,505,41,24072,19270,2495,1266,618,505,41,24266,19719,2244,1760,519,352,0,649,260,45,0,15,1331,24974,17526,3412,2968,1028,446,4,19256,17482,943,482,279,131,22,0,0,19611,17513,1322,519,145,219,0,309,115,55,38,0,19573,16289,1626,842,452,382,32,19573,16289,1626,519,356,24,9,37,713,19337,16730,1420,901,202,245,0,0,0,0,0,0,19718,15022,2307,1561,597,317,0,1193,516,3,0,19835,15423,2133,1629,463,79,0,1281,418,7,0,11098,6091,4818,10368,5456,4912,11367,4295,6656,11146,6017,4916,8866,3846,4921,8997,2993,5564,8802,3158,5549,10318,4309,5796,12982,5527,7206
79,79,23581,18815,2867,1482,531,171,37,0,0,23464,14794,5528,2670,788,243,69,0,0,24241,15622,5237,2612,763,546,34,24336,15680,5257,2616,763,546,34,23567,15123,5674,2421,529,260,59,1735,355,0,0,0,678,24131,14468,6127,3004,1070,479,69,18547,15532,1740,916,360,116,22,0,0,17821,12608,3159,1427,475,60,0,1291,262,0,100,0,19114,13374,3332,1708,545,425,30,19114,13374,3332,1141,440,25,5,83,714,17255,12568,3059,1156,281,108,0,0,0,0,0,0,17701,12088,3543,1340,430,184,0,1252,338,11,0,17448,11604,3530,1293,609,223,0,1228,583,8,0,9515,5819,3548,8828,5444,3384,9105,4614,4064,8778,5622,2916,7077,4018,2954,7194,3290,3494,7012,3409,3512,8234,4437,3571,10329,5673,4478
80,80,23430,21538,819,566,462,106,11,0,0,23438,20951,1342,639,461,91,17,0,0,23195,19927,1424,778,636,327,25,23222,19954,1424,778,636,327,25,23657,20967,1549,510,552,24,22,324,462,3,0,0,350,23120,19818,1119,1064,809,85,0,17921,16741,492,357,285,77,7,0,0,18139,16662,696,425,314,45,0,390,299,0,15,0,18480,16311,860,522,439,241,17,18480,16311,860,350,380,25,3,79,472,18332,16951,691,279,360,20,0,0,0,0,0,0,17273,15572,359,641,602,59,0,564,508,0,0,17842,15721,389,1314,317,44,33,1034,289,4,33,12186,5428,6572,12458,5189,7269,12924,4130,8322,12619,5966,6458,11150,4176,6869,11355,3066,7838,10766,3273,7397,12192,4326,7634,14532,5376,8937
81,81,22972,21342,745,383,461,89,10,0,0,22897,20439,1136,747,590,122,0,0,0,23515,20327,1369,632,830,294,19,23539,20351,1369,632,830,294,19,23074,20697,1065,606,661,151,0,457,547,1,0,0,310,23591,20113,1190,852,1019,140,0,17914,16890,451,219,317,63,7,0,0,18030,16544,733,341,358,59,0,291,323,0,0,0,19033,16894,898,419,563,203,9,19033,16894,898,259,485,9,2,41,445,18610,17155,661,244,429,95,0,0,0,0,0,0,19376,17552,818,487,444,69,0,374,389,0,0,20241,18205,842,576,562,76,0,386,455,0,0,11753,6478,5102,10220,5327,4893,12180,5229,6365,11924,6847,4840,10599,5185,5283,10740,4030,6148,10219,4234,5859,11588,5399,5900,14059,6893,6944
82,82,23462,15589,5180,2334,654,241,27,0,0,23757,15347,5092,2719,705,351,64,0,0,23686,13286,6815,2970,780,469,43,23735,13310,6830,2973,780,469,43,23980,15199,6162,1864,756,295,83,1439,599,140,0,8,435,24523,14499,7592,2111,582,338,93,18445,13294,3283,1525,452,162,19,0,0,18658,12873,3309,1944,387,125,0,1862,344,34,24,0,18931,11629,4640,2022,567,352,32,18931,11629,4640,1543,481,26,2,102,508,18820,12864,4128,1362,396,73,0,0,0,0,0,0,17247,11590,4374,924,275,62,0,797,226,0,0,15977,10167,3975,1140,534,110,5,991,474,0,5,10331,6855,3349,9360,6537,2823,9937,5468,4000,9588,6432,2944,8220,5033,3079,8381,4090,3869,8100,4219,3779,9193,5275,3684,11020,6448,4399
83,83,23645,18486,2782,1692,805,132,25,0,0,25256,19911,2759,1458,996,218,0,0,0,23337,17102,3460,1619,1019,319,9,23365,17123,3463,1619,1019,319,9,24768,18332,3478,1618,1258,152,0,1264,856,26,0,104,710,24486,17628,3458,1646,1697,163,0,18492,14937,1834,1212,560,91,16,0,0,19097,15843,1895,769,542,54,0,715,403,24,20,0,18874,14492,2378,1124,735,229,5,18874,14492,2378,825,642,3,0,60,474,18569,14776,2478,633,579,86,0,0,0,0,0,0,19168,13877,2987,1277,963,123,0,1196,800,30,0,19082,14455,2766,1106,600,79,4,1007,522,18,4,11386,6672,4557,8850,5014,3836,11729,5594,5645,11385,6763,4417,10156,5413,4640,10318,4257,5474,9978,4502,5357,11118,5569,5285,13246,6863,6184
84,84,23463,9978,10134,3624,433,410,53,0,0,21216,8125,10128,3270,172,288,51,0,0,23661,7217,12477,4239,460,722,90,23830,7254,12573,4257,460,722,90,21527,7346,10932,3589,221,281,46,2600,116,10,0,7,511,22283,6972,12223,3587,210,308,55,16935,8365,6333,2256,302,244,33,0,0,15416,6913,6345,1971,80,125,20,1873,63,9,0,0,17596,6239,8484,2856,317,546,67,17596,6239,8484,2020,231,27,12,67,516,15299,6142,6858,2073,107,105,10,0,0,0,0,0,15885,6493,7018,2069,124,199,4,1968,87,54,4,16236,6229,7507,2152,222,116,0,1943,182,54,0,6977,5140,1735,8826,6173,2653,6553,4295,1978,6099,4497,1405,5056,3524,1441,5189,3127,1858,4962,3134,1754,5870,3885,1831,7425,4772,2537
85,85,23470,19469,2540,508,916,139,10,0,0,23413,18877,2620,516,1273,59,106,0,0,23395,17753,3320,866,1114,368,50,23420,17773,3323,866,1114,368,50,23655,18287,3390,596,1256,56,72,333,1136,0,32,138,336,23185,17746,3497,613,939,119,7,18717,16024,1662,339,642,94,6,0,0,19122,16355,1218,450,934,48,48,446,879,0,56,0,19007,15064,2268,593,770,289,30,19007,15064,2268,415,650,22,5,56,527,18503,15846,1446,324,706,100,35,0,0,0,0,0,17453,14901,1459,375,531,200,0,322,510,4,0,16659,13922,1709,516,329,189,0,425,260,0,0,11130,6620,4338,10401,6137,4264,11027,5443,5072,10797,6915,3615,9128,5060,3934,9498,4237,4857,9006,4343,4532,10288,5459,4575,12388,6769,5431
86,86,24750,22728,978,438,520,122,14,0,0,24024,21738,1042,770,506,58,0,0,0,23361,20131,1591,617,683,218,16,23385,20154,1591,617,683,218,16,23538,21099,1305,529,734,46,0,249,466,0,0,37,386,23182,20253,1617,576,806,38,0,19166,17859,591,306,340,84,9,0,0,19146,17767,629,527,186,30,0,472,147,0,0,0,19131,16847,1062,440,500,167,10,19131,16847,1062,329,434,13,0,55,391,18829,17515,808,207,289,15,0,0,0,0,0,0,18007,16712,715,283,265,20,0,245,242,0,0,18236,16555,887,312,385,29,0,247,307,0,0,12702,6692,5833,11550,6076,5474,13036,5319,7267,12610,7225,5147,11001,5160,5733,11263,4036,6865,10877,4254,6509,12242,5448,6572,14769,6657,7910
87,87,24093,21056,929,848,1253,99,21,0,0,23722,19804,1200,1176,1502,69,0,0,0,24253,19631,1490,1204,1656,276,30,24263,19641,1490,1204,1656,276,30,23665,19602,1266,1419,1355,68,0,1256,1165,0,0,11,365,24179,19735,1713,960,1674,55,0,19089,16958,602,622,878,71,17,0,0,18960,16350,789,979,790,70,0,879,720,0,0,0,19771,16477,1007,869,1219,178,22,19771,16477,1007,697,1144,18,4,81,343,18765,16025,833,1068,769,64,0,0,0,0,0,0,18450,15820,789,697,1089,58,0,667,1015,0,0,18096,14879,872,887,1403,55,0,785,1319,0,0,13429,6982,6298,12186,6278,5908,13589,5837,7268,13264,8004,5049,11899,5960,5857,12183,4539,7280,11791,4862,6830,12999,6098,6691,15441,7389,7879
88,88,23704,18911,1268,1869,1752,95,17,0,0,23989,17190,1960,3266,1714,16,11,0,0,23325,16111,2023,3284,1795,318,29,23340,16123,2023,3286,1795,318,29,24513,16886,1639,3986,2141,22,28,3490,1767,7,0,10,715,25123,17182,2125,4366,1793,106,44,20195,16659,932,1397,1244,71,12,0,0,19531,14988,1411,2275,835,4,0,1968,758,4,20,0,20163,14579,1575,2538,1331,272,21,20163,14579,1575,2198,1194,107,6,66,438,19808,14501,1180,2812,1139,7,0,0,0,0,0,0,20070,14823,1595,2423,1063,16,0,2342,827,0,0,19920,14462,1361,2888,1047,70,5,2640,872,2,5,10821,6937,3758,10230,6807,3423,10201,6585,3237,9986,7254,2534,9120,6529,2500,9221,5729,3206,9016,5869,3036,9604,6550,2874,10193,7315,2763
89,89,23197,20420,1095,734,863,122,18,0,0,22447,18748,1061,1176,1416,200,114,0,0,23114,19248,1416,981,1043,297,18,23138,19270,1416,981,1043,297,18,22874,18484,930,1950,1216,335,74,945,965,0,0,61,1492,23448,17711,1181,2433,1536,156,15,17625,15810,695,478,559,78,14,0,0,17289,15002,738,658,668,124,115,562,649,0,10,0,18403,15721,946,661,753,222,17,18403,15721,946,492,658,16,2,73,495,17566,14763,726,1077,755,196,75,0,0,0,0,0,16575,13618,629,1191,1085,75,15,1024,1020,0,15,17267,14376,610,1275,920,76,4,1136,851,0,4,12864,6295,6392,12846,5842,7004,12997,5169,7264,12754,6559,5963,11451,5180,6172,11647,4098,7111,11383,4360,6914,12426,5317,6855,14548,6581,7747
90,90,23653,21333,1046,389,812,130,12,0,0,23380,20903,1171,254,1062,15,12,0,0,22959,19499,1482,557,1036,285,22,22966,19506,1482,557,1036,285,22,23047,19820,1623,251,1334,20,16,150,1280,4,16,2,155,23036,19581,1671,330,1349,33,0,18363,16852,670,259,531,93,9,0,0,19159,17533,806,152,638,7,12,142,609,0,7,0,18878,16439,977,376,776,215,17,18878,16439,977,246,703,28,4,63,418,18433,16685,831,123,771,8,15,0,0,0,0,0,18489,16645,806,133,877,31,0,91,834,0,0,19245,17448,863,294,576,44,13,231,535,0,13,12694,6981,5539,13454,7061,6393,12928,5692,6637,12655,7468,4959,11308,5695,5481,11495,4404,6638,11084,4668,6301,12365,5896,6199,14890,7496,7151
91,91,22445,13265,2467,5510,1411,181,22,0,0,22597,10756,3520,7353,1387,267,29,0,0,23387,10767,3680,7539,1624,395,26,23440,10783,3683,7560,1625,395,26,21848,10010,3408,7212,1358,314,72,6250,1264,40,0,115,762,21834,10968,4056,6083,1135,186,28,17829,11440,1613,3774,1057,131,16,0,0,16803,8855,2382,4896,567,123,30,4812,553,25,0,0,19009,9552,2576,5661,1260,296,23,19009,9552,2576,5019,1139,40,4,94,585,16202,8269,2368,4864,577,117,15,0,0,0,0,0,16293,9376,2626,3820,466,68,4,3685,438,0,4,16461,9418,1896,4571,518,61,0,4401,479,7,0,11014,7982,2920,11680,8818,2862,11248,7991,2882,10954,8558,2178,9591,7343,2149,9673,6645,2745,9467,6716,2642,10551,7791,2565,12472,9536,2803
92,92,23361,7265,4370,11575,683,372,42,0,0,23890,7566,4999,10824,962,391,21,0,0,23411,6608,5113,11002,1075,559,62,23608,6626,5151,11122,1075,559,62,23856,7176,5435,10680,1030,369,22,9544,913,241,0,74,473,24992,8505,5456,10168,1135,134,17,17564,6317,2857,8081,539,253,34,0,0,16306,6203,2179,7192,464,287,0,7085,441,220,4,0,18041,5742,3551,8177,730,410,49,18041,5742,3551,7362,608,50,7,112,609,16436,6310,2539,6864,528,319,0,0,0,0,0,0,17982,7600,2830,7179,430,46,0,6966,416,30,0,17245,6769,2950,6864,581,81,0,6642,559,40,0,9502,8476,959,9533,8625,908,8694,7660,766,8430,7595,648,7085,6446,565,7184,6270,796,6917,6091,759,7912,7036,740,9162,8119,931
93,93,23534,6791,3182,12800,1216,385,44,0,0,23262,5877,4386,12266,1414,348,77,0,0,24069,5514,4505,12696,1811,514,53,23641,5374,4359,12541,1809,516,52,23174,5507,4508,13130,1203,212,80,11291,1014,11,10,138,695,24677,6270,5839,12577,1140,810,12,19143,6495,2343,9406,1136,310,38,0,0,17195,5360,2603,8194,886,241,15,7807,807,24,68,0,19222,5071,3198,9480,1660,415,41,19222,5071,3198,8574,1441,75,9,161,693,17290,4876,2814,8716,687,93,10,0,0,0,0,0,16559,4917,3000,7918,464,90,0,7579,413,32,0,15166,4002,2835,7531,530,95,0,7204,455,54,0,7841,7336,458,8987,8455,532,7057,6485,397,6698,6218,353,5258,4910,307,5379,4868,421,4996,4597,367,6038,5549,408,6963,6202,683
94,94,21663,6341,2423,11360,1858,324,37,0,0,22411,5947,2919,12017,1812,311,46,0,0,23723,5788,3800,11801,2711,401,44,23923,5799,3829,11946,2714,401,44,22922,5710,3327,12319,1877,188,331,10840,1796,0,0,283,971,22663,6054,3802,11792,1634,320,218,16834,5696,1650,8067,1555,235,29,0,0,14779,4786,1591,7655,617,173,0,7215,552,30,41,0,19154,5292,2703,8979,2296,306,37,19154,5292,2703,8231,2094,61,15,129,629,15655,4650,2079,8220,518,90,0,0,0,0,0,0,16627,5597,2588,7613,646,148,0,7272,581,0,0,17002,5586,3056,7525,662,147,0,7273,596,48,0,8722,7839,829,7911,7218,693,7365,6522,618,7025,6359,541,6029,5477,516,6129,5322,711,5834,5119,665,6655,5913,645,7560,6669,818
95,95,24479,3012,14211,7873,330,336,42,0,0,23990,3706,13549,7219,326,296,54,0,0,24129,2420,14817,7183,731,852,77,24398,2430,14981,7267,732,852,77,23645,3410,13604,6999,395,231,71,5536,386,29,0,26,652,24031,4603,12487,7004,706,247,137,17077,2681,9403,5243,256,233,31,0,0,13185,2543,6481,3946,78,146,0,3814,78,56,29,0,16874,2058,9978,4954,410,570,59,16874,2058,9978,4067,317,45,7,60,342,13070,2353,6553,4063,48,85,0,0,0,0,0,0,13457,4147,5435,3712,96,86,0,3498,76,20,0,14489,3738,6195,4413,114,35,0,4157,85,22,0,6141,5517,587,5835,5462,373,6100,5355,627,5674,5142,448,3704,3302,366,3838,3251,524,3593,3122,434,4711,4070,580,5395,4251,1107
96,96,22215,10619,4983,4545,2364,223,40,0,0,21818,10310,5459,3730,2625,272,16,0,0,23877,11215,4919,4133,3779,499,56,23979,11238,4953,4166,3780,499,56,21744,10338,5689,3783,2339,259,15,3041,1954,23,0,81,621,24157,11362,6639,4283,2318,186,16,18408,9762,3411,3229,2129,175,25,0,0,14534,8126,2887,2437,975,134,0,2287,839,23,38,0,20526,10359,3591,3137,3440,373,42,20526,10359,3591,2526,3069,55,17,118,791,14997,8386,2880,2405,1175,174,0,0,0,0,0,0,17453,9386,3880,2653,1412,62,0,2556,1224,6,0,18241,10002,3383,3278,1508,33,4,3006,1162,20,4,8269,7286,876,8525,7677,848,8465,7474,691,6078,5143,708,7002,6367,566,7085,6153,800,6867,6041,704,7314,6444,717,8406,7468,844
97,97,23827,9963,7712,5764,784,261,52,0,0,24155,7394,11044,5193,693,357,22,0,0,23996,7506,9581,6532,821,576,35,24142,7543,9644,6566,822,576,35,24219,7861,9376,6323,875,300,19,5904,697,16,0,0,363,23849,8845,9155,5286,949,302,55,18171,8749,5111,3876,604,202,35,0,0,16779,6583,5954,3838,289,281,0,3618,269,20,20,0,18364,6635,6614,4649,618,434,25,18364,6635,6614,3947,522,31,5,112,498,17264,6974,5183,4587,380,295,0,0,0,0,0,0,16793,7936,4892,3493,373,121,0,3305,323,0,0,17129,7705,5433,3403,434,78,0,3291,371,7,0,7897,5839,1952,7793,6169,1624,7326,5191,1907,6876,5620,1114,6122,4700,1359,6332,4365,1824,5869,4228,1552,6800,5001,1684,8280,5875,2328
98,98,23951,22187,790,253,668,85,5,0,0,23709,21198,1044,378,1147,21,0,0,0,23690,20602,1205,441,1047,256,24,23702,20614,1205,441,1047,256,24,24109,21495,1082,466,1142,12,0,268,845,0,0,0,417,23607,20864,1025,390,946,174,13,18557,17451,512,159,389,65,2,0,0,18241,16895,526,262,522,18,0,196,482,0,0,0,19092,17040,752,301,700,190,11,19092,17040,752,163,602,7,4,54,470,18642,17025,602,358,615,6,0,0,0,0,0,0,18269,16792,572,281,582,38,0,236,518,0,0,18599,16739,690,359,750,59,0,247,660,14,0,14477,8774,5547,10783,6261,4522,14513,8579,5400,14304,9605,4469,13432,8662,4682,13576,7226,5983,13270,7570,5593,14181,8681,5261,16192,10510,5481
99,99,24374,19939,2609,873,935,142,4,0,0,24069,17450,4483,1083,1032,87,25,0,0,23379,16314,4377,1583,1034,323,19,23433,16355,4380,1583,1034,323,19,24160,16930,4659,1707,1000,43,17,1066,955,0,17,114,418,23520,17321,4006,1382,676,105,3,19704,16707,1695,579,686,95,3,0,0,18709,15151,2147,654,671,60,25,644,657,40,0,0,19447,14365,3022,1100,815,255,13,19447,14365,3022,822,718,18,1,73,428,18190,14386,2212,935,616,30,15,0,0,0,0,0,18873,15121,2353,913,457,65,4,859,431,0,4,18408,13731,3045,915,696,53,4,850,657,12,4,10161,5697,4305,9835,5781,4054,10159,4372,5488,9658,6121,3341,8117,4252,3776,8406,3383,4785,8033,3503,4451,9327,4528,4636,11672,5535,5987
100,100,24240,17233,2274,4020,899,254,32,0,0,23020,15280,2635,4421,1387,205,56,0,0,23870,15205,3033,4457,1177,462,25,23955,15253,3040,4470,1177,462,25,22559,15012,2452,4447,1213,282,143,3319,838,14,0,6,917,23103,15013,2934,5038,988,301,157,19274,14483,1374,2745,670,184,23,0,0,18006,12965,1703,2616,573,93,0,2535,477,7,71,0,19678,13359,2073,3229,886,338,15,19678,13359,2073,2673,749,23,4,82,715,17800,13102,1625,2467,411,63,0,0,0,0,0,0,19310,13907,1879,2576,586,88,0,2260,479,30,0,19345,13552,1856,2708,918,95,14,2345,720,18,14,11274,7923,3141,10202,7130,3072,11038,6634,3791,10700,7499,2889,9264,6120,2999,9394,5328,3569,9132,5436,3561,10239,6472,3464,11979,7814,3957
101,101,23633,22235,490,192,614,118,7,0,0,23495,21662,530,556,1028,74,0,0,0,22919,20361,837,345,909,232,26,22927,20369,837,345,909,232,26,23535,21473,636,442,780,347,0,64,514,0,0,0,845,23051,20636,546,361,971,253,0,17481,16653,291,107,363,78,4,0,0,17835,16917,281,108,380,75,0,78,345,0,90,0,18347,16630,543,217,634,150,18,18347,16630,543,137,529,25,0,65,418,18506,17249,375,94,530,164,0,0,0,0,0,0,17490,16192,314,117,692,97,0,92,548,30,0,17421,15605,599,212,900,88,0,152,671,38,0,14030,7751,6101,13813,6980,6833,14040,7351,6033,13995,8152,5621,12881,7268,5509,13019,5625,6839,12691,6128,6446,13725,7325,6112,15920,9397,6278
102,102,23014,20229,1028,619,1035,147,15,0,0,23203,19568,1687,532,1388,43,0,0,0,23307,19016,1614,939,1389,257,16,23330,19038,1614,939,1389,257,16,22799,19218,1615,797,1073,49,0,659,961,12,0,9,327,23149,19417,1598,831,1135,77,35,19015,17074,692,425,730,106,10,0,0,18764,16780,908,379,678,41,0,325,663,10,0,0,20067,16863,1151,689,1074,185,13,20067,16863,1151,506,962,16,6,78,485,18593,16660,917,492,478,42,0,0,0,0,0,0,18601,16486,951,632,449,59,0,497,411,10,0,19129,16820,757,828,587,49,0,715,526,0,0,11973,7224,4604,8391,5026,3365,12420,6732,5216,12203,8137,3843,11106,6794,4197,11269,5638,5278,10982,5865,5024,12055,6937,4885,14348,8421,5709
103,103,25481,21741,1083,1307,1359,101,18,0,0,24742,20762,897,1446,1526,208,0,0,0,24552,19203,1690,1782,1574,224,11,23208,18889,1323,1121,1571,224,11,24680,20201,1234,1292,1789,159,0,1049,1527,31,0,117,516,24395,18510,1434,1575,2486,163,51,19538,16895,748,1015,873,73,11,0,0,19865,17131,633,1024,895,111,0,990,842,36,79,0,19743,15813,1190,1418,1071,155,8,19743,15813,1190,1264,989,19,2,78,388,20299,16700,1071,1240,1279,63,0,0,0,0,0,0,19695,16137,847,919,1492,37,0,853,1241,25,0,19493,16220,1187,802,1263,76,0,758,1046,28,0,13511,7281,6088,13550,6945,6605,13606,6774,6230,13454,7899,5319,12025,6676,5240,12122,5283,6296,11895,5695,6100,12933,6768,5886,14647,8255,6147
104,104,24541,16632,4262,3286,586,222,46,0,0,24217,14215,5659,3994,1046,334,119,0,0,24073,13405,5937,4297,610,428,23,24169,13452,5957,4311,610,428,23,23609,14261,5350,4118,668,285,128,2805,328,0,0,72,792,23972,12430,7121,4584,784,219,25,18771,13766,2659,1983,395,151,34,0,0,18028,11887,3180,2370,343,170,0,2211,343,0,120,0,19044,11697,4016,2830,451,327,18,19044,11697,4016,2273,367,28,1,111,551,17960,12346,2858,2348,192,111,0,0,0,0,0,0,16903,10932,3252,2179,500,69,0,2055,500,15,0,17492,10730,3707,2751,276,60,0,2546,274,12,0,9519,5715,3642,8430,5249,3181,9192,4418,4391,10934,7819,2929,7469,4188,3199,7627,3363,3973,7368,3558,3726,8791,4821,3803,10364,5633,4607
105,105,23224,20446,1491,726,556,128,23,0,0,23317,18926,3140,1024,502,104,29,0,0,23313,18824,2258,1242,632,325,27,23338,18848,2258,1242,632,325,27,23387,20047,2224,691,512,163,0,404,386,0,0,46,280,23359,18022,3004,1441,668,500,31,18086,16264,954,468,367,90,11,0,0,17606,15049,1663,605,294,2,0,550,294,0,0,0,18828,15706,1484,851,447,228,16,18828,15706,1484,666,392,18,2,95,465,17973,16110,1063,506,324,2,0,0,0,0,0,0,18426,15269,1737,916,309,85,30,897,255,0,30,18545,13499,2248,2142,416,158,22,1920,346,0,22,11136,5426,5522,10397,4957,5440,11810,4296,6963,11490,6277,4967,9958,4447,5378,10178,3295,6484,9862,3532,6225,11111,4590,6266,13480,5699,7571
106,106,25500,23239,951,509,735,86,21,0,0,25416,22458,1414,637,734,149,39,0,0,25123,21271,1583,790,948,235,30,24581,21059,1467,589,937,233,30,25646,22440,1585,681,725,65,69,415,606,13,46,117,427,25543,20778,2548,1090,753,149,65,18482,16981,623,405,423,62,13,0,0,19192,17450,847,400,445,54,0,380,420,30,19,0,19700,17016,1070,575,643,167,15,19700,17016,1070,479,528,7,9,84,507,19714,17979,824,429,454,44,0,0,0,0,0,0,19234,16957,1236,508,442,68,0,474,352,45,0,19428,16905,1279,732,409,80,0,644,310,18,0,14016,7180,6689,13560,6407,7153,14104,6831,6575,13801,7635,5907,12325,6881,5316,12437,5661,6245,12138,5916,6099,13434,6982,6142,15944,8941,6742
107,107,23106,20657,1065,323,947,66,17,0,0,24402,20785,1587,362,1602,99,19,0,0,24543,19213,2171,784,1525,242,11,24559,19228,2171,784,1525,242,11,24199,20378,1531,440,1582,103,60,330,1480,6,31,37,404,24123,19182,2493,858,1135,172,43,17276,15674,681,216,624,41,11,0,0,17933,16245,739,177,693,34,0,177,648,0,35,0,19305,15685,1406,521,1056,176,9,19305,15685,1406,353,973,14,3,192,679,17881,16000,762,182,819,45,30,0,0,0,0,0,17916,15175,1536,348,746,48,35,303,686,0,35,17908,14770,1531,809,679,45,41,709,626,0,41,12918,6186,6589,11927,5366,6561,13353,5998,6793,13084,6691,6142,11493,5999,5387,11607,4984,6301,11387,5108,6188,12634,6073,6322,15064,7713,7129
108,108,25458,21856,1806,791,868,166,30,0,0,25531,21225,2561,911,555,115,30,0,0,24903,19897,2540,1119,801,272,29,23873,19457,2303,770,777,271,29,25834,21429,2465,1160,529,139,17,710,388,52,8,85,695,25427,19076,3405,1524,669,204,4,19179,16661,1245,552,596,106,22,0,0,19699,17248,1298,670,390,89,15,636,350,45,16,0,20193,16573,1749,837,581,197,24,20193,16573,1749,659,470,15,5,117,605,19640,16900,1397,839,368,108,10,0,0,0,0,0,20103,16407,1996,1077,474,133,19,959,415,20,19,19985,15598,2446,1481,326,169,15,1259,306,8,15,12862,6243,6452,13651,6410,7241,13237,5629,7049,12852,6538,6039,10774,5550,5095,11016,4811,5957,10807,4891,5824,12194,5775,6188,14613,7284,7143
109,109,22967,13788,5120,1932,1807,220,51,0,0,24183,11164,7341,3542,1841,372,15,0,0,23820,10247,7825,2295,1917,404,46,23868,10261,7843,2297,1918,404,46,23488,11371,6657,3383,2013,260,1,2386,1944,18,0,570,542,23411,9667,7127,4888,1773,432,1,18436,11570,3708,1503,1345,152,41,0,0,14677,9315,2312,1991,1015,95,15,1727,955,0,30,0,18609,8869,5435,1652,1489,296,37,18609,8869,5435,1129,1362,18,2,609,1185,13866,9495,1909,1663,745,16,0,0,0,0,0,0,13776,8283,2530,2194,744,51,0,2063,731,10,0,13474,8415,2643,1706,606,47,0,1603,561,14,0,7774,4550,3154,8419,4792,3627,8171,4469,3395,7854,4857,2824,5709,3520,2134,5784,3102,2580,5593,3118,2441,6979,4028,2826,8786,5103,3593
110,110,22210,9692,8223,2125,1382,252,50,0,0,22973,9239,9840,2336,1220,258,36,0,0,23870,6653,11084,2669,1366,605,20,23943,6665,11123,2670,1366,605,20,23729,9683,9774,3033,1398,235,9,1708,1222,83,0,516,749,24856,8406,10108,4540,1151,399,20,17433,8243,5948,1536,1029,178,32,0,0,12490,7348,2870,1099,983,172,9,1045,979,123,4,0,18374,5724,7916,2004,1037,455,19,18374,5724,7916,1264,957,20,3,925,1565,13058,7501,3027,1353,928,127,0,0,0,0,0,0,12237,6374,3260,2061,512,117,0,1677,447,50,0,12523,5180,3557,2950,770,87,30,2520,675,23,30,5111,3395,1668,6911,4402,2509,5596,3720,1660,5327,4118,1052,3160,2289,824,3196,2122,1010,3048,2043,969,4378,3037,1247,6033,3978,1996
111,111,22749,20678,873,210,934,69,25,0,0,23243,20358,1067,499,1328,130,0,0,0,23244,19384,1427,420,1613,174,16,23248,19388,1427,420,1613,174,16,23456,20258,1247,521,1358,38,0,347,943,16,0,30,614,23292,19419,1436,638,1328,56,0,15984,14725,542,148,539,40,12,0,0,16023,14689,578,178,514,70,0,163,495,0,0,0,17356,14906,884,287,1000,117,12,17356,14906,884,172,849,14,3,99,429,16070,14767,615,220,449,16,0,0,0,0,0,0,16417,14727,704,299,604,4,0,293,592,0,0,16629,14638,879,479,505,38,0,343,444,30,0,13336,6962,6297,13074,6199,6875,13194,7292,5254,13061,7064,5785,11724,7032,4607,11806,5903,5684,11603,6262,5277,12720,7175,5316,15071,9528,5289
112,112,25219,22830,1165,449,753,95,19,0,0,25157,21773,1514,622,1368,80,102,0,0,24636,20376,1851,793,1249,223,15,24647,20387,1851,793,1249,223,15,25631,20765,2036,907,2072,159,229,471,1363,0,0,35,959,24061,20876,1185,434,1220,18,12,18525,17021,741,284,460,53,12,0,0,18314,16468,841,331,613,0,0,259,613,0,75,0,19009,16173,1217,538,828,162,13,19009,16173,1217,363,696,22,1,87,450,18575,15994,982,371,954,7,0,0,0,0,0,0,17730,16212,643,219,587,13,0,170,568,0,0,17720,15214,1444,157,810,27,8,127,748,0,8,14485,6810,7523,13401,5817,7584,14290,6137,7549,13990,7360,6361,12019,5908,5993,12186,4791,7139,11873,5008,6786,13315,6181,6891,15624,7886,7514
113,113,24247,20551,1705,879,1115,127,25,0,0,24909,20308,2608,655,1465,64,1,0,0,24555,18280,2833,1785,1387,233,35,24588,18306,2835,1787,1387,233,35,25286,20679,2091,1008,1613,63,2,485,1554,12,0,22,439,25158,17132,3302,2028,2799,273,0,19023,16535,1095,573,781,93,15,0,0,19676,16740,1682,312,931,20,0,297,871,15,4,0,20143,15661,1940,1220,1031,178,14,20143,15661,1940,969,940,10,6,150,467,20146,17193,1489,459,954,20,0,0,0,0,0,0,19613,14633,2324,1198,1398,43,0,1075,1383,25,0,20181,14721,2309,1669,1399,73,0,1535,1339,10,0,12003,5853,5993,3276,1302,1974,12179,4743,6920,11821,6432,5190,10188,4648,5435,10345,3613,6470,10043,3831,6135,11382,4932,6242,13807,6332,7288
114,114,23151,19123,1241,1159,1594,96,16,0,0,22824,17306,1935,1710,2100,178,0,0,0,23181,16559,2076,1912,2366,272,35,23204,16572,2077,1916,2366,272,35,23380,17203,2037,1849,2446,135,0,1248,2264,0,0,231,390,23600,17203,2371,1742,1971,153,16,17968,15269,809,768,1076,62,13,0,0,16965,14049,1158,888,866,40,0,791,822,0,0,0,18318,13757,1355,1328,1639,199,29,18318,13757,1355,1101,1526,16,5,103,455,17465,14231,1147,1091,962,22,0,0,0,0,0,0,17624,13767,1554,1372,828,39,12,1319,824,0,12,17452,13562,1184,1449,1090,25,13,1366,1020,0,13,13041,7253,5639,13048,7118,5930,12800,6763,5565,12545,8061,4277,11138,6416,4634,11311,5319,5664,11023,5631,5299,12134,6733,5194,14049,8185,5690
115,115,22557,14321,4095,3410,919,206,19,0,0,22211,11890,5757,3930,807,349,9,0,0,22926,11379,5866,4696,1089,507,21,23000,11408,5882,4708,1090,507,21,22027,10717,6514,4153,987,440,15,3194,864,23,0,226,491,22706,11797,6292,4218,811,302,221,18061,12380,2717,2363,679,150,12,0,0,15840,9985,2839,2479,423,133,0,2330,372,20,45,0,18595,10156,4080,3469,855,388,17,18595,10156,4080,2849,723,39,3,106,639,15302,9014,3050,2498,465,219,0,0,0,0,0,0,15256,9645,3082,2199,216,137,60,2081,191,4,60,15654,8837,3496,2690,442,157,58,2570,424,12,58,8783,5600,3049,8518,5887,2631,8716,5009,3371,8341,6011,2112,7005,4533,2393,7194,3918,3006,6899,4075,2747,7906,4882,2850,9320,5707,3503
116,116,22960,8561,5525,8111,1232,288,159,0,0,21803,7149,6144,8320,1055,571,12,0,0,22822,6997,6255,8438,1548,470,38,22927,7014,6279,8479,1552,470,38,22233,6844,7468,7595,1423,489,296,5879,1040,23,0,79,897,22356,7107,7403,7368,1583,639,295,17841,7527,3731,5825,978,209,119,0,0,14644,6270,3021,4759,307,69,0,4395,291,15,245,0,18293,6291,4438,6503,1241,345,31,18293,6291,4438,5796,1110,55,6,118,479,14414,5836,3576,4199,384,71,0,0,0,0,0,0,15266,6029,4002,4106,527,210,0,3899,497,75,0,14926,5230,3685,4955,643,227,5,4779,603,80,5,7043,5505,1472,6429,5156,1273,7144,5205,1740,6752,5490,1133,5346,4085,1209,5440,3749,1553,5234,3748,1438,6225,4646,1480,7469,5583,1824
117,117,24091,20981,1134,816,1142,102,19,0,0,24546,20475,1259,1060,1600,197,7,0,0,23803,19034,1900,1234,1344,312,17,23835,19064,1901,1234,1344,312,17,24026,20563,1267,1022,1037,230,7,741,891,3,0,16,550,24051,20596,1861,831,687,101,0,19307,17221,748,546,766,65,11,0,0,19581,17187,734,698,842,91,0,573,793,4,18,0,19922,16431,1330,887,986,255,10,19922,16431,1330,636,888,26,1,85,525,19724,17562,774,747,516,118,0,0,0,0,0,0,19408,17360,1013,576,300,78,0,461,294,0,0,19314,16836,1505,466,391,27,0,364,367,0,0,13515,7303,6043,11323,6280,5043,12967,6044,6452,12632,7912,4501,11386,6088,5177,11596,4926,6348,11288,5197,5976,12391,6313,5870,14678,7746,6753
118,118,23589,19627,1394,849,1670,123,21,0,0,24085,19227,1395,1566,1937,67,44,0,0,23181,17840,2107,1250,1564,320,40,23222,17876,2107,1250,1564,320,40,24345,19033,1560,1587,2102,81,42,1300,1866,0,0,168,411,22657,18645,1714,767,1234,196,61,18934,16231,908,549,1171,88,18,0,0,18683,15839,890,903,993,7,0,843,960,0,24,0,19625,15754,1486,872,1136,244,26,19625,15754,1486,641,1024,16,3,109,592,19040,15788,1036,979,1225,15,0,0,0,0,0,0,19193,16553,1209,416,867,87,0,413,833,0,0,19834,16404,1721,816,726,114,0,791,600,14,0,11610,6579,4862,8338,4807,3531,11896,5942,5404,11580,7485,3834,10366,5970,4274,10502,4886,5285,10245,5170,4964,11367,6203,4925,13796,7777,5803
119,119,23535,20543,1005,603,1340,88,21,0,0,24794,20880,1442,459,2009,147,2,0,0,23255,18789,1545,843,1776,203,27,23271,18805,1545,843,1776,203,27,24635,20371,1339,826,2093,204,2,663,1780,9,0,27,452,24248,19764,1826,775,1770,144,15,18562,16567,654,394,900,58,17,0,0,19013,16773,973,182,1011,43,0,145,932,10,28,0,18857,15607,1088,575,1291,164,17,18857,15607,1088,407,1191,17,4,82,461,18815,16025,909,605,1252,30,0,0,0,0,0,0,17486,15069,1060,556,801,38,13,498,732,0,13,17146,14536,1073,778,726,65,13,689,667,0,13,12424,6437,5814,7273,3584,3689,13291,6118,6667,13107,7851,5023,11591,6159,5328,11753,4907,6526,11465,5263,6128,12627,6348,6067,14728,7841,6712
120,120,23334,18708,2262,1843,563,117,35,0,0,23029,17509,3034,2191,353,63,66,0,0,23649,15345,4110,3348,765,302,32,23681,15368,4111,3350,765,302,32,22430,15825,3360,3046,271,130,25,2687,145,0,0,86,328,25864,20912,2784,1458,471,185,10,18271,15235,1460,1188,391,78,22,0,0,17631,14313,1886,1215,154,19,0,1164,154,0,59,0,18936,13103,2799,2359,546,202,26,18936,13103,2799,1919,439,10,5,116,545,17217,13157,1970,1836,103,79,0,0,0,0,0,0,20716,17947,1632,725,305,145,0,692,286,0,0,19542,15457,2396,1029,565,107,0,967,380,10,0,12253,6511,5600,12112,6512,5600,12422,6070,5814,12114,7776,3734,10446,6030,4314,10559,5018,5283,9954,5095,4780,11478,6294,4926,13532,7746,5635
121,121,23315,12100,4641,6032,785,209,52,0,0,23911,10645,5831,7176,867,192,56,0,0,23687,9184,6538,7489,843,389,52,23793,9203,6559,7529,843,389,52,24470,9968,6327,7808,841,236,53,6927,686,0,53,26,482,20917,12386,4102,4272,485,287,13,17748,10136,2983,4104,561,148,37,0,0,17234,8717,3659,4460,254,66,15,4331,204,20,71,0,18523,8045,4485,5395,619,276,37,18523,8045,4485,4653,536,19,6,174,605,17448,8228,3790,4979,269,116,55,0,0,0,0,0,15544,10263,2486,2372,269,121,15,2276,238,4,15,16202,9022,3670,3013,416,77,5,2857,406,8,5,10087,6759,3202,9094,6064,3030,9820,6229,3233,9392,7014,2191,7871,5563,2235,8007,5005,2815,7521,4910,2551,8961,6069,2739,11279,7681,3457
122,122,23502,20510,1205,783,925,74,15,0,0,24587,20129,1843,1282,1332,90,42,0,0,24833,19121,2310,1732,1288,189,17,24850,19136,2311,1732,1288,189,17,24210,19220,2361,1317,1133,84,78,750,991,47,0,313,531,24878,19343,2097,1008,1663,152,11,18833,16743,833,537,642,53,13,0,0,19129,16457,1277,755,559,78,0,506,544,44,0,0,20669,16578,1608,1234,920,121,15,20669,16578,1608,1045,845,11,3,106,473,18620,15635,1557,816,521,66,0,0,0,0,0,0,19219,16183,1192,664,1105,87,0,497,900,69,0,18906,15389,1435,925,1137,38,0,792,863,9,0,12689,6026,6506,6972,3260,3712,13341,5531,7354,13025,7146,5699,11500,5515,5892,11626,4444,6936,11193,4601,6542,12650,5783,6678,15310,7515,7623
123,123,23535,20634,1148,634,1110,70,5,0,0,23519,19265,1447,1051,1750,102,20,0,0,24051,18892,1847,1049,1841,163,7,24062,18901,1847,1049,1843,163,7,23365,19126,1540,786,1881,59,21,668,1728,0,7,47,248,24433,19946,989,496,2515,136,11,17380,15514,734,402,701,44,5,0,0,16778,14557,813,648,712,39,9,629,712,25,11,0,18145,14802,1161,670,1197,100,4,18145,14802,1161,538,1103,17,0,117,407,16467,14035,983,447,964,18,8,0,0,0,0,0,15993,14052,552,252,1109,4,5,247,1075,0,5,16055,13352,1070,308,1318,4,5,284,1293,0,5,13295,6423,6757,13083,6067,7016,13120,6107,6495,12931,7197,5557,11122,5767,5269,11235,4694,6316,10992,4945,5993,12275,6083,5998,14351,7765,6371
124,124,22610,2922,8682,11218,514,316,81,0,0,23948,2156,11288,10960,912,199,144,0,0,23614,1984,10449,11494,607,448,42,23935,1993,10582,11664,608,449,42,24418,2025,11603,11266,877,167,46,9476,708,35,0,119,452,21184,3448,9573,7584,1213,227,139,16651,2636,6001,7971,381,216,49,0,0,14390,1690,5755,6515,219,150,10,6360,219,35,119,0,17763,1751,7512,8569,463,339,29,17763,1751,7512,7555,400,33,3,109,400,14480,1635,6115,6433,220,105,0,0,0,0,0,0,12530,2649,5025,4222,550,110,0,4060,550,50,0,13257,2283,6021,4091,690,220,0,3931,690,172,0,6688,6033,625,6227,5799,428,6276,5559,611,5753,5265,405,4261,3863,370,4350,3857,466,4111,3664,423,5216,4620,543,6604,5527,1003
125,125,23512,21079,830,430,1111,69,10,0,0,22708,19131,1625,462,1542,65,0,0,0,24393,20081,1507,636,1867,159,37,24397,20085,1507,636,1867,159,37,22343,18496,2042,294,1650,96,0,276,1104,7,0,10,409,22680,18281,1602,703,1922,38,0,16423,14848,536,294,711,36,2,0,0,15513,13825,735,251,674,15,0,250,617,15,0,0,17961,15191,944,417,1200,87,26,17961,15191,944,280,1027,5,5,66,443,15873,14222,830,221,593,4,0,0,0,0,0,0,16728,14642,736,560,767,0,0,441,693,0,0,17106,14788,779,637,854,33,6,527,753,4,6,13554,6574,6880,15025,5712,9313,13434,7190,5546,13360,6598,6554,11806,6235,5503,11858,4956,6786,11659,5628,5987,12870,6609,6053,15242,9072,5934
126,126,23077,4702,7743,10405,557,322,62,0,0,23800,3851,9003,10496,709,477,364,0,0,24016,3015,9319,11317,664,486,53,24208,3029,9382,11413,664,486,53,23497,3460,10306,9542,447,476,82,8426,352,140,50,252,509,23610,6758,8774,6808,756,234,79,16999,4127,5274,7258,387,223,48,0,0,15319,3249,4829,6327,478,190,35,6160,468,100,308,0,18189,2659,6622,8444,489,378,44,18189,2659,6622,7585,413,28,2,284,596,15043,2993,5497,6085,277,153,50,0,0,0,0,0,15682,6401,4885,3983,363,33,29,3973,351,36,29,15493,4541,5616,4873,388,13,6,4850,368,13,6,8419,7205,1164,7455,6400,1055,8141,6686,1255,7651,6665,857,6188,5360,787,6238,5157,1015,6020,5093,892,7184,6039,1068,8963,7284,1595
127,127,23456,10476,6084,5753,925,231,71,0,0,23679,8668,7180,7099,860,159,133,0,0,23813,7547,7472,6753,925,425,57,23902,7559,7495,6775,925,425,57,23557,8793,6831,6666,1640,149,151,5792,1612,12,0,282,236,29376,15161,6553,4528,3158,345,32,18777,9400,4357,4054,685,164,59,0,0,15358,6729,3592,4602,408,11,0,4500,382,7,35,0,19207,6874,5450,5147,706,300,44,19207,6874,5450,4532,605,23,4,663,1056,15868,6828,3612,4363,993,9,0,0,0,0,0,0,19902,11709,3904,2462,1616,89,0,2366,1508,24,0,18234,9457,5311,2472,863,34,0,2416,846,15,0,7099,5178,1861,7373,5655,1718,7213,5176,1855,6811,5402,1273,5420,4167,1207,5535,3950,1505,5282,3881,1355,6298,4681,1524,7549,5477,1989
128,128,22487,2075,12420,7946,650,330,101,0,0,21855,2324,11367,8781,205,359,137,0,0,23745,1434,13427,8818,510,565,59,24046,1438,13604,8924,510,565,59,21766,2086,11461,8774,420,253,129,7421,108,65,0,170,456,19229,2994,11032,5196,605,167,30,15719,1767,8298,5342,494,233,77,0,0,10887,1356,4920,4351,64,103,0,4244,47,40,151,0,17082,1172,9360,6282,384,441,43,17082,1172,9360,5377,294,18,0,317,544,11059,1275,5252,4340,68,68,0,0,0,0,0,0,9607,2202,4708,2492,309,20,0,2411,306,0,0,10161,2011,5670,2201,312,101,0,2082,311,44,0,4593,4148,412,5628,5022,606,4248,3771,406,3909,3543,295,2554,2323,215,2599,2290,290,2469,2208,247,3324,2932,359,4230,3503,700
129,129,24194,7828,8342,7233,1015,255,201,0,0,23266,7509,7884,7722,1293,478,39,0,0,24700,6486,9385,7761,904,557,67,24189,6377,9248,7473,903,556,67,22769,7220,7784,6959,1540,297,89,5838,927,0,0,133,868,26686,12383,6622,5368,2657,112,95,18648,6929,5808,5077,801,181,173,0,0,14803,5776,4025,4260,562,75,0,4195,530,0,115,0,19329,5888,6646,5769,711,389,47,19329,5888,6646,5026,609,20,6,422,712,14451,5781,3613,4193,684,67,0,0,0,0,0,0,18831,11116,2837,3340,1586,35,0,3227,1361,0,0,17868,9126,4038,3725,892,36,0,3552,790,4,0,6944,5332,1547,6689,5296,1393,6931,5172,1539,6535,5204,1182,5443,4389,997,5525,4096,1333,5345,4101,1182,6235,4811,1319,7682,5896,1695
130,130,23512,2790,10418,9352,1833,326,101,0,0,24027,2442,11331,9981,1807,221,27,0,0,23728,2124,11212,10071,1200,533,108,24026,2149,11358,10187,1209,533,108,24234,2422,11742,10065,1538,381,24,8109,1420,5,0,120,417,21963,3880,10274,6579,2396,436,41,17580,2507,7297,6706,1533,235,71,0,0,14116,2025,6105,5334,588,42,0,5197,535,10,43,0,18027,1944,8011,7561,952,363,87,18027,1944,8011,6545,814,45,8,169,491,14686,2140,6399,5619,493,26,0,0,0,0,0,0,13829,3631,6032,3305,688,19,0,3220,564,0,0,14512,3330,6981,3407,599,64,4,3279,384,0,4,5594,5027,523,5503,5096,407,5242,4581,555,4772,4236,446,3706,3347,322,3687,3219,423,3516,3114,369,4412,3865,494,5605,4693,879
131,131,23628,20891,1291,708,648,118,20,0,0,23080,18972,2029,1759,473,84,0,0,0,23434,18895,2249,1153,592,308,31,23464,18918,2251,1155,592,308,31,23186,19344,2149,1062,611,85,0,571,379,0,0,27,706,23320,17611,2946,1679,859,94,25,17978,16253,776,440,420,86,16,0,0,17338,14864,1264,876,147,67,0,705,104,0,180,0,18515,15542,1397,746,389,225,25,18515,15542,1397,531,304,14,6,144,577,17366,14877,1448,653,208,100,0,0,0,0,0,0,17456,14146,1822,937,427,122,0,685,378,0,0,18064,14482,1894,874,460,24,3,800,385,0,3,11677,5340,6180,12381,5432,6949,12342,4405,7431,12018,5825,5973,10422,4306,6003,10601,3252,6998,10319,3516,6709,11558,4509,6816,13803,5761,7837
132,132,23735,21097,1112,497,1006,63,8,0,0,25073,21670,1419,789,957,0,11,0,0,24779,21014,1672,522,1199,229,11,24784,21017,1672,522,1199,229,11,25074,21603,1620,905,888,10,0,493,702,0,0,166,495,25024,22375,890,440,1008,52,7,17866,16066,767,340,670,49,6,0,0,18709,16885,902,424,493,0,11,385,418,0,0,0,19435,16842,1206,315,790,182,7,19435,16842,1206,208,668,9,1,70,431,18783,16855,927,458,550,0,0,0,0,0,0,0,19448,17918,507,231,768,10,0,185,705,0,0,19732,17690,671,165,1158,34,0,118,1073,0,0,12135,6918,5114,12901,6668,6233,12613,7219,4872,12397,7301,4903,10873,6716,4063,10935,5567,5186,10721,5762,4866,11876,6928,4757,13802,8996,4615
133,133,24599,18527,2774,1820,1292,128,16,0,0,25457,17800,3580,2085,2091,74,61,0,0,24687,16185,3839,2117,1757,287,28,24719,16201,3843,2119,1757,287,28,24453,16966,3586,2130,1957,80,91,1457,1599,0,0,155,685,25270,19053,2350,1080,1904,132,94,18689,14556,1848,1247,855,94,11,0,0,17936,13378,2123,1228,1119,37,24,1172,1034,5,20,0,19212,13129,2705,1545,1207,209,20,19212,13129,2705,1252,1066,7,2,342,709,17235,13063,2057,1020,1074,25,0,0,0,0,0,0,18480,15425,1337,603,1059,54,0,570,991,10,0,18577,14505,2039,696,1251,61,5,662,1169,17,5,10683,6536,4043,10010,5696,4314,11714,7126,4092,11427,7610,3623,10037,6630,3312,10135,5834,4080,9882,5939,3856,10979,6946,3850,12879,8569,4147
134,134,22734,20417,954,487,829,53,12,0,0,23203,20204,1272,744,990,56,61,0,0,24137,19746,1785,811,1429,165,13,24138,19747,1785,811,1429,165,13,23679,20324,1403,802,1121,33,49,492,871,13,17,97,461,25413,22421,865,357,1535,51,74,16678,15183,614,348,502,38,9,0,0,16638,14850,680,532,495,29,16,514,448,26,25,0,18504,15542,1227,571,930,116,11,18504,15542,1227,397,802,2,0,80,454,16758,14825,861,524,517,63,17,0,0,0,0,0,15363,14083,448,184,600,31,5,155,565,0,5,15342,13555,704,180,822,26,6,139,780,0,6,12928,6712,6119,12731,5762,6969,12532,6544,5410,12398,6767,5446,10995,6151,4771,11102,4992,5914,10865,5298,5506,12013,6428,5380,14248,8773,5263
135,135,23338,21393,691,315,873,74,26,0,0,23726,20968,1202,471,955,241,31,0,0,23136,19445,1312,524,1384,217,19,23139,19448,1312,524,1384,217,19,23484,20524,1072,575,1171,221,0,280,740,25,0,48,798,23642,19296,1535,1092,1571,402,24,16515,15358,425,198,484,47,11,0,0,17063,15626,701,237,412,105,0,167,367,0,20,0,17455,15140,811,316,854,148,10,17455,15140,811,200,711,13,5,92,483,16729,15257,642,292,478,142,0,0,0,0,0,0,16903,14489,863,636,747,181,15,471,722,85,15,17252,14839,904,456,877,112,23,354,833,80,23,13764,7997,5653,13969,7155,6814,13618,8111,4860,13620,7820,5560,12043,7564,4396,12109,6426,5504,11881,6758,5051,13049,7782,5040,15159,10029,4884
136,136,22898,20583,814,328,1135,52,29,0,0,23809,20382,1155,585,1829,150,20,0,0,23601,19276,1378,573,1938,156,16,23607,19281,1378,573,1938,156,16,23957,19651,1688,714,1797,168,48,288,1275,61,7,23,962,23512,18690,2132,830,1477,108,56,16041,14633,497,207,674,31,16,0,0,16251,14543,674,182,810,15,0,143,741,0,25,0,17274,14556,872,348,1215,94,13,17274,14556,872,223,1068,10,0,72,473,16432,14458,860,185,884,27,7,0,0,0,0,0,16699,14201,1288,302,845,35,25,227,771,22,25,16437,13916,1237,381,814,33,31,315,689,17,31,13467,8781,4609,13426,7597,5829,13412,9310,3562,13309,8659,4450,12198,8599,3533,12225,7240,4859,11992,7733,4208,13047,8823,4046,15259,11397,3642
137,137,20888,11269,5309,3169,1316,209,40,0,0,20795,10130,5886,3382,1699,198,25,0,0,23657,10474,7895,3734,1547,435,33,23705,10485,7911,3737,1547,435,33,21680,11227,6116,2819,1748,186,51,2396,1600,65,39,5,226,22533,10004,6688,4687,1420,386,57,16653,9575,3856,2329,984,152,28,0,0,14290,8369,2569,2327,928,53,10,2288,898,44,48,0,19125,9275,5715,2880,1213,309,29,19125,9275,5715,2416,1083,18,5,125,488,14899,9427,2754,1715,913,57,40,0,0,0,0,0,17617,9134,3532,4096,669,22,35,3915,634,4,35,18633,9282,4127,4517,605,15,0,4128,569,3,0,8699,5926,2696,8651,5839,2812,9143,6097,2684,8685,6192,2285,7759,5598,2085,7799,5086,2559,7644,5149,2428,8569,5911,2496,10422,7343,2949
138,138,23886,15003,4792,1966,1927,190,35,0,0,24452,13095,6154,2745,2113,172,49,0,0,24532,11702,7584,2247,1839,402,48,24579,11715,7600,2250,1840,402,48,23982,13615,6157,2342,1535,67,29,1802,1433,0,0,598,375,24170,12024,7243,3453,1009,58,43,18560,12326,3284,1334,1415,130,21,0,0,15456,10800,2451,1077,1056,49,16,1024,1041,10,14,0,19162,9958,5236,1619,1418,317,45,19162,9958,5236,1139,1289,10,18,487,1025,15566,11454,2447,915,804,15,0,0,0,0,0,0,13168,8842,2565,1140,594,43,0,888,593,0,0,13552,8644,2532,1738,641,47,0,1444,624,0,0,8777,4957,3729,8139,4648,3491,9225,4904,3949,7983,4437,3374,7563,4512,2971,7659,3981,3498,7376,3969,3357,8348,4610,3577,10280,5856,4285
139,139,26374,18899,2512,2678,1979,749,69,0,0,25731,18239,2950,2408,1888,997,7,0,0,25717,16765,3222,3192,1863,1014,94,24677,16470,2945,2722,1859,1005,94,25244,18271,2821,2549,1588,865,63,1438,1287,132,7,116,1174,25335,18285,2811,2554,1539,929,114,20626,15373,1701,1792,1470,483,44,0,0,20322,15415,1825,1437,1189,481,0,1228,1096,133,54,0,20851,14278,2219,2264,1460,759,59,20851,14278,2219,1706,1301,261,18,110,958,19844,15157,1914,1379,967,344,0,0,0,0,0,0,20175,16138,1545,1120,911,409,0,920,849,143,0,19505,14188,2556,1340,837,439,0,1079,806,208,0,10098,5961,3994,9265,5594,3671,9937,4773,4567,9524,6022,3199,8209,4785,3292,8352,3860,4009,8129,3883,4130,9227,4938,3993,11409,6312,4806
140,140,22820,5955,9726,6568,1020,280,61,0,0,23266,6241,10706,5950,768,142,123,0,0,23496,5164,11649,5665,1205,607,31,23581,5170,11698,5685,1205,607,31,22662,6305,10527,5471,949,377,58,4487,506,5,40,83,712,25713,5624,12407,7590,873,459,28,17317,5194,6922,4622,794,192,48,0,0,12659,5211,3589,3473,264,15,30,3417,214,0,69,0,17918,4596,8198,4248,920,421,22,17918,4596,8198,3744,847,41,3,109,380,12618,4208,4275,3310,298,4,40,0,0,0,0,0,12836,4328,4108,4082,209,13,0,3835,180,8,0,13096,4451,4383,3915,257,8,5,3700,193,1,5,7215,5737,1435,6959,5621,1338,6981,5381,1383,6522,5290,1069,5292,4305,939,5360,4066,1226,5216,4089,1085,6172,4842,1231,7686,5927,1696
141,141,22686,20729,810,170,912,57,12,0,0,23859,21035,951,269,1633,107,15,0,0,23472,19876,1271,339,1586,140,25,23473,19877,1271,339,1586,140,25,23573,20436,939,287,1884,108,40,184,1319,0,0,34,662,23037,19010,1310,521,1970,126,32,14912,13745,491,101,525,36,7,0,0,15041,13670,478,148,713,85,0,90,658,0,4,0,16204,13974,830,229,924,95,21,16204,13974,830,123,812,13,3,57,392,15164,13418,503,154,1050,85,0,0,0,0,0,0,14703,12691,737,253,1025,8,0,182,901,4,0,15315,13297,729,107,1149,15,0,43,1064,7,0,12264,5811,6369,13454,5114,8340,12307,6711,4865,12189,5719,6302,10596,5482,5038,10684,4198,6357,10352,4670,5643,11696,5933,5565,14195,8810,5148
142,142,22367,15990,3276,1944,1232,135,31,0,0,24018,14497,4975,2494,2396,119,62,0,0,23471,14604,4539,2509,1657,296,17,23496,14617,4547,2511,1657,296,17,24230,14665,4862,2834,2285,82,33,2206,1712,20,0,15,746,23132,13411,4949,3317,1577,103,22,17180,12739,2242,1327,890,106,23,0,0,16311,11635,1998,1524,1093,54,0,1445,1042,25,1,0,18969,12360,3289,1883,1297,215,10,18969,12360,3289,1578,1163,12,0,90,477,16657,12286,1790,1714,1024,83,0,0,0,0,0,0,15571,10424,2187,2173,836,37,0,2091,734,2,0,16241,10129,2740,2460,808,35,0,2329,757,13,0,11255,6581,4589,10921,6080,4841,11780,6872,4389,11448,7116,4119,10204,6392,3714,10277,5563,4529,10059,5740,4253,11204,6732,4272,13569,8728,4649
143,143,22283,16862,2563,1597,1255,109,18,0,0,23899,16979,3032,2398,1534,196,54,0,0,23196,15814,3823,1815,1586,217,21,23218,15828,3828,1817,1586,217,21,23660,16439,3312,2352,1492,87,71,2141,1123,9,19,130,496,23181,14429,4156,3408,1128,169,29,17382,13463,1839,1158,905,74,13,0,0,17354,13558,1528,1493,678,85,10,1416,598,10,40,0,18613,13287,2654,1326,1179,161,19,18613,13287,2654,1111,1072,7,3,92,387,17111,13354,1523,1524,656,13,18,0,0,0,0,0,15758,11284,1875,1986,499,27,0,1967,403,2,0,15130,10973,2136,1285,622,65,0,1246,510,2,0,11580,6983,4512,11753,6669,5084,11935,7003,4457,11502,7379,3885,10234,6547,3586,10330,5756,4402,10082,5912,4097,11205,6839,4175,13218,8451,4593
144,144,22115,12970,3466,2298,3460,171,24,0,0,23324,12620,3916,2425,4661,225,6,0,0,24409,12994,4214,2733,4262,264,25,24434,13007,4217,2734,4263,264,25,22817,12146,3719,3094,4140,192,15,2327,3926,0,0,94,609,22602,11244,4340,4076,3145,166,12,17925,11012,2571,1707,2677,118,21,0,0,14662,10067,1885,1268,1424,93,0,1142,1337,0,33,0,20258,11401,3255,2091,3309,198,18,20258,11401,3255,1806,3160,27,5,120,484,15272,10033,1794,1927,1573,82,0,0,0,0,0,0,15121,9326,2118,2596,1110,45,0,2344,1034,10,0,16655,9414,2504,3452,1333,50,0,3112,1300,11,0,8931,5541,3322,7118,4309,2809,9522,6134,3001,9172,6315,2661,7920,5447,2386,8013,5019,2880,7829,5198,2572,8857,5896,2807,10737,7229,3371
145,145,21905,5191,9115,6915,1050,265,99,0,0,22458,4994,9817,7421,1311,299,0,0,0,23505,4733,10893,6659,1465,524,45,23616,4740,10943,6692,1466,524,45,22235,4188,10045,7078,1767,246,0,6061,1744,2,0,94,100,26059,3767,11816,10237,1286,196,2,16869,4558,6701,4997,813,184,68,0,0,11327,4147,2898,3773,485,44,0,3742,462,3,3,0,17864,4200,7649,4977,1106,371,41,17864,4200,7649,4482,1011,20,6,149,347,12006,3506,3777,4070,650,27,0,0,0,0,0,0,15122,3585,4519,6351,566,19,0,6342,556,3,0,16084,3743,5066,6168,881,72,0,6106,802,42,0,6168,4911,1229,7523,5263,2260,6651,5320,1150,4729,3546,1070,5286,4336,880,5341,4172,1113,5161,4110,1019,5745,4548,1115,7302,5785,1456
146,146,16099,6844,5257,3003,1434,145,24,0,0,20921,9430,6275,4256,1316,139,0,0,0,23594,10955,7160,3391,2091,398,36,23652,10963,7195,3398,2091,399,36,22475,10466,6186,4458,1586,184,0,3883,1451,57,0,52,378,25162,9326,7264,7597,1785,535,184,12998,5864,4030,2321,1132,109,19,0,0,12359,7544,1936,2224,601,92,0,2151,557,32,10,0,19805,10001,5280,2700,1777,301,27,19805,10001,5280,2308,1626,11,4,108,467,14057,8435,2212,2696,599,78,0,0,0,0,0,0,17070,8347,3058,4852,840,49,0,4430,740,26,0,18239,9709,2894,4430,1205,56,0,4176,1002,26,0,5659,3915,1720,5210,3546,1664,6711,4688,1786,6279,4341,1797,5542,4035,1442,5611,3711,1821,5447,3737,1669,6384,4484,1793,8820,6403,2291
147,147,23493,16856,2973,1716,1991,94,22,0,0,23518,15316,3821,2260,2320,138,47,0,0,23866,15273,4520,1946,1928,280,19,23895,15293,4522,1946,1928,280,19,23660,14851,4450,2360,1999,252,49,1921,1739,81,0,33,581,22819,12966,5417,3063,1416,321,37,18227,13412,2150,1218,1455,64,17,0,0,16153,12383,1438,1223,1072,35,0,1155,997,35,15,0,18994,12732,3239,1435,1410,214,12,18994,12732,3239,1210,1302,15,1,95,400,16229,12002,1509,1470,1142,83,0,0,0,0,0,0,14722,9719,2443,1730,661,65,0,1537,652,40,0,14663,9908,2122,1927,596,46,0,1785,541,4,0,11375,6650,4639,11546,6534,5012,11632,6853,4340,10811,7036,3524,9730,6363,3275,9852,5713,3979,9669,6155,3443,10787,6735,3863,13018,8271,4589
148,148,22538,9472,7562,4013,1662,192,48,0,0,23323,8791,9834,3434,1698,353,33,0,0,23532,8060,9777,3930,1851,529,37,23593,8069,9807,3936,1851,529,37,22974,9343,9146,2787,1796,417,33,2328,1570,0,0,53,536,23910,8766,9925,3316,1902,343,0,17845,8246,5595,2868,1253,133,38,0,0,13510,7035,3564,2024,758,90,0,1962,736,0,20,0,18525,6987,7138,2985,1400,407,25,18525,6987,7138,2564,1289,17,0,138,392,14042,7517,3585,1894,870,114,0,0,0,0,0,0,14552,7164,4238,2111,871,88,0,2065,808,4,0,14293,7191,3364,2803,818,57,0,2746,755,6,0,8079,5598,2425,5862,4804,1058,8195,5610,2307,7781,5757,1847,6388,4721,1586,6456,4414,1942,6218,4420,1744,7303,5169,2003,8802,6098,2580
149,149,23755,20265,1496,505,1437,66,12,0,0,23815,19490,1600,1046,1556,181,25,0,0,24382,18963,2176,805,1946,173,25,24385,18966,2176,805,1946,173,25,24543,20869,1270,1008,1363,103,47,898,1021,60,31,0,391,22939,18514,1675,1447,1212,96,40,17821,15393,1048,380,957,42,10,0,0,17188,14829,848,559,786,172,0,542,723,153,2,0,19194,15296,1512,587,1395,126,20,19194,15296,1512,431,1218,10,7,143,577,18271,15921,715,715,766,80,0,0,0,0,0,0,19553,16360,1108,1201,831,13,4,1024,739,0,4,19565,16299,1269,861,998,18,43,758,890,0,43,12473,6456,5925,10719,4582,6137,13164,7184,5453,13020,7054,5750,11117,6196,4850,11138,5276,5758,10932,5539,5346,12325,6651,5505,14665,8661,5854
150,150,22609,16664,3244,938,1682,122,27,0,0,23854,15175,5581,1493,1644,150,23,0,0,23737,15679,4301,1062,2040,261,21,23752,15687,4305,1062,2040,261,21,23997,15980,4792,1437,1773,117,4,795,1367,27,0,113,922,23893,15352,4990,1943,1584,259,100,16745,12665,2208,628,1193,83,20,0,0,14501,10703,2131,839,801,49,20,722,650,6,10,0,18010,12281,3040,748,1451,195,20,18010,12281,3040,497,1288,10,3,225,666,14783,11197,2062,655,874,82,0,0,0,0,0,0,15563,11158,2582,858,920,110,0,680,746,0,0,15541,11665,2127,653,1080,30,4,505,952,4,4,10371,5880,4382,9257,4504,4753,10526,6449,3637,10482,6158,4134,9276,5690,3533,9281,4782,4404,9049,4906,4102,10192,6055,3989,12621,8320,4128
151,151,23182,19021,1622,434,2038,70,12,0,0,23495,17707,2344,550,3019,55,17,0,0,23897,17808,2357,578,2647,178,20,23901,17812,2357,578,2647,178,20,22985,16686,2533,384,2987,73,5,218,2510,51,0,33,956,24453,16543,3033,1191,3171,46,12,16559,13877,1065,289,1271,43,8,0,0,14670,12375,922,216,1127,41,0,183,1087,26,0,0,17587,13559,1608,381,1699,107,15,17587,13559,1608,233,1517,12,3,117,538,14406,11831,1265,199,1060,42,0,0,0,0,0,0,14429,11308,1414,477,1140,28,4,446,1096,29,4,14577,11419,1572,343,1113,24,5,319,1060,26,5,12218,6491,5652,11400,4791,6609,12317,6864,4865,12332,6594,5538,11051,6140,4831,11077,5024,5959,10826,5283,5486,11947,6427,5311,14228,8667,5226