ID,Label,T_10_CENS_Total,T_10_CENS_White,T_10_CENS_Hispanic,T_10_CENS_Black,T_10_CENS_Asian,T_10_CENS_Native,T_10_CENS_Pacific,T_19_ACS_Total,T_19_ACS_White,T_19_ACS_Hispanic,T_19_ACS_Black,T_19_ACS_Asian,T_19_ACS_Native,T_19_ACS_Pacific,T_19_ACS_BlackAlone,T_19_ACS_NativeAlone,T_20_CENS_Total,T_20_CENS_White,T_20_CENS_Hispanic,T_20_CENS_Black,T_20_CENS_Asian,T_20_CENS_Native,T_20_CENS_Pacific,T_20_ACS_Total,T_20_ACS_White,T_20_ACS_Hispanic,T_20_ACS_Black,T_20_ACS_Asian,T_20_ACS_Native,T_20_ACS_Pacific,T_20_ACS_BlackAlone,T_20_ACS_AsianAlone,T_20_ACS_NativeAlone,T_20_ACS_PacificAlone,T_20_ACS_TwoOrMore,T_22_ACS_Total,T_22_ACS_White,T_22_ACS_Hispanic,T_22_ACS_Black,T_22_ACS_Asian,T_22_ACS_Native,T_22_ACS_Pacific,V_10_VAP_Total,V_10_VAP_White,V_10_VAP_Hispanic,V_10_VAP_Black,V_10_VAP_Asian,V_10_VAP_Native,V_10_VAP_Pacific,V_19_CVAP_Total,V_19_CVAP_White,V_19_CVAP_Hispanic,V_19_CVAP_Black,V_19_CVAP_Asian,V_19_CVAP_Native,V_19_CVAP_Pacific,V_19_CVAP_BlackAlone,V_19_CVAP_AsianAlone,V_19_CVAP_NativeAlone,V_19_CVAP_PacificAlone,V_19_CVAP_OtherAlone,V_19_CVAP_TwoOrMore,V_20_VAP_Total,V_20_VAP_White,V_20_VAP_Hispanic,V_20_VAP_Black,V_20_VAP_Asian,V_20_VAP_Native,V_20_VAP_Pacific,V_20_VAP_NH_Total,V_20_VAP_NH_White,V_20_VAP_NH_Hispanic,V_20_VAP_NH_BlackAlone,V_20_VAP_NH_AsianAlone,V_20_VAP_NH_NativeAlone,V_20_VAP_NH_PacificAlone,V_20_VAP_NH_TwoOrMore,V_20_CVAP_Total,V_20_CVAP_White,V_20_CVAP_Hispanic,V_20_CVAP_Black,V_20_CVAP_Asian,V_20_CVAP_Native,V_20_CVAP_Pacific,V_20_CVAP_BlackAlone,V_20_CVAP_AsianAlone,V_20_CVAP_NativeAlone,V_20_CVAP_PacificAlone,V_22_CVAP_Total,V_22_CVAP_White,V_22_CVAP_Hispanic,V_22_CVAP_Black,V_22_CVAP_Asian,V_22_CVAP_Native,V_22_CVAP_Pacific,V_22_CVAP_BlackAlone,V_22_CVAP_AsianAlone,V_22_CVAP_NativeAlone,V_22_CVAP_PacificAlone,V_24_CVAP_Total,V_24_CVAP_White,V_24_CVAP_Hispanic,V_24_CVAP_Black,V_24_CVAP_Asian,V_24_CVAP_Native,V_24_CVAP_Pacific,V_24_CVAP_BlackAlone,V_24_CVAP_AsianAlone,V_24_CVAP_NativeAlone,V_24_CVAP_PacificAlone,E_08_PRES_Total,E_08_PRES_Dem,E_08_PRES_Rep,E_12_PRES_Total,E_12_PRES_Dem,E_12_PRES_Rep,E_16_PRES_Total,E_16_PRES_Dem,E_16_PRES_Rep,E_16_SEN_Total,E_16_SEN_Dem,E_16_SEN_Rep,E_18_SEN_Total,E_18_SEN_Dem,E_18_SEN_Rep,E_18_GOV_Total,E_18_GOV_Dem,E_18_GOV_Rep,E_18_AG_Total,E_18_AG_Dem,E_18_AG_Rep,E_18_TREAS_Total,E_18_TREAS_Dem,E_18_TREAS_Rep,E_16-20_COMP_Total,E_16-20_COMP_Dem,E_16-20_COMP_Rep,E_20_PRES_Total,E_20_PRES_Dem,E_20_PRES_Rep,E_16-22_COMP_Total,E_16-22_COMP_Dem,E_16-22_COMP_Rep,E_22_SEN_Total,E_22_SEN_Dem,E_22_SEN_Rep,E_22_GOV_Total,E_22_GOV_Dem,E_22_GOV_Rep,E_22_AG_Total,E_22_AG_Dem,E_22_AG_Rep,E_22_TREAS_Total,E_22_TREAS_Dem,E_22_TREAS_Rep,E_22_CONG_Total,E_22_CONG_Dem,E_22_CONG_Rep,E_20-24_COMP_Total,E_20-24_COMP_Dem,E_20-24_COMP_Rep,E_24_PRES_Total,E_24_PRES_Dem,E_24_PRES_Rep,E_24_SEN_Total,E_24_SEN_Dem,E_24_SEN_Rep
0,Un,0,0,0,0,0,0,0,0,0,0,0,0,0,0,0,0,0,0,0,0,0,0,0,0,0,0,0,0,0,0,0,0,0,0,0,0,0,0,0,0,0,0,0,0,0,0,0,0,0,0,0,0,0,0,0,0,0,0,0,0,0,0,0,0,0,0,0,0,0,0,0,0,0,0,0,0,0,0,0,0,0,0,0,0,0,0,0,0,0,0,0,0,0,0,0,0,0,0,0,0,0,0,0,0,0,0,0,0,0,0,0,0,0,0,0,0,0,0,0,0,0,0,0,0,0,0,0,0,0,0,0,0,0,0,0,0,0,0,0,0,0,0,0,0,0,0,0,0,0,0,0,0,0,0,0,0,0,0,0,0,0,0,0,0,0,0,0
1,1,160525,109139,6704,36927,5678,3267,448,169743,113039,8742,38244,8265,3022,1231,0,0,178511,111362,10830,42424,8123,5984,648,169710,111451,8906,40120,7552,3164,888,35768,4565,659,322,7693,176726,111878,10720,42913,8347,3573,751,125121,89243,4744,25029,4208,2490,311,132106,94423,5162,26374,3647,1869,170,25428,2754,593,170,610,0,141588,92944,7631,29899,6162,4701,456,141588,92944,7631,27955,4612,1114,191,6455,131249,92696,5135,27301,3646,1956,194,0,0,0,0,134457,93182,5978,28447,4157,2070,64,27066,3212,396,64,138896,94357,6135,30487,4658,2338,103,28634,3403,415,103,80419,29409,50047,78195,28653,49542,82900,28094,51068,81618,25332,53051,69308,26148,42908,69419,26107,42308,68867,24164,43478,68266,25193,43013,77254,27448,48059,92099,35131,55401,71829,24709,46062,62581,20014,41766,62660,19551,42570,62278,19267,43011,61635,19713,41922,61952,22912,39040,76706,26311,49465,91037,33148,56586,90105,30858,57471
2,2,167913,115247,8719,36037,6422,2828,654,180100,120742,10661,39453,7838,3811,574,0,0,180797,120694,12214,34620,8368,5018,697,185717,124210,11549,39142,9061,3470,859,34220,5816,444,151,8981,183565,123388,11463,37728,8455,3540,923,132187,94918,6245,24753,4739,2187,461,136725,96500,6983,26123,4362,2318,30,24853,3486,429,30,698,0,145701,101968,8757,24577,6173,3918,479,145701,101968,8757,22509,4404,728,163,6504,142179,100991,7441,26044,4802,2167,140,0,0,0,0,143001,102889,6984,25864,4420,2075,230,24087,3271,244,230,142101,102714,8194,23994,4687,1886,230,22044,3232,202,230,91884,37198,53669,86077,34062,52015,91398,34416,51727,89815,30322,55828,77679,31942,45477,77725,31820,44772,76685,28727,46399,75825,29923,45822,85709,33300,50219,102586,43119,57362,80198,30572,48296,70502,25109,44477,70633,24752,45266,69930,24055,45875,69186,24225,44961,69337,29133,40204,84285,31826,51396,96667,38312,56815,95694,35380,58385
3,3,142126,119833,5834,10249,3894,2881,468,163539,132992,9510,14011,4860,3523,740,0,0,178528,138991,11263,14774,6374,6706,923,166345,135820,9103,12935,5181,3455,679,10468,2677,686,287,6534,178516,142243,10595,14069,6710,4000,726,107829,92258,3767,7241,2635,2129,282,124240,103249,5936,9818,2693,2234,215,9102,1871,563,215,314,0,137282,109163,7444,10553,4331,5020,554,137282,109163,7444,9124,2729,944,258,7055,126495,105697,5973,9316,3017,2291,108,0,0,0,0,135365,111949,7030,9983,3604,2443,49,9227,2270,272,49,142987,117286,7933,10613,3962,2392,36,9399,2310,185,36,69062,16417,51748,68748,14957,53791,80520,15094,61184,79230,13546,61846,68203,15606,52307,68162,14785,52112,67746,13264,52953,67197,14393,52735,76780,15734,58919,97666,22791,72852,75178,15064,58983,68922,12682,55363,69035,12278,56265,68525,12231,56294,68111,12625,55486,68032,15735,52297,85282,17309,66962,104882,22958,80525,103677,21023,80472
4,4,159249,120908,11607,17849,7955,2384,731,178657,128894,17498,21954,9695,2908,1190,0,0,183737,123704,20954,23417,11275,6105,1139,181936,128526,18936,23719,10142,2858,1336,18696,6274,304,155,8479,183504,126849,19827,24042,10836,3256,1355,123925,97386,7733,11836,5751,1771,446,134148,103403,9359,13885,5034,1578,105,13218,3931,345,105,812,0,143223,100925,13909,16043,8209,4437,731,143223,100925,13909,13316,5452,525,300,8086,136327,103336,10178,14761,5329,1529,125,0,0,0,0,137087,103140,10456,15016,5661,1493,183,14023,4146,210,183,136632,101751,11093,14639,5930,1691,235,13261,4343,234,235,85535,23890,60708,83113,21514,61599,90134,22101,62061,88432,19213,65145,73934,21127,52537,73745,20738,51614,73020,18775,52689,72475,19500,52891,83377,22194,58750,102446,31748,68242,79099,21093,56484,69966,17390,51538,70115,17160,52313,69430,16895,52535,69007,17010,51997,68886,21110,47776,84357,23137,59986,98053,29292,67104,96776,26255,68181
5,5,164237,128598,6996,24519,1541,3188,246,174766,135931,8867,24989,2298,3228,600,0,0,181243,138013,10636,24090,2647,5776,428,177406,137916,9215,24791,2507,3253,562,22693,1069,1437,192,4611,182618,140849,10119,24903,2819,3845,401,130316,103071,5083,18985,1091,2488,166,136900,109530,4599,19045,927,2477,67,18431,631,1180,67,366,0,144921,112362,7326,18735,1833,4405,270,144921,112362,7326,17652,1206,878,68,5061,139265,111335,4892,18931,1169,2501,83,0,0,0,0,143060,114435,5382,18526,1331,2529,130,17648,992,863,130,147899,117773,6321,18837,1680,2706,77,17944,1121,605,77,75135,20975,52832,73687,19581,54106,80952,17631,60788,79760,17179,59235,66876,16515,50173,66794,15563,50229,66334,14892,50417,66329,14255,52029,75550,17102,57090,94201,21584,71665,75598,15329,59635,71825,12883,58250,71993,12422,59239,71535,12220,59315,71377,12244,59133,71387,14077,57310,84449,16278,67553,100155,20222,78974,99207,18963,78498
6,6,168852,133790,8107,20113,4970,2883,422,182161,138656,11815,22996,6103,3060,792,0,0,175216,128348,13846,21199,6548,5420,615,180076,136521,11947,22568,5939,3076,654,19093,4031,473,233,6837,181055,135743,12980,22482,6289,3430,478,131776,107601,5346,13536,3558,2158,270,138620,111940,6640,14551,3070,2030,169,13737,2376,478,169,447,0,139659,106035,9565,14832,4730,4213,387,139659,106035,9565,13199,3369,660,143,6179,136790,110545,6649,14185,3005,2070,178,0,0,0,0,137830,110890,6497,14445,3668,1994,155,13358,2604,348,155,139664,110918,7856,14689,3712,1786,108,13470,2581,309,108,81454,23653,56683,78879,22028,56851,88222,21797,62194,86859,19971,62906,63581,16723,46681,63401,16757,45709,62871,15458,46313,63223,13075,50105,76118,19299,55057,93213,25614,66097,73932,17674,55281,67009,14547,51657,67093,14091,52590,66719,13991,52728,66832,12913,53919,66838,14990,51848,81355,19415,61054,98157,25201,71497,97152,22988,72045
7,7,181445,137374,10367,30729,1205,2436,166,183652,136463,12950,31915,1351,1921,199,0,0,182734,134929,12767,28585,1721,4619,359,183644,136315,12677,31317,1159,2509,218,28955,604,518,144,3915,181694,134233,13049,30009,1457,2872,197,144006,109869,7372,24397,845,1919,118,142910,110250,6431,24142,644,1356,65,23633,346,432,65,108,0,147456,110786,9058,22504,1224,3610,231,147456,110786,9058,21449,755,666,46,4339,143740,110947,6374,23883,581,1755,120,0,0,0,0,142833,110360,6902,22732,686,1842,70,21830,364,429,70,145384,112666,7155,22015,839,2760,134,20227,585,509,134,79507,25106,52891,76963,24306,52657,81182,19978,58670,79699,22549,53933,69492,20799,48461,69495,17915,50317,68847,17166,50606,68448,17934,50466,76173,20134,54724,91194,22726,67640,75472,17840,57005,71000,15822,54395,71234,14279,56554,70669,13781,56888,70176,14458,55718,70805,15554,54923,81546,17937,63013,93998,21089,72038,92828,20073,70893
8,8,171478,66946,12554,88347,3903,1529,256,180603,67501,12870,95660,4352,1333,349,0,0,175555,59634,16562,93818,4637,2996,294,182125,66424,13374,97216,4493,1540,338,93307,3778,313,85,4276,179218,64039,13692,96205,4756,2566,209,137331,59504,9286,65300,3272,1148,196,140540,59960,7096,70310,2017,873,29,69083,1626,262,29,445,0,140699,52901,12366,70466,3920,2374,222,140699,52901,12366,67234,2959,322,60,4350,142305,58982,7773,72057,2162,1024,72,0,0,0,0,140405,56291,8665,71405,2265,1443,62,69762,1906,175,62,138591,52826,9401,72033,2384,1466,58,70407,1869,130,58,81400,59909,20748,83339,62764,20575,81287,58124,19787,79770,54825,22325,72627,55537,16955,72874,55193,16950,71593,51677,18755,70824,51960,18801,77240,56478,19306,86005,63639,21144,67058,48278,17866,54531,38629,15138,54627,37648,16399,54105,35932,18173,53730,36563,17167,54405,39409,14996,67552,47292,19442,78940,55677,22001,77712,52132,23932
9,9,173703,122841,8312,35727,6288,1380,195,177602,122774,10956,35012,8496,1050,217,0,0,182853,123326,12318,34761,9417,3228,332,178603,123333,11221,34959,8395,899,255,32423,6961,177,47,3914,181758,123763,12321,35172,8522,1575,347,138194,100266,6278,26681,4428,1066,135,139135,99929,7598,26648,3910,657,39,26226,3353,277,39,431,0,148872,103277,9412,26918,6832,2435,224,148872,103277,9412,25078,5564,290,64,4680,140560,101980,7522,26337,3868,605,46,0,0,0,0,143562,103723,8039,26577,4010,934,70,25756,3331,113,70,147624,105229,10258,26348,4725,1081,84,25200,3869,72,84,102113,53807,47269,96542,49410,47132,106183,54324,46673,104807,51701,50250,98344,54738,43376,98346,52362,44859,96636,48011,47098,95452,48064,47313,102833,53807,47092,113810,61721,50560,97865,50505,46135,90240,46126,43244,90350,44501,45306,89321,41625,47696,88789,41664,47125,89961,46731,43230,101240,51105,49169,113018,58023,53092,111564,54534,55321
10,10,173960,131518,7672,31240,2207,1886,192,179069,131447,10482,33474,2576,2021,55,0,0,180867,130148,11567,31887,3169,3917,306,180109,129935,10572,35097,2445,2320,53,32498,1754,461,13,4511,179760,129363,11373,32855,2818,3660,94,135425,103792,5461,23530,1631,1371,139,137392,103739,6460,24646,1113,1393,10,24068,1020,595,10,148,0,143038,105073,8418,23959,2290,2981,211,143038,105073,8418,22621,1701,446,61,4246,139037,103619,6935,25674,1122,1579,10,0,0,0,0,137744,103229,6992,23530,1406,2485,20,22403,1193,200,20,139115,104605,8182,22128,1424,2453,49,20880,1034,70,49,75135,24649,49430,73886,23723,50163,79828,22024,55177,78324,21259,54292,69250,22218,46769,69321,20801,47671,68630,19250,48418,67798,20027,47723,75723,21760,52690,90503,25614,63847,72982,19326,52930,66735,15893,50172,66921,15264,51281,66205,14941,51264,65589,15584,50005,66417,15637,50113,78861,20064,58147,92604,24372,67326,91304,24298,65326
11,11,154513,115643,12964,18741,7113,1771,458,173519,121515,18473,25372,9032,2133,827,0,0,177922,115965,20526,28930,9362,4741,862,176678,122610,19245,26035,8775,2298,738,20626,5526,172,82,7712,179123,121159,20828,26699,8933,1990,760,112715,87378,8240,11851,4808,1190,284,127661,94499,11289,15429,4713,986,60,14830,3880,169,60,735,0,134291,91517,13695,19393,6708,3444,536,134291,91517,13695,16871,5110,454,222,5850,130487,95789,11465,17031,4657,1041,80,0,0,0,0,133719,95857,13241,18138,5071,910,45,17247,3987,123,45,138199,97878,15010,18724,4963,943,123,17474,3970,123,123,76427,21782,54033,77875,21801,56074,85963,23216,59032,84507,19169,62014,74940,23109,51608,74896,23600,50527,74201,20762,52231,73609,21481,52083,82190,23670,56809,99185,32225,65410,78397,22292,55049,70425,19055,50517,70461,18306,51621,69951,17703,52248,69590,18351,51239,70057,18630,51344,85065,25130,58950,100900,32183,67335,99787,31281,66511
12,12,167723,105950,15805,37430,8596,1768,414,173183,102231,22208,38045,10661,1742,524,0,0,181072,98375,25929,43889,10966,3809,546,175859,100730,22907,39777,11073,1720,256,36467,8861,291,32,5647,184169,101353,26111,43481,11219,2151,542,128247,86065,10942,24630,6282,1268,285,124598,83125,10516,24362,5449,862,145,23597,4840,218,145,253,0,141370,82419,18215,30564,8019,2927,407,141370,82419,18215,27647,6606,309,141,5261,128236,82936,11910,26518,5886,841,35,0,0,0,0,135171,85642,13534,28734,5882,928,90,27264,4933,192,90,134918,83764,15427,27655,6419,1139,29,25702,5364,135,29,82866,33952,48263,82820,33462,49358,83787,34330,45481,82467,28102,51274,72234,32023,39991,72349,32616,38990,71498,29221,41069,70673,29996,40609,78871,33056,44109,91366,42071,47760,71784,29875,40869,61499,24298,36481,61527,23682,37308,61018,22733,38285,60634,23408,37226,22678,9992,12664,73932,31116,41944,85097,37534,46183,83581,36306,45702
13,13,169992,73124,8217,84283,4675,1630,311,176154,71816,10555,88230,5474,1726,163,0,0,183002,67572,13514,94886,5773,3449,445,176317,67557,11117,91022,5652,1651,369,86540,4147,346,220,5597,184321,68030,12837,96155,5871,1665,354,127903,59969,5506,58786,3432,1238,217,130310,59106,5636,61266,2994,1206,1,60235,2652,358,1,340,0,140588,57024,9324,68197,4392,2679,314,140588,57024,9324,64853,3394,370,94,4752,131911,56870,6147,64184,3330,1153,169,0,0,0,0,136400,58635,7173,66298,3299,835,120,65220,2836,225,120,136393,56160,8437,67247,3322,912,171,65966,2758,85,171,84554,53370,30473,76161,49254,26907,77929,47617,27523,76497,40962,32826,67248,43244,23776,67432,44226,22629,66686,41382,24329,65954,41692,24183,73146,45161,26689,84845,54005,29579,64401,39316,24267,52629,31088,20835,52646,30368,21669,52222,29600,22622,51796,30447,21349,52274,31049,21139,65474,39581,25130,76442,46711,28509,75007,45735,27666
14,14,159726,60387,9945,86247,3691,1558,383,169172,59117,14113,92567,4207,1262,365,0,0,176278,56704,19236,94457,5696,3153,476,172466,59906,14739,93562,4726,1492,446,89229,3217,312,70,4803,175313,62016,17980,90245,5253,1997,401,120047,50490,6908,59960,2731,1179,249,121200,47845,7660,62489,2124,730,90,61854,1839,303,90,313,0,135795,48413,13793,68461,4311,2381,333,135795,48413,13793,64599,3168,349,107,4563,123672,49501,7916,62793,2361,856,39,0,0,0,0,127778,51589,9630,62374,2923,887,39,61070,2363,136,39,130145,50549,11803,63051,3453,1070,52,60280,2744,145,52,75022,48498,25931,70842,46755,24087,71810,45529,23742,70440,38900,29063,61167,40590,20333,61333,41632,19103,60712,39187,20559,60083,39386,20605,67039,42742,23051,77784,50832,25753,58487,36626,21078,47192,28275,18265,47217,27614,19050,46793,26930,19863,46501,27748,18753,28626,20174,8421,59034,36309,22000,68591,42507,24976,67124,41551,24218
15,15,139340,107500,6480,21212,3505,1530,243,162511,115041,10171,31709,4836,1617,367,0,0,182272,122550,13118,37445,5700,4304,469,165900,117554,10927,30653,5704,1507,276,27131,3946,813,37,4249,183721,124874,12793,37076,6689,2143,573,105527,84222,4218,14087,2311,1117,155,124143,92344,6054,21980,2420,1013,29,21503,1966,601,29,343,0,141830,99272,8973,26505,4085,3254,295,141830,99272,8973,24367,3027,453,109,5022,125566,94373,6330,20864,2694,962,29,0,0,0,0,138048,99896,7833,25625,2929,1334,63,24761,2311,300,63,148738,104391,10456,28638,3533,1524,92,27335,2898,187,92,67207,21007,45596,74297,23573,50724,85101,25973,55986,83725,22549,58132,78167,27295,50681,78249,27479,50053,77501,25255,51256,76902,25605,51228,84814,27643,55673,106956,37532,67932,85655,27469,57243,81693,25593,55298,81764,24755,56472,81038,23841,57197,80431,24571,55860,81240,24657,56489,97998,32586,64463,119323,42244,75535,117789,41443,74532
16,16,161988,113125,13737,23737,11316,1722,580,173503,118750,17633,23610,13907,1685,957,0,0,180047,117151,20641,24496,15027,3766,823,174477,119835,18779,23480,12364,1900,679,18713,8858,337,54,7298,175997,115785,19968,24003,14376,2096,559,126158,92037,9471,15960,8288,1240,370,130784,95256,11494,14635,7871,974,60,13973,6767,249,60,575,0,144681,97796,14930,17940,11514,2835,603,144681,97796,14930,15182,9376,309,232,6105,130026,95684,12011,13617,7269,918,53,0,0,0,0,131856,94824,11910,14449,8999,915,65,13585,7820,126,65,134303,94529,12781,15490,9968,881,62,14393,8509,115,62,80380,30786,48881,80368,29610,50758,88650,32574,51384,86800,26396,56992,76826,31346,45264,76917,31886,44267,75726,28352,46114,74785,28684,46029,83918,31999,50096,99515,41390,56555,79150,29710,48276,70372,25046,44525,70482,24324,45701,69667,23388,46279,69248,23788,45460,0,0,0,83544,31347,51245,96723,37617,57546,94876,36313,56845
17,17,138808,93150,13594,18719,13375,1217,409,164764,100428,20052,25525,18455,1316,723,0,0,183248,105504,24700,28801,21585,3134,563,169394,99808,22158,26064,19403,1131,1336,23042,15785,178,139,6346,183725,104920,24690,29761,21460,1722,1298,110262,76992,9905,13437,9678,922,289,118160,80730,10302,17672,8026,716,20,16527,7272,185,20,730,0,149525,90657,18386,21778,16212,2399,422,149525,90657,18386,18697,14189,286,128,6109,121989,81509,11127,18796,8839,765,140,0,0,0,0,133222,86150,13595,21998,9373,1065,194,20439,8059,123,194,142520,91390,15960,22330,10888,938,296,20902,9325,105,296,64909,25623,38796,63643,24247,39396,76288,30550,41822,74853,24233,47687,67425,29578,37650,67496,30245,36563,66582,27218,38322,65812,27620,38127,74113,30660,41794,92592,42283,48738,70942,29111,40736,63358,24683,37941,63447,24067,38920,62836,23410,39426,62485,23716,38769,0,0,0,77715,32169,44575,93091,39895,51481,91213,38647,50873
18,18,110153,95715,6027,3976,4007,687,182,151894,125401,11053,7134,8292,1618,518,0,0,180300,139508,16124,9311,11698,3212,388,160779,132461,11560,7423,8806,1711,681,5788,5955,296,129,4025,182702,144477,14965,10790,10429,1627,171,80683,71449,3835,2525,2501,465,109,109738,93724,7338,3746,3875,645,89,3573,3144,335,89,333,0,132656,106331,10239,5991,7254,2212,227,132656,106331,10239,4686,6014,252,69,4539,115199,98526,7412,3962,4143,707,85,0,0,0,0,130756,108349,9552,6473,5450,794,4,6007,4417,149,4,149667,121896,12000,7942,6929,840,16,7007,5390,0,16,62412,17555,44397,69164,17441,51723,87234,24575,58799,86139,19256,64314,84707,26401,58141,84730,26957,57063,83476,23747,58521,82420,24120,58255,90546,26831,62086,117236,39958,75770,96681,28593,66994,97411,27860,68625,97577,26811,70314,96373,25990,70383,95613,26240,69373,0,0,0,113126,34403,77682,136067,43958,90116,134334,41796,90810
19,19,150094,118312,10878,17149,3355,1222,260,172747,134134,15423,17609,4144,1269,534,0,0,175457,132183,16344,18783,4735,3375,302,177736,135558,17218,18388,4549,1270,349,16472,3588,405,180,3742,179723,136488,18254,17723,5194,1589,444,122249,99658,7753,11892,2486,938,174,139907,113000,10626,12791,2463,876,58,12367,2334,394,58,128,0,147545,115235,12036,13688,3570,2626,211,147545,115235,12036,11835,2737,340,61,4587,144561,115488,11692,13644,2733,940,55,0,0,0,0,147250,117893,12049,13077,3005,1017,80,12474,2682,179,80,154877,123561,13398,13562,3174,1122,13,12405,2701,101,13,79973,38405,40687,81151,36419,44732,93016,36154,53142,91069,33742,53507,84620,35868,48508,84532,35666,47816,83727,32662,49480,82474,33809,48596,91187,36613,52865,111431,45659,64626,92793,35062,56782,89712,32149,56697,89825,30835,58489,88839,29755,59084,88092,30827,57265,64419,0,47969,102758,37797,64151,119915,44475,74062,118080,43956,72225
20,20,164162,130516,11260,19476,1565,1954,240,167779,130726,14045,20165,1890,1965,206,0,0,175874,133866,15038,19734,2372,4596,406,171666,132362,14952,20953,2074,1997,277,17921,1245,455,44,4203,177117,135637,15957,20878,1963,2124,227,127903,105454,7145,13010,1113,1481,158,130088,106875,7148,13492,881,1513,41,13269,773,481,41,142,0,140566,111108,10033,13637,1709,3552,298,140566,111108,10033,12327,1135,554,82,4911,133277,109380,7728,13408,978,1531,70,0,0,0,0,137788,113182,8320,13684,887,1550,95,12724,581,249,95,142705,114864,9581,14840,1566,1617,77,13540,1049,219,77,77201,27349,48718,74044,23974,50070,83743,22491,58297,82149,21343,57145,72921,22048,50594,72924,21427,50416,72260,19515,51522,71446,20236,51148,79978,22236,56224,97661,27006,69549,78887,20386,57715,73847,17683,55369,73946,16984,56517,73289,16232,57057,72701,17250,55451,64228,3991,52035,86451,21568,64141,101225,25564,74663,99800,25904,71893
21,21,161759,85933,14801,53205,7794,1586,250,166947,83836,18582,56844,7806,1722,221,0,0,176405,82366,24001,58009,10422,3296,288,166583,84203,19359,55464,7558,1859,250,50641,6469,478,122,4561,171036,84038,21447,56984,7921,2624,414,132428,75775,11496,38048,6879,1247,173,128671,73014,11949,39233,3160,1157,89,38423,2889,531,89,266,0,143932,72883,18655,41777,8886,2571,222,143932,72883,18655,38662,7403,328,53,5240,128470,72664,12449,39178,2838,1128,83,0,0,0,0,132177,72443,14363,39960,3255,1598,115,37989,2888,384,115,136107,73630,16114,40582,3850,1554,60,38262,3433,241,60,71527,46549,23973,65117,42460,22657,71033,43976,23579,69505,40907,25986,60963,41169,19608,60994,40557,19686,60188,38179,20970,59345,38972,20316,66587,42463,22680,77973,50232,26538,58154,36153,21122,46793,27632,18541,46856,27044,19347,46401,26816,19585,45963,27010,18953,46226,26426,18617,59290,35720,22840,69487,41507,26626,68546,40590,26539
22,22,164093,124713,13466,17550,7726,1431,199,176337,130500,16434,18125,10667,1741,365,0,0,183529,130375,20053,17740,11660,3750,329,180927,131976,17546,18258,11959,1788,320,15434,9758,314,49,5314,190230,136210,19861,18916,13347,1937,410,133170,103469,10358,12664,6098,1109,154,136444,107385,10703,11966,5169,947,62,11114,4500,281,62,197,0,149565,109721,15033,12721,8902,2883,230,149565,109721,15033,11008,7563,314,51,5260,140053,109663,11292,11979,5986,1007,49,0,0,0,0,148694,114104,12881,13278,7150,1109,28,12219,6142,189,28,152686,113585,15796,13553,8433,1270,14,12614,6972,114,14,85355,41712,42288,82036,38447,43589,89730,40860,44296,88100,37750,47339,80258,41417,38571,80206,39521,39625,79116,36356,41490,77927,37734,40120,86060,40798,43495,100507,48991,50075,82269,38106,43063,75065,33085,41138,75191,32587,42100,74504,31980,42524,73690,32256,41434,74701,33162,40658,88518,40087,47540,104339,48100,54548,102887,45845,55145
23,23,161296,143228,8495,6008,2671,1516,168,166133,144305,10421,6675,3477,1639,132,0,0,176178,148834,12027,7198,3515,3917,257,169165,146565,10717,6931,4064,1691,72,5047,2907,539,63,2966,177101,150856,13247,7226,4363,2786,253,135386,122506,6020,3979,1984,1167,113,137558,123231,6321,4573,2045,1227,69,4199,1845,463,69,50,0,150289,129938,8748,5001,2731,3130,181,150289,129938,8748,3881,2162,486,32,4600,140680,125591,6910,4240,1989,1284,65,0,0,0,0,148170,130818,8983,4072,2013,1480,65,3548,1563,331,65,155379,135600,10519,4530,2286,1762,60,3641,1804,245,60,87269,35826,49932,83226,32275,50951,92067,26237,62272,89821,27484,56091,81084,26052,54716,81092,24432,54397,80464,21967,56625,78920,23954,54874,88158,26204,59634,106811,31178,74554,89703,24621,64179,86553,22505,62953,86709,21825,64384,85946,20154,65792,85176,21758,63418,85882,21987,63673,98188,26359,71037,113374,30303,82031,111608,32090,77080
24,24,147975,109223,20118,15049,3536,1419,230,164120,114929,25910,18077,4570,1129,191,0,0,175595,115335,31891,20265,5486,3677,324,166629,114055,27968,20043,4738,1141,315,17048,3250,122,44,3717,179923,120374,29967,23723,4997,1465,117,118224,91790,13602,10070,2528,1042,158,129202,96437,16836,12331,2639,750,0,11911,2121,220,0,230,0,143416,99580,23020,14272,4111,2844,258,143416,99580,23020,12005,3363,296,57,4432,130954,96577,17534,12897,2827,812,0,0,0,0,0,140099,101937,19012,15148,2863,725,0,14548,2337,184,0,148773,106464,23013,15131,2897,837,162,14375,2456,54,162,74906,31721,42179,75030,30946,44084,83400,29926,50427,81958,28248,49808,74250,28787,45235,74234,27940,45026,73498,25646,46698,72678,27176,45459,80670,29544,49575,98353,37265,60093,80277,27969,51558,75674,25099,49894,75757,23823,51510,74988,22532,52456,74281,23868,50413,73861,20293,50121,89222,30712,57855,106426,37759,67548,104935,37603,65605
25,25,124460,84126,22400,13345,4171,1460,361,152179,97224,32007,17575,5874,1504,292,0,0,176494,104350,40113,21859,7146,3854,402,157733,99274,34805,17950,6740,1483,421,13256,5012,937,103,3732,177177,105167,41334,24254,7187,1772,340,95930,68604,14885,9126,2889,974,248,114098,79909,19197,10320,3536,847,70,10055,3326,590,70,255,0,141722,88327,29139,15993,5369,3043,302,141722,88327,29139,13113,4066,395,71,5145,117261,80437,21671,9988,3995,857,75,0,0,0,0,132014,86845,25028,14707,4216,873,30,13555,3851,314,30,144970,90721,30506,17279,5241,872,28,16398,4607,110,28,61679,27433,33629,64559,27991,36568,76988,31266,43227,76062,28935,43825,70767,30476,40284,70870,30205,39758,70273,27657,41308,69173,28933,40235,77228,31953,43942,99900,43564,55379,78477,31147,46691,74886,28567,45616,74972,27263,47256,74154,25669,48485,73597,27003,46594,74229,26011,46963,90329,35774,53808,110220,45325,63683,108577,44114,62526
26,26,146545,114951,11168,17601,2294,1308,192,164231,120054,18560,22463,2846,1108,19,0,0,177279,124896,21571,23751,4124,3469,393,167245,120481,19786,23631,2576,1191,348,20772,1936,284,335,3044,177933,125948,22726,24343,3011,1982,526,119290,98327,7145,11574,1646,989,127,130411,103587,10142,14059,1670,869,4,13358,1438,300,4,114,0,146798,109573,14867,16383,3191,2706,278,146798,109573,14867,14504,2585,366,143,4200,133295,105448,10349,14759,1457,991,263,0,0,0,0,141951,110624,13007,14750,1969,1242,385,13803,1660,276,385,147832,113182,14369,16374,2189,1408,297,15596,1687,217,297,74516,31429,42168,73104,29738,43366,80303,28258,49535,78972,26831,48071,72698,27560,45131,72754,26843,44783,72227,24210,46659,70933,25624,45309,78351,28153,48775,95542,35795,58906,77592,26627,50374,72931,24057,48198,72983,22776,49740,72058,21024,51034,71410,22612,48798,69718,9435,50535,85345,29023,55634,100426,35215,64135,98938,34984,61892
27,27,163350,130506,18405,11547,2267,1852,171,176151,133650,23712,14911,3110,1481,154,0,0,183145,134360,26766,14722,3422,4249,346,180489,136014,24221,15947,3063,1640,101,14137,1782,450,0,3401,186542,137730,28755,14389,4635,1683,100,131406,109531,11928,7621,1634,1398,122,139031,112713,14402,8794,2150,915,4,8393,1651,478,4,180,0,149959,115197,18631,10062,2623,3318,236,149959,115197,18631,8306,1895,424,59,4876,142795,114060,15926,9550,2263,1025,0,0,0,0,0,147753,116981,19269,7982,2659,911,10,7526,2007,120,10,151036,116486,21441,8938,2808,1179,5,8038,2375,181,5,80174,34077,45079,78164,31027,47137,87003,28156,55784,85254,27420,53219,76586,26894,49475,76506,26314,48881,75735,23658,50689,74715,25481,49183,83445,27670,54117,101980,34210,66722,82837,25619,56448,77755,22793,54157,77863,21389,56018,77037,20125,56912,76316,21717,54588,73206,6916,55842,90755,27465,62554,106645,32999,72517,104802,33514,69103
28,28,160696,118213,8529,29754,3668,1371,192,170113,120273,12518,32444,4220,1356,214,0,0,178466,121512,14152,34353,5342,3447,304,174716,120804,13035,35115,4760,1400,250,31630,3710,416,46,4261,179454,121380,14555,36083,5474,1702,201,135290,103366,6254,22126,2927,1096,139,138603,104606,7795,22735,2177,1036,92,22106,1828,361,92,144,0,151647,108597,10483,25272,4360,2782,215,151647,108597,10483,23155,3474,367,55,4853,141588,105592,8351,24028,2331,1056,29,0,0,0,0,147090,107063,9945,25831,3027,1062,30,24846,2621,195,30,154385,112719,10012,26807,3268,1172,116,25308,2793,203,116,79912,44936,34147,77649,41535,36114,84376,38044,42851,82364,36605,41870,73400,35243,37908,73373,34664,37541,72587,31829,39348,71606,33505,38020,80321,36768,41831,97191,44355,51645,78054,33170,43951,71544,28493,42309,71666,27091,44038,70747,25747,45000,70222,27144,43012,65878,1137,45258,83466,34177,48497,96637,40003,55463,93811,39416,52492
29,29,155220,101947,33155,18535,2758,1770,253,171008,104342,43622,21120,3378,1010,311,0,0,176556,99853,48273,23059,4215,4393,370,170738,103390,44827,20534,3312,867,225,16748,2523,216,17,2609,177310,101902,50442,22239,3488,1354,311,119364,82913,22496,12435,1924,1247,189,131138,85488,29737,13487,1587,600,20,13098,1400,215,20,233,0,140315,84085,35178,16367,3107,3330,280,140315,84085,35178,13061,2292,283,82,4547,130415,84823,30194,13091,1737,512,14,0,0,0,0,134079,84438,33280,13807,1691,685,64,12988,1505,123,64,138002,84492,36354,14060,2129,731,110,13164,1745,117,110,71316,38153,32330,66539,33995,32544,77948,34685,39827,76183,32649,39732,66696,31926,34552,66614,31628,33968,65861,28843,35645,64985,30461,34436,73910,33599,38755,91893,42057,48673,70680,30267,39588,62963,25374,36923,63009,24000,38525,62328,23092,39236,61795,24358,37379,60259,14594,38328,77084,31833,44514,92467,38238,53051,90997,38104,50850
30,30,164069,142266,6473,11277,2997,1519,203,175289,146618,9196,12994,5065,2077,236,0,0,181596,147679,11261,13613,4541,3970,323,179828,151631,9728,11980,4798,2122,332,10527,3085,853,114,3638,179970,151617,10363,11847,3679,1776,269,135284,120242,4530,7424,2122,1185,140,143270,125176,6001,8269,2277,1313,86,8071,1540,821,86,182,0,152294,127620,8020,9416,3420,3174,239,152294,127620,8020,8024,2649,457,77,4983,149482,129676,7050,8522,2585,1269,118,0,0,0,0,149413,130034,7364,8264,2061,1325,39,7827,1474,539,39,152130,131309,8766,8328,2155,1326,61,7454,1543,411,61,89542,42602,45948,80459,35711,44748,95899,34122,57544,93778,33294,55640,84290,33737,50275,84182,32077,50635,83388,29113,52610,82239,31121,51032,91809,33889,55908,111019,40939,68822,90362,31529,57822,84189,28358,54980,84311,26871,56966,83203,24861,58342,82519,26937,55536,83120,27614,55439,97498,33063,63586,111748,38020,72364,111612,39279,69979
31,31,170990,138458,10999,16711,3830,1881,502,179206,139645,14124,19577,4830,1611,435,0,0,179252,135579,16351,17113,5610,4327,610,179670,139801,14892,18529,5199,1602,393,13964,3580,466,266,6367,179287,137745,16130,18378,5355,1723,483,138481,115564,7610,11508,2808,1420,336,142308,117366,7889,12506,2843,1239,244,11595,2112,459,244,209,0,148501,116753,11549,11864,4284,3413,427,148501,116753,11549,10113,3011,442,174,5879,144496,118799,9138,11729,3198,1246,208,0,0,0,0,146244,118747,10703,12199,3142,1118,138,11121,2553,255,138,149738,121753,12030,10817,3612,1129,104,9775,2794,242,104,92620,39706,51909,89462,37124,52338,98355,34673,58493,96570,33397,57482,86680,35291,51053,86495,32916,52071,85681,29994,53875,84754,31731,52923,93450,34624,56379,108445,41526,65330,89279,32054,55961,81321,28346,52056,81351,27185,53633,80436,25183,55253,79544,26871,52673,80621,27330,53291,93291,33113,59166,105277,38159,65602,103944,38316,63195
32,32,155052,126185,11648,11162,5776,1411,335,174034,134930,18383,13246,7230,1273,247,0,0,178737,133087,18953,14261,8746,3746,480,177323,136093,19818,13789,7042,1513,216,10561,4938,266,178,4371,180793,137132,19299,14467,8306,1924,544,124696,104469,8094,7465,4206,1021,215,139271,113395,12583,8133,3852,737,125,7368,3151,206,125,467,0,146498,113498,13609,9837,6355,2812,338,146498,113498,13609,7791,4825,325,89,5696,140379,113536,12902,8792,3946,730,118,0,0,0,0,142766,115149,12589,9163,4086,859,141,8441,3240,118,141,148513,118616,13328,10290,4597,1002,136,9245,3629,85,136,86850,36023,49962,85542,34860,50682,99274,36535,57377,97389,33650,58667,89727,37756,51666,89567,35835,52337,88586,32422,54417,87598,34157,53371,96126,37127,56612,113598,46752,65175,93714,35580,56804,87194,32291,53948,87245,31065,55641,86182,28909,57273,85286,30321,54965,86529,30797,55732,100115,37999,61041,114401,44958,67730,112954,44019,66532
33,33,156687,106684,18635,26726,5301,1583,353,171288,111870,24373,28726,6975,2020,232,0,0,183186,111716,28290,32654,8037,4198,455,175474,112042,25436,31080,7420,1802,283,24893,4871,361,11,6466,187151,113196,30427,35533,8578,2701,704,122339,87408,12941,18130,3902,1117,244,128404,89539,16257,17545,3529,966,14,16984,2652,425,14,562,0,147310,94484,20566,23673,6073,3194,328,147310,94484,20566,20166,4607,359,101,6101,132224,91326,17093,18801,3561,1076,14,0,0,0,0,141627,94434,20757,19942,4554,1355,35,18186,3466,248,35,148795,95101,23553,23234,5038,1059,32,21042,3869,120,32,74404,37328,36170,77338,38895,38443,84646,36591,43599,82806,34167,43841,74596,36054,38241,74442,35072,38096,73682,32459,39761,72837,33872,38863,81385,36655,42691,100045,46362,52166,77750,33889,42726,69424,29001,39554,69477,27879,41075,68653,26579,42074,68035,27778,40257,68743,28051,40692,84884,36437,47480,102162,44491,56158,100505,44109,53754
34,34,155250,122756,16003,13715,2312,1115,194,172264,132601,20109,15388,3128,1440,200,0,0,178835,134397,21664,15892,3520,2854,246,175100,134195,20642,15724,3402,1480,232,13142,2314,219,120,3947,179823,135195,22342,16531,3694,2079,249,127562,105583,10708,9068,1739,818,128,137890,115506,10242,9879,1410,772,10,9519,966,189,10,120,0,151768,120000,15218,10918,2658,2250,165,151768,120000,15218,9724,2050,263,42,3881,141527,118051,11127,9735,1733,796,10,0,0,0,0,147960,120933,13274,10541,2204,945,26,9487,1689,434,26,154484,124792,15211,10926,2455,915,68,9317,1864,362,68,81296,34055,46190,82269,32023,50246,91364,32761,55820,90105,31974,55011,84775,33095,51377,84818,32051,51647,83692,29136,53129,82210,30386,51770,90442,33431,55645,110664,42369,67156,91473,32021,58722,87828,28920,58087,88033,27929,59689,86782,26592,60190,85837,27611,58226,86650,27827,58823,99893,34475,64686,114367,40602,72507,112529,40307,70489
35,35,128657,73775,34688,12976,8491,1183,373,158889,79511,50946,19180,12061,945,167,0,0,176404,81505,58750,21946,14342,3449,507,160521,84289,47576,18643,12378,1347,34,13677,8608,201,0,5506,172734,84630,56226,19414,13812,1867,263,95659,57256,23983,9042,5991,810,249,112073,61383,32683,10980,6004,473,40,10338,5249,299,40,543,0,134827,64881,42950,15957,10508,2575,382,134827,64881,42950,11881,8819,207,138,4886,112621,64396,30810,10879,5650,591,0,0,0,0,0,123158,65574,37127,12372,6795,648,60,11525,6053,126,60,133819,65540,43032,14987,8384,806,99,13966,7311,22,99,54343,27676,26188,55304,27154,28150,71823,35431,32567,70480,31544,35652,63090,33065,29834,63058,33267,28934,62129,30422,30405,61490,31468,29960,69926,35033,33254,90088,46614,42227,67635,32553,34114,60782,27971,32104,60809,26570,33802,60048,25747,34301,59585,26468,33117,60028,27589,31893,76736,35939,39914,95443,44959,48838,94134,43656,48213
36,36,152224,94025,24389,27140,7261,1510,289,169745,95750,33072,31821,10633,1566,285,0,0,175313,90842,37899,31776,14107,3558,453,174531,94906,34704,33351,11914,1700,227,29056,10264,243,16,4369,175982,93461,37738,32877,12301,1761,324,115282,75130,16656,18478,5134,1059,176,123059,76887,20568,19317,5324,681,18,18845,4847,309,18,341,0,136389,75484,27057,22499,10167,2639,300,136389,75484,27057,19031,8882,260,78,4796,126258,76648,22163,21117,5220,758,14,0,0,0,0,128063,76841,23693,20927,5186,833,8,20307,4767,182,8,133193,76735,27529,21397,6075,746,75,20372,5640,118,75,70421,35860,33877,70148,34739,35409,79587,38465,37232,77567,34711,39478,69215,36004,33021,69221,35744,32572,68237,32662,34317,67195,33431,33638,75843,37466,36701,92429,47582,43599,71534,34213,36331,63142,28985,33435,63195,27660,35076,62316,26527,35789,61596,27360,34236,62405,28678,33671,76981,36247,39898,91560,43574,46371,90122,42979,45325
37,37,148790,94307,31140,15375,8867,1271,338,167108,96603,42687,17381,11563,1172,353,0,0,175353,91951,47062,21101,14355,3402,489,170660,97346,44824,18568,11768,1538,259,13908,10033,86,22,3703,175537,94489,49004,22170,12595,1775,123,119700,78001,23339,11851,6928,970,267,128623,80621,29122,11617,6142,542,34,10715,5680,68,34,538,0,143656,78124,36388,16583,11406,2599,358,143656,78124,36388,12563,9569,204,87,5643,130704,80475,30461,12120,6540,863,20,0,0,0,0,135177,80191,32981,14106,6874,730,65,12470,6146,59,65,134293,76227,35065,14233,7360,1118,122,12614,6567,309,122,66208,35166,30475,64559,33210,31349,74695,38476,31453,72915,34347,35210,63966,36077,27670,63936,35813,27231,62864,32495,28992,61866,33161,28621,69980,36980,31071,81943,44760,35766,63769,32716,29869,54376,26638,27007,54400,25542,28369,53580,24625,28955,53066,25136,27930,53619,26089,27112,66432,33209,32303,78174,39463,37241,76792,38291,36557
38,38,162112,107004,32565,17286,6345,1443,324,173890,101978,44208,20779,8754,2220,503,0,0,175442,96733,45865,23640,9142,3560,434,174937,100974,45751,21927,8504,1864,618,15626,5971,341,133,5518,177106,98696,45975,24751,8661,2039,657,128480,88387,23567,12197,4770,1078,234,131122,84201,29193,11887,4263,1018,154,11361,3725,359,154,502,0,141572,82033,34500,17404,6965,2713,320,141572,82033,34500,13498,5386,232,78,5125,133061,84877,30475,12340,4117,785,173,0,0,0,0,133513,82536,30792,14562,4450,758,119,13468,3713,46,119,136458,82139,32114,16299,4826,647,76,15172,4087,87,76,79148,39208,39243,78281,38067,40214,84894,41046,38884,82575,36539,42140,74276,39644,34398,74242,39146,34069,72973,35353,36015,71696,36145,35413,80919,40565,38290,97483,51780,44220,75856,37504,37139,66787,32167,33844,66820,30892,35386,65844,29577,36267,65085,30419,34666,65911,31841,33989,80032,39384,39732,92776,46395,44854,91212,45478,43791
39,39,150475,90938,30636,23639,5778,1164,315,170226,90752,41768,31375,6358,1477,286,0,0,175326,87801,44163,33806,8320,3630,372,170406,90885,43379,30683,6423,1292,244,26379,5157,206,7,3712,176660,89532,44869,33838,8632,1699,451,112662,72186,20303,16137,4087,871,201,120626,72577,22425,20984,3371,799,19,20305,2946,132,19,490,0,134694,72007,30942,24151,6021,2713,272,134694,72007,30942,21018,4861,249,68,4666,121773,73957,23625,19764,3540,710,4,0,0,0,0,126079,73768,24653,22062,4389,749,30,21245,3934,126,30,128598,73052,26015,23633,4648,793,114,22622,3959,112,114,68456,31004,36862,69076,30888,38188,79067,36256,39319,77456,32717,41781,69708,34464,35059,69704,34163,34786,68737,31227,36386,67766,32056,35638,75929,35768,38673,91999,46014,44839,72350,33322,38147,65025,29101,35324,65050,27692,36896,64194,26467,37727,63565,27389,36176,64265,27483,36169,77727,35835,41128,90967,43315,46261,89774,42276,45673
40,40,153751,51103,23397,73865,6637,1544,640,191747,47446,36933,99809,6981,1980,654,0,0,175326,43708,34016,89801,8014,2922,477,198456,47369,37442,107607,7324,1824,502,99216,5751,351,31,5287,202068,44813,38861,112289,7964,2093,442,111839,42185,16310,48889,4970,1078,463,120993,39826,19598,55997,4167,1180,136,55134,3899,504,136,405,0,132410,37368,24483,63601,6404,2261,349,132410,37368,24483,58873,5204,283,57,4611,126169,39817,20205,60732,4157,809,55,0,0,0,0,128314,38619,21200,62888,4603,566,220,61621,4280,49,220,127653,38373,20913,61937,5457,560,292,60765,4839,21,292,61822,42144,19235,57478,40324,17154,65977,45405,18036,64599,41629,20372,57413,41075,16178,57511,41541,15372,56816,38913,17088,56081,39524,16467,62690,43551,17998,74801,52803,21133,54903,37207,17041,44204,29048,14678,44186,27887,15847,43539,27019,16520,43172,27673,15499,43550,27711,15154,56415,37447,18386,66555,44527,21113,65800,43199,21060
41,41,151646,35888,34567,75196,7086,1522,793,166132,35801,48927,75401,8026,1091,273,0,0,176364,29526,53141,82025,7766,2691,544,165916,33417,49545,76182,8640,1104,386,69585,7060,205,0,4034,163733,31457,49993,72604,9064,2012,553,115078,31183,25632,52940,5609,1109,600,101065,26578,25322,44485,3874,601,0,43609,3705,92,0,505,0,134976,25404,39766,59735,6365,2059,413,134976,25404,39766,54434,5189,226,131,7387,100643,24225,25460,45801,4071,700,15,0,0,0,0,101695,24426,25896,45181,4889,981,10,43777,4537,328,10,99008,22446,25621,44094,5714,893,24,42976,5163,299,24,47449,37543,9561,47266,38544,8722,50959,40312,8873,49691,36368,11408,40091,32217,7744,40165,32860,6912,39674,31157,7895,39164,31420,7667,45931,35977,9087,55678,43124,11873,38071,29049,8513,27494,20199,6953,27470,19362,7767,27051,19073,7978,26789,19345,7444,27036,19388,7213,37994,27534,9998,45678,32134,12821,45028,31240,12688
42,42,159023,112532,24560,16584,6120,1324,322,175375,109254,37959,19874,8488,1399,208,0,0,180528,112231,36851,19968,10106,3279,510,174842,110886,35390,18873,9361,1616,124,15208,6985,233,3,4964,182090,112705,38609,20066,10173,2384,247,129532,94908,18325,11861,4677,1002,226,135802,92796,24508,12625,4690,874,48,11957,4103,221,48,389,0,150826,97182,28868,15318,7782,2629,370,150826,97182,28868,12055,6041,250,89,5326,137247,95332,22780,12504,5533,951,4,0,0,0,0,143534,97458,25943,12813,5880,995,10,11946,4774,133,10,142011,96443,26500,11255,6509,890,43,10316,4973,79,43,83833,42259,40773,83666,42202,41464,92042,48872,37833,90227,43978,42707,83089,48491,34392,83020,47715,34401,81487,42858,36994,80311,43711,36521,88848,48842,38031,104882,61218,42087,83648,46499,35960,74918,41736,32418,74904,40285,34113,73695,38475,35220,73038,38996,34042,73774,40482,32543,87459,48822,37723,99385,56293,41367,98137,54905,41145
43,43,144352,51123,72455,17879,6985,1498,429,167661,46579,95017,21219,8558,1277,514,0,0,175629,41638,104665,23885,9563,3541,536,171289,44449,98919,21873,9377,1288,906,15607,7528,341,532,2963,179623,42928,107089,24045,10046,1396,948,109751,42745,51696,12484,5277,1085,312,114442,37968,59488,11276,4741,490,140,10792,4449,252,140,325,0,136423,35423,78708,17492,7291,2770,400,136423,35423,78708,11601,6021,170,77,3496,117711,35502,64266,11970,4740,434,335,0,0,0,0,123596,35608,68623,13194,5073,437,295,12143,4869,143,295,123857,35955,68020,12853,6216,508,42,11798,5763,68,42,54743,34007,20312,53946,34945,19001,66458,43226,20030,65007,37833,24316,53259,33993,19112,53228,34742,17664,52410,32339,18873,51870,33252,18537,60580,37881,21248,73786,45195,27525,52371,31192,20324,40585,22421,17559,40586,21321,18825,40034,21052,18982,39687,21394,18293,40057,22471,17275,54341,30181,23421,66503,36248,29097,65299,34935,28608
44,44,141345,58630,51777,17465,14930,1275,719,150437,53441,64932,16497,16467,1099,614,0,0,175329,56070,78458,20516,17664,2891,712,153697,51016,72247,18389,14419,978,562,13520,12487,36,327,3164,157382,49176,72601,18962,14967,1432,609,108792,48401,37459,12155,11614,899,480,99848,41750,38912,9134,9164,237,340,8814,8477,19,340,337,0,137829,46992,59788,15108,13652,2246,562,137829,46992,59788,10969,12061,203,253,5903,103039,40611,44155,9124,8311,204,285,0,0,0,0,105693,40319,44938,11087,8462,420,260,10593,7969,108,260,116162,44314,48595,12721,9440,480,295,12206,8868,66,295,51843,31383,20084,52169,31819,20350,64966,40744,21331,63705,35385,25737,53803,33450,20211,53822,34015,19127,53217,31745,20501,52621,32440,20107,60929,37042,22610,76777,46959,28900,55005,32307,21975,45197,25063,19644,45203,24067,20822,44682,23550,21132,44346,23930,20416,44695,25032,19426,58345,32471,25216,70071,38146,30553,69045,37128,30281
45,45,93679,61255,15404,9166,7932,668,244,148306,88694,29461,17224,13964,1109,865,0,0,175973,97218,38122,15764,16530,2638,398,153008,88399,32676,14149,16659,1214,674,10518,13893,56,10,6444,172246,93495,40054,17879,16165,3047,283,68300,46056,10392,6214,5505,457,167,95961,61940,16186,9817,7103,379,60,9114,6641,57,60,529,0,132296,76483,27024,11214,11736,1962,290,132296,76483,27024,8688,10089,171,78,8079,97848,62958,17055,8327,8626,442,10,0,0,0,0,108274,69267,20472,8447,8868,628,35,7720,8025,70,35,120045,75856,23152,10567,9508,454,66,9919,8545,38,66,41988,18434,23128,48197,20391,27806,64445,30451,30900,63332,26111,35106,62389,31086,31178,62368,31312,30387,61607,28677,31992,60872,29179,31642,67763,32681,33812,93350,48641,43542,70372,33863,35725,67861,32103,35174,67870,30990,36495,67087,29907,37180,66669,30197,36472,67155,30264,36224,82189,39489,41899,99514,48582,49181,98226,46555,49902
46,46,124473,36431,64648,21690,5230,1554,572,156555,33402,95794,26290,5442,1470,547,0,0,176200,34135,106283,31489,7893,3395,577,160456,34809,97671,27278,4579,1303,424,19731,3710,89,60,2790,174083,33538,107293,32261,6267,1651,205,91115,29945,44834,14542,3797,1086,374,100154,26263,57111,12964,3144,164,13,12419,2899,90,13,479,0,134263,28406,79204,22746,6029,2610,424,134263,28406,79204,16191,4942,171,64,3749,102936,27189,58452,13969,2708,174,14,0,0,0,0,110168,26536,64060,15266,3017,483,4,14519,2812,124,4,114325,27056,63914,17945,4368,543,73,16936,3906,108,73,40935,27960,12628,44429,32394,12035,58150,41276,14776,56942,36483,18173,44996,30510,14354,44905,31468,12763,44389,29958,13570,44151,30854,13223,52798,35632,16131,68051,44038,23251,45852,29142,16107,34971,20207,14208,34988,19336,15176,34646,19528,15118,34430,19949,14481,34654,21395,13259,48645,28168,19882,60268,33315,25983,59215,32286,25538
47,47,126832,48487,62621,14400,4483,1311,436,166969,50762,94531,21263,6031,2011,433,0,0,176233,45438,105378,22489,6795,3607,587,175426,48656,102372,23017,7917,2392,343,12891,5485,604,11,4289,183225,48138,110497,24748,7836,3577,741,93425,38468,43815,9806,3166,955,270,114487,38752,62374,8660,3657,738,141,8205,3484,392,141,154,0,134235,36806,78504,16041,5163,2711,417,134235,36806,78504,10134,4004,200,106,3408,118305,36586,66546,9551,4058,758,215,0,0,0,0,122856,37270,70359,10746,3489,581,210,9944,3240,201,210,126502,37286,73259,11312,3826,621,43,10667,3578,35,43,49631,29642,19567,50577,31990,18587,67833,41306,23726,66592,36146,27610,55652,32556,22922,55555,33433,21299,54949,31419,22481,54505,32573,21846,63638,36800,25500,82207,46111,35157,57963,31098,26094,47720,23122,23939,47774,21668,25599,47273,21784,25489,46816,22296,24520,47260,24598,22662,64124,31468,31957,80862,38778,41047,79528,37369,40390
48,48,148873,91440,26749,28386,2960,1433,355,166679,91336,38563,34894,3301,1543,162,0,0,183593,93159,47882,38081,4341,3526,329,169910,91969,41567,33701,3841,1845,289,29270,2904,230,189,3112,178289,91367,49218,33783,3418,2199,175,116187,77427,17610,19106,2162,1018,239,125556,77401,23126,22105,1782,1076,24,21596,1595,278,24,198,0,145704,80771,33820,26981,3372,2744,229,145704,80771,33820,23497,2735,333,64,3766,129001,79116,25256,21249,2070,1143,74,0,0,0,0,134975,79507,30892,21361,1908,990,95,20511,1596,156,95,142873,80281,34382,24728,2137,1030,97,23807,1797,203,97,64275,30964,32559,53836,27392,26444,75837,33290,39807,74380,31287,39710,65787,29323,36216,65668,29108,35534,65163,27130,37055,64346,28392,35917,72473,31656,39448,89765,40080,48761,68937,28444,39775,61139,23305,37162,61235,22666,38172,60451,21745,38706,59935,22696,37239,57458,6322,38111,75121,30335,44145,90198,37441,51752,88654,36813,50348
49,49,163788,109387,30531,20132,3527,1658,226,177724,111496,39808,22883,3705,1224,341,0,0,178192,105042,41973,24326,4665,4283,318,184212,111784,42791,25726,3780,1439,281,21530,3137,453,21,3255,182323,107728,44263,26198,4330,1792,325,121158,86358,18790,13122,2477,1175,149,124813,88579,18961,13950,2501,581,191,13567,2337,341,191,69,0,134973,85041,27580,16742,3435,3121,240,134973,85041,27580,14802,2805,292,50,3936,127142,88417,20128,14853,2636,644,163,0,0,0,0,127813,86116,21633,15903,2747,862,231,15052,2374,175,231,130299,85378,25061,15690,2761,1011,46,15010,2251,125,46,64764,27616,36384,66956,28709,38247,72959,25927,43901,71386,24668,43010,60884,23138,37481,60831,22398,37429,60328,20255,39093,59480,21588,37833,68181,24369,42248,83602,29881,52541,63948,21317,41799,55836,16836,38325,55944,16482,39103,55292,15463,39829,54755,16319,38436,53006,1357,39697,69277,22365,46209,83447,27495,54968,81894,27808,52370
50,50,160292,105969,21626,29332,3481,1631,300,176390,108710,30983,32316,4800,1453,318,0,0,180902,102758,38189,33586,4722,4213,343,178423,107523,33334,33352,4783,1820,280,29499,3158,626,51,3562,180044,106089,34258,35101,4859,2332,230,123355,87249,14154,19277,2467,1199,202,131561,89990,17272,20920,2367,772,71,20531,2026,531,71,179,0,142687,87228,26770,23250,3477,3061,247,142687,87228,26770,20550,2770,386,67,4343,132872,89227,18381,21885,2407,776,48,0,0,0,0,135319,88571,20086,23051,2481,961,67,22380,2151,373,67,142040,88650,25192,23948,3034,1123,70,22601,2440,218,70,68348,31857,35743,75561,34269,41292,74859,30272,40924,73268,28350,41095,63507,27768,35514,63344,27130,35114,62790,24792,36922,61933,26023,35842,70365,28987,39670,85623,35727,48578,65480,25424,39112,56655,20121,35813,56778,19688,36671,56090,18712,37378,55596,19667,35929,54731,11234,36727,69746,26350,42625,82573,31933,49540,81103,31641,47872
51,51,129142,81973,27626,17509,2295,1248,277,165452,92502,45294,24307,3530,1674,88,0,0,182359,91662,59651,25841,4227,4180,373,173190,95073,48384,26906,3478,1980,127,22451,2627,407,27,3672,195573,95371,65065,30852,5221,1844,104,99659,68098,17871,11989,1628,881,192,117810,75554,26054,13362,1929,786,49,12981,1741,376,49,119,0,143072,78305,41999,18223,3217,3254,288,143072,78305,41999,14942,2466,358,65,4234,125260,78563,29642,14476,1873,831,25,0,0,0,0,138723,80771,38453,16155,2680,693,0,15273,2325,137,0,154034,83721,47002,18740,3339,782,92,16938,2936,99,92,48272,23428,24192,49594,24166,25428,63317,27946,32799,61776,26060,32383,55132,25436,29499,55025,25410,28640,54534,23590,29902,53862,24701,29105,62161,27919,32914,85038,39362,44707,61696,26129,34854,55968,22001,33250,56064,21338,34310,55396,20700,34696,54880,21380,33500,52738,7167,34402,73000,30465,41844,93900,40012,52786,92047,39215,51134
52,52,140874,116548,8935,13479,1281,1232,146,175423,147181,11201,13921,1793,1584,382,0,0,182726,149361,13491,14088,2446,3084,251,181615,152148,12136,14486,1878,1366,267,12205,1452,453,86,2506,185429,153031,13866,14582,2191,1562,278,122694,103880,6624,10644,991,1021,117,153710,133720,7128,10559,1107,1041,34,10300,904,459,34,174,0,163421,137460,10029,11003,1929,2508,151,163421,137460,10029,9997,1510,445,40,3533,160105,138990,8206,10727,1109,994,15,0,0,0,0,162590,139865,9224,10801,1495,1067,73,10224,1307,364,73,175580,148971,11531,11818,1949,1121,35,10718,1500,325,35,71428,27043,43480,81204,27727,53477,101859,30027,68897,100095,28810,66755,95820,29002,66613,95670,28740,65693,94965,25742,67976,93919,27795,66081,101367,29981,69717,121346,38004,82484,107992,30507,76765,110315,30475,79045,110505,29038,81086,109349,26872,82477,108178,28880,79298,109204,27688,80088,119722,34080,84955,134829,40500,93067,133366,39812,91804
53,53,156169,130742,16135,6673,2410,1410,217,166807,130766,23222,9153,3560,1339,401,0,0,175358,132217,26119,9866,3672,4152,363,169595,131107,24549,9803,3752,1492,424,6669,2222,479,97,3488,172599,129718,27158,10191,3849,1744,380,126572,108999,11230,4285,1624,1039,150,134082,110216,15989,5078,1705,845,0,4514,1340,374,0,277,0,144801,113431,18878,6708,2713,3121,225,144801,113431,18878,4795,1992,412,63,4678,135177,109909,16571,5449,1918,943,95,0,0,0,0,138175,110183,18528,5995,2119,989,78,5332,1687,227,78,143651,113456,20103,6064,2567,1116,149,5077,1980,240,149,80591,39337,40140,74319,35204,39115,86135,29199,53539,84226,30309,48261,73348,28316,44653,73338,27079,44805,72840,24006,47252,72023,26353,45585,81205,28893,50398,99597,34592,63949,79816,26293,52650,73772,22680,50106,73947,22142,51384,73203,20813,52390,72508,22078,50430,73214,21935,51210,86396,27547,58101,100414,31483,67917,98727,33541,62922
54,54,140788,101910,21930,12421,4719,1215,250,165568,109769,31724,16963,7408,1533,423,0,0,176277,107916,36656,21139,8751,3749,362,171104,112435,32975,17303,8306,1555,424,14199,6717,378,77,3799,188459,117861,39253,21053,9317,2105,344,109562,83823,14174,8161,3221,867,159,121608,88577,18499,10023,3525,833,69,9642,3067,405,69,122,0,138511,90099,25341,14796,6252,2798,245,138511,90099,25341,12148,5247,331,82,4586,127999,91703,20488,10869,3845,821,119,0,0,0,0,140726,95965,25495,13129,4721,975,123,12100,4113,250,123,150732,98992,29530,14731,5721,1219,62,13502,5007,264,62,61936,28332,32806,63020,28201,34819,72217,28727,40161,70864,27010,39800,64536,28365,35884,64360,27922,35305,64084,24802,38069,63316,26698,36556,71234,29389,40176,93097,39831,52113,72483,28609,42956,68813,25715,42125,68902,24983,43409,68293,23920,44373,67634,24955,42679,68055,25392,42628,84613,33310,50334,105636,42558,61378,103947,42613,58562
55,55,133589,107702,15471,6208,4063,1128,194,161351,120627,23305,10803,6444,1962,219,0,0,175430,125380,27319,11276,8468,3639,358,168777,125176,25955,12146,6544,1731,166,7593,4938,496,69,4353,181290,129512,30965,13684,8429,2207,295,102750,85281,10447,4060,2680,814,108,120735,95026,15051,6293,3178,1067,63,5975,2871,420,63,135,0,136606,101215,19105,7768,5916,2658,230,136606,101215,19105,5829,4833,255,56,4661,125171,98108,16226,6447,3331,959,62,0,0,0,0,135024,102860,19455,7082,4433,926,42,6022,3867,178,42,147950,110131,22040,9001,5346,909,28,7727,4445,95,28,65878,29247,35924,65754,28345,37409,80932,28669,48744,79290,27813,47123,72949,29461,43168,72887,28526,43195,72456,24770,46363,71557,27075,44403,80387,29887,48610,104732,40096,63247,83988,29629,53318,82025,27494,53508,82190,26671,55043,81432,25256,56176,80664,26320,54344,81516,25894,55470,96020,33561,61424,114015,40881,71617,112115,40956,68735
56,56,159475,134522,15443,5579,3405,1638,255,166843,133512,22752,7882,3318,1220,274,0,0,176367,130774,26200,11666,4515,4167,373,169432,131473,24598,10154,3401,1569,331,6819,2378,331,184,3442,169887,127458,26705,12031,3241,1798,305,128074,111520,10227,3282,2360,1226,173,129705,109606,13521,4074,1451,711,123,3806,1214,359,123,222,0,144047,111881,18415,7355,3402,3191,260,144047,111881,18415,5209,2549,424,85,4989,131728,109320,14676,4915,1546,893,183,0,0,0,0,132630,107857,15945,5997,1704,812,94,5310,1437,216,94,137509,109995,17370,6856,2110,969,92,5972,1731,144,92,72670,37996,33640,69032,35998,33034,74011,27953,42460,72163,28676,38394,60314,26741,33224,60138,25389,33231,59995,22734,35847,59250,24714,34447,68483,27507,39028,85623,33410,51001,66106,24626,40534,59157,20608,37604,59315,19926,38904,58698,18766,39932,58147,20005,38142,58866,18916,39849,70527,25346,44329,81430,29010,51380,79641,30240,47119
57,57,168979,146048,10891,6517,5034,1083,221,178595,149214,13853,8277,7198,927,209,0,0,177343,144414,15397,7488,6518,2941,312,178677,147957,14217,8852,6713,1098,219,6372,4670,379,86,4196,178881,146080,15814,9515,6243,1421,273,137928,122103,7510,4268,3525,806,150,141005,122496,8441,5134,4049,621,49,4663,3450,276,49,259,0,148415,124349,11062,5270,4776,2325,232,148415,124349,11062,3881,3746,272,66,4534,142550,123463,9086,5491,3631,658,65,0,0,0,0,144207,123338,10473,6106,3529,607,35,5189,2821,156,35,145390,123582,11056,6396,3541,673,83,5124,2729,111,83,96477,45612,49841,94772,42725,52047,103296,41706,56716,100708,39427,56160,91438,41618,49505,91429,40115,49937,90231,34834,53815,89280,38094,51091,98541,41273,55063,115458,49989,64068,96727,39533,55982,90526,35705,53660,90767,34791,55515,89671,33213,56458,89065,34430,54635,89826,38250,49907,100510,40564,58998,109270,44849,63016,107686,44600,61298
58,58,165748,126027,19687,15391,4306,1490,355,176572,128041,25009,18244,5522,2110,592,0,0,175888,123067,26094,17434,6409,3718,456,176356,127177,23963,19902,6015,1875,414,15381,4664,414,195,4092,175251,124699,24379,19825,6199,2335,587,137242,109854,13478,10245,3214,1118,241,136242,109059,12211,10976,2826,1054,163,10396,2410,482,163,146,0,149163,110042,18867,12490,5068,2897,291,149163,110042,18867,10417,4003,288,136,4767,136470,108323,12325,11515,3342,1039,69,0,0,0,0,136284,106515,13297,12214,3443,926,69,11201,3069,138,69,138005,107299,14707,11464,3673,833,48,10236,3168,85,48,82630,42500,38989,80920,40478,40442,89006,39406,45276,86742,37468,44633,77311,37741,39249,77213,36495,39472,76371,31919,42844,75526,34827,40577,84320,38294,44027,100685,47039,52291,82275,36153,45010,76032,31641,43192,76266,31138,44658,75317,29828,45489,74744,30843,43901,75593,33543,40694,85702,36819,47961,93670,40517,51817,92387,40305,50460
59,59,174106,141767,14046,11567,5888,1470,443,182181,142460,18210,14341,6523,1687,424,0,0,178235,132377,20058,14432,7528,3627,392,184478,142417,18677,15918,6677,1658,474,12241,5432,455,242,4477,180903,135502,19907,16262,7245,1859,567,144120,121653,9533,7757,4371,1089,284,144124,120385,10190,8618,3708,972,141,7976,3255,479,141,239,0,150127,116416,14447,10012,5751,2888,285,150127,116416,14447,8190,4788,354,140,5153,146130,120781,10361,9511,4051,1003,221,0,0,0,0,145415,117192,12158,10062,4401,1353,110,9022,4018,211,110,145087,114309,13739,10647,4910,1213,109,9617,4344,135,109,82848,42022,39768,79276,39538,39738,87927,36986,46597,85509,35802,44542,74638,35708,38587,74485,33837,39100,73820,28957,43056,72923,32693,40120,82038,35723,44194,97573,43049,53268,79534,33553,44872,72844,29178,42435,73089,28828,43744,72206,27225,44981,71456,28614,42842,72368,31381,39484,82313,33955,47474,90024,37205,51612,88579,37886,48893
60,60,164161,128020,13437,12737,9540,1522,310,178724,131843,17185,18170,11885,1287,430,0,0,175492,123998,19404,15881,12695,3427,329,182082,131666,19816,18306,12765,1543,416,12751,10546,211,80,6488,178744,127338,20133,18160,12506,1949,557,135362,109251,9756,8589,7117,1169,223,140423,111273,11365,10034,6529,736,78,8935,5883,224,78,430,0,149167,109586,14959,11411,10000,2784,230,149167,109586,14959,9360,8593,368,70,5484,144480,112479,12525,10410,7506,918,79,0,0,0,0,144745,110721,13186,11401,7856,934,104,10336,7004,217,104,144296,108873,13755,11121,9160,1160,128,9323,8232,145,128,76608,42227,33329,75704,42266,33438,85273,43762,36356,83143,41063,37228,75179,43258,31610,75047,42110,31570,74129,36591,35842,73177,39796,33271,81659,43510,35951,99065,54322,43194,79188,42167,35734,72364,37870,33270,72584,37545,34537,71667,36002,35665,71006,36727,34279,71738,39509,31890,82820,43645,38205,91636,48102,42000,90302,47634,40753
61,61,170344,142403,12031,8124,6979,1396,344,173462,138006,15576,10675,8746,1400,209,0,0,175321,135474,16595,10423,9123,3331,404,174355,139296,15399,10036,8541,1439,385,7421,7004,434,201,3958,173047,135378,15951,10258,9543,1607,396,143695,123893,8690,5155,5139,1078,220,142212,119801,10204,6213,4740,1069,64,5592,4328,369,64,226,0,151627,121527,12565,7132,7031,2660,295,151627,121527,12565,5618,6007,295,145,4834,144113,120966,10922,6218,4885,976,45,0,0,0,0,143069,119151,11051,6113,5540,990,36,5105,5069,238,36,144569,119025,11743,6323,6143,1147,84,5029,5701,271,84,90028,45436,43440,87237,44147,43090,96329,42940,48756,94260,41669,47654,85777,43563,41886,85669,41325,42872,84716,35824,47026,83708,39710,43885,92137,42589,47424,108236,50611,56247,89867,40840,47860,83614,36760,45599,83835,36474,46861,82879,34710,48169,82128,35837,46291,83100,38899,42659,92367,41327,50157,98943,44602,52985,97565,44622,51124
62,62,144078,49811,23195,69224,3356,1397,345,166476,56162,35977,71813,4722,1445,348,0,0,176028,56923,39302,74421,6543,3064,423,167759,57885,35087,72339,4949,1494,81,65341,4073,298,57,4030,167352,57580,35307,71194,5292,1923,57,107288,41755,15767,47990,2426,979,237,118554,47466,19487,48213,2207,855,100,47515,1852,335,100,258,0,136589,48916,28312,54456,4939,2313,293,136589,48916,28312,49888,3832,267,84,4482,119994,48317,19717,48778,2377,746,19,0,0,0,0,120476,48248,20670,48135,2288,878,0,47165,1794,231,0,128744,51232,24231,48640,3079,1036,91,47446,2569,97,91,56913,44655,11695,56712,45341,11371,64818,46708,15461,63555,43970,16856,56889,43090,13578,56957,43528,12745,56370,40536,14870,55681,41800,13794,62957,45810,15840,80069,57260,21593,58364,41133,16429,49720,33797,15185,49823,33278,16069,49348,32581,16767,48896,33098,15798,49257,34304,14843,62207,42111,19364,72971,48272,23516,72080,47385,23164
63,63,157516,43058,31571,83081,3262,1677,500,177838,43049,48697,89238,4513,1705,267,0,0,175559,43928,44415,84592,5435,3213,481,180367,44314,49248,89839,4886,1498,281,77802,3462,277,91,4882,176115,42595,48857,86720,4882,2173,212,115562,37266,21902,55722,2446,1223,363,119806,36481,26348,54359,1758,949,82,53274,1473,236,82,219,0,133480,38485,32121,59670,4303,2436,335,133480,38485,32121,54194,3217,334,99,4209,121987,37619,26784,54994,1912,749,147,0,0,0,0,119040,36541,25967,53679,2036,827,149,52012,1649,173,149,118114,37481,26421,50721,2426,1090,141,48346,1927,128,141,60759,48159,11938,61734,50358,11376,62375,47870,11878,61086,44427,13977,52168,41204,10747,52476,41930,9965,51998,39348,11837,51193,40074,11032,57834,44445,12176,68763,52245,15453,49910,37253,11913,39202,27905,10656,39256,27361,11299,38927,26892,12035,38546,27502,11044,38537,28232,10305,49840,35573,13571,57304,39771,16229,56467,39122,15951
64,64,164004,53497,85739,22666,6342,1574,327,180223,50142,100990,28374,6215,2004,507,0,0,175706,45840,102095,21882,8617,2847,347,182717,49627,106401,27131,6452,1460,313,16428,5025,372,202,4416,178104,47774,104923,23560,6552,1735,373,127500,45295,64095,15997,4824,1135,241,114001,42773,52615,14658,3090,646,115,13664,2781,280,115,226,0,142335,39791,80651,16693,6781,2217,232,142335,39791,80651,11512,5820,180,37,3464,118215,42032,59141,13343,3039,480,100,0,0,0,0,117650,41387,59378,12589,3480,537,105,11774,3011,187,105,115776,40115,58524,11481,4576,627,107,10428,3904,168,107,57017,35354,21041,59408,38851,20557,65413,40895,21397,63787,36559,24229,52076,32600,19295,52147,32810,18445,51633,30072,20571,50902,31406,19422,59483,35745,22352,72658,41488,30160,53173,29793,22547,43432,21587,21039,43519,21203,21801,43052,21079,21973,42663,21464,21199,42858,23703,19155,54529,27579,26254,63061,30227,31903,61881,29760,30739
65,65,148982,105300,24402,12091,7700,1241,357,173799,118713,31463,13484,11350,1323,566,0,0,176912,114654,33300,14229,12857,2803,462,178257,121002,32838,13563,12617,1220,534,9790,8327,165,41,5743,178931,118882,34252,13863,12464,1426,978,119845,87068,18317,8740,5740,929,257,128834,94183,19496,8778,5431,657,35,8264,4461,170,35,356,0,144407,96374,25693,10684,9689,2260,329,144407,96374,25693,7939,7802,255,112,5448,132644,96588,20712,8373,5909,696,40,0,0,0,0,134248,96822,22008,8509,5589,846,175,7176,4349,89,175,141856,101813,22801,9723,6503,757,157,8094,5198,44,157,75773,37282,37757,78818,37008,41810,88956,42920,41038,87106,37764,45972,78623,40487,37927,78695,40254,37542,77848,34393,42255,76519,36995,39433,85697,41564,42304,104343,53577,49152,82128,39264,41727,74263,33848,39522,74451,32983,41016,73610,31726,41884,72846,32001,40845,73527,36602,36925,86799,40122,45769,98057,45133,51335,96791,43454,51895
66,66,159808,108391,31325,12745,7947,1275,320,174173,107571,42765,14806,10164,1275,251,0,0,175639,100537,45356,15538,13052,2936,389,176978,105706,45164,16326,11945,1331,368,10023,10101,260,85,4435,182131,103783,50524,17951,12394,1493,396,123152,86429,22481,8716,5594,916,218,128611,85749,27745,8632,5439,508,80,7839,5024,180,80,414,0,138501,82994,33590,11372,9202,2247,280,138501,82994,33590,8637,7912,150,59,4441,129013,84245,29161,8559,5838,664,85,0,0,0,0,131928,83273,32319,9171,6034,582,4,8026,5406,178,4,133627,83000,32493,10222,6820,812,18,9110,6174,171,18,81706,36326,44682,83738,36565,47173,91993,39827,47782,90208,36214,50291,80768,37647,42882,80807,37154,42626,80078,32373,46500,78828,34814,43937,88045,38704,47480,105155,49078,54715,84679,36587,46924,77017,31771,44232,77194,31160,45498,76518,30000,46518,75716,30743,44973,75873,32030,43843,88732,37707,50090,99079,42436,55158,97842,41727,54403
67,67,147063,80163,28060,27760,12198,1562,336,173680,84041,35931,35386,19552,2218,364,0,0,177964,76310,40885,38535,22129,3302,517,176608,82882,38501,37306,20129,2206,276,30340,17392,430,14,5984,177449,77775,42750,37616,21412,2344,357,113967,65755,19904,19801,8938,1104,249,119905,66815,21744,22368,7853,797,30,21204,7184,178,30,552,0,139746,64514,29845,28035,16577,2489,359,139746,64514,29845,23757,14975,331,103,4987,122911,66736,23871,22892,8288,757,24,0,0,0,0,125781,64438,26503,23605,9937,614,119,22028,8928,106,119,128766,63350,27733,26157,9789,776,311,24660,8802,93,311,55862,32247,23106,58442,34213,24229,65839,37246,25240,64409,33893,27546,56698,34541,21971,56786,34726,21351,56148,31660,23545,55324,32918,22347,62556,36156,24917,75893,44962,29743,57003,31941,24105,48062,25403,21838,48156,24892,22709,47777,24627,23150,47363,24984,22379,47324,25077,22247,59473,32315,26160,69241,37172,30044,68247,36787,29588
68,68,164170,103930,39051,16831,4836,1628,261,174347,102207,46785,18883,5879,1572,517,0,0,175705,96260,51073,19996,6691,4634,319,177818,102145,47797,21910,5742,1782,453,18868,4164,350,247,3741,176723,97199,51617,21794,6071,2599,386,120754,81600,24647,11283,3303,1139,175,122920,83249,23017,12291,2975,1047,177,11982,2725,277,177,269,0,133952,78663,34487,14112,4851,3584,227,133952,78663,34487,11821,3929,316,49,4200,126720,83910,24321,13906,3172,1104,129,0,0,0,0,126465,80798,26680,14193,3409,830,120,13684,2888,209,120,127693,79800,28361,14538,3723,782,98,13856,3046,65,98,67613,27130,39818,67848,26848,41000,76189,27335,45389,74843,25780,45254,65418,25602,39587,65400,25047,39326,64940,21697,42126,63919,23875,39987,72106,26402,44059,86781,32931,52617,68096,23641,43548,60362,19197,40415,60472,18868,41192,60139,17801,42338,59525,19059,40466,59561,18967,40578,72136,24618,46731,83234,29136,52938,82221,29495,50971
69,69,141868,89387,26716,20985,5851,1428,338,172393,95390,40138,30339,8298,1787,362,0,0,175349,91968,41632,30892,10429,3858,454,174870,94573,42297,31330,8193,1687,328,25480,5963,398,27,4965,177560,93321,43844,32396,8183,2112,335,103178,68463,17501,13604,3931,965,203,119237,72546,23472,18024,3602,995,47,17323,2995,180,47,615,0,131279,72739,29099,21183,7253,2789,332,131279,72739,29099,17296,5859,345,97,5047,122116,73029,24996,19249,3548,920,45,0,0,0,0,122698,73456,25641,19158,3310,896,25,18049,2669,248,25,128618,74781,26764,21413,4336,996,9,19711,3493,144,9,61477,28353,32562,65820,30521,35299,75168,33213,38120,73744,30394,40014,65153,31415,33508,65105,31512,32771,64559,27961,35444,63616,29694,33854,72340,33061,37627,91002,43842,45831,69784,30995,37782,62745,26558,35375,62854,25871,36479,62362,25097,37265,61781,25923,35858,62130,25819,36235,76092,33544,41691,89647,40237,48026,88551,39566,47301
70,70,106625,73720,22365,8158,2462,769,184,146096,94179,33053,15127,3932,662,381,0,0,175478,102160,39683,26889,5850,3560,348,154626,97602,33253,19442,4409,838,494,16087,2821,283,89,3771,176107,104718,36580,27754,6074,1410,473,84895,64024,13896,5147,1713,536,123,109191,80223,16476,9459,2296,472,40,9011,1979,212,40,254,0,138876,88555,26715,18031,4228,2647,249,138876,88555,26715,15472,3334,278,97,3756,116176,83226,17757,11689,2486,517,55,0,0,0,0,130950,89574,19818,16820,3475,647,110,16000,2672,134,110,148664,96218,22924,23961,4054,686,145,22276,3205,103,145,48556,20436,27566,52010,21917,30093,70645,28172,39685,69373,26630,39415,67617,29291,38089,67597,29028,37539,67100,25673,40225,66299,27840,38391,73278,30458,41345,98329,44044,53121,78508,31836,45830,78434,30804,46729,78547,29885,48174,77899,28656,49243,77181,29892,47289,77731,30067,47599,93391,38405,54117,114531,48843,64363,113217,48134,63163
71,71,161274,110015,28006,20714,2252,1340,286,178276,115068,34383,25593,3044,1198,126,0,0,175460,109450,37498,22518,3369,3242,312,183178,118356,36188,25340,3183,1289,203,22415,2414,328,24,3234,179317,111530,38712,24623,3546,1628,156,127884,95020,17215,13596,1682,951,184,131451,98829,13522,16543,1564,792,2,15775,1386,314,2,156,0,142952,97383,24884,15586,2637,2503,227,142952,97383,24884,13987,2004,313,116,3813,134909,101803,14392,16257,1672,805,10,0,0,0,0,133268,97815,16470,16224,1908,733,20,15227,1701,119,20,133831,98329,17703,14670,2025,825,62,13456,1788,69,62,73164,36098,36212,72578,34854,37724,77265,33104,40777,75781,31029,40898,66458,30443,35769,66340,29773,35377,65712,27350,36931,64998,28451,36504,72501,31599,39292,84956,37979,45994,68899,28555,39512,61913,24003,37171,62017,23428,38212,61442,22276,39166,60948,23249,37699,61652,23004,38558,70914,28705,41580,78432,32365,45103,77346,32069,43934
72,72,129875,100764,17309,8188,3470,888,186,164284,124963,24340,9225,5374,914,163,0,0,176500,127995,28012,11020,6322,2948,260,167064,125867,23765,11063,5775,1062,203,8118,5106,370,143,3568,176932,133055,24189,12070,6201,1937,191,102850,83860,11238,5085,2482,620,127,124089,104546,10501,5458,2655,771,123,5264,2370,307,123,85,0,145169,110890,19157,7673,4794,2248,162,145169,110890,19157,6183,4074,263,50,4050,126947,105620,11197,6080,3046,700,160,0,0,0,0,137436,112986,13196,6776,3367,807,115,5976,2990,149,115,147535,118724,15597,7309,4926,898,16,6325,4003,112,16,63426,27448,35386,64020,25617,38403,81640,30731,47547,80268,28506,48340,76720,30826,45695,76600,30395,45099,75909,27781,46673,75115,28734,46337,82295,31611,49068,103735,41567,61147,86384,31600,53960,85786,29832,55158,85908,29008,56565,85170,27574,57596,84467,28397,56070,85352,28445,56815,98049,35106,62236,114959,41714,71930,113577,40907,71203
73,73,171479,143661,14427,10224,2746,1209,167,184022,152120,16405,11361,3912,1264,164,0,0,183473,146732,18240,10130,5112,2508,262,186813,152899,16978,12308,4374,1280,183,10282,3240,322,46,2619,186546,150150,17762,12052,4536,1319,148,149376,129553,10191,7113,2023,915,126,152263,134986,7259,7201,1965,705,49,6911,1644,271,49,113,0,162815,135016,13615,7313,4040,1986,174,162815,135016,13615,6100,3347,222,57,3862,153601,135371,7741,7528,2079,752,44,0,0,0,0,155649,134669,9636,7779,2574,755,65,7499,2054,186,65,157145,134780,10879,7878,2731,657,98,7432,2264,99,98,98602,50787,46860,97433,47035,50398,103888,48755,51150,101765,45201,52940,95293,47271,47744,95129,46602,47426,94266,43732,49056,93051,44300,48676,100898,48109,51021,116561,57570,57874,99400,46073,52352,94211,42040,51360,94359,41304,52654,93357,39595,53762,92257,40274,51983,93372,40989,51848,104007,47254,56021,113710,52054,60254,112463,51045,60209
74,74,154708,128306,13877,9346,2867,1000,195,173830,139414,19993,10412,3748,864,150,0,0,183447,142231,21966,10289,5009,2986,228,176448,140986,20498,9856,4161,892,158,7583,3448,91,0,3131,185717,146688,22796,10478,4064,1608,204,123203,105636,9433,5798,1958,746,132,132583,113230,10802,5970,1889,489,0,5715,1616,63,0,188,0,150727,121031,15645,7122,3610,2302,170,150727,121031,15645,5724,2921,283,46,4458,137471,115966,12425,6148,2288,529,0,0,0,0,0,146306,123242,13481,6590,2216,634,69,5874,1908,165,69,157517,130588,14998,6872,3709,906,87,5925,3153,167,87,77480,37035,39477,76915,34340,42575,90999,35561,51648,88649,33853,50746,81187,35206,45659,81132,34461,45468,80365,31796,46996,79157,32601,46494,88157,35741,50637,109071,44564,63352,89437,34210,54282,85421,30894,53709,85618,30015,55221,84773,28713,56060,83607,29528,54079,84706,29801,54359,99423,36702,61936,117141,43019,72797,115364,42980,70738
75,75,153383,135638,7880,7180,2289,1007,196,175117,151160,10659,8680,3599,1398,235,0,0,183275,155033,12621,8518,3541,3023,282,181348,156510,11629,8491,3462,1309,251,6686,2531,376,40,3130,186591,159452,12715,7527,4292,1349,280,131994,119324,5507,5073,1683,780,141,148014,133989,6267,4981,1667,797,43,4792,1447,180,43,283,0,162238,140847,9201,6222,2775,2468,196,162238,140847,9201,4873,2132,280,58,4340,155703,140238,7187,5426,1737,1008,38,0,0,0,0,160310,143424,8163,5015,2581,994,49,4437,2091,241,49,167277,148277,9711,5302,2533,1102,61,4596,2041,233,61,85129,40348,43346,82867,37079,45788,96090,34655,57922,93873,32398,56548,87129,35582,51378,87531,33581,52307,86304,30865,53491,85026,32661,52337,94022,35087,57121,116510,44171,71232,96286,33752,61695,93191,30286,62007,93417,29460,63601,92172,28267,63905,91062,29048,62014,92539,29445,62506,106166,35859,69606,122304,41834,79260,120581,40784,78008
76,76,162141,129207,20235,10332,1879,1236,199,181029,139979,26327,12110,2230,1424,226,0,0,181871,138974,25614,11581,2574,2900,171,183335,139985,27600,11759,2707,1459,202,10213,2137,475,155,2634,183158,137514,28536,13244,2248,2116,106,136198,113217,13520,7505,1404,938,129,144719,121757,12655,7678,1357,1004,164,7525,1265,385,164,134,0,156232,124874,17971,8665,1929,2358,131,156232,124874,17971,7483,1521,345,26,3535,146738,122500,13385,7959,1736,1012,148,0,0,0,0,148403,122396,15071,8262,1487,904,58,7581,1357,206,58,157388,129298,16315,8489,1878,1015,86,7334,1569,174,86,74207,31127,42108,69996,27591,42405,83790,27570,53499,82328,24286,54097,73825,26230,47355,73977,24615,47922,72845,22275,49124,71811,24572,47199,80787,26418,52770,99731,34253,64711,80667,25040,54939,76151,21283,54146,76341,20689,55335,75165,20256,54909,74332,20739,53593,75052,19180,53812,89142,26519,62048,104937,32561,71397,103281,30081,71805
77,77,140427,81038,37430,19970,2670,1101,336,186817,94374,59313,30043,3545,1751,481,0,0,183022,86671,63022,28335,3897,3249,238,189348,92006,61908,30736,3879,1357,419,25976,2957,295,109,3856,193426,89115,68641,30946,4577,1978,482,103152,65005,24130,12296,1914,733,241,122804,76406,28243,14801,2123,737,78,14020,1931,249,78,372,0,139756,72797,43767,18831,3009,2382,174,139756,72797,43767,16141,2221,281,38,3724,124675,74172,31241,15725,2441,590,62,0,0,0,0,127400,72778,35088,15890,2600,616,81,15152,2093,153,81,136581,77548,38068,17057,2933,667,101,16016,2218,84,101,47526,22189,24549,49194,23017,26177,60215,25471,32758,59149,21106,35473,51318,22271,28834,51184,22000,28323,50442,20198,29244,49625,21398,28188,57510,23676,32771,75190,32359,42154,54869,20978,33389,48438,15731,32190,48540,15250,33033,47856,15215,32641,47409,15351,32058,47880,15838,31830,63408,22553,40379,81620,29844,50885,79542,26804,51563
78,78,147899,92789,26791,25259,3152,1188,276,169015,104855,36696,22717,4363,1023,432,0,0,183124,109266,39132,26474,5731,3196,238,176472,110507,36130,25029,3951,1179,254,22539,3264,185,68,3006,182091,110943,37688,26888,4559,2301,459,119851,82047,18314,17032,2250,871,190,121964,90078,14666,14347,2085,680,3,13950,1959,215,3,174,0,151693,98787,27343,18861,4388,2342,185,151693,98787,27343,16667,3670,215,27,4128,129822,94805,16013,16138,2099,848,4,0,0,0,0,133863,97106,16654,16826,2459,703,8,16074,2190,151,8,137760,97260,17698,18730,3016,802,31,17504,2666,142,31,63408,30966,31857,61933,28461,33472,75123,32971,39743,74032,27351,44144,67953,30542,37144,67879,29967,36947,66826,27305,38421,65631,28760,36816,73517,31648,40662,90607,42002,47890,71112,29391,41109,64779,24146,40060,64930,23635,40986,63671,23012,40659,62981,23217,39764,64066,24473,39524,75604,30249,44809,85979,35987,48978,84226,32633,50573
79,79,148364,109817,28462,7419,2982,1037,213,174269,124963,35465,10080,4203,875,181,0,0,183355,122714,43156,10620,4358,2875,280,180223,127581,38773,9585,4192,790,191,6990,3143,240,30,2651,187754,127772,43542,11041,4162,1343,72,115936,89567,19781,4514,2108,724,144,134817,104422,20783,6387,2465,551,30,6142,1999,285,30,207,0,149397,104769,32005,7089,3293,2212,208,149397,104769,32005,5070,2503,277,69,4110,139456,107661,22628,6145,2229,453,27,0,0,0,0,146916,109307,27427,6730,2351,774,19,5875,2051,58,19,153775,113810,29563,7019,2273,831,6,6105,1982,66,6,66587,29371,36404,63677,26669,37008,82836,29889,50389,81433,25560,52512,71646,27318,44053,71620,26092,44357,70528,23692,45493,69372,25604,43707,79439,28204,50001,101173,37284,63131,75860,25236,50080,67202,19341,47255,67376,18618,48488,66309,18581,47728,65678,18890,46788,66678,19904,46729,84014,25882,57631,102588,32025,69607,99863,29157,69455
80,80,153420,131231,17673,2132,2134,729,182,179086,148748,22430,4046,3241,747,178,0,0,183411,152105,21489,3148,3988,1953,223,180175,149562,22963,3732,3149,612,219,3131,2475,147,127,1449,179754,148798,22387,3738,4333,1050,212,134665,119246,12027,1516,1573,585,138,144752,130814,9341,1983,2060,376,64,1912,1837,160,64,116,0,163563,140602,15303,2250,3038,1523,170,163563,140602,15303,1571,2420,140,56,2994,147894,133370,9555,2341,2116,302,39,0,0,0,0,149903,133772,10650,2097,2686,477,53,1759,2107,102,53,156396,139661,11115,1963,2880,503,84,1562,2165,68,84,83818,32127,51034,85888,28761,57127,100522,34062,63626,99628,27999,68811,94405,32551,61631,94181,31403,61731,92857,28695,62965,91349,30217,61088,99806,33023,65428,118503,43726,74011,97876,31834,65395,92036,27515,63962,92183,26940,64992,90576,26233,64343,89693,26256,63437,91074,27870,63162,103653,33163,69937,115298,39519,74475,113956,35108,77965
81,81,168686,128320,28535,9476,2396,825,247,183803,135723,33794,10586,3569,615,36,0,0,182510,133932,33184,9875,3605,2033,227,186718,139377,31674,11244,4263,722,36,9708,3815,154,0,1822,180750,134728,30210,10836,4353,1296,154,143498,115577,19879,6168,1771,611,185,141820,121260,13579,4659,1889,455,0,4510,1767,130,0,54,0,160168,124169,24611,6872,2755,1521,144,160168,124169,24611,5875,2217,159,28,2634,143870,122825,13171,5051,2258,647,0,0,0,0,0,141400,119010,13917,5630,2201,537,25,5219,2033,121,25,147706,123245,14737,6546,2335,645,114,5805,2082,130,114,86186,31830,53707,87801,28352,59449,98294,33587,61272,96897,27242,67357,89122,30168,58836,88890,29605,58446,87860,27172,59758,86573,28254,58287,95622,31617,62698,113719,42177,70665,95271,30628,63908,90830,26375,63944,90930,26108,64577,89431,25309,64122,88852,25306,63546,89844,26731,63049,101953,32127,69290,113995,38630,74070,113250,34183,78275
82,82,153195,63002,70089,18224,1975,1839,511,180136,71107,85542,21603,2444,1790,75,0,0,183534,72386,86424,20506,3043,3775,250,187570,71730,91834,22275,2106,2099,303,19436,1512,991,0,1901,190788,70654,95734,22023,2318,4620,405,110979,50429,46944,12157,1407,1140,360,103319,57401,32825,10681,1294,844,0,10576,943,698,0,267,0,140061,60868,61572,14171,2212,2736,150,140061,60868,61572,12635,1664,341,17,2455,110295,58788,38085,11105,1213,789,0,0,0,0,0,117930,59049,44800,11625,1236,945,0,11242,902,375,0,122683,63470,44898,11767,1463,940,9,11130,1209,483,9,44167,19469,24159,45327,19957,25370,57799,23183,32596,56386,18842,35753,49811,19420,30242,49695,19302,29657,49200,18038,30451,48568,18691,29843,56051,21194,33916,74478,28781,45009,56954,19049,37395,53769,14629,38735,53879,14231,39415,53185,14282,38903,52842,14312,38530,52910,12035,39007,66714,20367,45882,83198,26226,56045,82193,23869,57392
83,83,179397,117324,41333,17259,2597,2503,246,185230,116242,45975,18903,2621,2339,201,0,0,178332,109187,44454,19396,2889,3699,316,186989,116042,46907,19140,2713,2278,324,16509,2327,910,80,3602,179916,109275,46721,18886,2923,3169,351,141749,100092,27031,12019,1813,1609,179,137615,98455,23558,12538,1346,1605,95,11994,1172,632,95,177,0,143384,94585,30237,14097,2203,2720,203,143384,94585,30237,12610,1733,587,51,3221,140730,99320,25218,12826,1464,1634,44,0,0,0,0,136365,94534,25762,12442,1515,1769,18,11858,1218,496,18,140052,96915,26442,12919,1642,1735,30,12251,1385,588,30,69702,27485,41078,65159,24930,40229,71799,22316,47159,70361,22006,44848,61322,19963,41129,61305,18986,41147,60827,17174,42579,60127,18665,41389,67484,20853,45347,81932,25011,56247,65380,18067,46728,59941,14441,44807,60066,13741,45905,59463,13229,46234,58892,14228,44664,57196,0,45557,70412,18478,51441,81588,21871,59068,80421,22730,56406
84,84,161617,99180,24174,35509,2760,1347,300,180524,104995,31013,41285,4565,1180,393,0,0,183408,99992,34266,43218,3863,3240,362,182129,104898,31297,42225,3680,1692,431,38965,2909,492,183,2745,185429,102564,32769,45602,4327,2441,286,128811,86476,15985,24131,1999,937,224,134837,90761,16049,25301,1753,656,54,24986,1646,345,54,332,0,149012,89319,23972,30560,3006,2513,252,149012,89319,23972,28019,2238,265,67,4394,138276,90937,17456,27580,1454,758,50,0,0,0,0,140895,89488,18798,29356,2173,1014,14,28426,1893,167,14,144129,88850,20684,31181,2298,1299,19,29820,2085,238,19,72532,39221,32478,71615,37252,34363,80912,37405,40964,79734,39061,38492,70652,35279,35075,70695,35021,34814,69933,32510,36183,68654,33646,34947,77433,37348,38939,94065,44997,48342,74492,32812,41030,67606,27249,39775,67639,26237,41062,66997,25768,41229,66274,26651,39623,67058,25666,41392,80876,34894,45469,95635,42122,52524,94270,42875,50116
85,85,148008,99606,23540,21789,3533,1364,345,168082,105993,31007,27629,4323,1528,53,0,0,182082,107174,34969,31904,5395,3137,400,174313,107008,33800,28881,5069,1035,84,24526,4160,364,18,3693,185448,107766,39435,31779,4978,1811,253,112884,80629,15521,14323,2459,900,252,123640,86520,18171,15426,2589,826,11,14629,2485,430,11,261,0,144502,90431,24886,22709,3966,2325,302,144502,90431,24886,19736,3038,238,68,5002,127098,87934,20225,15452,2612,627,20,0,0,0,0,139114,90341,26045,18770,2970,729,90,17450,2739,246,90,154147,96716,29618,22850,3512,710,107,21704,3141,122,107,67694,35693,31349,70551,35874,34677,83101,36680,43303,81819,38843,40642,73201,36209,36686,73209,35639,36699,72231,32766,38075,71092,34034,36987,80970,38006,41653,103214,47892,54450,80667,34725,45211,75565,30144,44735,75671,29051,46249,74840,28466,46374,74111,29066,45045,75015,28156,46859,92904,39247,53039,115400,49507,64669,113627,50074,61807
86,86,169214,133210,23565,9740,2495,1845,261,182249,138198,28182,11401,3720,1654,311,0,0,179269,131453,31243,10207,3917,3618,224,185073,139002,29647,12139,3525,1812,352,9496,2555,365,153,3326,181177,134882,30298,11775,3808,1578,240,139804,114745,16039,6909,1807,1323,198,141323,119485,11890,7408,1719,677,145,6939,1526,263,145,44,0,149344,115926,20982,7468,2812,2624,157,149344,115926,20982,6292,2125,189,43,3406,144891,121572,13109,7371,1865,740,155,0,0,0,0,142162,118740,13467,7104,2012,733,44,6305,1595,81,44,141729,116896,14878,6476,2321,906,68,5876,1784,193,68,87028,38525,47660,85919,34283,51636,95783,35288,56937,94619,37567,54916,86006,35039,50693,85864,33590,51417,84415,30260,52680,82964,31488,51393,92499,35718,55343,109223,42778,65475,89956,32241,56880,83577,27812,55059,83682,26823,56519,82522,25660,56862,81803,26418,55385,83100,25432,57668,95326,33298,61376,107583,38300,68026,105953,38409,66175
87,87,159278,115095,24698,15200,4234,1578,345,176144,122021,32052,15939,5971,1096,315,0,0,182880,124449,33356,16074,7041,3126,331,178317,122440,31642,17302,5678,1044,420,15020,4283,88,32,3556,181238,122765,33973,17187,5568,1209,87,131930,99954,18261,10467,3184,1111,268,132651,104531,15487,8932,2862,587,54,8677,2466,91,54,152,0,154022,110766,24401,11597,5387,2281,275,154022,110766,24401,9653,4387,131,45,3952,134375,107548,14295,9429,2915,575,44,0,0,0,0,136432,108541,15574,9025,3022,550,4,8240,2521,70,4,136856,108112,15675,9270,3428,635,0,8285,2918,73,0,77660,41097,35869,79420,38879,40541,89161,42962,42995,87754,40670,45132,79825,40236,39440,79310,39623,39027,78435,36968,40170,77008,37776,39157,86224,41887,43092,103971,51255,51753,83542,38390,44394,76655,32914,43049,76744,31829,44545,75858,31171,44687,75209,31381,43828,76053,32384,43669,88855,39216,48992,101032,44438,55202,99556,43504,54788
88,88,152571,40660,30363,78623,4758,1349,609,175197,37792,38123,95206,5522,993,492,0,0,175984,35745,42486,93247,6126,2596,345,176046,39654,37389,96270,5100,1004,497,89986,4136,35,8,4191,181972,40267,40986,97829,6064,1599,549,113526,35274,21628,53961,3643,935,437,107236,31442,17466,55394,2365,417,4,54513,2141,35,4,345,0,132898,31441,30782,66515,4779,1897,271,132898,31441,30782,62370,3997,174,54,3365,109979,32320,17553,57603,2215,377,10,0,0,0,0,112465,32682,18640,57158,3149,505,14,55629,2903,60,14,118308,31447,21072,60809,3658,892,15,58905,3408,121,15,51830,41622,9851,53691,43799,9892,59663,46054,11981,58486,43238,13857,50722,40218,10328,50593,40726,9541,49923,38880,10284,49529,39562,9883,56224,43428,12025,68429,51455,16293,48308,35826,11986,37163,26189,10522,37246,25522,11393,36889,25517,11372,36618,25798,10820,36677,26360,10317,49981,35203,14302,60929,41435,18643,59714,40983,17656
89,89,154554,56043,70835,25471,3752,3381,538,171347,50745,86786,30980,4612,1793,314,0,0,177515,45674,95798,32124,4966,6040,371,170052,48451,86433,31609,5559,1587,498,27226,4699,120,48,2809,173882,44150,93982,32150,5669,1652,543,115849,47254,50171,16586,2777,2338,385,93028,42406,32837,14358,2644,677,55,13957,2557,104,55,248,0,134359,39349,69210,22354,3766,4237,303,134359,39349,69210,19256,3041,157,111,2636,94719,40165,34894,15355,3036,620,50,0,0,0,0,96210,37154,39212,16024,2808,340,140,15694,2697,36,140,96901,36091,39897,16866,2827,345,175,16544,2674,125,175,43775,27517,15829,43158,28538,14620,49832,30924,17228,48620,28570,18517,41175,26504,14536,41046,26439,14111,40451,24925,14757,39711,25523,14124,46497,28641,17070,58363,34478,23313,41591,23670,17449,33654,17035,16083,33715,16508,16900,33377,16669,16708,33086,16886,16200,33470,17966,15504,44354,23188,20731,54356,27158,26439,53012,27148,24916
90,90,159464,95043,18334,42447,4043,862,384,177044,97975,24500,49544,5058,796,514,0,0,179439,96623,26023,49521,5494,2050,255,180709,96976,26312,51795,5244,873,253,48642,4089,89,50,3797,181275,90576,28917,56234,4894,1121,200,131934,85659,13470,29879,3014,622,268,130788,85622,14088,27281,2540,469,163,26891,2313,100,163,648,0,151729,88856,20161,36492,4370,1578,192,151729,88856,20161,33862,3444,167,48,4260,134085,84330,15689,29496,3052,565,239,0,0,0,0,133966,80795,16748,32164,2946,595,75,31329,2508,24,75,136518,81553,17624,32724,3391,634,41,31523,2982,60,41,73346,46697,26121,73656,45879,27777,81858,49008,30410,80114,45970,32040,72771,45470,27117,72610,45601,26473,71833,43310,27368,70635,43979,26590,78931,47785,30039,95294,57564,36883,73527,42189,30649,64032,34318,28894,64158,33455,30351,63484,33151,30333,62951,33428,29523,63553,35448,28105,77012,42440,33970,88676,48402,39153,87072,47671,38262
91,91,158494,125607,19494,8102,4604,591,186,171826,129089,26664,8209,6160,865,307,0,0,180714,124824,28829,11885,7855,1578,255,176580,129503,28371,10228,7207,729,250,8325,6225,85,27,2862,182420,127621,29049,11894,7631,1684,197,133450,108200,15218,5933,3502,420,149,130175,104950,15474,5373,3475,661,30,5038,3276,114,30,252,0,152122,108862,22281,9245,5991,1220,166,152122,108862,22281,7334,4878,112,37,6915,133135,105235,17078,6147,3912,456,25,0,0,0,0,137345,106655,18710,7124,4178,512,25,6487,3727,35,25,141085,108471,20206,7478,4233,421,8,6710,3410,32,8,83287,45966,36825,82431,41233,41198,90144,46862,40851,88253,42138,44302,80561,43155,37265,79797,42382,36869,78954,40501,37036,77814,41520,36188,86855,44831,40940,103933,53932,49270,83773,41397,41756,76409,35566,40211,76533,34628,41633,75605,34163,41442,75057,34276,40781,75695,36305,38500,88579,41395,46632,100734,45482,54035,98886,44654,53107
92,92,156448,124272,16440,10449,4925,510,158,176383,128803,25187,15014,7290,957,26,0,0,179284,126127,25483,15408,7547,1503,185,179040,129861,27861,14260,6891,869,26,10854,4981,301,10,3979,180142,124239,28795,17240,7045,1941,177,131089,108098,11954,7147,3558,339,117,137516,110311,14697,7970,3650,313,10,7660,3223,195,10,505,0,151592,111641,19202,11368,5673,1095,146,151592,111641,19202,9440,4861,110,30,5048,138561,110358,16256,7555,3561,439,10,0,0,0,0,140432,107982,18142,9406,3727,663,20,8573,3438,173,20,142577,109920,17680,9609,4491,541,48,8587,3910,111,48,89376,60741,28200,88017,55497,32520,98770,59532,37214,96720,55254,39651,90307,55954,34187,89857,55402,33873,88881,53150,34004,87428,54524,32832,96443,57970,37433,114899,68554,45715,95019,55128,39332,89114,49871,38585,89266,48909,40043,88227,48085,40142,87688,48831,38857,88510,51504,36826,101131,56156,44433,113837,60857,51810,111915,60625,50281
93,93,161312,99623,33592,22182,6597,944,359,184480,97273,48164,32595,7940,855,131,0,0,180537,90987,48806,30528,9453,2329,315,183562,94300,49268,33074,8794,1068,143,28306,6870,186,70,3937,179664,89125,47947,33382,8780,1055,195,122062,79877,23371,14501,4570,633,248,124208,77703,24883,16597,4256,489,75,16292,3829,195,75,237,0,140854,76190,35176,21588,6880,1746,217,140854,76190,35176,18924,5815,140,39,3723,124213,75654,25989,17142,4449,521,70,0,0,0,0,125254,73821,27521,18371,4754,414,80,17720,4285,24,80,127925,72761,29766,19503,4882,639,11,18527,4414,27,11,72498,43323,28735,74634,42767,31867,83525,45292,35874,81863,42184,37829,73846,42260,31445,73636,42032,31028,72653,39415,31923,71287,40560,30661,80492,44157,35245,97731,53669,43253,76370,39967,35770,68054,33640,33765,68160,32656,35180,67437,32233,35204,66932,32635,34297,67574,34855,32719,81437,41081,39744,94781,47287,46350,92957,46924,44683
94,94,163281,92796,29664,36897,4555,863,352,173761,90425,37284,40954,5289,833,454,0,0,178736,92460,39181,39381,6198,2449,314,177570,93239,36244,42590,5143,1173,292,39697,4242,102,0,3437,176239,91455,36415,40088,6862,1616,346,126264,76514,20681,25931,3337,620,255,127093,76218,20824,26300,3111,528,4,25958,2871,50,4,349,0,144186,79557,28892,29332,4814,1842,239,144186,79557,28892,26825,3789,185,52,4053,131308,78955,22120,26474,2831,738,0,0,0,0,0,130870,78083,23007,24844,3892,802,96,23974,3129,138,96,135895,78143,26510,26357,4104,892,120,24917,3245,85,120,71719,41431,29733,73504,41379,32125,82090,41732,38138,80714,40405,38549,72922,38336,34420,72359,37708,34007,71705,35652,34854,70465,36722,33657,79234,40287,37974,96766,48028,47963,77002,36313,40123,70504,30591,39273,70634,29794,40528,69883,29353,40530,69262,29790,39472,69724,29980,39744,84202,37805,45832,100054,44580,54399,98129,44438,52187
95,95,157414,88065,31520,29853,8214,828,413,181861,87405,45404,40686,9448,901,205,0,0,181346,76562,44785,42579,11797,1942,337,184472,87589,43883,43482,9599,420,408,38002,7481,54,13,5270,181946,78305,43633,46384,10860,1871,288,120289,70704,22986,20560,5956,587,299,123013,67612,26022,23853,4963,174,60,23137,4708,109,60,378,0,141565,62947,33879,31262,8809,1484,263,141565,62947,33879,27384,7267,153,52,7615,125229,67257,25928,26308,5177,220,15,0,0,0,0,124634,62294,26709,28743,5982,548,0,27454,5514,275,0,126084,60364,29100,29480,5753,516,45,28253,5321,239,45,67436,42438,24584,67536,42144,25392,79359,48372,28870,77566,45552,30212,66218,42993,23075,68220,43568,24110,67191,42337,23820,66809,42986,23766,75352,46717,27636,93723,57466,35533,69655,41250,27795,59923,33691,25680,59995,32426,27176,59033,32502,26531,58700,32308,26392,59061,33577,24512,74446,42336,31509,87959,48700,38059,86556,49263,36055
96,96,157882,79459,38826,31993,8990,833,378,172433,67972,51881,45974,9244,1437,220,0,0,180503,62407,57393,49738,11368,1918,363,174745,67831,52083,46870,10000,1820,191,40310,8115,296,22,4266,178352,61791,56840,51347,10807,1435,75,120339,64692,28265,21551,6507,559,272,113960,54413,28947,25427,4514,317,39,24617,4185,155,39,345,0,141086,52772,43627,35708,8553,1448,274,141086,52772,43627,31102,7111,154,63,4789,119205,54705,31490,26838,5336,434,19,0,0,0,0,123190,51405,34640,30027,6186,566,55,29015,5962,55,55,124992,47625,37365,32350,6704,536,0,31352,6268,49,0,71771,47847,23512,72982,48636,24346,81267,52943,25864,79535,50330,27356,65777,45302,20334,68086,46242,21306,67070,44883,21075,66636,45636,20934,75675,49969,24609,92270,59992,31527,67808,42957,24190,56165,33854,21768,56213,32741,23065,55352,32887,22465,55103,32921,22182,54791,33426,20887,70946,43109,27237,83795,49250,33377,82477,49920,31288
97,97,160606,38623,29933,88602,5558,1031,735,171155,30216,36708,99423,7024,2218,460,0,0,181456,27544,38957,110559,6494,1808,454,172145,30431,34887,99975,8948,2010,833,94329,6513,240,238,4555,176975,27192,38896,106175,7955,2039,408,122310,34410,22912,61898,4313,721,592,105480,24573,20616,55669,3444,558,64,54753,3038,171,64,714,0,141121,24672,30463,81759,5269,1426,371,141121,24672,30463,76007,4033,213,50,4442,107640,25223,19983,56429,4510,545,125,0,0,0,0,113129,23239,23589,60783,4413,574,143,59071,4170,32,143,116437,21535,23977,65845,4280,708,57,63691,4104,156,57,61117,49446,11347,64072,53707,10365,69212,56358,11392,67811,54246,12309,57687,48655,8910,59855,50546,8969,58976,49080,9209,58593,49353,9180,65352,53737,10925,78938,63581,14789,56472,45173,10843,44632,34573,9618,44668,33843,10452,44038,33991,10047,43904,34098,9806,43108,33961,9147,58650,45387,12803,70421,53150,16487,69485,53188,15307
98,98,161631,66679,29188,62312,3357,968,466,180489,61352,40297,74134,5350,4000,229,0,0,183663,56677,44411,70698,4904,2322,310,182596,59504,45154,74245,4741,3038,242,69628,3305,261,36,3294,185017,56458,48922,72080,5121,5301,200,129187,59895,22155,43994,2646,705,365,112589,48624,17556,43222,1986,658,14,42476,1861,205,14,603,0,147364,51480,34086,51525,3978,1864,242,147364,51480,34086,47799,3053,186,58,7978,112738,45685,20319,44086,1531,587,34,0,0,0,0,115663,45869,23425,43329,1924,817,49,42227,1762,133,49,117262,44846,25905,42772,2566,816,67,41647,2195,114,67,60054,44506,15112,60137,44870,15267,67534,48474,17430,66025,46835,17639,55007,41293,13578,57345,42547,14400,56512,41446,14325,56171,41731,14381,63179,45780,16604,77057,54182,22256,56687,39188,17001,47171,30926,15745,47222,30089,16758,46535,30172,16363,46341,30247,16094,46038,30371,15246,59464,39349,19646,70159,45108,24290,68939,45573,22415
99,99,169512,48209,23428,95897,3461,1017,640,193496,48356,32813,110654,3163,1513,387,0,0,180790,43855,33436,99818,4365,2327,377,193498,49231,32418,108974,3551,1322,305,105104,2387,203,45,3404,188399,44556,34402,106265,3085,1775,501,129949,42509,17612,68040,2667,748,491,123322,41562,16277,63311,1357,473,73,62437,1112,191,73,334,0,142035,39210,25493,73885,3488,1853,313,142035,39210,25493,69475,2517,246,40,4163,125553,41560,16811,64641,1873,460,48,0,0,0,0,121034,37994,18620,61429,1998,657,198,60172,1693,158,198,121664,37317,19566,61572,2250,651,132,60285,1809,124,132,71637,57571,13577,73944,60361,13583,77036,60516,14783,75561,58844,15218,64009,51974,11894,66135,53391,12342,65182,51855,12559,64740,51997,12691,71957,57055,14133,84609,65662,18337,63355,48637,14234,51886,38500,12889,51910,37540,13959,51274,37608,13666,51070,37607,13463,50494,37589,12638,64557,47811,16277,74615,53458,20314,73663,53909,18669
100,100,165562,124360,21797,15115,3322,944,295,169983,116042,30849,18647,4486,1188,196,0,0,182865,121383,33328,17788,5286,2326,277,169648,116480,31388,16653,4815,1291,335,14075,3269,309,165,3247,176218,114363,33411,19242,5124,1733,244,143114,111331,17091,10975,2721,796,236,129594,98766,17445,10520,2098,664,28,10017,1769,328,28,188,0,159791,110714,26751,13274,4263,1873,200,159791,110714,26751,11035,3275,212,56,6092,131073,100149,18433,9227,2303,690,73,0,0,0,0,135734,99273,21692,10633,2995,852,55,9521,2183,273,55,137415,99398,21700,11520,3690,686,56,10355,2725,253,56,81548,41042,39858,83491,40033,43458,91948,44496,44656,89951,42996,44761,76186,39702,36314,79487,39881,38984,78348,38700,38513,77727,38808,38857,86846,43118,42537,105442,52815,51827,83171,39601,42878,75747,34440,40686,75823,33293,42167,74693,32852,41841,74255,32589,41666,74561,33890,39462,87909,40637,46712,98861,45056,52727,97324,45301,50895
101,101,158484,89178,43848,20956,5368,1590,301,174336,79189,63597,25646,8074,1800,426,0,0,179020,80206,63444,26843,7904,2621,377,174549,75736,68716,25329,8476,1585,169,18828,6664,699,2,3560,175009,74396,69687,25564,7468,1718,367,130384,77115,34330,15126,4297,1132,228,115940,61516,34812,14002,4272,890,191,13191,3824,601,191,353,0,147079,69139,50673,20079,6335,2055,296,147079,69139,50673,16514,4869,454,94,4231,116740,57940,39722,13445,4519,752,4,0,0,0,0,116508,57124,40044,13905,4205,902,144,12959,3737,685,144,119254,56291,40778,16170,4486,781,363,14945,4003,422,363,61684,39221,21944,61902,39030,22872,68450,41061,25241,66663,38885,25933,54452,34591,19713,56119,34660,20875,55122,33635,20480,54671,34281,20320,63343,37990,24347,79312,44940,33714,57308,32088,24651,47632,24442,22669,47686,23700,23653,46878,23813,23065,46656,23719,22937,46462,24512,21950,60297,31042,28782,71099,34161,35962,69575,34946,33517
102,102,165862,96356,43440,18571,8572,897,276,180540,83738,62052,23358,12213,1258,339,0,0,183490,79609,66432,24858,12986,1961,326,186286,81976,65556,25974,13652,1365,352,21126,10329,198,179,4937,184724,77021,67250,29181,13855,1366,166,128157,76912,32225,13292,6345,591,203,126879,67345,39229,13767,5588,435,122,13240,4805,90,122,438,0,144997,65823,50593,18624,9702,1470,246,144997,65823,50593,14716,8008,158,40,4562,130463,66394,41448,14915,6274,482,165,0,0,0,0,128149,61978,42687,16063,6071,320,0,14846,5336,100,0,128776,59147,43115,17257,7202,565,138,15920,6557,201,138,81674,49079,32117,81323,48116,33207,92331,54101,35425,90410,50671,37629,76996,47537,29283,78989,47287,31047,77598,45928,30411,76928,46207,30649,86795,50993,34572,104891,60404,43639,80173,45013,34420,69400,36786,32000,69462,35669,33400,68324,35497,32827,67993,35335,32658,67734,36471,31263,84274,45003,38638,97917,50270,46281,96327,51371,43620
103,103,175233,61912,78527,24378,12521,891,251,184277,60070,87142,24069,16355,1084,738,0,0,182670,44802,94681,26698,16685,1799,278,185780,58879,84546,30590,15737,1531,630,23602,11720,142,147,5583,181679,50836,87924,28265,16015,1983,266,124257,44233,55643,17029,8653,562,181,117057,40636,53208,13635,8325,309,150,13152,7701,159,150,849,0,138088,35015,71223,19842,12000,1347,204,138088,35015,71223,15928,10287,116,34,4519,120000,41260,51515,18318,7339,323,145,0,0,0,0,116840,37385,52110,17993,8015,334,210,17279,7598,40,210,117863,34937,55238,18819,7940,424,55,18055,7526,40,55,73563,43204,30017,75945,45252,30693,87604,55182,29761,86267,48139,36479,71636,45184,26323,73597,45804,27262,72446,44276,27048,71918,44480,27376,82194,49768,31334,102047,60080,41171,76025,43619,31726,65371,34262,30565,65412,33326,31714,64566,33615,30951,64276,33184,31092,64252,34754,29498,80943,43312,37045,95077,49343,44425,93905,49226,43565
104,104,153031,24068,55881,70697,6476,757,394,172240,23501,67638,77551,8330,786,290,0,0,176085,18079,78434,75490,8491,1564,297,172991,22193,69217,79349,7894,978,345,71497,5943,288,24,3251,171736,20049,72688,77637,7146,1415,213,114315,19990,42570,49585,4852,496,317,115236,19094,42269,48762,4176,384,20,48396,3928,309,20,614,0,138416,15119,62721,56995,6574,1208,227,138416,15119,62721,50801,5472,138,29,3062,115607,17938,43261,49494,3918,369,25,0,0,0,0,114772,16330,45519,48716,3524,238,0,48019,3298,184,0,115321,16437,45967,48496,3918,302,4,47681,3742,161,4,61070,47602,13178,64119,51552,12567,70442,55021,13844,69251,51158,16871,58034,46060,11871,59552,47356,11807,58769,46091,11967,58411,46225,12111,66374,50875,14787,82308,59528,22232,58731,42424,15831,47447,31748,15240,47440,30958,16100,46826,31166,15660,46603,31147,15456,46458,31932,14526,62240,41596,20173,75439,47926,26686,74341,48208,25183
105,105,170641,45090,56028,68261,5401,1303,760,195674,42053,72717,79501,5043,1574,649,0,0,183727,34243,72891,74094,6325,2945,340,195428,40875,75639,79832,4704,2473,733,70621,3519,530,114,2990,191518,37384,75487,79398,4892,2718,381,128894,38315,42117,47114,4026,911,601,124200,32863,39632,48048,2545,599,93,47265,2302,334,93,434,0,143605,29056,57118,54786,4968,2257,281,143605,29056,57118,48682,3808,223,46,3501,124678,31979,40575,48530,2499,533,144,0,0,0,0,123751,29710,42069,48510,2645,608,30,47476,2443,220,30,120441,27485,44264,45436,2235,587,32,44390,1955,88,32,62455,47795,14239,65692,52173,13519,71935,54374,15501,70420,51807,16929,55177,43402,11644,58832,45988,12334,57783,44459,12476,57357,44737,12562,65787,49687,15202,81102,58122,22281,56694,40495,15636,44277,29473,14328,44257,28627,15220,43629,28918,14711,43485,29039,14446,43193,29403,13790,59023,39305,19238,71393,44920,25609,70117,45640,23344
106,106,175311,80448,83043,8982,4315,854,200,181547,76019,92966,8721,4873,835,168,0,0,180735,79269,83678,8657,5034,1621,197,181358,73161,95693,9082,4365,784,302,5400,3353,149,244,2044,178457,70509,91335,9887,5340,687,97,149807,68634,71234,7455,3674,701,160,112434,52714,52177,4737,2396,416,0,4402,2198,200,0,39,0,152281,66196,71203,7310,4186,1286,165,152281,66196,71203,4549,3036,99,29,5776,112735,49363,55969,4787,2170,373,0,0,0,0,0,112153,49141,54701,5203,2729,302,0,4758,2248,100,0,110115,50111,51291,4997,3124,338,22,4441,2391,159,22,64293,39235,24659,62463,37737,24726,71530,44831,24725,69926,39165,28952,58788,36365,22306,58509,35354,22546,57289,34297,21654,57108,35133,21892,66560,39291,26230,83642,45749,37278,62463,34211,27685,53930,26407,26973,54067,25744,27975,52988,26119,26869,52667,25565,27102,52667,26506,26161,66945,32568,33838,79659,35716,42867,77774,35607,41146
107,107,172040,24770,46513,100874,4416,1024,828,179337,23968,53289,100534,3184,1114,199,0,0,183505,23420,64308,94225,4576,1628,223,180628,22959,54735,102721,3170,907,170,97255,2316,555,48,1856,183457,21746,61583,100371,4151,824,345,129390,19565,36608,72894,3509,708,659,111352,16277,29920,62686,1631,620,30,62461,1564,454,30,269,0,143948,17872,52046,72508,3688,1289,193,143948,17872,52046,66656,2876,129,31,3396,113207,14641,31960,64332,1475,553,50,0,0,0,0,115510,14307,35331,63135,1894,523,60,62403,1693,333,60,116546,14996,37442,61250,2160,430,66,60118,1888,127,66,66624,56953,9298,64186,56136,8050,69895,58455,9940,68636,54584,12609,58946,49842,8969,59018,50051,8534,58108,48472,8762,57650,49315,8211,65459,53631,11062,78652,60453,17645,56142,43877,11789,43435,32009,10912,43594,31394,11736,42626,31208,11418,42197,31164,11033,42663,32611,10052,57756,41413,15864,69894,46676,22459,68849,46798,21057
108,108,178390,22055,48963,109317,3360,1341,1058,193358,19980,62029,112367,3482,424,599,0,0,181345,23013,63365,94941,3664,1780,226,192167,19587,62488,111148,2985,621,400,104440,2262,185,157,1952,186925,21666,65371,100684,2612,1113,287,136467,18892,38824,79883,2685,938,858,114475,15509,34341,62235,1685,252,200,61897,1503,177,200,296,0,145415,19746,51503,73708,3025,1413,177,145415,19746,51503,67515,2206,120,27,3406,114285,15413,34799,61753,1518,344,155,0,0,0,0,112380,16731,36241,57263,1509,303,106,56515,1391,77,106,114571,17410,37245,57466,1985,358,12,56688,1756,123,12,61830,53680,7726,63951,56769,7182,67719,57875,8252,66224,53410,11187,56683,49121,7412,56696,49518,6768,55743,47620,7289,55345,47784,7430,62824,52976,9038,74643,60365,13657,53812,43815,9488,41767,32362,8857,41889,31802,9654,40736,31369,9367,40244,31185,9059,41029,32817,8212,54688,41745,12473,65557,47661,17046,64373,46985,16293
109,109,165482,6617,78728,87225,1105,1157,345,185820,9257,99295,84950,1211,591,352,0,0,183366,9262,104034,75947,1767,2020,171,187121,9899,100814,82917,1493,551,247,73690,1021,152,38,942,187363,8970,107165,76595,2019,718,139,125063,4900,62507,63130,884,862,264,106823,5821,47385,52639,610,197,69,52506,589,114,69,113,0,144240,7005,84186,57781,1429,1586,135,144240,7005,84186,49543,923,96,16,1905,108387,5886,49262,52063,890,199,39,0,0,0,0,109392,5564,52772,49914,873,162,59,49405,804,74,59,110482,6899,54503,47478,1331,317,30,46688,1156,105,30,54860,47861,6647,53943,48475,5468,55134,47297,6820,53876,42494,10100,42688,35937,6625,42678,36619,5618,42022,35118,6199,41704,35318,6276,49583,40680,8304,61650,46579,14590,42260,32808,9094,31765,22627,8683,31725,22237,9026,31023,22227,8796,30816,22313,8503,31276,22922,8354,43930,30599,12914,54608,35284,18767,53204,34558,17641
110,110,177891,14780,149834,15097,2698,441,155,185964,11390,162992,12632,2538,264,13,0,0,178199,11812,155958,11687,2498,1074,112,181787,11295,160190,11545,2159,640,17,8159,1413,128,0,493,179022,9475,158211,11922,2472,626,40,137725,9904,117997,11177,2092,314,128,111756,7806,95663,7027,1189,58,0,7002,1145,39,0,0,0,144796,7827,128734,9417,2012,836,84,144796,7827,128734,5609,1456,39,11,814,111091,7067,96336,6311,1157,224,0,0,0,0,0,110857,5939,97366,6155,1227,124,0,6073,1174,0,0,110436,6474,96845,5413,1293,171,49,5259,1242,34,49,59757,27126,32365,58439,29474,28965,67029,35088,30042,66135,28015,36789,51871,24073,27714,51552,23450,27446,50346,22385,26941,50439,22815,27542,60720,27297,32590,77898,30765,46655,56519,21946,34104,47821,13889,33565,47880,13740,33853,46977,14192,32785,46702,13748,32954,47414,13386,34028,61171,19477,41314,74129,22122,51436,72661,22244,49559
111,111,147171,11570,129992,5707,2692,338,60,169765,9509,154714,4792,3003,301,14,0,0,182977,13276,160998,5548,4020,1118,126,175376,11687,157746,5360,3526,305,0,2391,3031,6,0,285,183399,12361,164487,5403,3779,801,63,112580,6605,101430,4779,2002,252,57,89795,4977,81585,2163,905,89,0,2113,860,65,0,45,0,145230,7817,130870,4570,3080,898,104,145230,7817,130870,2041,2398,54,16,1668,93446,5419,84821,1857,1070,32,0,0,0,0,0,96035,6066,86855,1512,1321,76,20,1504,1257,10,20,98830,6193,89191,1847,1175,127,30,1740,1137,12,30,40333,17316,22799,40029,20702,19327,55483,32352,21424,54596,24112,29360,43341,21713,21528,42958,21427,20917,41857,20263,20595,42091,20668,21342,51596,24998,25838,71911,30213,41261,49785,20626,28727,43072,12949,29724,43103,12935,29867,42285,13643,28642,42026,12937,29089,42712,12623,30075,57095,19142,37586,71932,22878,48428,70557,22180,47534
112,112,185462,11093,170946,7324,1055,414,118,188570,8465,176786,6899,1533,214,89,0,0,179362,9761,165856,6354,1205,1040,125,186882,8549,174836,6374,1350,248,171,1993,952,18,29,387,177194,8206,165743,5792,1318,432,85,152418,7223,142402,6192,853,329,90,99066,5719,90939,1441,866,85,25,1361,842,17,25,54,0,151343,6158,142241,5415,972,819,106,151343,6158,142241,1591,514,47,5,560,103292,5618,95047,1782,821,67,29,0,0,0,0,98989,5155,91512,1733,458,82,4,1702,403,58,4,98093,5130,90217,2344,239,156,45,2283,193,86,45,51334,18301,32665,50684,23386,27298,56908,28456,27032,55875,21707,33025,42580,17614,24850,41992,17128,24140,40451,15787,23595,40685,16512,24103,50235,20610,28943,64283,22815,41128,46121,16301,29489,38215,9363,28533,38245,9511,28504,37030,9907,27123,36696,9407,27289,37829,9158,28671,48869,13821,34815,58852,15931,42544,57081,15486,40908
113,113,156297,29407,120378,7352,2850,792,163,171217,30651,133845,6991,3076,1258,49,0,0,182742,37645,131546,8329,4663,2223,192,175635,31536,136329,6746,3576,1470,44,3284,2437,183,25,1529,174501,30584,133060,7361,4726,1706,157,130454,23951,100884,6307,2439,610,114,91731,21816,65292,2855,1598,128,25,2669,1539,45,25,20,0,153773,31911,110618,6989,3954,1764,161,153773,31911,110618,3149,2994,63,12,4139,96459,22191,69070,2984,1834,267,25,0,0,0,0,99035,21849,70440,3807,2372,321,15,3565,2073,250,15,102768,24833,69543,4032,3478,379,16,3614,2985,232,16,44516,21762,22477,47502,26504,20998,56971,35907,19104,55816,29191,25267,47352,28351,18908,47053,27853,18590,45544,26489,18112,45760,26726,18951,53697,31086,21748,69882,38737,30556,50106,27302,22292,42575,20390,21755,42604,19985,22325,41718,20421,21297,41479,19635,21844,42345,20527,21818,54020,26514,27056,64615,30181,33461,63173,29375,32882
114,114,174890,38329,125822,9735,3558,433,100,192886,33551,148026,10135,4242,907,144,0,0,181962,34008,134266,10443,4266,1361,186,190924,33362,145170,9580,5246,645,89,6968,3903,46,0,1176,181635,32564,134939,9175,5620,720,82,143638,30810,104256,7696,2988,344,84,118028,25353,85615,5100,1627,285,0,4973,1254,70,0,72,0,151972,27587,113219,8805,3404,1129,161,151972,27587,113219,5798,2572,42,46,2161,115821,24095,84132,5392,2115,154,0,0,0,0,0,114630,24455,81792,5784,2370,157,0,5352,1913,20,0,115223,25012,80899,5982,2919,307,12,5353,2257,75,12,71186,33547,37142,71256,35960,35296,77536,43800,31014,76669,35983,39151,65484,35131,30222,65189,34110,30391,63375,32465,29772,63539,32748,30724,72593,37578,34009,88370,44021,43697,68483,33613,34278,60536,26422,33609,60568,26020,34200,59530,26333,33197,59237,25414,33823,60191,26543,33648,72349,32677,39231,83665,37074,45568,82338,36229,45241
115,115,172090,53042,101238,13749,6209,561,247,179824,46260,115055,13187,7200,641,384,0,0,183386,42964,121168,12870,7431,1577,151,178775,48082,112054,12996,6945,622,309,9180,4965,87,19,3261,178393,46674,113761,12276,6687,1450,46,132497,41336,77987,9895,4727,399,167,117391,33065,72541,7938,3324,254,15,7607,2986,75,15,280,0,146786,34894,96680,9931,5983,1278,111,146786,34894,96680,6714,4721,68,25,2996,117350,34550,71899,7102,3126,236,0,0,0,0,0,119795,33449,75952,6548,2994,300,30,6074,2606,41,30,120706,32888,76764,7133,3088,302,48,6650,2829,60,48,77470,38261,38652,77925,39664,38261,86177,46507,36567,85133,39719,43553,74298,39790,34355,74102,38312,35069,71972,36390,34253,72326,37020,35203,81872,41589,39100,100692,49051,50873,78445,37125,40668,70547,29475,40495,70588,28961,41241,69506,29084,40422,69196,28538,40658,70070,29598,40472,83869,36288,47081,96862,40363,55449,95616,40725,53840
116,116,175880,20081,149840,5307,3245,397,105,183431,16475,160367,4779,4345,542,103,0,0,182984,16607,158381,5918,3942,1330,158,183596,17631,158227,5566,5160,378,85,2679,3925,26,17,950,177385,17454,151364,6806,5160,420,66,144489,15406,124024,4488,2731,323,89,112732,12330,96712,1874,1582,163,65,1839,1548,110,65,34,0,153522,12647,134191,5097,3236,1035,129,153522,12647,134191,2461,2537,39,26,1261,114201,12566,97197,2288,1853,86,15,0,0,0,0,114548,12578,97178,2506,1836,81,35,2348,1637,58,35,113777,12289,96363,2687,1411,237,59,2404,1194,192,59,68962,26692,41921,67947,30910,37037,75578,38195,34775,74622,29926,43078,60779,27558,33088,60365,26566,33001,58603,24961,32405,58988,25661,33239,69335,30282,37984,86737,34487,51633,65063,25292,39153,56334,17146,38733,56395,17042,38959,55382,17561,37821,55126,16950,38176,55980,17534,38432,69245,23104,45694,81194,26297,54153,79838,26154,52772
117,117,145113,13443,77949,55160,2725,718,378,172762,11576,107399,56408,3187,550,211,0,0,182260,12874,115926,54997,3113,2140,178,171069,13974,106224,54207,2978,666,158,45650,2041,260,64,1913,182255,13384,118201,54325,2768,1223,367,102017,10208,55566,36792,2068,495,288,92228,7718,50184,32276,1365,276,40,32064,1310,176,40,358,0,135281,8930,88018,39141,2400,1654,137,135281,8930,88018,34007,1694,105,18,1932,94134,8959,52629,30838,1357,228,65,0,0,0,0,103203,8587,62104,30708,1459,331,60,29772,1387,153,60,108670,9199,66793,31418,955,303,35,30471,913,45,35,41661,32384,8931,42408,34674,7734,50826,39294,10229,49964,35046,13589,41572,31382,10086,41456,31668,9336,40581,30242,9565,40757,30823,9861,48070,34882,12506,64203,41608,22101,43604,28565,14643,35176,19840,14975,35197,19447,15388,34716,19731,14985,34548,19683,14865,34842,19601,15189,49396,27684,21347,64386,32678,31155,63269,32728,29572
118,118,178030,20582,144245,12133,3979,431,154,184703,21277,150822,11081,3992,650,115,0,0,183694,16118,155251,10487,4059,1279,138,183306,25390,144888,10570,4346,719,182,7716,3317,172,0,1146,179171,21987,144081,10717,3950,880,277,139309,14698,114546,9116,3116,307,123,117282,14897,93572,6235,2251,135,0,5804,2221,125,0,177,0,150228,11527,128798,8411,3307,968,98,150228,11527,128798,5309,2419,74,21,1591,118381,16550,92351,6397,2349,208,0,0,0,0,0,119330,14861,95354,6387,2015,226,20,6177,1953,146,20,121545,12789,100404,5393,2279,214,35,5149,2127,54,35,67132,30220,36544,67276,33846,33430,77507,41177,33726,76591,32668,42340,62204,30228,31854,61941,29436,31784,60161,27760,31116,60683,28396,32207,71560,33193,37319,91724,38073,53075,67734,27529,39621,58871,18618,39799,58885,18306,40222,58036,18815,39221,57712,18284,39428,58425,18358,39993,74220,25390,48402,89821,29058,60021,88410,29411,58033
119,119,168599,19838,136316,10279,5239,503,169,191230,22559,155829,9480,5378,481,250,0,0,183655,16023,154342,9678,5886,1520,124,193785,22575,156638,9262,5990,459,233,6180,5004,132,0,1705,187668,20525,153088,9556,5334,632,246,126203,12826,103935,7746,3937,350,134,120131,14288,97593,5016,2818,197,0,4787,2655,94,0,230,0,146300,10949,124641,7861,4610,1217,97,146300,10949,124641,4601,3592,76,17,1865,123345,14529,100434,4752,3107,182,0,0,0,0,0,124606,13710,102167,5261,2864,179,55,4983,2672,76,55,122658,11904,101945,5097,3125,188,110,4646,3000,119,110,57902,28843,28739,58370,32213,26157,74075,42959,28616,73011,34167,37241,59326,31763,27441,59100,31015,27331,57537,29373,26885,57924,30105,27723,68735,35023,32691,90062,40912,48558,65128,29170,35360,56076,19853,35718,56134,19438,36320,55388,20045,35343,55073,19533,35540,55713,19663,35963,72053,27162,44422,88320,31253,56209,86979,31549,54429
120,120,149087,68403,60954,18506,2383,1248,332,164533,64226,77141,22921,2971,1714,312,0,0,183229,69059,87804,23298,3724,3916,320,168391,64376,78871,24473,2712,1872,309,21040,1872,71,148,1633,182790,65581,88740,27329,3321,3207,446,116261,59056,43347,12558,1776,970,251,103820,53283,36343,12339,1538,285,15,11989,1385,93,15,54,0,145013,60294,65096,16822,2810,2972,233,145013,60294,65096,13892,1889,214,77,2933,106285,53323,37554,13726,1285,285,34,0,0,0,0,117972,55105,45875,14574,1376,786,44,14042,976,197,44,118990,55888,45578,14885,1467,862,78,14290,984,208,78,59359,31435,27150,57820,30720,27100,68070,33346,31821,66560,31465,32881,56953,29736,27052,56877,28748,27405,55644,27149,27301,55312,27678,27554,64019,31409,31407,80645,37897,41922,60645,27317,32653,53465,21504,31434,53500,20798,32315,52718,20692,32026,52322,20634,31688,52965,20780,32085,65969,27277,38194,78744,31102,46826,77450,31709,44718