ID,Label,T_10_CENS_Total,T_10_CENS_White,T_10_CENS_Hispanic,T_10_CENS_Black,T_10_CENS_Asian,T_10_CENS_Native,T_10_CENS_Pacific,T_10_CENS_BlackAlone,T_10_CENS_NativeAlone,T_19_ACS_Total,T_19_ACS_White,T_19_ACS_Hispanic,T_19_ACS_Black,T_19_ACS_Asian,T_19_ACS_Native,T_19_ACS_Pacific,T_19_ACS_BlackAlone,T_19_ACS_NativeAlone,T_20_CENS_Total,T_20_CENS_White,T_20_CENS_Hispanic,T_20_CENS_Black,T_20_CENS_Asian,T_20_CENS_Native,T_20_CENS_Pacific,T_20_ACS_Total,T_20_ACS_White,T_20_ACS_Hispanic,T_20_ACS_Black,T_20_ACS_Asian,T_20_ACS_Native,T_20_ACS_Pacific,T_20_ACS_BlackAlone,T_20_ACS_AsianAlone,T_20_ACS_NativeAlone,T_20_ACS_PacificAlone,T_20_ACS_OtherAlone,T_20_ACS_TwoOrMore,T_22_ACS_Total,T_22_ACS_White,T_22_ACS_Hispanic,T_22_ACS_Black,T_22_ACS_Asian,T_22_ACS_Native,T_22_ACS_Pacific,V_10_VAP_Total,V_10_VAP_White,V_10_VAP_Hispanic,V_10_VAP_Black,V_10_VAP_Asian,V_10_VAP_Native,V_10_VAP_Pacific,V_10_VAP_BlackAlone,V_10_VAP_NativeAlone,V_19_CVAP_Total,V_19_CVAP_White,V_19_CVAP_Hispanic,V_19_CVAP_Black,V_19_CVAP_Asian,V_19_CVAP_Native,V_19_CVAP_Pacific,V_19_CVAP_BlackAlone,V_19_CVAP_AsianAlone,V_19_CVAP_NativeAlone,V_19_CVAP_OtherAlone,V_19_CVAP_TwoOrMore,V_20_VAP_Total,V_20_VAP_White,V_20_VAP_Hispanic,V_20_VAP_Black,V_20_VAP_Asian,V_20_VAP_Native,V_20_VAP_Pacific,V_20_VAP_NH_Total,V_20_VAP_NH_White,V_20_VAP_NH_Hispanic,V_20_VAP_NH_BlackAlone,V_20_VAP_NH_AsianAlone,V_20_VAP_NH_NativeAlone,V_20_VAP_NH_PacificAlone,V_20_VAP_NH_OtherAlone,V_20_VAP_NH_TwoOrMore,V_20_CVAP_Total,V_20_CVAP_White,V_20_CVAP_Hispanic,V_20_CVAP_Black,V_20_CVAP_Asian,V_20_CVAP_Native,V_20_CVAP_Pacific,V_20_CVAP_BlackAlone,V_20_CVAP_AsianAlone,V_20_CVAP_NativeAlone,V_20_CVAP_PacificAlone,V_20_CVAP_OtherAlone,V_22_CVAP_Total,V_22_CVAP_White,V_22_CVAP_Hispanic,V_22_CVAP_Black,V_22_CVAP_Asian,V_22_CVAP_Native,V_22_CVAP_Pacific,V_22_CVAP_BlackAlone,V_22_CVAP_AsianAlone,V_22_CVAP_NativeAlone,V_22_CVAP_PacificAlone,V_24_CVAP_Total,V_24_CVAP_White,V_24_CVAP_Hispanic,V_24_CVAP_Black,V_24_CVAP_Asian,V_24_CVAP_Native,V_24_CVAP_Pacific,V_24_CVAP_BlackAlone,V_24_CVAP_AsianAlone,V_24_CVAP_NativeAlone,V_24_CVAP_PacificAlone,E_08_PRES_Total,E_08_PRES_Dem,E_08_PRES_Rep,E_12_PRES_Total,E_12_PRES_Dem,E_12_PRES_Rep,E_16_PRES_Total,E_16_PRES_Dem,E_16_PRES_Rep,E_16_SEN_Total,E_16_SEN_Dem,E_16_SEN_Rep,E_18_GOV_Total,E_18_GOV_Dem,E_18_GOV_Rep,E_18_AG_Total,E_18_AG_Dem,E_18_AG_Rep,E_18_LTG_Total,E_18_LTG_Dem,E_18_LTG_Rep,E_16-20_COMP_Total,E_16-20_COMP_Dem,E_16-20_COMP_Rep,E_20_PRES_Total,E_20_PRES_Dem,E_20_PRES_Rep,E_20_SEN_Total,E_20_SEN_Dem,E_20_SEN_Rep,E_20_SEN_SPEC_Total,E_20_SEN_SPEC_Dem,E_20_SEN_SPEC_Rep,E_21_SEN_ROFF_Total,E_21_SEN_ROFF_Dem,E_21_SEN_ROFF_Rep,E_21_SEN_SPECROFF_Total,E_21_SEN_SPECROFF_Dem,E_21_SEN_SPECROFF_Rep,E_16-22_COMP_Total,E_16-22_COMP_Dem,E_16-22_COMP_Rep,E_22_SEN_Total,E_22_SEN_Dem,E_22_SEN_Rep,E_22_GOV_Total,E_22_GOV_Dem,E_22_GOV_Rep,E_22_AG_Total,E_22_AG_Dem,E_22_AG_Rep,E_22_LTG_Total,E_22_LTG_Dem,E_22_LTG_Rep,E_22_SOS_Total,E_22_SOS_Dem,E_22_SOS_Rep,E_22_CONG_Total,E_22_CONG_Dem,E_22_CONG_Rep,E_20-24_COMP_Total,E_20-24_COMP_Dem,E_20-24_COMP_Rep,E_24_PRES_Total,E_24_PRES_Dem,E_24_PRES_Rep,E_24_CONG_Total,E_24_CONG_Dem,E_24_CONG_Rep
0,Un,0,0,0,0,0,0,0,0,0,0,0,0,0,0,0,0,0,0,0,0,0,0,0,0,0,0,0,0,0,0,0,0,0,0,0,0,0,0,0,0,0,0,0,0,0,0,0,0,0,0,0,0,0,0,0,0,0,0,0,0,0,0,0,0,0,0,0,0,0,0,0,0,0,0,0,0,0,0,0,0,0,0,0,0,0,0,0,0,0,0,0,0,0,0,0,0,0,0,0,0,0,0,0,0,0,0,0,0,0,0,0,0,0,0,0,0,0,0,0,0,0,0,0,0,0,0,0,0,0,0,0,0,0,0,0,0,0,0,0,0,0,0,0,0,0,0,0,0,0,0,0,0,0,0,0,0,0,0,0,0,0,0,0,0,0,0,0,0,0,0,0,0,0,0,0,0,0,0,0,0,0,0,0,0,0
1,1,60920,56366,1075,2415,428,618,47,0,0,59430,53696,1458,2980,828,569,37,0,0,59666,52436,1544,3034,517,1867,74,59318,53591,1459,2967,754,599,58,2075,541,76,8,70,1504,57898,51413,1925,3290,594,560,13,46893,43883,646,1574,306,474,35,0,0,46637,43119,688,2002,279,505,4,1852,255,74,40,0,46801,41853,989,1966,356,1412,44,46801,41853,989,1710,269,150,24,100,1706,46966,43348,875,1999,280,437,10,0,0,0,0,0,45780,41707,1219,2148,326,417,0,1785,241,81,0,46210,42014,1200,1760,318,912,7,1445,223,89,7,21084,5606,15099,18936,4852,14084,20689,3857,16086,18942,3416,14441,18257,3540,14475,17774,3633,14141,17328,3523,13805,20707,4000,16267,25048,5195,19476,24722,4962,18968,24296,4644,18819,20730,4479,16251,20704,4446,16258,20968,4084,16470,18745,3968,14316,18845,3238,15413,18660,3530,14803,18610,3515,14683,18561,2952,14953,18505,4608,13897,22197,4430,17435,27375,5770,21432,26781,7071,19710
2,2,59887,51979,4551,2244,782,485,49,0,0,62195,52806,5488,2617,1040,543,84,0,0,59773,49754,5432,2173,880,1620,49,63222,53238,5872,2925,953,566,87,2079,728,10,9,20,1255,64215,53729,6087,2722,1105,739,38,44686,39783,2616,1533,495,351,31,0,0,45503,41126,1938,1679,367,334,10,1582,357,137,92,0,46159,39386,3496,1456,606,1194,23,46159,39386,3496,1220,492,91,8,93,1373,45984,41382,2103,1759,415,258,10,0,0,0,0,0,47267,41838,2695,1616,557,409,4,1367,399,29,4,47988,42218,2892,1352,670,710,16,1063,355,42,16,21700,5209,16148,20581,4547,16034,23314,3842,18785,21411,3440,16980,21181,3510,17475,20685,3603,17082,20140,3484,16656,23682,4073,19190,28354,5320,22690,28021,5091,22187,27513,4694,21998,24309,4604,19705,24296,4556,19740,24157,4100,19656,21932,3919,17545,22041,3117,18750,21836,3430,18103,21825,3365,18080,21765,2845,18215,21615,4684,16931,25500,4429,20748,31036,5746,25130,30395,7429,22966
3,3,56543,52141,1336,1636,929,567,81,0,0,59735,53879,1977,2381,1095,575,55,0,0,60199,52311,2170,2463,1240,1793,152,60174,54014,2012,2403,1149,603,67,1248,898,184,36,187,1595,60008,52831,2290,2339,1176,704,102,42660,39915,798,943,638,394,47,0,0,45437,42048,829,1403,622,516,30,1101,497,235,11,0,46716,41325,1381,1565,858,1370,93,46716,41325,1381,1265,728,129,64,65,1759,45947,42408,854,1525,634,527,35,0,0,0,0,0,46447,42282,1416,1569,644,486,35,1169,569,37,35,46677,42105,1416,767,860,1539,5,607,716,27,5,21124,5323,15540,20131,4684,15447,23015,4242,17991,21068,3661,16264,20501,4086,16159,20131,4077,16054,19740,4053,15687,23409,4662,18225,28292,6188,21674,27913,5889,21137,27530,5516,21133,23962,5350,18612,23970,5326,18644,23587,4795,18311,20906,4672,15740,21002,3774,17012,20878,4178,16352,20867,4069,16351,20764,3475,16580,20723,5404,15319,24834,5266,19182,30276,6901,23209,29620,8323,21297
4,4,58826,28809,26232,3009,773,696,116,0,0,58907,26224,29171,2627,815,887,33,0,0,59070,24813,29579,3264,899,2916,55,57703,25917,28326,2419,941,1312,48,1897,717,66,3,34,745,58475,25642,29315,2727,950,2591,84,41198,23300,15184,2106,554,450,66,0,0,31665,21270,8050,1817,321,208,4,1784,306,103,15,0,42798,20448,18887,2303,648,1928,41,42798,20448,18887,1938,547,82,8,91,797,32536,21299,8912,1733,300,252,4,0,0,0,0,0,34489,21219,10922,1872,292,166,4,1762,278,44,4,34087,19753,11560,2072,460,278,7,1876,311,4,7,12570,4340,8038,12077,3990,8087,14118,4908,8758,12869,4085,8125,12630,4551,7968,12242,4408,7834,11872,4202,7670,14205,5065,8875,17085,6467,10396,16841,6107,10262,16525,5852,10068,14608,5560,9048,14607,5563,9044,13828,4718,8876,11813,3938,7622,11879,3424,8361,11721,3532,8011,11686,3525,7912,11685,3228,8098,11620,4415,7205,14572,4991,9386,18257,6465,11686,17739,7429,10310
5,5,56712,45491,7754,2493,661,444,115,0,0,58872,45730,9261,2762,839,1126,188,0,0,58837,44396,8999,3082,952,1741,67,59381,46212,9228,2950,893,1136,96,2175,710,25,22,0,1013,59173,45130,9709,3130,1162,1960,180,41476,34483,4619,1680,442,331,69,0,0,40999,35664,2718,1852,389,234,40,1663,365,8,120,0,44623,35053,5631,2051,661,1341,41,44623,35053,5631,1702,563,97,13,87,1477,41679,36297,2686,1937,406,211,20,0,0,0,0,0,42223,36023,3248,1919,491,276,50,1832,388,54,50,44468,37166,4015,2193,588,300,32,1919,374,46,32,18123,4235,13590,17363,3477,13886,19690,3285,15857,18528,2950,14747,18403,3157,15060,18009,3405,14604,17728,3194,14534,20545,3549,16679,24949,4581,20109,24682,4376,19706,24377,4455,19327,21070,4058,17012,21070,4109,16961,21175,3602,17224,19382,3504,15396,19507,2865,16464,19353,3149,15894,19332,3096,15798,19265,2823,15748,19088,4101,14987,22657,3923,18460,28370,5174,23060,27179,4451,22728
6,6,58980,49902,7395,941,427,586,74,0,0,59071,48884,8471,931,358,464,5,0,0,59712,47860,8664,1125,482,2161,38,59801,48058,9697,961,352,535,0,701,267,128,0,105,845,58352,46668,9445,1096,491,965,48,43152,37936,4127,534,284,408,43,0,0,41676,37926,2616,533,178,406,0,470,143,105,12,0,45152,37476,5402,682,328,1559,26,45152,37476,5402,452,229,113,7,77,1396,42037,37536,3393,621,154,427,0,0,0,0,0,0,41770,36686,4018,636,158,286,4,460,134,33,4,43440,37868,4124,687,246,285,140,514,238,14,140,19013,4906,13782,17303,3796,13507,19635,2997,16175,17843,2800,14277,17746,2564,15034,17246,2742,14504,16830,2560,14270,20021,3105,16633,24382,3964,20184,24045,3898,19582,23476,3570,19294,20854,3501,17353,20841,3483,17358,20482,3001,17212,18518,2755,15387,18608,2172,16295,18407,2464,15729,18359,2380,15682,18273,2057,15621,18299,3310,14989,21938,3255,18464,27658,4241,23325,26993,5363,21630
7,7,54058,49837,3150,335,247,563,83,0,0,57997,52323,4138,435,304,1303,30,0,0,59081,51975,4392,513,446,1836,28,59227,53296,4282,409,354,1206,38,95,177,86,38,118,1135,59385,52645,4631,796,465,1454,172,42961,40302,1879,176,167,440,55,0,0,45911,43686,995,312,186,733,24,287,153,89,0,0,48771,43969,2698,302,329,1406,20,48771,43969,2698,167,225,134,3,103,1472,47529,44781,1543,243,167,786,29,0,0,0,0,0,48205,44869,1990,374,201,721,0,298,187,73,0,49992,46297,2222,244,353,785,0,170,314,55,0,22748,5411,16910,21947,4097,17850,26147,4251,21343,24575,3854,19573,25454,4108,21105,24897,4454,20443,24462,4181,20281,27764,4611,22769,33537,6007,27232,33131,5592,26821,32927,5622,26788,30367,5512,24855,30362,5617,24745,29734,5013,24304,28543,5227,22650,28723,4186,24305,28479,4699,23404,28464,4650,23307,28306,4104,23058,28420,4769,23651,31377,5379,25675,36414,6516,29739,35191,5621,29570
8,8,53425,50711,1197,655,305,563,29,0,0,58395,54242,1980,909,396,685,57,0,0,59244,53792,1903,1025,542,1693,45,59530,55218,2028,1186,475,746,56,1003,296,269,1,12,698,59722,54894,2000,1280,456,1000,95,43093,41232,766,464,208,436,20,0,0,47915,45447,1073,664,233,480,4,642,213,185,29,0,49612,45581,1358,708,382,1302,31,49612,45581,1358,557,270,147,1,145,1553,49523,46484,1221,981,230,561,4,0,0,0,0,0,49686,46795,989,865,230,773,4,791,206,49,4,51560,48612,990,951,185,750,4,841,116,36,4,24865,5580,18874,25357,4733,20624,28339,4595,23100,26986,4268,21597,27265,4319,22681,26713,4820,21893,26387,4488,21899,29815,4977,24423,35553,6412,28845,35193,5994,28418,35068,6063,28500,32196,5844,26352,32179,5921,26258,32239,5384,26387,31527,5705,24990,31794,4482,27043,31585,5055,26130,31577,5073,25985,31423,4407,25791,31548,5271,26277,34201,5773,28047,40221,7109,32919,39364,6272,33092
9,9,51597,47762,2191,651,390,697,71,0,0,56623,51829,2562,1230,526,410,114,0,0,59474,52205,3263,1066,811,1898,88,58643,53077,2925,1414,622,477,70,936,465,128,25,13,1079,59992,53417,3466,1286,743,798,164,40357,37769,1411,422,271,517,48,0,0,44540,41866,1202,811,255,332,15,596,242,100,99,0,48273,42931,2286,759,624,1447,71,48273,42931,2286,512,400,196,29,161,1758,46518,43195,1599,882,380,367,10,0,0,0,0,0,47794,43921,1858,889,464,596,40,616,362,125,40,49782,45141,2339,1169,617,520,26,959,452,72,26,20985,4142,16503,19899,3059,16840,22931,3249,18858,22050,2896,17779,21990,3302,18416,21605,3467,18138,21324,3282,18042,24643,3721,20377,30267,5060,24784,29975,4725,24356,29825,4675,24488,26756,4562,22194,26759,4638,22121,26494,4109,21837,25367,4358,20256,25511,3508,21734,25334,3800,21069,25348,3805,20956,25215,3418,20555,25268,3964,21304,28806,4630,23711,36591,6438,29935,35761,5758,30003
10,10,56243,46577,6329,1810,1085,648,125,0,0,57990,46700,7365,2241,1210,396,271,0,0,59519,46788,7800,2287,1137,1608,89,58642,47032,7416,2025,1462,491,508,1388,1185,58,0,204,1355,59998,47656,7897,2417,1408,697,563,43308,37249,3636,1333,716,476,70,0,0,43297,38433,2118,1652,655,362,40,1505,512,62,59,0,47164,38589,4736,1757,869,1224,56,47164,38589,4736,1505,745,84,16,99,1390,44167,38859,2589,1599,702,368,0,0,0,0,0,0,44673,39574,2345,1783,513,363,15,1609,333,59,15,46053,40560,2685,1820,506,375,9,1594,440,13,9,21592,4730,16496,20572,3645,16927,23086,3752,18682,22023,3276,17732,22129,3672,18245,21673,3863,17810,21395,3692,17703,24173,4016,19756,28702,5277,23103,28445,4909,22791,28215,4871,22797,25341,4723,20618,25321,4843,20478,25335,4334,20557,23981,4463,18851,24139,3548,20366,23965,3941,19634,23943,3912,19550,23863,3416,19468,23902,4175,19727,26855,4698,21815,32265,5961,26159,31623,5412,26211
11,11,49993,46618,1873,729,412,411,38,0,0,54837,47875,2381,1007,927,2790,113,0,0,58792,51401,3136,1380,970,1708,64,57967,50757,2605,1288,679,2762,191,720,323,272,0,44,3252,62541,55705,3569,1263,1118,1062,186,37324,35260,1106,424,263,305,19,0,0,41514,37449,1096,651,382,1846,19,602,243,255,94,0,45396,40541,1921,839,625,1218,42,45396,40541,1921,651,479,104,13,124,1563,43750,39626,1164,674,291,1864,0,0,0,0,0,0,47156,43704,1726,469,470,624,50,432,277,75,50,49600,45439,2194,604,644,607,58,580,350,6,58,20407,3865,16205,20840,3007,17833,24255,3434,20056,23305,2940,19086,23662,3632,19754,23201,3813,19388,22967,3663,19304,26099,4129,21423,31469,5791,25225,31223,5457,24925,30965,5472,24811,27900,5199,22701,27895,5333,22562,27990,4784,22657,27023,5191,21104,27160,4180,22763,26977,4572,21951,26979,4493,21905,26865,3956,21752,26918,4426,22492,30244,5383,24407,37755,7138,30364,36690,5985,30705
12,12,59977,49276,3872,5741,773,463,116,0,0,59677,47824,4590,5986,704,514,30,0,0,59300,46518,4552,6046,773,1476,54,61063,48537,4608,6550,848,651,53,5578,640,114,0,281,1299,60382,48217,4210,6486,800,715,147,46053,38677,2275,4306,542,353,63,0,0,44030,37763,1135,4507,316,288,0,4383,316,104,28,0,46487,37386,2859,4498,583,1134,28,46487,37386,2859,4158,469,82,2,152,1379,45099,38623,1169,4604,354,362,0,0,0,0,0,0,45672,38810,1512,4407,506,420,45,4049,401,68,45,45720,38113,2257,4327,572,349,88,3874,391,49,88,22004,6077,15535,18000,4481,13519,19320,3724,15099,18239,3536,13977,17015,3196,13678,16593,3434,13159,16323,3266,13057,19472,3734,15449,23478,4516,18690,23245,4466,18170,22892,4525,17796,19646,4056,15590,19657,4094,15563,19830,3678,15835,17862,3574,13840,17958,2859,14953,17797,3124,14420,17756,3127,14276,17715,2799,14368,17696,4143,13553,21162,4053,16872,26998,5616,21258,26502,6900,19602
13,13,57232,38464,6052,11644,877,468,112,0,0,57393,36948,7184,11795,1180,543,27,0,0,59150,36814,8000,12212,1028,1521,72,56398,36064,7531,11468,889,511,38,10235,504,9,0,119,1941,58177,36675,8581,11589,1024,948,30,43068,30570,3657,8072,622,298,72,0,0,40878,30194,2014,8023,390,218,0,7864,372,10,42,0,45176,29952,4897,8665,752,1107,42,45176,29952,4897,8146,615,99,9,116,1342,40127,29247,2275,7951,293,266,0,0,0,0,0,0,41217,29670,2444,8296,369,318,10,7907,360,10,10,42757,30090,3132,8480,538,313,32,7947,498,0,32,18607,6784,11526,20174,7023,13151,21255,6786,13771,20206,5655,13740,18971,6456,12301,18558,6374,12184,18176,6156,12020,21583,7102,14102,25659,8949,16359,25445,8519,16271,25225,8577,16039,22216,7934,14282,22220,8065,14155,21861,7180,14288,19740,6793,12457,19868,5942,13757,19695,6123,13251,19657,6195,13027,19650,5615,13437,19343,7623,11720,22685,7528,14834,25700,8722,16831,25074,9785,15289
14,14,54893,47457,2852,3772,412,524,54,0,0,57750,47684,4945,3658,655,920,26,0,0,59135,48125,4163,4338,713,1795,52,57519,46985,4030,3683,751,737,86,3153,512,16,58,1546,1223,57451,46193,4450,4671,838,819,107,40068,35381,1628,2469,276,379,26,0,0,42677,37149,1782,2870,262,566,4,2783,193,34,35,0,45511,37785,2675,3117,499,1356,31,45511,37785,2675,2759,362,116,11,140,1663,43671,38093,1752,2841,270,616,29,0,0,0,0,0,43447,37150,2076,3258,417,464,45,3101,340,49,45,46455,39533,2621,3350,289,463,137,3169,220,46,137,24041,5530,18177,20287,3866,16421,22940,3804,18476,21844,3435,17268,21688,3791,17652,21245,4003,17242,21337,3895,17442,24322,4277,19553,29501,5569,23511,29226,5345,23104,28994,5451,22879,25447,4940,20507,25458,5051,20407,25741,4556,20695,24304,4600,19099,24435,3886,20350,24279,4172,19682,24258,4097,19631,24179,3802,19359,24244,3966,20278,27736,5057,22262,34687,6730,27779,33554,5499,28055
15,15,53350,39947,5057,7397,664,609,81,0,0,56012,41232,4679,9102,744,537,9,0,0,59213,40489,6949,9352,1051,1639,86,58035,41703,5951,9441,805,540,22,7606,494,118,4,76,2080,61725,44682,6733,9209,926,592,62,39593,30918,3018,4922,448,477,59,0,0,40162,32304,1417,5777,351,259,0,5636,275,135,52,0,45791,32924,4426,6500,775,1277,63,45791,32924,4426,6005,625,122,16,163,1510,41831,32758,2446,6064,332,215,0,0,0,0,0,0,45376,35492,2962,6318,300,288,15,5973,271,4,15,46063,34775,3759,6485,603,256,89,6128,439,13,89,16342,4881,11199,18489,5037,13452,20461,5031,14779,19459,4377,14005,19706,5353,14139,19318,5419,13899,19457,5396,14061,21812,5761,15611,26363,7448,18563,26148,7167,18262,25937,7248,18026,22430,6614,15816,22422,6710,15712,22385,5877,16058,20492,5643,14288,20632,4945,15509,20504,5137,14983,20455,5079,14861,20417,4749,14832,20462,5022,15440,23929,6456,17110,29523,8395,20937,28527,7091,21436
16,16,54176,41411,5404,6541,541,442,57,0,0,58882,44915,6273,6925,529,552,20,0,0,59402,43303,6503,7581,676,1467,81,59319,44410,6436,7473,553,521,87,6484,459,0,0,9,1523,60515,44749,7284,7256,436,529,114,39046,31075,3079,4340,341,307,29,0,0,41067,33855,1823,4951,225,238,4,4809,191,0,10,0,44009,33631,3791,5146,452,1029,57,44009,33631,3791,4768,347,94,21,142,1215,41948,34097,1849,5384,308,234,0,0,0,0,0,0,42593,34674,2372,5151,101,394,0,4944,50,15,0,43043,34688,2790,5085,128,515,4,4821,38,62,4,20008,5235,14413,19238,4589,14649,21077,4145,16430,19976,3660,15468,19171,3949,15073,18792,4101,14691,18301,3813,14488,21949,4526,17097,26863,5930,20656,26610,5686,20278,26304,5764,19999,23255,5346,17909,23252,5407,17845,23084,4835,17912,21493,4795,16177,21608,4165,17290,21445,4386,16769,21416,4346,16643,21324,4026,16562,21218,5255,15963,24618,5260,19079,29830,6507,23183,29230,7305,21925
17,17,45467,33728,2526,8482,664,404,55,0,0,53093,37692,3982,10418,1367,380,179,0,0,59120,37414,4670,14783,1277,1278,124,54768,38005,3307,11136,1730,638,68,9829,1040,67,35,250,2234,59102,38250,4453,13962,1557,822,265,31693,24440,1474,5251,410,264,32,0,0,36467,27637,1765,6194,444,258,60,6063,169,142,130,0,42761,28229,2969,9843,830,949,69,42761,28229,2969,9084,601,106,27,229,1516,38674,29058,1607,6684,736,406,35,0,0,0,0,0,41885,29751,2172,8499,749,303,160,8115,581,45,160,46006,29723,3087,11596,848,350,113,11167,651,38,113,17096,5200,11699,16865,4590,12275,20027,5414,13978,19112,4727,13370,19521,6320,13007,19196,6306,12890,18876,6059,12817,22463,7108,14868,28692,10079,18178,28395,9781,17778,28195,9899,17609,24647,9200,15447,24656,9286,15370,24025,8117,15393,22409,8244,13579,22519,7603,14692,22337,7711,14201,22286,7595,14102,22262,7307,14144,22149,8618,13531,26362,9336,16578,33779,12562,20971,33131,13354,19777
18,18,55816,48873,1254,4862,415,499,36,0,0,57752,48995,1837,6047,740,297,8,0,0,59335,50306,1738,5118,595,1441,62,57611,49080,2164,5402,669,485,7,3868,364,176,0,420,1539,58266,49602,1601,5276,739,608,7,41420,36829,707,3279,274,389,24,0,0,43416,37812,800,4057,445,273,10,3850,390,193,14,0,45159,38843,1078,3604,399,1121,37,45159,38843,1078,3237,281,119,18,118,1465,43692,38817,870,3129,425,450,0,0,0,0,0,0,44189,39340,749,3211,393,535,0,2971,340,38,0,46809,40967,925,3839,307,865,0,3543,244,20,0,24395,5579,18402,20412,3951,16461,22352,3487,18323,21164,3228,16985,21404,3133,18082,21008,3474,17534,20648,3214,17434,23757,3640,19798,28946,4571,24125,28690,4400,23648,28438,4483,23389,24888,4101,20787,24882,4164,20718,25159,3796,21004,23849,3822,19436,23972,3127,20671,23848,3441,20068,23813,3422,19932,23701,3136,19686,23736,3445,20291,27048,4148,22621,33377,5547,27694,32817,5471,27346
19,19,51364,37363,2683,10353,867,438,60,0,0,57527,38945,3466,14481,716,391,119,0,0,59752,35689,4726,16900,1480,1402,104,60428,39094,5079,15841,395,868,123,13418,159,146,0,190,2345,60638,36499,5630,16275,1747,951,143,36342,27472,1597,6606,553,296,41,0,0,42111,30028,2090,9347,257,334,0,8758,170,183,115,0,44754,28267,3052,11663,992,1015,66,44754,28267,3052,10838,712,84,34,217,1550,44246,30166,3024,10358,260,341,0,0,0,0,0,0,44500,29660,2799,10819,624,302,0,10179,289,20,0,45764,28495,2582,13370,831,251,0,12761,541,15,0,20253,6168,13888,22923,7016,15907,25951,8546,16561,25010,7297,16500,24634,9424,14972,24252,9399,14853,23899,9105,14794,27311,10091,16655,32226,13190,18614,31888,12628,18442,31770,12741,18297,28693,12105,16588,28683,12209,16474,27977,11039,16383,25952,11214,14097,26064,10287,15584,25865,10411,15022,25817,10333,14834,25806,9834,15139,25587,11607,13980,29467,12215,16800,34921,15565,19096,34206,16360,17846
20,20,53860,43647,4337,4318,1427,419,71,0,0,59416,44201,6948,7040,1574,664,28,0,0,60107,44437,6372,5973,1843,1387,88,59749,44156,6788,7786,1353,399,37,6429,937,27,0,186,1229,61786,45652,7433,6827,1364,437,110,37634,31258,2678,2666,883,292,41,0,0,41811,34215,2833,4033,571,127,0,3943,334,50,24,0,45725,34934,4197,4230,1274,1018,59,45725,34934,4197,3639,926,64,20,252,1693,42096,34355,2804,4257,537,162,0,0,0,0,0,0,43934,35935,2926,4117,772,181,0,3929,446,40,0,44115,35529,3026,4423,858,224,10,4178,633,19,10,24627,6074,18252,25212,5631,19581,27656,6875,19506,26813,5535,19749,25446,7439,17580,24999,7359,17640,24776,7205,17571,28576,8069,19711,33443,10997,21846,33135,10255,21899,32829,10301,21576,29281,9547,19734,29264,9750,19514,28854,8592,19507,26290,8507,16889,26455,7376,18821,26274,7616,18121,26252,7619,17882,26221,6921,18298,26183,7461,18722,30111,9430,20104,35207,11812,23111,33403,9266,24137
21,21,46057,40203,2857,1960,802,415,52,0,0,54648,46871,3362,2990,1268,609,23,0,0,59529,47645,5083,3350,1701,1506,76,56224,48273,3907,2972,1158,291,200,2087,715,22,0,36,1185,59174,50732,3768,2479,1506,365,170,33355,29702,1715,1223,514,276,28,0,0,38102,34631,1169,1593,376,269,0,1449,286,4,50,0,44931,36876,3343,2272,1121,1070,60,44931,36876,3343,1902,838,98,22,274,1578,39631,35919,1715,1592,283,159,0,0,0,0,0,0,42908,38411,1962,1761,575,193,10,1416,492,0,10,46363,39942,3006,2449,789,123,51,2066,618,8,51,22187,4673,17283,23214,4024,19190,26458,5281,19938,25709,4253,19922,25977,6126,19466,25576,6040,19536,25350,5980,19370,29067,6721,21579,35576,9698,25285,35310,8948,25333,35001,9017,25061,31581,8393,23188,31584,8591,22993,31288,7724,22781,30063,8167,20943,30259,6905,23058,30067,7288,22146,30063,7243,21985,30018,6472,22227,29994,7152,22842,33435,8685,24118,39387,11117,27933,37884,8889,28995
22,22,53036,37493,6041,7235,2133,483,88,0,0,58545,39536,5392,10377,2743,377,176,0,0,59460,37180,7883,9890,3055,1555,106,58376,38740,5747,9946,3487,460,185,8783,2626,50,150,73,2206,59761,38045,6631,10869,3967,549,190,39154,28971,3838,4647,1502,344,55,0,0,41210,30410,2317,6556,1532,303,10,6337,1322,53,95,0,45815,30057,5301,6918,2252,1194,77,45815,30057,5301,6102,1850,97,14,347,2047,41380,30529,2473,6207,1864,387,20,0,0,0,0,0,42681,30984,2951,6791,1743,310,25,6337,1513,0,25,43434,29180,4649,7290,2057,260,13,6973,1748,0,13,26336,8469,17534,22578,6918,15660,25322,8399,15565,24617,7219,15714,23525,9280,13858,23207,9228,13979,22882,9107,13775,26397,9829,15742,31039,12660,17757,30745,12190,17570,30512,12130,17394,27488,11559,15929,27488,11719,15769,26471,10207,15510,23908,9942,13150,24025,8928,14848,23865,9147,14153,23860,9107,13986,23862,8577,14292,23788,9080,14708,27717,11069,16058,32730,13543,18854,31421,11785,19636
23,23,45603,35834,6192,2710,638,490,104,0,0,51896,40364,8285,2086,1057,698,46,0,0,59048,42200,10153,4250,1106,1915,77,52875,40483,8416,2824,899,901,100,2476,555,3,0,8,935,57971,41634,10147,4660,961,2234,88,32762,26572,3931,1663,401,346,73,0,0,35613,31418,1950,1498,538,262,0,1423,398,17,22,0,44254,33318,6298,2878,752,1312,60,44254,33318,6298,2426,495,94,20,143,1460,36618,31638,2342,1753,520,359,0,0,0,0,0,0,39777,33367,2596,2786,522,522,0,2460,396,8,0,42100,35290,2827,2849,435,532,0,2476,341,65,0,14897,3541,11155,18005,3238,14767,21258,4119,16323,20415,3449,15839,20915,4558,16049,20573,4628,15945,20321,4450,15871,23525,5172,17789,29169,7359,21361,28910,6919,21168,28628,7005,20891,25882,6560,19322,25873,6703,19170,25598,5909,19134,24773,6276,17781,24908,5258,19436,24770,5580,18785,24740,5561,18580,24692,5006,18668,24710,5431,19279,27844,6744,20649,34692,9110,25354,33312,7332,25980
24,24,34618,26577,4115,1509,2341,238,39,0,0,50471,33920,6259,3009,6982,609,3,0,0,59011,35485,6703,4313,11252,1009,65,53591,33282,6866,3372,9569,726,5,2529,8356,180,0,441,1934,58148,34599,7080,3153,12475,1185,4,23784,18622,2622,958,1496,151,25,0,0,30063,24058,1817,1708,2188,272,0,1602,1836,114,61,0,41814,26519,4315,2926,7206,674,41,41814,26519,4315,2526,6863,69,19,235,1268,31577,24387,2214,2047,2595,345,0,0,0,0,0,0,34168,25952,2547,1946,3436,274,0,1710,2549,43,0,36390,26559,2723,2348,4571,220,0,2189,3779,12,0,13678,3283,10233,16360,3380,12980,20929,5789,14140,20260,4614,14467,20371,6682,13393,20100,6523,13577,19977,6464,13513,23299,7405,15302,29248,10733,18072,29018,10045,18188,28701,9979,17965,26282,9518,16764,26260,9656,16604,25020,8203,16235,23639,8293,14631,23767,7037,16504,23647,7364,15863,23641,7397,15671,23624,6556,16169,23606,7456,16150,26810,9086,17228,31654,11059,20135,31277,9859,21418
25,25,44966,33028,2005,2243,7538,206,49,0,0,58052,35432,3431,3321,15853,356,9,0,0,59414,30889,3218,3606,20790,548,73,57736,33669,3653,3624,17176,205,10,2840,16021,12,0,45,1496,58729,32158,3948,3940,18400,305,35,29986,22345,1238,1433,4864,130,24,0,0,34562,25156,1633,1959,5673,170,0,1876,5453,40,17,0,42520,23862,2164,2507,13354,341,53,42520,23862,2164,2162,12996,43,12,191,1090,34185,24164,1662,2126,5944,96,0,0,0,0,0,0,35700,24012,1756,2637,7062,94,0,2541,6915,14,0,36981,22250,2359,2718,9161,123,5,2638,8977,48,5,21949,5720,16096,21443,5036,16407,24803,8419,15377,24101,6231,16800,23076,8833,13942,22760,8543,14217,22548,8380,14168,26297,9771,15980,31678,13802,17503,31388,12805,17977,31020,12566,17633,28674,12109,16565,28646,12311,16335,26517,10490,15524,23755,10224,12899,23916,8686,15078,23786,9082,14347,23750,9139,14122,23795,7903,15189,23731,9150,14581,27695,11393,15890,31696,13766,17527,31133,12031,19102
26,26,43715,34396,5546,1360,2261,345,52,0,0,53258,38232,5781,2676,6362,431,130,0,0,59248,37609,7150,2646,10631,1166,70,54599,38142,5761,3097,7480,486,87,1982,6862,181,0,76,1595,58390,38411,6521,2945,10273,1017,288,31736,25662,3596,859,1470,235,30,0,0,35339,29150,2062,1666,2148,230,10,1541,2056,73,88,0,44081,30066,4742,1767,6583,822,40,44081,30066,4742,1402,6287,55,17,192,1320,36891,29504,2151,1825,3012,250,0,0,0,0,0,0,38778,30109,2856,1550,3777,274,0,1410,3433,35,0,41775,31854,3290,1607,4535,292,0,1189,4124,44,0,19829,4012,15579,20508,3799,16709,24202,5656,17547,23431,4431,17691,22919,6153,16411,22562,6027,16535,22417,5877,16540,25615,6825,18144,30486,9705,20297,30187,8958,20413,29935,8940,20192,27078,8428,18650,27066,8633,18433,25968,7518,17857,23679,7710,15302,23816,6393,17187,23650,6747,16470,23663,6782,16309,23612,5969,16757,23620,6833,16787,27198,8371,18351,31422,10707,20420,30977,9480,21497
27,27,55556,47580,5080,1967,580,522,67,0,0,55064,44394,6922,2781,652,334,63,0,0,58795,46856,6952,2589,776,1655,61,55440,45635,5939,2812,663,388,37,2264,519,30,4,36,1015,56831,45469,6374,3306,1206,658,68,41325,36659,2845,1172,344,373,30,0,0,40770,35764,2397,1894,440,281,4,1779,339,39,4,0,46004,38005,4418,1698,557,1293,38,46004,38005,4418,1414,382,92,19,112,1562,41918,37488,2181,1606,381,325,4,0,0,0,0,0,42908,37988,2223,1988,589,421,4,1928,412,8,4,45388,40072,2362,1790,705,425,9,1600,535,4,9,23159,4001,18886,22057,3205,18852,24498,3719,20020,23631,3188,19219,23264,3763,19258,22820,3883,18937,22591,3721,18870,25712,4201,20985,30376,5638,24295,30179,5237,24159,30168,5150,24475,26746,4924,21822,26739,5059,21680,26717,4422,21779,25150,4538,19899,25325,3648,21469,25163,3936,20829,25154,3919,20705,25063,3506,20549,25048,4226,20822,28342,4876,23042,33942,6262,27485,33401,5680,27721
28,28,45895,38800,5165,979,689,414,74,0,0,56651,46910,7079,1686,776,248,110,0,0,58972,45115,8016,2686,1745,1513,72,56150,46851,6562,1468,867,183,84,1076,611,38,0,14,997,59399,47341,6771,3086,1613,490,234,33376,29018,3125,590,445,284,36,0,0,39038,35474,2379,643,333,147,16,556,214,45,42,0,44444,35271,5083,1747,1205,1094,51,44444,35271,5083,1400,961,75,14,158,1482,39219,35753,2238,773,311,122,0,0,0,0,0,0,42656,37278,2801,1597,774,217,0,1417,487,20,0,43914,36967,3621,2068,797,279,24,1832,587,24,24,17775,3165,14402,19505,2856,16649,23479,4013,18598,22675,3230,18112,22823,4484,18023,22504,4565,17939,22291,4381,17910,25536,5027,19872,31029,7191,23316,30824,6678,23240,30604,6681,23166,27568,6265,21303,27552,6417,21135,26843,5596,20637,25250,5844,18642,25389,4763,20410,25238,5123,19669,25250,5080,19557,25160,4572,19515,25223,5251,19972,28705,6323,21877,34570,8333,25987,34137,7448,26689
29,29,53303,19593,25152,7257,1450,585,157,0,0,60133,21657,29468,7232,1730,507,158,0,0,59200,21340,27396,8132,1886,1579,78,62118,21373,30468,8380,2104,622,50,7297,1691,74,3,419,794,62394,22892,29347,7734,1966,735,40,37227,16481,14702,5018,1042,413,98,0,0,30559,18426,6069,5013,760,180,4,4887,659,36,171,0,43131,18239,17126,5861,1466,1141,45,43131,18239,17126,5412,1302,61,24,143,824,32520,17991,7246,5843,1034,229,4,0,0,0,0,0,34053,18973,7944,5496,998,210,0,5206,904,8,0,36407,20599,8422,5849,1208,208,0,5534,1000,10,0,11123,4356,6593,11458,4219,7239,13821,5204,8073,13164,4369,8078,13414,5610,7623,13088,5499,7589,12777,5218,7559,14868,5886,8639,18136,7562,10279,17921,7152,10199,17873,7150,10243,15517,6602,8915,15502,6676,8826,15076,5824,8905,13626,5383,7823,13726,4835,8758,13606,4951,8389,13597,4924,8308,13571,4603,8496,13544,5170,8374,16257,6374,9602,20490,8323,12027,19969,7649,12320
30,30,49609,36287,8113,3732,1406,341,58,0,0,59113,42445,9479,5315,1717,428,25,0,0,59266,39727,11128,5186,2205,1378,56,57959,40334,10373,4931,1511,773,12,4349,1241,45,0,43,1564,58991,39714,12684,4960,1386,453,0,35877,27532,4803,2535,909,239,38,0,0,40177,31882,3305,3639,1036,259,0,3538,967,73,40,0,45414,32016,7327,3678,1552,989,34,45414,32016,7327,3263,1345,67,10,128,1258,39311,31005,3660,3530,768,420,0,0,0,0,0,0,40150,31400,5048,2911,701,201,0,2718,614,23,0,43119,32850,5493,3472,939,236,8,3216,820,19,8,19288,4351,14753,20543,3994,16549,24134,5257,18052,23114,4344,17527,23148,5724,17117,22766,5757,17009,22400,5519,16881,25854,6334,18928,31162,8721,21977,30924,8188,21885,30751,8192,21845,27234,7584,19650,27234,7730,19504,27029,6829,19637,25354,6911,17694,25541,5817,19482,25392,6207,18754,25376,6157,18583,25360,5556,18835,25312,6398,18914,28857,7647,20732,34962,10131,24613,34401,9316,25085
31,31,47023,32832,9132,3932,981,404,27,0,0,54422,37076,11270,4166,1587,327,7,0,0,59901,39279,12957,4770,1773,1685,69,55823,38294,11437,4107,1777,385,7,3474,1396,14,0,107,1106,61844,41207,13492,5032,1599,520,19,33159,24492,5247,2681,614,276,16,0,0,35779,27886,3916,2931,810,256,0,2823,750,18,6,0,43120,29604,8170,3265,1197,1161,53,43120,29604,8170,2930,1013,92,12,138,1161,36799,28587,4034,2779,1047,301,0,0,0,0,0,0,40589,31064,4833,3423,820,377,0,3288,652,29,0,45572,33753,5856,4047,1185,431,0,3730,1046,22,0,14024,3215,10623,16218,3182,13036,19226,3717,14883,18449,3188,14376,19069,3984,14900,18744,4020,14724,18423,3859,14564,21335,4507,16416,26647,6322,19945,26428,6025,19685,26240,6039,19644,22792,5567,17225,22784,5670,17114,22968,4940,17587,21898,4952,16387,21988,4204,17628,21872,4413,17089,21831,4395,16954,21764,4150,16757,21816,4457,17359,25437,5730,19323,33831,8408,25228,33149,7699,25450
32,32,57786,49482,2584,4559,786,498,70,0,0,58176,47572,3751,5611,837,474,2,0,0,59145,47787,3567,5252,989,1572,77,58928,48056,4295,5737,717,522,21,4548,614,132,2,30,1258,59044,47274,4947,5421,1035,443,66,43859,38383,1516,3132,531,363,35,0,0,43210,37405,1162,3822,423,361,4,3746,369,143,20,0,45942,38122,2238,3659,694,1198,53,45942,38122,2238,3314,574,146,25,90,1433,43583,37983,1339,3572,369,314,4,0,0,0,0,0,44390,37927,1851,3754,618,295,0,3529,601,28,0,46140,39338,1789,3521,778,770,4,3105,753,23,4,21881,4804,16703,19882,3643,16239,21453,3335,17613,20369,2952,16553,20525,3144,17207,20085,3287,16798,19803,3128,16675,22471,3489,18677,26922,4534,22096,26676,4244,21842,26487,4177,21796,22826,3951,18875,22826,3994,18832,23210,3566,19298,21638,3494,17650,21785,2913,18682,21633,3113,18170,21620,3073,18130,21504,2763,17831,21600,3214,18386,24865,3839,20728,30825,4964,25737,30155,4503,25652
33,33,57050,47154,1885,7270,504,339,26,0,0,58082,46677,2675,7829,686,322,23,0,0,59187,47314,2415,7322,887,1127,66,58707,46918,2772,8072,797,470,20,7605,504,49,0,11,852,59486,47621,2802,7688,789,753,23,44204,37377,1163,5124,347,263,18,0,0,44657,37462,920,5604,345,282,0,5542,272,40,45,0,46498,38246,1457,5207,650,841,33,46498,38246,1457,4915,541,72,5,133,1129,45420,37897,1154,5666,343,263,0,0,0,0,0,0,45905,38686,1032,5477,293,466,0,5360,254,64,0,47098,39881,838,5374,535,535,0,5075,440,55,0,22725,6171,16159,20848,4967,15881,22817,4445,17882,21233,3849,16541,21873,3782,17919,21340,3977,17363,20910,3657,17253,23855,4351,19206,28706,5538,22884,28329,5159,22631,28061,4966,22581,25033,4903,20130,25021,4885,20136,24961,4358,20282,23527,4109,18982,23660,3486,19983,23458,3739,19416,23421,3697,19328,23299,3294,19152,23442,3865,19577,26637,4611,21765,32267,5652,26501,31312,4917,26395
34,34,52561,38062,3224,8873,2300,377,45,0,0,58326,38250,3886,12654,3407,417,45,0,0,58947,38709,4995,10973,3292,1202,72,59884,40349,3955,11266,3644,352,52,10361,3206,93,23,209,1690,61891,40755,4440,12515,3763,633,78,38279,28863,1971,5779,1524,260,36,0,0,42249,29360,1973,8601,1999,259,30,8390,1820,56,20,0,44933,30760,3246,7780,2301,821,39,44933,30760,3246,7095,1944,47,12,287,1542,42636,31107,2111,7110,2141,225,25,0,0,0,0,0,44510,31872,2378,7801,1909,374,39,7375,1705,33,39,44562,30481,2498,9042,1962,416,10,8493,1661,68,10,25732,8320,17187,28237,8577,19660,30658,10736,18579,30226,8742,19953,29439,11597,17427,29078,11339,17739,28838,11335,17503,32159,12241,19144,36878,15971,20316,36671,15033,20810,36519,15149,20488,34081,14507,19574,34090,14867,19223,32736,13274,18745,30763,13568,16354,30953,12025,18694,30712,12388,17784,30675,12390,17477,30723,11364,18425,30604,12354,18250,34038,14387,19087,38316,17254,20626,37486,17245,20241
35,35,53273,30324,6032,13625,3356,513,93,0,0,58197,30610,6361,17106,4163,593,72,0,0,59689,27503,7249,19969,4237,1271,92,60267,27906,7553,19447,5002,635,91,17853,4346,122,13,378,2089,58823,26930,6743,20622,4064,414,86,40756,24945,3986,9351,2412,379,64,0,0,42300,25886,2691,11324,1895,343,19,11082,1759,152,185,0,48436,23901,5313,15275,3269,969,73,48436,23901,5313,13777,2778,102,20,459,2086,42947,24115,3236,13034,2102,423,35,0,0,0,0,0,43806,23272,3488,14788,2001,116,15,14421,1884,16,15,44917,24086,3452,14699,2351,172,6,14055,2016,14,6,21095,9849,11031,19541,8777,10764,21787,11100,9574,21105,9511,10276,19966,11620,8064,19680,11358,8322,19419,11221,8198,22518,12422,9445,26445,15761,10212,26223,15227,10189,26107,15205,10058,22705,13940,8765,22712,14074,8638,22054,12612,8874,19326,11651,7160,19400,10929,8279,19274,11024,7854,19227,10912,7696,19237,10451,8145,19213,10997,8216,23109,13557,9115,27973,16634,11034,27060,15878,11182
36,36,55147,41319,3895,7861,1958,420,79,0,0,57325,42276,4866,8354,1643,245,174,0,0,59898,39962,5757,10281,2810,1326,109,56297,40227,5943,8140,1783,366,174,7211,1469,92,0,278,1073,56417,40257,5975,7687,2036,460,19,38974,30166,2394,5001,1280,276,43,0,0,40388,32178,1902,5372,721,205,0,5241,685,43,55,0,45316,31519,3801,7118,1977,941,80,45316,31519,3801,6371,1625,75,21,280,1624,38555,30366,2259,4864,792,222,0,0,0,0,0,0,39569,30959,2254,5198,928,246,0,5142,894,19,0,41693,30676,2419,6256,1945,255,0,6005,1530,21,0,26795,7925,18621,26901,7256,19645,29210,8994,19010,28547,7558,19530,27084,9526,17203,26764,9463,17301,26553,9332,17221,30318,10374,19223,35432,13785,21065,35153,12989,21222,34930,13073,20932,31898,12362,19536,31894,12567,19327,31047,11226,19130,28840,11298,16727,29004,10020,18744,28805,10268,18022,28767,10219,17750,28763,9554,18164,28744,10124,18620,32287,12180,19554,36637,14739,21574,35941,15690,20251
37,37,51535,24675,10146,14176,2636,536,86,0,0,57553,28217,10335,15922,2797,1032,143,0,0,58927,26120,13256,14951,3799,1542,119,59143,28792,10464,17154,2455,850,145,14995,2208,143,10,300,2238,60519,27426,12438,16456,3750,1091,178,38989,20574,6527,9961,1886,370,59,0,0,37441,22099,2726,10576,1503,309,21,10121,1452,173,236,0,46057,22156,8902,11476,2774,1133,89,46057,22156,8902,10533,2482,95,25,375,1489,39684,22549,2716,12453,1502,244,15,0,0,0,0,0,40125,22707,3100,12232,1943,115,4,11426,1804,39,4,40012,21333,3752,12517,2142,139,0,11865,1776,39,0,21807,11060,10449,20136,9705,10431,21608,11238,9365,21091,9276,10601,20748,11822,8646,20467,11456,9011,20181,11333,8848,22745,12374,9798,26548,15635,10454,26329,14769,10798,26203,14916,10538,24116,13993,10123,24119,14248,9871,22762,12629,9594,20804,12058,8173,20865,10998,9678,20709,11149,9130,20636,11108,8905,20698,10302,9762,20669,11168,9501,23708,13394,9870,26983,15670,10963,25723,13525,12198
38,38,50362,19748,4860,25044,1019,472,64,0,0,57456,17675,6893,32442,1598,635,25,0,0,59317,15382,8730,33760,1457,1271,113,58533,17200,7165,34269,1462,479,28,31978,852,65,6,150,1109,62014,17494,8607,35728,1134,920,256,36347,16385,2898,16417,724,326,47,0,0,39983,14629,2985,21034,1142,205,8,20813,1033,30,88,0,44839,13498,5657,24318,1077,958,75,44839,13498,5657,22924,840,107,21,284,1508,40993,14800,3247,22123,740,156,4,0,0,0,0,0,43910,15167,3859,23990,497,245,10,23451,441,29,10,44130,13817,4762,24625,486,311,6,23887,387,32,6,20772,12368,8227,22341,14207,8134,23625,15577,7450,22585,13939,7757,22877,16422,6297,22529,16184,6345,22012,15755,6257,24902,17240,7254,29175,20905,7956,28879,20427,7748,28817,20559,7637,26626,19845,6781,26619,19890,6729,24775,17540,6808,22382,16501,5434,22490,16035,6316,22277,15856,6026,22205,15848,5818,22249,15339,6393,22195,16592,5603,25928,18618,6944,30478,22020,8210,30052,21926,8126
39,39,53296,15244,9959,27172,1257,671,93,0,0,61139,14285,13572,33728,1606,271,55,0,0,59381,12233,12942,33016,1263,1228,76,60069,15089,12719,31680,1873,323,70,29140,1307,50,0,97,1673,59654,13503,13063,32607,1645,914,74,37818,12586,5980,18456,914,420,58,0,0,37525,11399,3192,22043,709,168,0,21604,679,75,40,0,44436,10429,8292,24569,1014,909,53,44436,10429,8292,23329,786,77,14,268,1241,38215,12176,3358,21723,611,212,0,0,0,0,0,0,39463,11779,3792,22715,774,325,10,22174,760,24,10,39855,11283,4844,22375,990,226,54,21839,948,5,54,18938,13002,5768,20142,14361,5781,20791,15379,4828,20023,13686,5499,20630,16230,4242,20344,15891,4453,19905,15557,4348,22114,16770,4964,25705,19995,5402,25443,19478,5342,25510,19698,5224,23477,18748,4729,23481,18888,4593,21916,16876,4678,19936,15874,3705,19997,15296,4572,19814,15227,4259,19741,15104,4114,19824,14583,4784,19703,15504,4199,22749,17650,4795,25695,20005,5498,25368,19936,5432
40,40,56266,40848,2691,11811,781,534,91,0,0,57812,37523,3039,15799,1232,466,47,0,0,60184,36205,4812,16936,1072,1480,80,57603,37834,2900,15396,1199,809,47,14471,862,19,0,88,1427,59081,36444,3325,17880,1365,963,106,39311,29550,1577,7545,476,355,55,0,0,41794,28273,1816,10747,549,329,0,10586,345,10,90,0,45134,28405,3041,11921,742,1084,56,45134,28405,3041,11038,538,125,19,289,1679,41459,27685,1849,10601,534,268,0,0,0,0,0,0,42139,26657,1802,12455,541,353,0,12283,442,49,0,43908,27232,2738,12897,493,335,0,12695,368,45,0,25886,8383,17276,23822,7314,16508,25619,7758,17119,24660,6937,16612,24197,8362,15607,23843,8356,15487,23385,8083,15302,26761,9127,17098,31280,11839,19016,31033,11520,18719,30901,11662,18554,27479,11034,16445,27476,11124,16352,26648,9885,16264,24045,9806,13702,24128,9154,14779,23994,9223,14346,23939,9172,14196,23911,8791,14377,23841,9697,14144,27807,10862,16525,32543,13665,18696,32084,13892,18192
41,41,54888,16989,14811,21584,1920,645,88,0,0,61081,15879,17254,26924,1711,408,43,0,0,60122,14079,19971,23846,2078,1532,90,59530,14166,16671,26977,2353,523,7,25011,2007,72,0,384,1222,57935,13378,16899,25989,1939,538,0,39621,14718,8854,14790,1440,414,69,0,0,37221,13197,4938,17859,984,254,1,17533,939,15,189,0,45271,12502,12927,17816,1662,1146,64,45271,12502,12927,16732,1419,100,24,380,1187,37569,12653,5142,18106,1371,314,0,0,0,0,0,0,37064,12008,5426,18240,1105,140,0,17995,1038,10,0,36298,12119,6515,16280,940,256,0,15829,877,21,0,17705,10992,6538,17969,11501,6468,18769,12508,5658,17985,10946,6166,18031,12843,4999,17723,12586,5137,17347,12312,5035,19490,13333,5771,22441,15751,6414,22202,15312,6255,22145,15432,6176,19934,14464,5470,19931,14542,5389,18615,12868,5390,16145,11543,4248,16229,11031,5057,16089,11041,4767,16029,10969,4604,16063,10571,5065,15986,11166,4820,19208,13365,5551,22282,15538,6570,21862,15388,6474
42,42,53245,21624,11919,17725,2227,576,89,0,0,59149,23064,13348,19245,3794,714,233,0,0,59017,23214,12673,18804,3848,1279,81,60282,23394,11711,21279,4199,846,264,18765,3520,52,165,225,2447,60338,23471,10576,21346,4748,951,227,40771,18724,7399,12973,1697,386,63,0,0,37795,19116,3502,13113,1588,245,89,12679,1428,36,174,0,46520,19946,8514,14436,3009,951,60,46520,19946,8514,13245,2640,103,16,369,1687,39951,19657,3503,14348,1888,371,104,0,0,0,0,0,41319,20111,3708,14575,2444,221,110,13868,2060,31,110,40952,20044,4344,13564,2413,348,99,12682,1987,32,99,19665,11435,7976,18282,10483,7799,20562,12599,6931,20123,10783,8080,20189,13686,6214,19888,13270,6618,19591,13198,6393,22140,14184,7351,26315,17797,8015,26113,16983,8344,25921,16958,8189,23490,15905,7585,23492,16106,7386,22144,14443,7131,20038,13709,5745,20111,12751,7179,19965,12884,6649,19916,12728,6502,19973,12010,7387,19816,12869,6947,23094,15260,7383,26047,17348,8443,25761,17111,8650
43,43,56202,25876,8139,17468,4344,540,116,0,0,58149,27873,6564,17835,5794,613,175,0,0,59626,24513,8031,18867,5426,1300,79,56965,28272,5967,16829,5365,471,184,15213,4708,51,9,688,2056,58186,25005,6710,17844,6113,829,104,44280,22131,5512,12750,3444,383,90,0,0,38274,21124,2765,12276,1835,291,11,11869,1617,146,71,0,48172,21202,5737,14570,4329,964,47,48172,21202,5737,13225,3900,104,26,1223,2755,38991,22281,2749,11936,1851,220,15,0,0,0,0,0,38677,21086,2779,12713,1776,424,10,11991,1470,133,10,39879,21381,3784,12436,1895,348,37,11755,1652,82,37,21395,11564,9601,20282,10869,9413,21565,12467,8048,21205,10554,9322,20352,12603,7436,20061,12318,7743,19810,12179,7631,22249,13124,8494,25305,15816,9005,25118,14986,9358,25004,15002,9203,22376,13786,8590,22373,13969,8404,21402,12805,8047,18856,11782,6543,18935,10861,7905,18778,10962,7403,18752,10932,7205,18799,10280,7939,18715,10950,7765,22077,13366,8270,25391,15729,9369,24412,14030,10382
44,44,50232,37039,4463,5530,2976,464,67,0,0,56793,39785,5865,7982,3245,606,16,0,0,60002,38825,7197,7990,4320,1333,84,60251,40488,7037,8035,3890,747,7,6804,3570,84,0,346,1923,63061,40980,7493,9031,4225,1357,20,38283,29380,2898,3694,2092,329,39,0,0,41291,31046,2757,5206,1958,366,0,4935,1842,120,108,0,46773,31659,4925,5635,3157,987,62,46773,31659,4925,4910,2705,92,10,495,1977,43872,32401,3278,5325,2567,344,0,0,0,0,0,0,46454,33942,3474,5468,2895,357,20,5159,2725,32,20,48082,35922,3386,5177,2792,623,24,4591,2551,27,24,27163,9723,17079,23830,7665,16165,26742,9652,15610,26118,7958,16393,25372,10545,14345,25022,10407,14615,24756,10313,14443,28012,11182,15947,32589,14679,17246,32369,13848,17482,32109,13897,17175,29388,13332,16056,29371,13548,15823,28366,11942,15628,26136,11911,13356,26288,10652,15350,26103,10875,14688,26080,10906,14351,26084,10087,15077,26003,10990,15013,29626,12909,16100,34465,15514,18529,32540,12827,19713
45,45,54645,45153,1930,2426,4973,183,51,0,0,55398,43991,2275,2512,6666,195,52,0,0,59738,43186,3283,3303,8725,769,57,56206,44019,2621,3103,6491,176,129,2176,5479,0,0,291,1621,57263,43141,3391,2661,7619,401,33,39981,33698,1242,1637,3252,132,38,0,0,37885,32205,1306,1357,2836,137,0,1302,2525,103,74,0,44023,32991,2136,2324,5714,535,34,44023,32991,2136,1879,5306,21,7,259,1424,38566,32776,1427,1602,2537,84,0,0,0,0,0,0,38697,32019,1598,1348,3521,87,0,1254,3240,8,0,38761,30976,2065,1799,3629,118,26,1702,3318,12,26,36058,12134,23586,31532,8820,22712,32904,12647,18663,32638,8920,22199,30819,12751,17585,30449,12219,18230,30340,12284,18056,33826,13474,19528,38182,18009,19573,38010,16262,20976,37761,16382,20531,36473,15880,20593,36427,16308,20119,34077,14607,18673,31768,14888,15870,31983,12673,19031,31718,13197,17972,31678,13340,17466,31752,11516,19286,31590,13293,18297,34966,15564,18797,38179,18331,19371,36216,14271,21945
46,46,52468,41851,3308,3792,3368,299,62,0,0,56783,43922,4058,4592,4141,365,165,0,0,59108,42814,4869,5077,5060,970,87,56601,42986,4080,5081,4219,393,170,3671,3504,23,19,299,2019,57988,43877,3864,4808,4580,341,404,38419,31319,2168,2572,2232,200,34,0,0,40182,32858,2437,2613,1897,224,25,2434,1785,45,220,0,44132,33016,3257,3560,3429,671,60,44132,33016,3257,2995,2964,56,17,271,1556,39820,31717,2357,3275,2169,259,4,0,0,0,0,0,40474,32771,1931,3115,2341,124,0,2963,2095,12,0,40941,31940,2619,3398,2710,168,0,3058,2461,0,0,33440,10865,22264,28730,8250,20480,31097,11142,18391,30610,8614,20362,29231,11787,16981,28846,11397,17449,28657,11403,17254,32159,12356,18944,36771,16219,19866,36511,14994,20612,36216,15036,20200,33974,14453,19521,33963,14778,19185,32480,13251,18378,30113,13449,15590,30342,11695,18334,30095,12052,17444,30065,12172,17008,30150,10801,18333,30003,12163,17840,33581,14239,18680,37714,17023,20211,35707,13605,22102
47,47,48682,34905,3240,5049,5381,325,58,0,0,54302,34799,3644,6795,9076,354,157,0,0,59126,36485,4632,6590,10265,1020,94,58110,36718,3959,8129,9411,177,209,7026,9027,23,42,208,1106,59418,34559,5311,8052,10809,578,8,34512,25258,2130,3327,3686,213,32,0,0,33815,25142,1971,4348,2063,191,22,4241,2010,74,116,0,43932,28066,3236,4709,7058,731,60,43932,28066,3236,4086,6662,76,14,271,1521,36407,26798,2084,5360,1964,122,41,0,0,0,0,0,37173,26269,2916,5157,2582,166,0,5039,2462,10,0,37296,25479,3005,5620,2830,195,0,5366,2505,21,0,21274,7191,13913,20993,6200,14793,24007,8903,14013,23293,6777,15429,23314,9360,13666,22996,8919,14077,22747,8924,13823,25600,9892,15163,30177,13228,16567,29986,12207,17161,29671,12169,16755,28155,11742,16413,28150,12039,16111,26379,10576,15260,24701,10627,13429,24861,9097,15568,24649,9388,14858,24632,9446,14619,24662,8369,15486,24541,9510,15031,27753,11344,15978,32179,13523,18251,31675,12067,19608
48,48,55354,36377,7725,5608,5596,313,71,0,0,61196,37059,8901,7809,7439,383,64,0,0,59003,34843,8317,7216,7821,1002,93,64359,36699,10637,9155,7665,197,83,7385,6667,52,0,845,2072,63070,35574,10267,8764,7353,747,158,39647,27008,4945,3714,3911,205,49,0,0,39661,28114,2403,4929,3902,150,0,4773,3717,105,190,0,44779,27658,5556,5279,5639,695,71,44779,27658,5556,4540,5188,36,16,252,1533,41301,28185,3535,5408,3840,110,0,0,0,0,0,0,40717,28279,3253,5344,3730,122,0,5098,3499,53,0,42161,27891,3758,6254,4052,123,9,5747,3963,27,9,25983,9513,16249,25243,8186,17057,27346,11398,14603,26831,8758,16846,26300,11991,13927,25898,11432,14466,25622,11417,14205,28778,12666,15427,33217,16839,15879,33085,15536,16847,32649,15578,16283,31186,14900,16286,31171,15227,15944,29042,13426,14957,26826,13282,12756,27035,11646,15158,26822,11878,14512,26806,12069,14069,26886,10661,15479,26810,12540,14270,30056,14301,15237,33461,16661,16301,32894,15267,17627
49,49,51103,39026,2992,4152,4812,265,76,0,0,59208,41875,3402,6906,7122,111,73,0,0,59153,40782,4473,5234,7606,790,63,57889,39212,3072,6179,9090,203,50,5329,7967,135,10,647,1517,57963,40565,3342,4879,8294,89,43,37234,29153,1916,2857,3205,155,46,0,0,40451,31100,1627,4388,3082,79,6,4058,2830,64,147,0,45263,32354,3031,3813,5275,575,44,45263,32354,3031,3266,4863,43,12,283,1411,39991,29565,1297,3846,4824,141,3,0,0,0,0,0,40267,30773,1852,2785,4552,65,4,2575,4280,18,4,40822,30322,2429,3149,4627,164,7,2710,4407,30,7,23580,8468,14943,24507,7233,17274,28518,11131,16066,27887,8233,18326,27829,11874,15539,27404,11299,16105,27114,11281,15833,30982,12702,17581,37192,17611,19065,36969,15992,20230,36502,15994,19613,34684,15334,19350,34663,15734,18929,31919,13829,17427,29637,13985,14795,29847,11936,17688,29592,12373,16764,29573,12506,16371,29630,10865,17849,29472,12529,16943,33441,14867,18028,37500,17288,19653,36878,15241,21637
50,50,54978,29732,2907,6049,16276,274,62,0,0,60722,28080,3985,7810,20650,510,145,0,0,59523,24729,4202,7763,22186,588,102,60470,29939,3959,7041,19281,389,78,5905,18324,203,0,707,1431,58405,26456,3052,7212,20248,524,0,37320,21134,1824,3753,10529,165,35,0,0,34419,20276,1831,3910,8063,209,0,3825,7737,180,105,0,43940,19496,2796,5450,15731,407,69,43940,19496,2796,4747,15217,32,23,254,1375,35484,21733,1793,3714,8037,179,0,0,0,0,0,0,35963,19993,1764,4538,9440,182,0,4093,9186,69,0,34759,18435,1912,4229,10054,140,4,3657,9785,40,4,21320,9181,11974,20006,7668,12338,23381,11616,10787,22565,8888,12583,22313,12224,9768,21965,11705,10260,21643,11644,9999,24938,13081,11302,29855,17534,11981,29614,16479,12490,29161,16277,12106,27525,15927,11598,27502,16126,11376,24979,13634,10829,22346,12994,8740,22470,11485,10800,22267,11730,10183,22236,11830,9845,22292,10582,11146,22271,12427,9844,25991,14431,11124,29420,16394,12556,28660,15017,13643
51,51,56651,30900,9237,13700,2738,499,91,0,0,63407,32582,10131,15646,4262,533,142,0,0,58952,30076,9119,14766,4170,1138,100,62041,33825,8219,15203,4462,449,109,14094,2575,167,6,685,2471,59217,30988,7098,16617,4379,595,203,43008,24976,5971,9871,2040,343,67,0,0,40624,26015,2265,10123,1808,368,15,9973,1630,172,55,0,47262,25679,6291,11193,3257,868,76,47262,25679,6291,10066,2804,84,23,476,1839,40927,26718,2374,9681,1878,280,4,0,0,0,0,0,40632,25269,2582,10615,1900,299,19,9951,1345,115,19,39581,24992,2725,9763,1805,230,7,8908,1333,25,7,23694,11750,11710,22351,10177,12174,24583,12879,10490,23971,10339,12312,23771,13410,9992,23417,12931,10486,23013,12758,10255,25811,14008,11132,29697,17783,11455,29512,16721,12041,29253,16732,11716,27247,15834,11413,27232,16063,11169,25482,14339,10553,23051,13641,8808,23174,12433,10561,23011,12593,9997,23004,12614,9729,23041,11573,10802,22966,12809,10157,26257,15057,10748,29194,17165,11676,28701,15951,12750
52,52,45594,29676,3565,6950,5442,274,64,0,0,56099,32900,4640,7880,10577,581,18,0,0,59811,32182,4773,9461,12653,802,134,57404,33124,4044,10028,10504,784,138,9216,9188,79,0,96,1654,60623,33909,3130,10927,12409,918,156,37431,24939,2542,5596,4375,187,50,0,0,35878,25159,1998,5904,2532,233,0,5764,2375,38,102,0,48525,26755,3598,7758,9733,597,104,48525,26755,3598,6887,9280,66,34,331,1574,37944,26290,2207,6678,2665,144,0,0,0,0,0,0,40751,27410,1814,7168,3718,348,0,6874,3426,18,0,42035,25372,2238,9994,3610,190,0,9395,3371,17,0,21089,10391,10520,20409,8952,11457,23151,12655,9320,22619,9513,11949,23125,13540,9263,22742,12837,9905,22488,12889,9599,25070,14037,10434,29539,18525,10598,29336,17194,11549,29074,17193,11190,27343,16287,11056,27334,16622,10712,25423,15054,9839,23498,14919,8008,23624,13364,10094,23435,13633,9450,23381,13744,9043,23478,12394,10544,23280,13946,9334,26591,16095,10098,30194,18926,10927,29668,17761,11907
53,53,54841,40759,4367,7344,2180,351,80,0,0,58410,43318,4788,7811,2442,271,10,0,0,59953,42146,4919,8685,3479,824,82,58456,42892,4479,7590,2508,150,7,6398,2065,12,7,80,2524,58441,41250,4581,8316,2987,277,30,42075,31658,3029,5626,1588,251,58,0,0,42368,33865,1785,5354,1211,118,10,5135,1098,14,33,0,46944,33426,3494,6819,2558,653,60,46944,33426,3494,5967,2152,42,8,254,1601,42786,34195,2132,5141,1173,54,4,0,0,0,0,0,42774,33191,2196,5764,1458,140,20,5344,1331,0,20,43678,32282,2690,6680,1793,241,0,6090,1680,21,0,28670,11962,16444,27915,9927,17988,30031,14214,14367,29639,10084,18243,29311,14437,14467,28801,13472,15329,28504,13578,14926,31472,14776,15987,35719,19280,15916,35492,17160,17619,35183,17251,17128,33780,16360,17420,33740,16864,16876,31361,15497,15197,28968,15392,12803,29213,13190,15814,28975,13845,14687,28898,13866,14298,28998,11941,16267,28743,13879,14864,32309,16284,15541,35563,18823,16376,34987,17102,17885
54,54,49443,30856,9281,6905,2736,369,57,0,0,54898,35458,7484,8154,4102,2670,17,0,0,60083,36671,9115,9048,4770,844,77,57984,37764,7748,8187,5046,2131,14,7154,4195,25,0,104,995,60514,39165,6983,9788,4804,286,39,39751,25851,6194,5650,2208,288,40,0,0,39368,28952,1740,6203,2298,178,0,5902,2051,38,75,0,50338,31705,6436,7789,3958,650,54,50338,31705,6436,6879,3453,63,14,266,1522,41231,30372,2010,6190,2564,153,0,0,0,0,0,0,45455,32146,2629,7741,2823,127,0,7444,2660,16,0,45785,29933,3384,9562,2769,98,0,8925,2439,28,0,20587,10117,10308,20218,8474,11744,23884,12565,10118,23491,9227,13283,23346,12982,10032,22905,12167,10738,22767,12296,10471,25760,13704,11495,30606,18452,11780,30419,16849,13037,30066,16792,12611,28168,15647,12521,28154,15970,12184,25979,14773,10694,23629,14581,8512,23756,12850,10761,23579,13338,9922,23545,13403,9632,23614,11940,11137,23375,13450,9925,27089,15808,10920,30598,18779,11488,30177,18323,11854
55,55,51890,15813,1874,33074,1333,405,56,0,0,56544,17986,1873,35126,1725,464,45,0,0,59115,19640,2959,34398,2085,796,93,56171,18233,2038,34191,2039,443,111,33389,1364,206,11,36,895,55539,19178,3011,31517,1964,497,95,41755,13474,1418,25810,1147,323,46,0,0,45098,15081,1143,27717,832,290,10,27511,675,145,116,0,48584,16934,2332,27398,1808,646,83,48584,16934,2332,26176,1451,93,14,190,1394,45109,15517,1371,26810,948,323,10,0,0,0,0,0,44202,16287,1789,25068,871,327,10,24551,713,82,10,45223,16328,2017,25363,1196,490,63,24574,1044,52,63,25451,19883,5405,23137,17623,5514,24649,19404,4344,23715,15844,6977,24746,19953,4538,24097,18730,5367,23632,18611,5021,25423,19558,5385,27912,22307,5227,27730,21061,6014,27615,21294,5696,26186,20533,5653,26197,20842,5355,24561,19200,4928,22437,18247,3819,22552,17142,5284,22260,17047,4877,22178,17076,4513,22303,16067,5858,22057,17393,4664,25185,19746,5104,28429,22686,5477,27919,22116,5803
56,56,49920,12163,1635,31498,4981,451,65,0,0,59004,15652,2555,33879,7199,658,108,0,0,59783,18808,3359,31626,5946,785,125,61112,16646,2940,34423,7479,550,55,33231,6826,93,23,125,1231,62476,17475,3569,33953,7769,652,31,43801,11910,1471,25826,4860,404,56,0,0,47083,14362,2059,26770,3527,265,24,26437,3179,73,198,0,53358,18268,3006,26348,5587,662,113,53358,18268,3006,24930,4827,100,46,229,1952,49090,15511,1962,27436,3685,286,24,0,0,0,0,0,51153,16337,2365,27641,4103,422,4,27057,3608,66,4,52458,16873,2705,26591,5288,598,10,25621,4631,78,10,22432,20513,1755,16514,15280,1234,17583,15755,1274,16721,13569,2360,17397,16272,994,16961,15520,1441,16555,15308,1247,18092,16170,1599,20298,18258,1799,20103,17736,1871,20004,17727,1754,18398,16853,1545,18416,16978,1438,17948,16112,1565,16720,15331,1181,16741,14964,1689,16521,14669,1576,16478,14627,1413,16561,14224,2087,16450,15011,1439,18978,16967,1772,23601,20805,2543,23043,20558,2485
57,57,47942,33177,4303,7608,2922,398,60,0,0,56898,38732,4571,8373,5047,537,148,0,0,58961,36643,5104,10522,6090,914,99,56793,37272,4564,9059,5825,641,236,7843,4841,104,93,46,2028,58105,37944,3995,10446,5779,601,218,42204,29458,3232,6890,2620,333,52,0,0,45047,33498,1910,6791,2401,209,29,6425,2123,98,226,0,51824,32541,4088,9317,5326,706,73,51824,32541,4088,8327,4616,42,17,284,1909,45421,32365,2216,7496,2709,204,95,0,0,0,0,0,47742,33176,2629,8465,2649,288,95,7849,2260,67,95,48210,31438,3335,9846,2864,186,65,9000,2390,35,65,28028,19638,8126,23231,15293,7938,27936,21163,5432,27481,17241,8830,27860,22114,5393,27404,20908,6496,27242,21227,6015,29954,22556,6706,34616,27673,6481,34465,26178,7617,34116,25930,7339,32128,24858,7270,32114,25232,6882,29499,22918,6003,26757,21806,4449,26806,20339,6293,26566,20394,5779,26503,20509,5331,26687,19204,7060,26353,20729,5624,30270,23755,6118,32591,26103,6153,32010,25367,6643
58,58,49810,13039,1588,34395,1091,492,45,0,0,58561,17577,1716,37705,2132,412,183,0,0,58788,17539,3273,35549,2282,776,55,59819,17552,2086,38385,2192,696,133,36639,1551,21,0,334,1637,58550,18278,2094,35648,2447,709,11,41191,12079,1317,27017,956,412,36,0,0,47005,15645,1137,28782,1187,155,0,28460,994,18,184,0,50073,16211,2759,28876,1993,624,48,50073,16211,2759,27610,1587,69,7,269,1561,48494,15813,1237,29854,1383,93,0,0,0,0,0,0,47645,16811,1116,28039,1670,89,0,27663,1366,25,0,48693,16849,2008,27808,1972,535,4,26877,1580,29,4,26330,23662,2471,22533,20273,2260,24963,22349,1832,23850,19147,3607,24709,22939,1595,24103,21856,2247,23606,21635,1971,25828,22921,2436,28962,26045,2589,28712,25279,2789,28574,25230,2634,26949,24493,2456,26978,24701,2277,24904,22320,2188,22408,20638,1488,22386,20025,2237,22073,19570,2118,22020,19545,1884,22180,19080,2764,22000,20094,1906,25406,22736,2353,28238,24929,2985,27611,24554,3057
59,59,50520,7440,1718,40780,954,428,63,0,0,56461,10925,1765,42445,1368,776,74,0,0,59434,11510,2647,43468,2017,771,90,57842,11031,1930,43391,1567,836,180,41643,1303,259,0,122,1548,58524,11379,2508,42110,2603,764,149,39910,6989,1328,30975,845,326,48,0,0,44410,10218,1291,31608,874,417,0,31130,751,216,151,0,49179,10840,2177,34470,1791,647,73,49179,10840,2177,32810,1424,84,12,268,1564,45859,10266,1431,32551,953,494,0,0,0,0,0,0,46407,10652,1902,31772,1562,280,0,31048,1287,36,0,48132,11820,1922,31974,1878,407,4,30959,1444,47,4,22944,21619,1176,20600,19555,1045,21786,20177,1057,20611,17462,2225,21382,20423,846,20764,19483,1281,20154,19046,1108,22425,20616,1438,25336,23385,1662,25092,22777,1654,25061,22839,1602,23423,22077,1346,23449,22197,1252,22211,20532,1349,20528,19328,964,20576,19052,1418,20231,18491,1371,20143,18381,1256,20282,18085,1888,20113,18869,1244,22974,21179,1507,26321,24051,2011,25740,23751,1989
60,60,52715,19005,3748,28869,1306,313,66,0,0,59735,21121,2495,34426,1831,103,9,0,0,59560,20961,3892,32420,2224,834,104,63886,21746,3072,36685,2158,139,105,35142,1750,0,13,809,1356,61192,21071,3174,35612,2018,366,190,39399,15574,2431,20455,1032,224,42,0,0,43365,16879,1207,24549,675,55,6,24269,647,0,33,0,46156,17228,2685,24429,1716,611,80,46156,17228,2685,23225,1405,73,32,188,1320,47329,17589,1652,26177,1099,64,13,0,0,0,0,0,45500,17132,2040,24880,959,194,10,24270,853,0,10,46277,17875,2124,24520,1114,348,4,23886,909,4,4,27387,18976,8260,24043,16033,8010,25256,17800,6518,24420,14355,9150,24705,17827,6640,24130,16766,7364,23628,16574,7054,26248,18230,7541,29745,21927,7432,29562,20709,8215,29384,20866,7921,27947,20006,7941,27939,20326,7613,26324,18804,7065,24565,18257,5862,24691,17040,7510,24379,17130,6877,24266,16996,6705,24377,15945,7924,24147,17209,6938,27300,19655,7293,31022,22902,7842,30490,22153,8337
61,61,49955,18240,1928,27322,2697,398,58,0,0,61050,18123,2556,36269,4791,386,5,0,0,59161,17873,2978,33908,4399,792,75,57976,17738,2666,33674,4364,528,8,31928,3813,65,8,76,1680,59380,18289,2544,34506,3986,922,21,39031,15464,1406,20170,2077,277,45,0,0,44414,15464,1622,25295,1804,148,5,24956,1698,50,134,0,47510,15308,2185,26565,3305,626,46,47510,15308,2185,25247,2930,71,10,296,1463,43086,15380,1558,24092,1767,344,8,0,0,0,0,0,45131,15850,1656,25421,1935,543,5,24439,1818,87,5,45909,15480,1873,26151,2090,623,2,25226,1904,63,2,20587,13300,7114,26533,18298,8235,28320,20666,6662,27639,17831,8672,27811,21599,5959,27392,20865,6527,26889,20623,6266,29701,22121,7043,33818,26393,7043,33521,25425,7471,33549,25617,7318,31537,24584,6953,31540,24824,6716,29704,22742,6468,27564,21990,5115,27655,20972,6519,27474,21020,6018,27400,20982,5792,27476,19874,7063,27289,21110,6179,30698,23769,6546,34200,26771,7143,33873,26439,7434
62,62,54059,8682,4208,40810,736,516,56,0,0,57600,9843,2588,44418,894,511,82,0,0,59450,10210,4522,43732,1121,877,70,56943,10493,2968,42549,1169,453,109,41397,796,35,6,170,1075,60758,10451,3715,45372,1485,386,54,40277,7691,2598,29603,570,377,33,0,0,43000,8506,1146,32749,436,161,16,32538,341,36,84,0,46426,8852,3172,33548,875,679,59,46426,8852,3172,32122,605,97,25,216,1337,42440,9131,1403,31152,667,122,15,0,0,0,0,0,44597,9367,1928,32306,942,171,20,31943,886,28,20,45487,9595,2490,32321,1053,209,5,31835,905,21,5,24122,22002,1941,21615,19918,1697,22377,20424,1403,21189,17789,2581,22427,21030,1266,21895,20182,1713,21290,19789,1501,23312,21188,1796,26283,24069,1941,26066,23533,1956,26087,23657,1866,24568,22945,1623,24587,23063,1524,22880,20946,1634,21055,19601,1211,21084,19262,1700,20826,18877,1603,20757,18786,1464,20859,18370,2161,20699,19225,1474,23681,21636,1764,26942,24431,2217,26344,24119,2225
63,63,56604,9334,6252,40523,908,531,54,0,0,60664,11358,5229,42999,1085,389,37,0,0,59381,9942,6185,42146,1156,1008,66,60381,10988,5578,41970,1532,777,34,40424,1225,351,0,505,1313,55442,10540,6611,36498,1728,877,24,41376,8336,4243,28400,706,383,39,0,0,42398,9791,1847,30163,378,149,0,29913,308,52,107,0,45043,8658,4173,31229,908,745,52,45043,8658,4173,30043,693,93,16,213,1154,42386,9497,1921,29892,782,246,0,0,0,0,0,0,39880,9223,2077,27284,910,316,0,26899,890,186,0,41026,10312,2051,26777,1362,320,0,26335,1235,169,0,25181,22716,2249,19860,18019,1841,20524,18403,1611,19363,16008,2601,19294,17785,1381,18807,17073,1734,18212,16658,1554,20618,18430,1893,23273,20899,2108,23048,20419,2070,23060,20585,1931,21627,19858,1769,21634,19995,1639,20538,18460,1783,18945,17355,1348,18989,17025,1857,18729,16651,1734,18650,16567,1592,18736,16234,2201,18598,16972,1626,21224,19034,1926,24560,21845,2472,23963,21460,2503
64,64,55265,27281,3479,23594,1154,490,86,0,0,60072,23433,4857,30908,1306,430,45,0,0,59608,19681,5489,32720,1434,1174,89,63296,22823,6102,33395,1497,199,25,31649,1185,26,13,168,1330,62007,19687,6007,34699,1653,438,152,39266,21290,2049,15156,800,319,51,0,0,42077,18914,2216,19905,582,322,35,19712,525,30,89,0,44900,16408,3537,23540,1049,875,52,44900,16408,3537,22250,867,82,18,281,1457,44044,18634,3087,21369,807,181,15,0,0,0,0,0,43453,16232,2983,22934,965,323,0,22232,902,4,0,42820,14594,3501,23060,1105,298,26,22361,1091,22,26,21856,10851,10804,24616,13131,11485,25752,14460,10559,24810,13142,10727,24805,15536,9068,24492,15278,9214,24015,15004,9011,26751,16301,9987,30558,19900,10304,30285,19501,10104,30288,19674,10051,27859,19003,8856,27868,19103,8765,26246,16948,8851,23669,16350,6880,23751,15787,7807,23576,15710,7479,23533,15667,7339,23568,15145,7896,23457,15897,7560,27225,18210,8658,31585,21939,9420,31235,21875,9360
65,65,43841,12350,1268,29978,471,403,59,0,0,56364,14792,1344,39910,357,260,155,0,0,59129,13618,2096,42726,760,828,55,57647,14373,1615,40915,438,269,217,40167,319,26,109,502,536,60685,14162,2375,43249,733,236,47,31425,9633,784,20782,289,279,35,0,0,40340,11233,556,28283,76,131,31,28210,74,45,94,0,44495,10789,1421,31713,512,640,33,44495,10789,1421,30409,343,71,12,216,1234,41956,11209,891,29470,141,114,75,0,0,0,0,0,44845,11478,1297,31750,250,188,0,31530,241,18,0,44542,11363,1480,31277,550,134,1,31004,429,0,1,13951,8442,5369,21806,16010,5796,24841,18092,6244,23781,16430,6697,25768,19819,5826,25436,19436,6000,24764,18943,5821,27302,20354,6648,32339,24424,7670,32095,23968,7553,32116,24239,7393,30448,23538,6910,30448,23637,6811,28444,21345,6782,27258,20943,5980,27337,20431,6783,27148,20263,6533,27068,20208,6394,27130,19622,7026,26999,20406,6593,30272,22801,7188,35577,26721,8633,35194,26525,8669
66,66,55596,22620,6532,25684,875,564,149,0,0,60580,20315,8085,31795,1334,510,20,0,0,60306,16438,8450,34115,1091,1310,156,60372,20150,7619,31995,977,785,195,30306,772,84,0,30,1413,59687,17774,8490,32510,898,677,128,40167,18492,3872,17107,659,411,80,0,0,41786,16719,2104,21862,672,341,0,21476,622,69,185,0,45228,14112,5363,24552,835,991,107,45228,14112,5363,23241,655,132,47,254,1424,42124,16652,1764,22748,428,391,0,0,0,0,0,0,41332,14968,2423,23074,419,369,0,22438,404,66,0,44502,14321,3421,25683,462,416,111,24859,267,70,111,21758,13273,8276,20246,12154,8092,21161,13146,7454,20347,11983,7645,20404,13892,6347,20070,13615,6455,19620,13303,6317,22127,14621,7130,25626,17790,7529,25364,17324,7368,25372,17647,7220,22886,16531,6355,22886,16623,6263,21305,14561,6382,18628,13347,4928,18694,12914,5651,18557,12859,5407,18490,12768,5279,18519,12387,5711,18461,13152,5309,22026,15392,6330,25400,18163,7057,24961,18079,6882
67,67,48707,18231,4330,25477,902,362,63,0,0,53584,18909,5079,29814,698,191,32,0,0,59135,17203,5153,35438,1133,929,68,57351,18913,4901,33262,1240,267,75,31873,632,25,0,52,955,61773,18757,5655,36890,820,250,9,34118,13861,2617,17114,589,257,38,0,0,36049,14534,1672,19572,193,47,4,19460,135,14,32,0,44299,13670,3435,26099,833,681,46,44299,13670,3435,25067,617,86,14,215,1195,38589,14546,1728,21894,333,63,0,0,0,0,0,0,43921,14465,2550,26283,495,130,0,26108,340,8,0,45074,13838,3125,27091,602,113,11,26878,495,0,11,15395,8391,6867,20459,12637,7822,22451,13773,8083,21500,12293,8451,22328,14748,7440,21973,14512,7461,21430,14071,7359,23922,15240,8323,27896,18272,9333,27641,17797,9228,27611,18005,9119,26130,17696,8434,26129,17767,8362,24449,15803,8278,23017,15445,7202,23093,14898,8043,22922,14789,7778,22842,14732,7662,22900,14315,8070,22791,14834,7957,25769,16882,8575,30192,20058,9920,29831,19919,9912
68,68,49245,20414,3217,24320,1419,466,62,0,0,50762,19180,3591,26191,1389,272,255,0,0,59477,18526,4339,34189,2140,941,90,52032,17693,3757,28165,1585,398,277,27451,1238,15,111,594,1174,59194,18940,3800,34038,1383,562,219,35104,16015,1923,16241,930,304,39,0,0,35776,14845,1383,18409,765,204,108,17986,730,6,81,0,44835,15216,2837,24994,1486,677,58,44835,15216,2837,23951,1243,62,21,284,1221,36476,13847,1588,19591,887,263,110,0,0,0,0,0,41558,14739,1551,24104,738,268,105,23547,591,10,105,44851,15242,2427,26181,828,226,13,25618,669,0,13,20872,10603,10101,23279,13092,10187,24448,14296,9461,23510,12504,10174,23891,14991,8694,23496,14551,8945,23039,14226,8813,25854,15758,9668,30113,19396,10344,29909,18811,10426,29798,19003,10187,28142,18263,9879,28156,18420,9736,26248,16419,9406,24399,15848,8085,24525,15137,9229,24323,15052,8913,24262,15066,8669,24283,14412,9268,24210,15114,9096,27444,17473,9621,31571,20547,10782,31069,20035,11034
69,69,52078,17075,2126,31130,1911,448,91,0,0,53560,15510,2782,33090,2207,570,64,0,0,58682,14142,3798,38392,2223,932,72,53738,14767,2567,33675,2156,465,56,32393,1490,34,35,1032,1413,56996,14116,3294,37388,2231,363,38,38572,14083,1363,21892,1304,293,62,0,0,40453,12987,1325,24646,1216,154,25,24408,1009,49,193,0,45548,12249,2469,28950,1641,670,43,45548,12249,2469,27740,1420,80,16,353,1221,40661,12985,1188,25180,1081,155,25,0,0,0,0,0,42409,12525,1537,26769,1220,170,0,26525,1170,43,0,41952,11818,1377,27138,1038,441,27,26456,1017,71,27,21029,13451,7396,26979,18009,8970,27603,18988,7993,26336,16794,8683,26743,19630,6938,26252,19181,7071,25586,18627,6959,28567,20296,7874,32536,23867,8346,32232,23364,8239,32199,23496,8080,30346,22911,7435,30356,23028,7328,28505,20755,7346,26259,19925,5940,26363,19352,6870,26149,19101,6651,26056,19079,6416,26123,18517,7092,26041,19317,6724,29366,21688,7345,32842,24526,8069,32366,24207,8159
70,70,51647,31429,4449,14827,854,511,91,0,0,58613,33694,5685,17388,1803,620,255,0,0,59121,33410,5368,17750,1691,1346,78,59018,34095,5628,17235,1881,543,306,15730,1099,246,24,202,1999,58460,33723,5714,17006,2029,602,184,38015,24318,3058,9953,552,360,61,0,0,41783,26156,2586,11973,634,375,25,11658,537,147,79,0,45249,27007,3601,12591,1242,1023,61,45249,27007,3601,11870,1007,100,26,179,1459,41711,26826,2463,11190,756,367,20,0,0,0,0,0,42536,27342,2806,11307,747,251,0,10919,469,38,0,43651,27956,2779,11721,664,319,0,11152,476,27,0,20581,7887,12474,18918,7190,11728,20646,7442,12456,19643,6431,12299,19397,7403,11793,19035,7327,11708,18586,6992,11594,22035,8084,13525,27102,10241,16488,26840,9790,16336,26672,9900,16198,23573,9207,14366,23570,9321,14249,23157,8441,14264,21543,8212,12774,21675,7491,14015,21470,7527,13574,21431,7484,13436,21449,7075,13682,21417,7420,13997,24701,9120,15230,29862,11520,18161,29322,10910,18412
71,71,54183,39421,3045,10867,571,499,48,0,0,57876,41219,3200,11944,795,458,133,0,0,59538,39979,4430,12792,913,1608,72,59203,40405,4239,12908,720,513,206,12265,477,169,65,674,905,60925,40179,4845,14439,667,369,60,39026,29668,1869,6890,373,352,34,0,0,42331,32113,1416,8042,357,218,125,7864,232,124,40,0,44582,31118,2755,8879,640,1206,57,44582,31118,2755,8226,450,106,10,189,1728,42161,31153,1344,9011,217,215,85,0,0,0,0,0,43216,31124,1665,9662,304,283,0,9403,278,38,0,43943,30908,2070,9325,278,1166,4,9059,163,129,4,18160,6154,11799,20221,6392,13829,21993,6483,14794,20991,5724,14222,20965,6651,14071,20596,6715,13881,20173,6441,13732,23299,7215,15597,27912,9033,18456,27618,8751,18063,27500,8903,17956,23954,8303,15651,23941,8405,15536,23663,7436,15753,21581,7185,13842,21682,6540,14932,21530,6719,14457,21485,6633,14360,21484,6306,14400,21453,6522,14931,25220,8103,16724,30960,10319,20480,30470,9966,20504
72,72,57574,41396,3595,11721,642,518,46,0,0,59514,40813,4694,12576,789,898,48,0,0,59660,40129,4871,12788,784,1285,62,59854,41262,3813,12832,1106,812,66,12221,794,72,16,461,1223,60000,41138,4190,12534,1042,1351,48,43893,32253,2289,8720,450,368,32,0,0,43961,32645,1274,9263,450,231,10,9161,392,50,83,0,46229,32007,3209,9642,545,938,40,46229,32007,3209,9017,431,89,11,106,1359,45004,33156,1111,9745,693,306,14,0,0,0,0,0,45049,32964,1354,9625,659,380,4,9556,555,14,4,44984,33025,1552,8966,490,846,2,8704,405,70,2,23543,8052,15171,20886,6710,14176,21727,6295,14820,20786,5411,14446,20538,5831,14513,20142,5863,14279,19753,5608,14145,22513,6296,15840,26350,7435,18567,26131,7067,18457,25876,7181,18162,22990,6609,16381,23003,6738,16265,22970,6047,16539,21340,5610,15228,21447,5001,16283,21306,5104,15882,21256,5067,15724,21204,4716,15829,21201,4887,16314,24250,6315,17620,28966,7611,21191,28512,7239,21273
73,73,53752,41823,3748,5630,2457,407,93,0,0,59316,44397,3899,7334,3420,405,87,0,0,60036,41975,4781,7865,4337,1221,93,58555,44067,4149,7043,3035,398,64,6541,2725,99,0,154,822,60208,43193,4509,8440,3819,530,84,38716,30920,2381,3724,1576,255,49,0,0,42150,34053,2114,4539,1138,252,0,4412,1009,78,92,0,45736,33193,3224,5538,2954,886,52,45736,33193,3224,4959,2551,65,16,184,1544,42181,33976,2385,4448,1109,221,0,0,0,0,0,0,43336,33473,2925,5460,1156,289,25,5154,1008,57,25,45425,33395,3132,6984,1523,268,20,6555,1117,57,20,29045,8364,20445,27115,6726,20389,29062,7917,20006,28037,6412,20228,27221,8134,18675,26800,7969,18831,26496,7883,18613,29790,8982,20104,34023,12081,21375,33726,11353,21519,33475,11435,21200,30217,10602,19615,30218,10792,19426,30217,9881,19663,28195,10132,17232,28380,8797,19330,28164,9099,18558,28158,9132,18326,28144,8400,18827,28046,8931,19115,31572,10865,20159,36937,13678,22939,36480,12933,23547
74,74,47589,15235,3637,27956,1206,487,51,0,0,51174,12317,4844,33097,1694,288,96,0,0,59120,12364,5233,40371,1447,1078,104,51074,11451,4697,34111,1555,262,89,32077,1404,24,0,3,1418,59008,11653,4599,41644,1980,1030,127,33557,12235,2306,18376,810,316,41,0,0,35407,10235,1690,22542,693,194,0,22271,664,7,205,0,44044,10432,3452,29069,1108,802,60,44044,10432,3452,27665,881,83,8,275,1248,35307,9406,1555,23525,589,172,0,0,0,0,0,0,42318,9671,1776,29248,1035,494,0,28563,1030,46,0,43030,9082,1812,31029,811,439,0,30410,795,53,0,17805,11513,6175,21279,14678,6601,21811,15131,6200,20514,13494,6448,22082,16496,5474,21711,16199,5512,21032,15647,5385,23495,17051,6147,27649,20662,6712,27385,20307,6473,27402,20515,6353,25384,19878,5506,25396,19930,5466,23649,17694,5615,21759,16996,4422,21827,16645,5061,21679,16483,4860,21600,16388,4771,21610,15994,5183,21569,16653,4916,24914,18933,5691,29291,22512,6616,28831,22393,6438
75,75,53289,8107,6755,37240,1802,546,108,0,0,60125,6429,7908,44324,2510,712,53,0,0,59743,5519,7749,45016,1922,1015,89,59595,5755,8418,43787,2311,652,57,41252,1911,202,0,435,1627,61736,5029,9491,46633,2141,755,159,37708,7116,4037,25530,1322,359,64,0,0,38954,5604,2518,29199,1116,420,0,28685,1091,180,250,0,43850,4941,4947,32623,1483,726,60,43850,4941,4947,31149,1284,79,31,290,1129,38903,5093,2834,29364,1042,439,0,0,0,0,0,0,39622,4322,3005,30629,988,368,160,30048,947,80,160,41133,4189,2671,32612,1009,311,171,32191,957,6,171,19390,16015,3259,19541,16793,2748,19090,16215,2495,17873,14409,2933,18902,16767,2062,18575,16361,2214,17915,15832,2083,19951,17097,2606,22898,19603,3075,22646,19288,2861,22694,19467,2737,20930,18690,2240,20935,18742,2193,19265,16618,2397,17092,15068,1805,17114,14871,2156,16997,14654,2070,16926,14553,2001,16952,14326,2341,16924,14936,1988,19926,17178,2530,22960,19554,3262,22569,19578,2991
76,76,51501,7797,6916,32661,4559,454,96,0,0,52960,5251,8221,32975,5737,635,127,0,0,59759,5146,9327,40461,5133,1256,93,57845,6221,9720,35702,5545,695,103,34183,5142,8,88,1098,1387,56629,6187,7383,37844,5473,1077,216,36751,6831,4237,22530,3337,314,60,0,0,34144,4364,2140,24780,2459,233,65,24490,2439,0,219,0,44371,4665,5872,29832,4043,907,67,44371,4665,5872,28573,3855,92,20,225,1069,37218,5130,3158,25779,2632,289,74,0,0,0,0,0,37979,5080,3012,26417,2744,445,29,25930,2713,15,29,38014,4020,3344,26615,3281,560,4,26040,3212,76,4,18347,14887,3329,18846,16040,2806,18300,15483,2455,17295,13914,2892,18681,16376,2241,18286,15943,2343,17719,15491,2228,19656,16681,2734,22968,19350,3402,22689,18986,3166,22694,19049,3064,21023,18529,2494,21026,18538,2488,19194,16357,2583,17198,15025,1963,17248,14790,2376,17073,14568,2245,16983,14458,2153,17060,14320,2472,16961,14793,2168,19948,16933,2804,22722,18929,3667,22122,18764,3358
77,77,52135,4814,8040,37323,2497,479,88,0,0,59114,4117,7803,44755,2664,804,46,0,0,59242,3682,8425,44963,2616,941,82,56563,4156,5960,44117,2665,569,87,42037,2369,77,6,104,1851,57773,3570,8057,43845,2733,454,57,37265,4333,4966,26392,1826,335,59,0,0,39649,3708,1835,32076,1476,321,6,31570,1466,159,292,0,44207,3349,5392,33655,2011,701,54,44207,3349,5392,32391,1926,102,26,182,839,38696,3737,1497,31580,1396,172,29,0,0,0,0,0,38691,3033,2580,31406,1352,240,12,30681,1329,10,12,39725,2869,3000,31502,1598,486,10,30840,1550,80,10,22279,19992,2176,18293,16617,1676,17592,15720,1604,16436,13880,2095,17480,16086,1332,17140,15669,1471,16529,15139,1390,18314,16357,1755,20906,18524,2186,20684,18250,1951,20721,18311,1865,19251,17751,1500,19253,17761,1492,17504,15665,1628,15405,14014,1214,15436,13880,1479,15326,13647,1447,15243,13541,1375,15296,13308,1758,15230,13841,1389,17995,15994,1807,20287,17633,2528,19805,17540,2265
78,78,51058,18226,5046,24563,3527,545,104,0,0,57360,12937,5398,34461,5027,732,106,0,0,59734,12724,6258,36460,4393,1049,117,60541,13255,4920,36808,5264,430,127,34994,4849,75,9,1183,1257,60927,12619,6515,36992,5449,471,73,36867,14791,3109,16553,2500,371,64,0,0,40250,10757,2461,23625,2891,496,10,23111,2875,57,279,0,45718,11149,4227,26970,3280,766,81,45718,11149,4227,25621,3039,99,25,287,1271,43499,12117,2066,26382,2639,348,10,0,0,0,0,0,44718,11079,3197,27277,3039,210,8,26765,2994,36,8,46053,10639,2882,28932,3191,304,52,28072,3065,21,52,21967,12619,9200,22265,13747,8518,23733,15529,7656,22364,13624,7943,23666,16907,6617,23228,16523,6705,22595,16033,6562,24923,17168,7403,28566,20450,7854,28254,19982,7686,28270,20217,7488,25949,19204,6745,25946,19277,6669,24454,17431,6672,22141,16569,5219,22202,16100,5972,22057,16016,5708,21983,15882,5597,22021,15487,6108,21947,16329,5618,25478,18556,6635,29719,22176,7356,29232,22195,7037
79,79,53884,5242,8913,36995,3387,527,103,0,0,58490,4567,8169,43975,2454,397,159,0,0,59500,3388,10776,42713,3202,1151,68,60009,3711,8519,45888,2848,224,117,43996,2721,0,49,86,925,60280,3094,8741,45825,3730,538,142,37831,4686,5517,25470,2519,363,71,0,0,36410,3776,2279,28607,1431,167,74,28228,1431,0,169,0,43223,3090,6929,30942,2546,799,51,43223,3090,6929,29583,2383,87,4,242,905,37592,3137,2646,30085,1620,134,27,0,0,0,0,0,38990,2714,3425,30423,2054,190,13,30067,2033,24,13,37290,2264,4902,27716,2150,163,14,27551,2135,36,14,20361,18011,2273,17210,15472,1738,16029,14163,1621,14907,12455,2036,15466,14045,1349,15154,13655,1499,14649,13245,1404,16440,14447,1804,18762,16363,2219,18504,15957,2122,18580,16153,1961,16748,15167,1581,16760,15212,1548,15344,13470,1677,12996,11589,1226,13035,11445,1515,12912,11300,1404,12859,11191,1388,12909,11073,1621,12832,11456,1376,15647,13627,1848,17675,15069,2509,17243,14904,2339
80,80,55316,28179,13061,7743,6538,657,128,0,0,57919,29110,12487,7462,8610,2261,164,0,0,59461,26769,15559,8128,8554,1718,85,58827,28639,12724,7997,9646,2503,92,7237,8487,240,0,180,1323,60200,30248,12786,8000,9265,2313,0,41569,21940,8964,5857,4909,448,83,0,0,33876,22207,2716,5190,3395,442,0,5013,3218,218,14,0,44784,21330,10356,6350,6373,1206,64,44784,21330,10356,5575,5971,30,19,253,1250,34807,22085,2906,5716,3737,333,0,0,0,0,0,0,37291,23404,3270,5858,4463,215,0,5635,4212,59,0,37139,21245,3962,6381,5241,141,0,6091,4961,8,0,24905,12553,12129,21012,9079,11933,22676,12117,9495,22103,9178,11889,22369,12705,9293,21977,12022,9955,21619,12046,9573,23778,12940,10299,26918,16354,10190,26780,15273,10943,26559,15347,10569,25261,14717,10544,25252,15033,10219,23381,13351,9531,21309,12978,7774,21456,11644,9633,21316,11808,9176,21251,11971,8727,21347,11016,9830,21143,12126,9017,24043,13994,9660,26565,15923,10254,25946,15160,10786
81,81,49825,39616,1603,7638,780,395,83,0,0,57554,40879,2957,12431,1157,618,58,0,0,58919,37195,3399,15813,1559,1285,81,57889,41085,2363,12888,1784,669,67,11708,1050,88,0,27,1565,58975,37665,3696,16334,1937,901,90,34751,28207,932,4971,472,272,41,0,0,40317,30004,1440,8059,438,265,0,7993,371,65,115,0,43235,28471,2078,10888,958,919,50,43235,28471,2078,10214,704,82,10,191,1485,41314,30693,1399,8225,927,365,0,0,0,0,0,0,41997,28517,2153,10235,717,426,0,9818,616,44,0,42955,25519,2740,13269,780,537,2,12738,651,41,2,26106,6590,19281,23212,5243,17969,25905,6433,18775,24624,5587,17996,25509,7532,17754,25112,7584,17528,24646,7324,17322,27604,8236,18889,32344,11245,20716,32130,10925,20537,31944,10962,20350,28544,10538,18006,28552,10622,17930,27847,9740,17651,25520,10309,14664,25648,9665,15831,25490,9785,15341,25472,9683,15299,25446,9339,15437,25465,9830,15635,29249,11162,17720,34392,15002,19182,33867,14220,19647
82,82,55188,38271,2155,13610,901,453,82,0,0,57659,38091,2887,15467,1006,497,14,0,0,59789,37297,3443,16358,1514,1328,77,56995,38244,3109,13968,1269,401,2,13369,690,153,2,232,1207,57627,37765,3155,14583,1503,523,0,40839,29381,1364,9310,591,318,51,0,0,43196,30019,1264,11000,635,319,4,10869,423,142,0,0,46252,30193,2258,11774,1061,991,39,46252,30193,2258,11240,858,111,10,176,1406,42785,30438,1312,10177,757,294,4,0,0,0,0,0,43401,30585,1339,10528,616,295,0,10408,422,46,0,45252,30446,1828,12011,716,345,12,11873,562,35,12,27400,8742,18387,25583,8286,17297,27147,8774,17580,25871,7354,17475,25840,8860,16727,25306,8774,16532,24890,8425,16465,27828,9378,18005,31821,11600,19894,31503,11011,19828,31322,11213,19567,29187,10789,18398,29187,10895,18292,28170,9922,17789,26249,9924,15708,26411,9060,17178,26223,9214,16626,26173,9156,16489,26135,8625,16741,26109,9037,17072,29340,10690,18302,34083,13307,20578,33519,12627,20892
83,83,54301,21649,22837,6878,3396,1415,100,0,0,56122,26522,18154,7694,3772,4306,36,0,0,59416,26221,20050,8327,4503,1748,58,57264,27848,17363,8517,3741,5360,46,7507,3144,192,20,82,1107,56923,27454,15901,9192,4580,5546,84,43572,19248,16123,5722,2795,1035,69,0,0,32462,22191,2179,5585,2131,284,10,5241,1882,142,165,0,46581,22311,13260,7044,3630,1266,44,46581,22311,13260,6292,3219,47,10,254,1188,34533,23371,2642,6330,1841,214,20,0,0,0,0,0,34421,22525,2971,6193,2143,361,0,5883,1918,78,0,34904,20735,3767,7222,2678,397,1,6819,2430,92,1,20762,12126,8451,15603,7831,7772,18359,10617,6688,17967,8337,8684,18556,11563,6674,18211,10886,7325,18043,10975,7068,19877,11749,7618,23241,15078,7775,23113,13990,8600,22809,13900,8285,21353,13227,8126,21342,13484,7858,19894,12242,7165,18222,12000,5702,18308,10827,7314,18148,10927,6874,18131,11016,6586,18208,10142,7633,18021,11311,6710,20642,12959,7324,22955,14926,7749,22548,14310,8238
84,84,52813,16975,1507,32693,1798,479,50,0,0,58903,17650,1778,36815,2548,750,27,0,0,58801,19744,2700,33219,2906,864,73,58510,19337,1768,34635,2319,822,35,33290,1620,238,10,226,2023,57941,19492,2287,33008,2714,760,81,40754,14234,1042,24148,1368,342,35,0,0,42797,13720,980,26814,957,258,4,26677,842,150,107,0,46355,16086,1905,25988,2094,706,58,46355,16086,1905,24719,1757,74,12,246,1556,41725,14673,911,24881,956,284,10,0,0,0,0,0,42245,15478,1352,23786,1153,406,0,23379,1016,115,0,42134,16542,1607,22220,1205,304,3,20999,1056,31,3,28622,25322,3114,25800,22639,3161,26768,23829,2247,25813,20937,3918,27154,24793,2145,26555,23838,2717,26026,23610,2416,28021,24833,2769,31234,28176,2710,30913,27402,2901,30954,27582,2820,29862,27177,2685,29876,27327,2549,27805,24944,2475,26082,23890,1826,26115,23303,2677,25865,23028,2474,25802,23033,2234,25909,22356,3234,25695,23293,2402,28475,25587,2557,30983,27868,2829,30341,27297,3044
85,85,55433,13317,2402,33187,6907,509,70,0,0,60011,13911,3418,34572,8261,883,189,0,0,59591,15006,3954,31347,9157,869,90,59821,13536,3281,35108,8278,842,132,32335,7692,99,14,325,2535,60607,13520,3506,36312,8177,1304,198,42508,11606,1687,24486,4956,364,45,0,0,38596,11423,813,24084,1823,485,10,23428,1731,90,210,0,46239,12927,2931,24006,6233,668,71,46239,12927,2931,22723,5750,105,9,268,1526,39384,11583,937,24303,2167,454,15,0,0,0,0,0,40432,11591,1084,25001,2357,388,8,24105,2204,8,8,40900,12299,1609,23724,2852,452,21,22880,2674,31,21,24275,20402,3669,20039,16754,3285,20616,17284,2597,19707,15132,3666,20795,18118,2446,20363,17573,2790,19859,17225,2634,21842,18388,3013,25021,21397,3292,24768,20813,3343,24756,20946,3209,23517,20525,2992,23528,20650,2878,21801,18563,2839,20218,17673,2210,20277,17195,2948,20065,17024,2670,20017,16957,2549,20083,16503,3222,19908,17204,2704,22593,19206,3040,25305,21225,3760,24592,20846,3746
86,86,51848,15681,1961,30148,4289,379,131,0,0,56739,15977,1773,32384,6430,463,308,0,0,59153,15457,3134,33325,7040,756,76,59523,15804,1730,35141,6516,415,299,34009,5736,192,267,110,1675,59395,15737,2016,35333,6116,227,175,39346,13324,1336,21599,3168,272,86,0,0,36477,13254,762,19952,2082,214,25,19841,1876,110,212,0,45107,13097,2233,24644,4904,578,51,45107,13097,2233,23533,4492,57,8,309,1378,37543,12712,669,21950,1746,223,45,0,0,0,0,0,38133,12947,901,22125,1826,162,45,21961,1762,0,45,39678,12783,1301,22840,2481,234,36,22542,2350,43,36,25187,19953,5053,22061,17389,4672,22599,18233,3646,21685,15847,4959,22076,18610,3271,21598,17983,3615,21058,17644,3414,23423,19034,3990,26496,22077,4148,26251,21445,4283,26200,21584,4084,24844,21002,3842,24856,21140,3716,22795,18742,3693,20576,17303,2904,20658,16756,3753,20448,16685,3456,20353,16570,3297,20462,16006,4134,20305,16848,3457,23363,19172,3888,25850,20753,4811,25082,20338,4744
87,87,52599,15621,4109,29419,3717,477,73,0,0,60753,14325,5103,37190,4500,831,33,0,0,59684,14459,6681,32912,5621,1051,84,59981,14195,4780,36111,5343,927,50,34229,4478,25,2,227,2045,61539,15008,5210,37020,4456,702,56,39617,13293,2829,20828,2787,317,59,0,0,41349,12205,1594,24998,2419,108,1,24679,2329,25,93,0,46046,12510,4410,24799,4150,806,54,46046,12510,4410,23540,3841,97,8,267,1373,41010,12302,1443,24716,2265,229,1,0,0,0,0,0,42107,12894,2020,24966,1906,227,16,24397,1838,10,16,41383,12418,1974,24098,2583,163,91,23671,2468,8,91,25408,18676,6540,23719,17597,6122,23898,18222,4985,22950,15951,6091,23386,18531,4646,22936,18019,4917,22335,17588,4747,24883,19098,5367,28268,22200,5743,28046,21646,5820,27990,21733,5627,26458,21174,5284,26448,21307,5141,23968,18612,4947,21249,16949,3908,21343,16401,4789,21141,16230,4494,21055,16191,4318,21133,15647,5055,21018,16468,4550,24436,18955,5127,26661,20392,5972,25983,19994,5989
88,88,54084,11351,4946,34637,3546,562,115,0,0,57622,11572,4551,37744,4012,422,45,0,0,59689,9541,6839,38515,4954,1113,110,56660,10775,3836,38041,4098,368,95,36932,3738,70,4,359,939,57672,9805,5125,38506,4403,838,14,39800,9914,3172,24310,2577,396,75,0,0,40904,10088,1834,27243,1579,241,7,26933,1452,32,76,0,46073,8432,4595,29187,3817,819,83,46073,8432,4595,27711,3520,100,33,293,1389,40587,9306,1583,27735,1795,239,5,0,0,0,0,0,40968,8563,1883,28312,1937,324,3,28120,1907,120,3,40640,7779,1745,28457,2310,391,4,28193,2274,115,4,22540,17507,4898,23704,18505,5199,23720,18703,4402,22724,16512,5340,23226,19068,4007,22801,18643,4158,22249,18159,4090,24399,19495,4519,27188,22209,4700,26891,21770,4605,26894,21908,4456,25221,21128,4093,25224,21239,3985,23576,19035,4185,21279,17494,3439,21348,17036,4165,21165,16972,3872,21112,16880,3731,21174,16403,4378,21048,17172,3876,24161,19505,4346,27172,21519,5342,26731,21384,5347
89,89,56226,16537,1055,36722,1999,388,60,0,0,62133,20666,1534,36835,3056,270,92,0,0,60231,20197,2389,34190,3221,782,76,63878,20999,2562,37166,3049,620,109,35552,2377,102,0,342,1942,61647,21264,3005,34509,2397,949,113,44163,13977,781,27734,1711,296,41,0,0,46829,16296,821,27993,1529,135,0,27575,1284,36,118,0,48361,16197,1709,27611,2631,596,59,48361,16197,1709,26433,2185,75,20,209,1533,47904,16642,1466,28095,1462,200,0,0,0,0,0,0,46815,16834,1619,26787,1208,389,24,26083,916,164,24,45527,16611,1848,25080,1497,513,35,24399,1206,190,35,31009,28025,2775,27463,24817,2646,28319,25558,1964,27134,22224,3859,28602,26503,1896,27909,25361,2548,27363,25096,2267,29764,26743,2578,33711,30862,2513,33348,29962,2794,33360,30101,2632,32015,29414,2601,32038,29616,2422,30117,27374,2354,28720,26632,1751,28545,25792,2603,28258,25448,2411,28180,25447,2167,28336,24763,3255,28280,26015,2265,31134,28308,2496,34390,31117,2925,33591,30514,3077
90,90,55119,18901,1726,33607,1003,378,49,0,0,58697,21655,2070,33317,1863,934,18,0,0,59856,22954,3003,31597,1987,735,97,57764,22343,2771,30455,2454,1009,10,28745,1627,195,0,215,1873,55736,22187,3024,27460,2579,953,25,43427,16093,1239,25346,794,283,39,0,0,46152,17847,1305,25633,966,485,4,25122,833,199,165,0,48477,19570,2232,24777,1595,563,82,48477,19570,2232,23696,1129,50,16,240,1544,45986,18794,1455,23773,1371,439,0,0,0,0,0,0,44279,19100,1220,21840,1606,365,4,21175,1372,164,4,43634,19782,1788,20045,1502,304,4,19342,1296,71,4,32604,28944,3392,26302,23163,3139,28033,24882,2210,27046,21594,4176,29121,26766,2085,28473,25672,2801,27964,25463,2501,29945,26608,2804,33850,30782,2671,33559,29960,2951,33575,30014,2814,32447,29577,2870,32450,29799,2651,30103,27145,2500,28501,26281,1825,28536,25652,2726,28285,25318,2505,28210,25228,2277,28369,24831,3184,28100,25724,2376,31037,28027,2623,33553,30163,3036,32910,29587,3323
91,91,52266,14834,1494,35638,655,404,34,0,0,54037,11656,1590,40300,995,182,34,0,0,59976,10471,2549,46100,864,867,72,56177,10838,2129,43116,915,306,42,40821,743,4,18,39,1591,58670,9643,2161,46623,788,661,49,38211,12035,924,24963,450,270,26,0,0,39399,9877,862,28046,464,54,35,27890,449,7,87,0,46174,9102,1652,34651,643,674,50,46174,9102,1652,33242,470,54,8,260,1386,40541,9358,993,29601,518,106,35,0,0,0,0,0,42837,8312,1411,32279,440,264,38,31896,436,115,38,43963,7624,1658,33551,592,344,0,32874,518,100,0,23122,15200,7773,26647,19097,7550,26031,19078,6447,25041,17465,6905,25593,20028,5455,25192,19613,5579,24513,19036,5477,27026,20624,6087,30385,23981,6146,30122,23570,5975,30144,23776,5909,28090,22769,5321,28092,22847,5245,26352,20696,5316,23903,19471,4098,23964,19145,4691,23772,18890,4540,23695,18813,4430,23749,18376,4945,23650,19134,4516,26981,21518,5179,29911,24057,5650,29365,23928,5437
92,92,52802,16772,4562,30497,1269,455,110,0,0,57927,14258,5196,37555,1251,592,287,0,0,60150,11697,4737,42486,1253,872,132,56699,14380,4921,36442,1206,329,431,34844,1030,59,162,182,1117,59229,14209,5157,38315,1534,603,566,38068,14066,2926,20244,930,323,71,0,0,41289,12167,1692,26455,781,303,45,26058,770,53,62,0,45550,10362,3103,31026,977,645,101,45550,10362,3103,29591,829,88,46,208,1323,41231,12381,1673,26200,695,180,45,0,0,0,0,0,43018,12171,1615,28112,759,304,75,27616,728,35,75,43488,11179,1729,29607,510,704,4,28618,415,0,4,21319,14065,7109,21878,15056,6822,22116,15660,5974,21212,14286,6317,22239,16858,5253,21862,16474,5388,21320,16085,5235,23628,17522,5809,27423,21121,6065,27133,20704,5889,27132,20885,5789,24923,19873,5050,24932,19925,5007,23412,17941,5158,21318,17040,3976,21390,16655,4619,21212,16515,4389,21157,16439,4312,21192,15948,4861,21132,16746,4386,24387,19034,5088,28073,22222,5691,27468,21983,5485
93,93,54427,15470,5601,32699,1096,492,100,0,0,57323,11211,5120,39854,1294,420,56,0,0,60290,11319,7631,40050,1607,996,83,60094,10870,6214,41278,1897,703,348,39338,1557,438,0,129,1547,62893,10182,7293,44077,1884,315,301,38540,12640,3345,22006,753,299,61,0,0,38935,9723,2083,26142,708,344,0,25939,615,166,26,0,45092,9784,4869,29252,1192,711,51,45092,9784,4869,27764,941,74,7,319,1334,40918,9422,2588,27008,1280,591,0,0,0,0,0,0,43307,9038,2897,29750,1350,294,0,29511,1177,175,0,44524,8386,3511,31235,1113,438,0,30671,1024,182,0,22111,14075,7893,21908,15000,6908,22399,15869,6055,21285,14197,6398,21843,16521,5203,21439,16129,5310,20810,15595,5215,23457,17222,5895,27079,20512,6284,26841,20088,6118,26602,20120,6020,24805,19351,5454,24830,19439,5391,22652,16993,5336,19923,15451,4184,19971,15076,4790,19794,14933,4580,19738,14845,4491,19752,14470,4905,19721,15166,4555,23402,17762,5364,26892,20498,6209,26495,20330,6165
94,94,53132,17001,3292,29438,3645,467,92,0,0,60041,16060,3938,36409,3606,455,139,0,0,60192,13434,5378,35099,6370,1058,65,61969,15749,3520,37806,4843,379,181,36302,4306,33,170,311,1582,64410,15362,4231,38417,6094,666,298,38314,13650,2003,20153,2581,325,61,0,0,42468,13064,1281,25989,1800,238,45,25709,1630,37,153,0,45155,11113,3416,25978,4542,757,45,45155,11113,3416,24657,4248,68,6,263,1384,43352,12235,1337,26797,2519,224,50,0,0,0,0,0,45798,11781,1780,28029,3578,328,92,27702,3420,23,92,44450,10312,1868,27437,4245,352,47,26901,4083,22,47,22971,14417,8374,25261,17208,8053,25952,18329,6914,24966,16333,7702,25558,19179,6191,25147,18738,6409,24537,18312,6225,27216,19790,6975,31010,23296,7373,30768,22775,7299,30525,22744,7148,28773,22175,6598,28763,22297,6466,26366,19556,6382,23535,18073,5041,23605,17447,6013,23414,17389,5655,23365,17299,5507,23416,16794,6155,23340,17703,5637,27093,20251,6469,30301,22537,7441,29863,22412,7451
95,95,50713,13482,4304,31867,1673,508,116,0,0,59249,11011,6991,38706,2281,725,36,0,0,58992,9655,6729,40511,2562,1036,126,58066,11342,4778,39346,2671,585,433,37255,2250,261,22,452,1710,62716,12456,6977,41494,2964,564,365,35258,11168,2550,20596,1151,330,62,0,0,39643,9393,2549,26255,1107,457,0,25971,1072,260,70,0,43421,8354,4309,28979,1883,769,82,43421,8354,4309,27307,1618,89,17,281,1446,41059,10207,2474,27099,1002,348,0,0,0,0,0,0,43747,10957,3039,28205,1266,164,5,27560,1228,90,5,44392,10086,4132,28775,1267,231,0,27762,1127,5,0,20193,14198,5862,21450,16001,5449,22923,17515,4852,21748,15793,5175,22916,18674,4104,22546,18280,4266,21906,17752,4154,24421,19317,4742,28335,22986,5111,28161,22628,4936,27761,22496,4790,26246,21963,4283,26242,22027,4215,23692,19015,4346,20961,17258,3419,21036,16934,3987,20878,16772,3794,20821,16691,3704,20860,16323,4161,20777,17023,3754,24517,19782,4457,27844,22115,5494,27487,22041,5446
96,96,52152,11938,19694,10505,10638,778,108,0,0,55697,11807,21991,12596,10131,940,106,0,0,59515,10398,24097,13970,11175,1617,130,56115,11863,21355,14273,9768,993,147,11805,8950,67,0,241,1830,58102,11572,20396,16224,10645,918,62,37848,10128,12703,7142,8181,481,71,0,0,27050,9739,4470,7537,5029,140,0,7415,4910,75,162,0,44671,9078,16093,10273,9169,1136,84,44671,9078,16093,9271,8802,49,18,268,1092,28813,9946,5621,8349,4517,116,0,0,0,0,0,0,30160,9446,5536,9407,5413,290,0,9265,5332,105,0,31173,9892,6997,8156,5622,280,0,7887,5465,89,0,11670,6620,4923,12190,7156,5034,13779,8626,4629,13035,7331,4948,13469,9060,4214,13255,8879,4376,12885,8654,4231,14852,9515,4969,17930,11805,5846,17754,11412,5800,17241,11192,5482,15652,10700,4952,15645,10755,4890,14117,9037,4755,11770,7766,3702,11817,7310,4394,11726,7334,4146,11694,7293,4055,11739,7072,4342,11680,7505,4175,14801,9467,5061,17891,11196,6474,17459,10726,6733
97,97,51184,19939,10510,13270,7817,698,93,0,0,58213,20434,12156,16576,8928,806,19,0,0,59072,19604,12911,16869,9762,1169,125,58995,20085,12092,17196,9399,950,20,15689,8773,244,0,309,1808,60738,20198,11905,18791,9723,1203,41,38342,16498,6891,9110,5975,445,58,0,0,36110,16764,3449,11492,4061,281,0,11295,3910,182,71,0,46339,16887,8910,12405,7971,870,82,46339,16887,8910,11195,7448,90,23,280,1506,36389,16530,3659,11907,4066,298,0,0,0,0,0,0,38278,16921,4358,12493,4191,271,4,12033,4005,113,4,39325,16629,4896,12759,4716,362,9,12229,4486,53,9,18347,9416,8759,17233,9096,8137,18741,10783,7087,18012,9095,7844,18715,11663,6779,18488,11405,7083,18112,11245,6867,20373,12164,7699,24249,15302,8618,24119,14705,8728,23639,14595,8448,21972,14010,7962,21957,14157,7800,20002,12099,7458,17704,11062,6183,17783,10334,7315,17641,10423,6885,17619,10389,6726,17646,9809,7332,17608,10685,6923,20968,12778,7829,24409,14870,9210,24036,14306,9730
98,98,56623,7001,31710,13064,5848,1075,145,0,0,59523,6254,34389,12754,7364,285,87,0,0,59998,5813,34450,13286,6894,2219,131,56264,5523,32613,12071,7369,288,163,10079,7036,35,0,142,837,51590,5383,27559,12175,6882,995,450,39129,5954,20348,8971,4418,685,87,0,0,23058,5369,5404,8135,3930,144,0,7876,3896,85,109,0,42734,4981,22549,9934,5514,1492,85,42734,4981,22549,8935,5247,51,21,220,730,23962,4786,7068,7886,3976,56,0,0,0,0,0,0,24169,4874,6309,8364,4189,47,299,8132,4124,10,299,20999,4184,6944,6130,3523,39,96,6016,3487,7,96,8996,6302,2612,8938,6573,2365,10150,7602,2196,9417,6596,2342,9386,7379,1905,9177,7164,2013,8891,6981,1910,10481,7832,2429,12485,9221,3130,12352,8993,2992,12053,8879,2809,10788,8442,2346,10789,8457,2332,9520,6991,2343,7417,5509,1749,7446,5288,2084,7372,5287,1928,7353,5245,1902,7348,5194,1982,7331,5382,1949,9761,6976,2618,11546,7577,3791,11111,7518,3593
99,99,46965,26080,3648,5755,11616,312,34,0,0,55736,24426,5245,9352,16441,610,38,0,0,59850,23802,5695,9514,20507,832,104,53674,25245,3778,8995,15434,527,0,8036,14508,82,0,357,1668,56257,24366,4224,10526,17528,641,44,33224,19298,2294,3603,8032,188,22,0,0,33540,17511,2573,5804,7267,391,0,5701,7051,167,102,0,45004,18948,3901,6622,15175,568,82,45004,18948,3901,5882,14683,57,20,214,1299,34797,19431,1842,5495,7661,254,0,0,0,0,0,0,37347,19493,1810,6387,9025,152,0,6188,8684,83,0,39032,19478,2196,6113,10913,146,34,5824,10343,53,34,18845,6557,12120,19042,6377,12665,21701,9262,11479,20944,7355,12535,21250,10168,10744,20946,9855,11091,20690,9814,10876,23815,11035,12220,29242,15202,13603,29052,14428,13910,28269,14013,13523,26089,13580,12509,26091,13769,12322,24071,11711,11811,21506,11221,9655,21623,10017,11432,21460,10207,10831,21457,10211,10623,21462,9391,11432,21391,10528,10863,25445,12776,12209,29811,15569,13828,29083,14351,14732
100,100,44558,32188,4501,3533,4277,251,53,0,0,55616,36268,5218,5301,8864,490,98,0,0,60030,33544,6512,6398,12648,1062,85,59232,37316,5349,6151,10205,393,85,5037,9397,123,0,209,1802,60586,36559,6096,5370,11903,674,128,30247,22508,2728,2161,2797,166,37,0,0,34488,25350,2332,3180,3302,232,0,3026,3175,55,123,0,42669,25197,4259,4273,8243,756,56,42669,25197,4259,3780,7857,79,26,184,1287,35683,26133,2180,3822,3215,241,0,0,0,0,0,0,37075,26557,2675,3325,4223,249,0,3109,4085,28,0,38294,25307,3187,3556,6043,171,0,3297,5825,0,0,18755,4913,13686,19500,4719,14781,23190,6971,15270,22352,5499,15684,22078,7599,14188,21759,7376,14383,21511,7292,14219,24904,8394,15923,30222,11865,17888,30024,11078,18150,29577,10956,17814,26938,10538,16400,26935,10697,16238,25471,9152,15757,23135,9059,13415,23269,7832,15258,23146,8118,14657,23141,8144,14450,23131,7311,15026,23099,8252,14847,26949,10120,16373,31843,12704,18821,31357,11517,19840
101,101,54391,27138,12506,10098,5036,674,60,0,0,54038,27278,10307,11693,5394,1937,26,0,0,59240,27327,13623,12083,5906,1414,65,52123,25892,9334,11684,5041,1936,21,10890,4124,10,0,386,1487,53127,24805,9581,13182,5474,2318,97,43083,22661,8540,8026,4045,496,39,0,0,36040,22627,2082,8366,2608,203,10,8113,2412,25,198,0,47353,22973,9321,10015,4744,1073,50,47353,22973,9321,8983,4229,79,8,259,1501,35551,20979,2441,8724,2993,248,0,0,0,0,0,0,36703,20585,2942,9809,3132,137,20,9502,2695,20,20,37619,20612,3181,10301,3153,174,49,9958,2753,8,49,26943,17298,9395,21597,12541,9056,23663,15796,6827,23201,13216,8830,23287,16428,6539,22854,15838,7016,22628,15817,6811,24659,16745,7350,27656,20141,7106,27468,19038,7816,27318,19079,7581,25976,18371,7605,25953,18614,7339,24094,16928,6662,21936,16227,5176,22054,15150,6735,21877,15233,6258,21845,15358,5889,21950,14304,7192,21745,15531,6214,24560,17499,6667,26503,19224,6953,25951,18649,7302
102,102,51849,20121,9977,19046,3083,596,107,0,0,58030,18283,11167,24243,5297,540,250,0,0,60038,15968,13969,25502,4803,1282,97,59359,17289,12876,26358,4207,728,198,22930,3442,11,0,350,2462,60619,16027,15215,25351,5343,1002,78,36900,16047,6534,12345,2188,399,76,0,0,36510,14408,4099,14277,3170,250,0,13980,3007,70,412,0,44409,13483,9411,17900,3636,873,63,44409,13483,9411,16614,3292,64,16,251,1278,37989,13661,5383,15810,2588,361,0,0,0,0,0,0,38169,12884,6422,14974,3338,420,4,13978,3124,29,4,38668,11657,6205,17138,3001,585,14,16198,2746,21,14,16238,8638,7460,16483,9192,7291,18543,11223,6694,17470,9610,7025,17826,11798,5837,17505,11520,5985,16923,11129,5794,19580,12409,6755,23257,15398,7553,23051,14991,7387,22571,14872,7160,20485,14328,6157,20474,14384,6090,18828,12212,6251,16122,10920,4865,16181,10372,5695,16069,10428,5362,16032,10364,5277,16033,9918,5735,15992,10639,5353,19745,12946,6488,23918,15553,8094,23470,15297,8173
103,103,46102,28040,7430,6379,4319,378,47,0,0,56573,29725,9708,10434,6691,185,20,0,0,60197,29804,11475,10628,7805,1232,95,59182,31634,10356,10302,6925,177,32,9090,6321,25,0,39,1721,62984,31818,12506,11193,7165,265,33,32480,20898,4559,4078,2938,242,30,0,0,35456,22339,2981,6484,3506,134,0,6278,3392,43,18,0,44399,23273,7499,7454,5766,858,58,44399,23273,7499,6663,5414,55,14,224,1257,37821,24005,3313,7035,3385,105,0,0,0,0,0,0,40696,24678,4661,7700,3597,72,0,7462,3346,19,0,40800,23342,4954,7972,4426,128,0,7680,4154,21,0,17265,5571,11512,18151,5529,12622,21114,7299,12965,20287,6067,13127,20783,8286,12227,20475,8128,12347,20107,7978,12129,23337,8963,13821,28815,12285,16082,28659,11706,16177,28182,11593,15839,25349,10921,14428,25345,11088,14257,24076,9583,13960,21963,9267,12032,22117,8355,13574,21991,8580,13020,21967,8565,12844,21947,8057,13152,21888,8768,13120,25765,10588,14733,31155,13380,17491,30564,12507,18057
104,104,46619,34184,3899,6110,2309,367,39,0,0,52735,36323,5000,7794,3523,485,0,0,0,59362,35877,7501,10743,4470,1261,126,56496,38023,6367,8820,3791,216,3,7485,3448,41,3,55,1075,60382,35700,8008,12000,4530,1213,145,32309,24310,2401,3997,1503,243,27,0,0,35939,26997,2153,4558,1884,238,0,4482,1774,77,149,0,43306,27265,4826,7373,3112,920,82,43306,27265,4826,6687,2764,76,21,221,1446,37900,28121,2862,5087,1486,113,0,0,0,0,0,0,40848,26656,3693,7492,2213,650,0,7088,2105,110,0,42850,25887,4387,9330,2712,448,4,8777,2510,60,4,19027,4862,13958,18719,4436,14283,21693,5761,15046,20827,4831,14889,20712,6431,13999,20401,6323,14078,20040,6186,13854,23461,7213,15675,28733,10221,18043,28530,9712,18042,28104,9618,17740,25018,9130,15888,25026,9299,15727,24103,8088,15466,21903,8098,13173,22021,7265,14563,21914,7462,14043,21872,7400,13896,21836,6923,14148,21822,7555,14267,25847,9169,16235,32010,12272,19486,31459,11493,19966
105,105,48768,29532,5954,9033,4281,440,87,0,0,56853,29653,6959,14626,5968,199,29,0,0,59395,25777,10144,15082,8263,1195,87,55908,25450,8441,15602,6571,128,30,14296,5730,0,0,408,1581,58197,24137,10253,15128,8292,406,74,34023,21673,3739,5666,2896,267,59,0,0,37638,22832,3288,8430,2971,18,0,8281,2711,2,100,0,43980,20419,6836,10347,6099,837,57,43980,20419,6836,9401,5700,48,6,209,1361,37343,20205,3711,9785,3536,90,0,0,0,0,0,0,39799,19432,5110,10275,4700,96,0,10068,4533,20,0,41113,18578,5707,11905,4443,143,8,11673,4073,22,8,20270,7004,13094,20810,7130,13680,23806,9467,13358,22724,7971,13609,22358,10339,11740,22019,10108,11911,21635,9941,11694,24994,11119,13281,29651,14656,14566,29516,14181,14535,28911,13991,14175,25998,13269,12729,25985,13401,12584,24563,11597,12424,21518,10967,9975,21593,10087,11327,21464,10279,10797,21440,10244,10639,21433,9707,11098,21357,10433,10924,25783,12652,12684,30993,15722,14902,30303,15018,15285
106,106,51013,20139,11021,12964,7251,512,78,0,0,58192,18101,13818,17248,9571,823,0,0,0,59981,15990,16646,17046,10546,1436,85,59207,16747,14406,18900,10638,752,0,16118,9730,73,0,171,1960,62512,16907,15497,20112,11500,1027,34,36328,16280,6741,8383,5060,313,55,0,0,35322,14481,4434,10641,5370,376,0,10373,5201,110,180,0,44518,13365,11143,11996,7978,1045,63,44518,13365,11143,11031,7628,76,23,209,1043,36092,13174,5113,11432,5882,305,0,0,0,0,0,0,38074,13266,6004,11975,6575,127,0,11464,6368,49,0,38199,12767,6753,11976,6360,194,0,11519,6160,34,0,18975,8865,9957,19140,9434,9706,20787,11579,8472,19642,9796,8980,19704,12017,7468,19348,11745,7603,18860,11402,7458,21673,12681,8552,25441,15709,9442,25244,15283,9314,24716,15047,9048,22660,14591,8069,22638,14690,7948,20644,12345,7906,17483,10880,6191,17583,10259,7191,17467,10353,6839,17413,10279,6729,17452,9885,7157,17412,10601,6811,21397,12898,8150,25222,14884,9912,24598,14810,9788
107,107,53795,23690,10362,11844,8266,547,109,0,0,60659,21559,13375,16754,9904,860,48,0,0,60033,18256,14324,15898,11574,1380,133,59198,19095,13208,17008,10903,801,74,14621,10196,3,0,184,1892,61534,18582,14836,17121,12361,803,41,38299,18245,6506,7663,6048,345,71,0,0,35806,17049,4154,9327,5040,167,4,9163,4890,8,135,0,46162,15403,9919,11391,9278,1004,82,46162,15403,9919,10321,8815,87,28,262,1327,34317,15139,4291,9240,5291,353,0,0,0,0,0,0,37757,15545,5994,9344,6559,277,0,9089,6351,23,0,37482,13898,6240,9991,6838,306,8,9601,6704,37,8,19956,8993,10770,19383,8960,10423,21533,11428,9128,20510,9680,9748,20133,11969,7890,19786,11697,8089,19382,11432,7950,22613,12845,9203,27036,16392,10238,26838,15887,10184,26188,15588,9840,23827,14984,8843,23818,15083,8735,21611,12577,8522,18171,11113,6586,18230,10344,7722,18098,10390,7331,18084,10388,7192,18088,9952,7622,18036,10627,7409,22466,13246,8802,26440,15307,10766,25867,14768,11099
108,108,51515,30210,7115,7292,6943,497,61,0,0,55202,26193,9803,10463,8785,364,32,0,0,58942,24449,12078,11234,10825,1390,93,55331,24838,11800,9319,9599,1087,30,7943,8758,49,14,148,1778,59776,24195,13256,11974,10091,998,49,38129,24136,4457,4575,4936,319,38,0,0,34190,20864,2842,5875,4412,183,20,5691,4336,49,10,0,44123,20249,7798,7625,8057,967,57,44123,20249,7798,6869,7666,83,13,228,1217,33159,20104,3405,5063,4466,188,17,0,0,0,0,0,35941,19567,4312,7118,4782,156,0,6885,4614,44,0,35709,17870,4614,7513,5449,157,7,7174,5148,50,7,24185,8165,15745,23343,7911,15432,24614,10556,12923,23924,8704,13862,23711,11316,12016,23355,11104,12251,22896,10919,11977,25716,12038,13006,29425,15615,13381,29352,14886,13636,28775,14718,13258,26898,14447,12451,26875,14649,12226,24939,12444,11888,22105,11876,9563,22271,10860,11192,22087,10969,10669,22065,11037,10356,22084,10391,11074,22029,11388,10641,25688,13279,11905,28983,15482,12973,28472,15412,13060
109,109,51029,7859,20016,17946,5973,829,135,0,0,56626,7934,24448,17550,7269,543,368,0,0,59697,7186,25348,19766,8143,1512,92,66175,11133,25583,21565,8853,737,100,20012,8508,15,0,145,779,62890,10035,25584,21026,7474,574,70,35498,6674,12597,12081,4525,498,78,0,0,26289,6298,5092,10780,3779,123,140,10609,3659,30,95,0,44206,6145,17201,14571,6652,1088,69,44206,6145,17201,13216,6257,63,15,255,1054,31131,7646,5782,13693,3903,53,0,0,0,0,0,0,31012,6961,6501,14223,3366,51,0,14071,3206,15,0,32100,6346,7303,13741,4642,113,0,13492,4386,39,0,11736,8689,2958,11840,9208,2632,12890,10003,2485,12041,8731,2747,12152,9965,2087,11951,9788,2163,11494,9419,2075,13614,10539,2806,16475,12506,3776,16302,12245,3578,15860,12041,3363,13886,11299,2587,13885,11332,2553,12408,9397,2769,9626,7378,2051,9674,7155,2430,9595,7108,2308,9576,7080,2222,9578,6907,2462,9539,7233,2306,12836,9448,3170,15392,10320,4847,14982,10267,4715
110,110,46557,25971,4308,14262,2103,458,108,0,0,54662,23757,5881,22807,1967,706,40,0,0,60278,20550,7861,28334,3587,1234,100,56015,22942,5149,26538,1271,436,57,25718,1033,50,0,224,897,61628,21642,7742,30313,1755,439,470,32339,19392,2545,8986,1370,283,73,0,0,35885,17659,2577,13977,1165,429,0,13812,1076,104,166,0,43324,16491,5029,19060,2547,864,62,43324,16491,5029,17688,2200,80,18,323,1495,37523,17359,2696,16394,574,302,0,0,0,0,0,0,41153,16374,3735,19205,1006,306,0,18919,959,85,0,43225,15194,3871,21393,1980,284,31,21071,1785,53,31,19598,7559,11905,20775,8584,12191,23196,11277,11237,22104,9804,11377,23183,13168,9808,22837,12991,9846,22290,12582,9708,25376,14015,10894,30671,18690,11581,30453,18174,11558,29957,18050,11294,27864,17681,10183,27862,17783,10079,25850,15433,9974,23650,15327,7879,23733,14560,9045,23580,14638,8609,23547,14569,8470,23558,13973,9076,23460,14912,8548,27668,17252,10040,33932,22085,11523,33439,21908,11531
111,111,46136,34740,3075,6987,1236,357,59,0,0,55939,38173,5056,10494,1922,407,229,0,0,59900,35610,6148,15354,2090,1268,99,55287,37735,5884,9608,1933,368,135,9007,1369,42,16,256,981,57742,36118,5485,13122,3249,670,125,32555,25512,1873,4281,782,228,40,0,0,39061,28980,2207,6392,1051,212,25,6296,926,80,209,0,43967,27571,3854,10448,1407,931,66,43967,27571,3854,9649,1132,88,17,248,1408,38383,28823,2355,6033,950,178,15,0,0,0,0,0,41405,28295,2757,8570,1395,272,0,8446,1279,10,0,43785,26033,3625,12141,1469,573,0,11707,1180,56,0,19358,4799,14382,21064,4885,16179,24287,6354,17130,23199,5536,16554,23329,7358,15765,22954,7364,15590,22518,7154,15364,26077,8140,17427,31523,11283,19847,31339,10900,19668,30969,10866,19416,27988,10374,17614,27987,10460,17527,27030,9235,17278,24998,9400,14966,25119,8624,16298,24973,8809,15762,24945,8737,15646,24908,8324,15761,24912,8895,16017,28795,10499,17874,34861,13893,20704,34424,13344,21080
112,112,52920,37697,1940,12202,893,370,83,0,0,56760,38057,2316,15122,1153,293,82,0,0,60167,38551,3446,15837,1217,1238,87,59188,38518,2743,16121,1557,323,23,15442,1379,0,0,102,1000,61357,38772,3330,17649,1079,653,165,38506,28551,1180,8048,570,245,60,0,0,41459,29715,1030,10016,544,94,0,9940,499,0,64,0,45446,30491,2189,11028,847,900,50,45446,30491,2189,10409,685,103,17,264,1288,42274,29851,1223,10272,703,268,0,0,0,0,0,0,43899,30967,1501,10631,504,474,20,10316,388,30,20,45953,31973,1703,10435,779,1204,33,9793,610,129,33,21608,6074,15287,22227,6256,15971,24107,6471,17049,22929,5676,16313,23398,6803,16437,22935,6794,16141,22520,6470,16050,25602,7308,17888,30486,9309,20849,30248,8988,20531,30029,9077,20411,27237,8602,18635,27228,8672,18556,26628,7737,18466,24959,7541,16872,25064,6934,17962,24895,7078,17463,24850,6984,17395,24783,6647,17289,24889,7094,17795,28322,8405,19569,34636,10633,23809,34074,9944,24130
113,113,51205,19738,2988,28160,582,391,65,0,0,57710,17669,3995,34813,979,943,174,0,0,59413,16064,4406,37666,937,959,167,57879,16093,3750,36987,857,1015,116,35535,683,172,78,233,1339,57974,16342,3452,37601,846,579,0,35578,15356,1719,18235,361,260,33,0,0,39995,13587,1557,23843,401,419,90,23613,388,169,202,0,44248,13273,2788,27122,660,717,94,44248,13273,2788,25807,470,90,52,321,1447,40468,12728,1684,25240,286,589,80,0,0,0,0,0,41112,13089,1452,25736,270,419,0,25095,219,90,0,43446,12834,2149,27095,522,325,0,26319,424,75,0,19037,12100,6782,21277,13898,7379,21703,14307,6976,20599,12953,7032,21639,15414,6094,21190,15098,6092,20561,14586,5975,23149,16018,6843,27213,19326,7644,26957,19019,7352,26894,19158,7264,24527,18294,6233,24538,18362,6176,22927,16283,6342,20671,15273,5051,20753,15011,5622,20561,14835,5446,20498,14749,5376,20505,14310,5775,20517,15073,5444,24157,17407,6488,29039,20985,7895,28328,20605,7723
114,114,53629,38424,1607,12716,714,383,32,0,0,54736,38177,2096,14049,382,335,68,0,0,59401,40287,2423,14941,745,1166,63,56447,39376,1741,14621,520,269,73,14014,348,25,0,152,798,60347,41084,2565,15323,900,537,20,40336,29707,991,8945,535,273,18,0,0,41088,29950,706,10025,148,181,0,9777,127,59,109,0,45971,31967,1527,11179,498,919,36,45971,31967,1527,10643,383,75,1,150,1225,42956,31495,674,10303,157,172,0,0,0,0,0,0,45656,32549,1038,11110,449,461,0,10707,402,4,0,46958,32460,1311,12095,348,765,4,11540,277,13,4,26807,8975,17538,25318,7648,17670,26386,7281,18473,25309,6326,18112,26120,7449,18492,25623,7431,18192,25067,7079,17988,27909,7854,19679,32489,9691,22419,32261,9302,22348,32081,9408,22132,29653,9099,20554,29657,9189,20468,29051,8249,20384,27772,8230,19026,27928,7470,20257,27729,7626,19741,27722,7590,19617,27644,7110,19740,27684,7600,20084,30827,8949,21526,36833,11372,25263,36115,10487,25628
115,115,55222,13842,1562,38930,1115,414,69,0,0,59015,12722,2287,42896,1568,248,2,0,0,59381,9823,2822,45340,1432,919,44,59061,12562,2799,42151,1838,282,7,40358,1219,0,0,207,1909,59150,11368,2774,43180,1896,594,4,40287,10893,950,27787,746,276,52,0,0,44274,9899,1141,32458,636,137,0,31679,596,0,115,0,46468,8341,1875,35061,1057,680,27,46468,8341,1875,33543,843,79,6,367,1414,45192,10091,1265,32756,863,158,0,0,0,0,0,0,45812,9259,1361,33962,895,253,1,32927,840,29,1,46275,9152,1254,34907,846,294,4,34223,755,58,4,21589,16104,5367,28466,22312,6154,29061,22761,5817,27686,20605,6362,29140,23928,5070,28664,23351,5313,27868,22769,5099,30393,24315,5750,34182,27858,6047,33893,27380,5928,33941,27624,5790,32084,26951,5133,32093,27049,5044,30015,24492,5190,27744,23381,4072,27773,22982,4686,27566,22652,4520,27478,22587,4379,27523,22147,4967,27395,23005,4390,30889,25409,5193,34389,28227,5942,33898,28289,5609
116,116,56244,13454,2430,39127,1600,462,80,0,0,60319,12150,4079,43478,1533,551,55,0,0,59777,9338,3431,45201,1921,944,88,58213,11489,3880,42333,1257,681,42,40423,998,70,0,23,1333,58417,11597,3803,42332,894,351,15,40320,10824,1454,27036,1119,327,54,0,0,43703,10242,1797,30582,805,230,0,30351,756,65,112,0,45550,8092,2269,33665,1492,673,69,45550,8092,2269,32300,1309,89,34,223,1234,43361,9706,1748,30907,722,262,0,0,0,0,0,0,43585,9923,1889,30915,504,237,0,30493,427,25,0,43146,9177,2039,30887,729,292,4,30328,644,15,4,22707,16895,5678,26353,20628,5725,25953,20261,5239,24637,18226,5700,25811,21188,4507,25395,20685,4710,24574,20023,4551,26993,21530,5145,30369,24663,5430,30105,24199,5289,30161,24529,5116,27928,23489,4439,27935,23560,4375,26149,21266,4563,23612,19835,3495,23661,19433,4109,23469,19256,3869,23424,19143,3846,23471,18858,4243,23372,19656,3716,26838,22003,4554,30051,24633,5227,29685,24736,4949
117,117,44954,18368,3168,22532,1136,367,110,0,0,49937,16523,2986,29296,1548,460,90,0,0,59533,14143,5010,39037,1622,908,122,52268,14181,4840,32745,1465,814,258,30220,823,11,0,42,2153,59334,13435,4559,40843,1599,1522,0,31171,13966,1990,14560,735,243,64,0,0,35480,13011,1636,20055,526,104,0,19644,469,4,189,0,43634,11621,3388,27458,1136,705,79,43634,11621,3388,25955,914,68,34,284,1370,36083,10621,2883,21299,665,219,0,0,0,0,0,0,41196,10645,2405,26941,838,811,0,25617,732,0,0,44655,10323,2780,30101,882,1011,3,28691,797,16,3,18646,11120,7373,18729,11189,7540,20367,12575,7245,19102,11046,7330,20743,14278,6330,20415,14028,6387,19792,13550,6242,22426,15095,6998,27334,19571,7469,27097,19142,7322,27072,19308,7196,23958,17865,6093,23970,17947,6023,22759,16120,6292,20642,15449,4878,20708,15075,5527,20557,14904,5337,20514,14810,5302,20531,14412,5742,20529,15109,5420,24291,17680,6317,29400,21920,7316,28895,21065,7830
118,118,55751,37922,1565,15664,395,424,34,0,0,56917,37416,1916,17248,481,265,0,0,0,59901,37536,2434,18264,521,1251,80,58562,38564,2702,17061,488,288,0,15482,428,16,0,109,1257,61736,37733,3064,20109,615,526,0,41345,28825,979,11079,272,332,26,0,0,43249,29503,983,12397,234,154,0,12098,230,17,63,0,46298,29790,1620,13615,343,944,59,46298,29790,1620,12962,240,76,20,217,1373,43756,30607,944,11910,235,178,0,0,0,0,0,0,46213,30176,1193,14341,267,329,0,13668,250,14,0,48409,30613,1258,15338,265,1065,0,14591,231,95,0,23256,8731,14293,22625,8023,14602,23386,7413,15468,22082,6518,14704,22522,7448,14905,22066,7458,14608,21591,7154,14437,24644,7996,16316,29264,9772,19205,29009,9501,18890,28860,9679,18657,25662,9107,16555,25660,9180,16480,25613,8446,16798,24080,8354,15253,24169,7748,16279,23976,7891,15744,23967,7624,15922,23873,7454,15616,23971,7816,16155,27227,9096,17819,32937,11287,21519,32236,10363,21873
119,119,48031,35542,4218,6320,1749,409,57,0,0,55477,39861,5768,7644,1869,474,21,0,0,58947,39422,7175,8530,2665,1413,83,56767,39053,6469,8540,2129,553,2,7562,1829,97,2,99,1652,59708,40343,7686,8994,2164,1126,49,34523,26653,2497,4125,1084,275,28,0,0,39083,30288,2524,4905,1012,272,4,4721,880,86,42,0,44005,30715,4593,5935,1852,1026,48,44005,30715,4593,5416,1649,76,10,190,1356,39706,29915,3003,5413,1038,271,4,0,0,0,0,0,42576,31509,3289,6211,1246,270,10,5765,1138,50,10,44514,31463,4086,6936,1613,343,0,6542,1385,29,0,16094,4494,11389,17321,4211,13110,20390,4621,15019,19504,3975,14441,19551,4801,14527,19218,4910,14308,18815,4683,14132,22224,5463,16248,27611,7392,19760,27381,7117,19421,27112,7132,19243,23557,6589,16968,23570,6688,16882,23444,5936,16980,21784,5951,15206,21895,5209,16483,21779,5431,15932,21751,5356,15820,21685,5091,15689,21712,5431,16281,25470,6720,18318,32466,9233,23052,31880,8522,23358
120,120,51759,38095,3443,8086,2041,252,62,0,0,56135,40221,4651,8745,2136,152,365,0,0,58982,41201,4964,8868,2872,1045,105,56922,41178,4471,8669,2240,258,154,8209,1709,13,38,165,1138,57548,41588,3918,7760,2992,1086,314,40913,31042,2243,5965,1562,188,44,0,0,42010,32425,1750,6350,1143,126,65,6200,963,5,113,0,46767,33645,3318,6679,2239,804,71,46767,33645,3318,6180,1957,73,23,208,1363,42549,33027,1750,6401,1080,148,40,0,0,0,0,0,43455,33969,1577,5804,1515,435,35,5591,1290,40,35,44557,34112,2561,5750,1408,582,0,5413,1186,39,0,22563,9480,12808,20460,8178,12282,23391,9675,12728,22840,8201,13609,23539,10123,13119,23112,9955,13157,22796,9808,12988,25075,10486,14066,29078,12855,15769,28884,12203,15982,28713,12234,15863,26121,11598,14523,26109,11759,14350,25536,10777,14258,24003,10663,12781,24170,9505,14484,23951,9781,13786,23940,9889,13504,23926,8990,14205,23862,9738,14124,26885,11452,15045,31334,13677,17385,30876,12672,18204
121,121,49965,39726,2255,4882,2926,261,65,0,0,55449,42604,2789,6977,3050,318,54,0,0,59127,44382,3706,5888,3974,1031,50,56242,42558,3235,7240,2938,342,39,6625,2683,28,34,195,884,58999,44088,4222,6950,2649,1102,247,39637,31937,1570,3616,2374,193,48,0,0,41248,33891,1186,4911,1001,207,0,4738,905,45,100,0,46598,35475,2595,4454,3123,797,30,46598,35475,2595,4006,2722,45,1,215,1539,42187,34290,1473,5098,1034,222,0,0,0,0,0,0,44815,36002,1805,5334,1046,596,0,5072,860,69,0,45286,36213,2163,4694,1427,669,0,4513,1254,92,0,23419,9644,13441,22183,8450,13733,25347,10642,13474,25040,8914,14884,25744,11220,14223,25300,10869,14431,25079,10873,14206,27123,11449,15066,30834,13943,16380,30784,13088,16990,30528,13101,16712,28609,12660,15949,28599,12879,15720,27655,11630,15444,26370,11503,14193,26541,10158,16210,26351,10443,15488,26324,10587,15095,26348,9475,16097,26246,10495,15751,28938,12238,16259,32943,14324,18313,32688,13091,19597
122,122,53677,25152,7967,18918,1738,358,78,0,0,60057,27417,8693,21367,2630,456,48,0,0,59632,29300,8216,19281,1886,1003,108,59924,27494,8838,20992,2489,567,54,20212,1857,20,32,67,1400,60144,28034,8294,20446,2631,1201,27,43310,23283,4954,13543,1563,275,58,0,0,44684,25214,2320,15188,1579,313,23,14892,1250,45,91,0,48840,26762,5713,13878,1680,773,82,48840,26762,5713,13252,1177,156,30,386,1364,45310,25527,2688,15244,1581,234,28,0,0,0,0,0,45951,25845,2960,14839,1581,642,25,14384,1226,49,25,46230,25463,3214,15448,1633,609,0,14839,1302,120,0,19835,14439,5124,15773,11948,3825,17989,13517,3729,17268,11602,4800,17239,13620,3423,16758,13073,3685,16376,12797,3579,18283,13832,4062,20481,15884,4284,20300,15265,4488,20237,15290,4397,18194,14478,3716,18200,14574,3626,17387,13343,3702,15352,12149,2916,15397,11683,3581,15210,11615,3325,15168,11591,3227,15189,11012,3863,15156,11741,3415,17995,13708,4005,21303,15693,5392,20808,14893,5915
123,123,59172,40135,2366,16042,423,360,31,0,0,58953,39393,2703,16242,354,260,17,0,0,59282,39055,3158,15012,926,1203,99,59026,39084,2876,15628,802,288,15,14978,515,101,3,527,938,59413,38923,3416,15441,1072,617,150,45497,31847,1403,11819,276,269,20,0,0,45204,31726,916,12223,158,180,4,12159,112,72,24,0,46572,31695,2007,11307,657,925,62,46572,31695,2007,10909,492,90,7,92,1280,45304,31724,1171,11884,344,213,4,0,0,0,0,0,45199,31441,1282,11546,402,498,0,11176,284,169,0,45979,31714,1411,11111,726,996,9,10594,669,100,9,26325,10026,15876,25214,9015,16199,25374,7822,17047,23744,6678,16348,24466,7347,16954,23821,7321,16500,23225,6900,16325,26004,7867,17850,29960,9481,20197,29639,9061,20044,29373,9015,19876,26615,8497,18118,26628,8524,18104,26482,7865,18307,24831,7395,17047,24926,6778,17997,24672,6890,17477,24599,6763,17455,24516,6388,17378,24657,6844,17813,27659,8174,19231,32184,9507,22547,31296,8543,22753
124,124,55087,34288,3071,16779,745,354,67,0,0,55762,35173,3443,16292,781,426,106,0,0,59221,36438,4481,16349,957,1061,85,56039,35517,3396,16080,814,478,134,15570,566,6,14,64,910,59479,37065,4535,16343,924,501,138,42985,28401,1924,11888,580,279,50,0,0,43498,29605,1101,12205,431,143,6,12071,259,13,34,0,47638,30971,2939,12186,714,805,70,47638,30971,2939,11723,514,91,9,150,1241,43733,29890,1129,12128,457,148,16,0,0,0,0,0,46018,31179,1721,12130,641,324,38,11821,482,9,38,47693,32481,1589,12353,859,330,70,11902,730,16,70,25019,10823,13859,24824,10087,14737,26169,9991,15552,25135,8501,15800,25992,9911,15885,25424,9751,15673,24880,9345,15535,27727,10455,16914,32317,12729,19247,32059,11999,19410,31838,12183,19135,29708,11696,18012,29696,11812,17884,29136,10799,17950,28209,10646,17059,28355,9571,18619,28103,9858,17860,28039,9779,17722,27971,8948,18141,28025,9794,18231,30716,11405,18980,35164,13379,21595,34310,11745,22565
125,125,43776,31099,2773,8700,1115,492,139,0,0,56240,35659,5176,13442,1620,761,128,0,0,60137,36082,5373,15255,2675,1658,294,55547,34982,4333,14233,1942,643,172,12735,1114,136,0,0,2252,59276,36128,5123,15369,2416,780,231,31711,23398,1704,5694,762,335,82,0,0,40033,27050,2488,9300,686,404,0,9001,556,112,116,0,43812,27614,3358,10376,1726,1145,172,43812,27614,3358,9389,1137,135,72,173,1934,40201,26924,2280,9461,940,372,0,0,0,0,0,0,42857,27320,2944,10982,1076,212,0,10475,789,4,0,46304,29061,2722,12651,1454,270,2,12136,1095,12,2,20209,5982,14073,18810,5745,13065,21520,6506,14329,20381,5572,13995,21249,7110,13936,20956,7143,13813,20540,6861,13679,23476,7811,15204,28652,10558,17595,28375,10085,17511,28194,9976,17476,25265,9562,15703,25259,9597,15662,24475,8466,15547,22881,8304,14148,22927,7607,15134,22778,7771,14651,22749,7587,14660,22699,7265,14776,22774,7783,14991,26279,9415,16472,32084,12107,19789,31749,11220,20529
126,126,56678,21911,1957,32119,715,513,180,0,0,58603,21439,3443,32623,969,424,179,0,0,59260,22407,2151,33452,739,968,179,58699,21680,2876,32822,779,714,211,31862,484,125,174,208,1293,62141,22623,3069,35228,965,610,188,40666,17053,1252,21710,541,357,100,0,0,43626,17099,1311,24142,672,227,95,23996,569,123,64,0,45497,18185,1440,24782,585,731,128,45497,18185,1440,23944,404,131,71,130,1192,43959,17313,1294,24144,567,519,140,0,0,0,0,0,46032,17706,1308,25906,622,503,7,25389,544,20,7,46577,17565,1471,26819,352,362,83,26330,329,40,83,23518,14505,8741,24352,15876,8476,23506,14335,8800,21875,12528,8839,22328,13807,8415,21850,13581,8269,21174,13002,8172,23960,14576,9162,27528,16922,10385,27193,16338,10346,27071,16536,10102,24699,15556,9143,24709,15580,9129,23647,14239,9174,21485,12936,8302,21539,12611,8785,21285,12497,8554,21190,12319,8552,21176,12058,8713,21328,12486,8842,24358,14603,9547,27624,16357,11146,27086,15246,11840
127,127,57800,41728,2249,10539,3099,483,162,0,0,58329,41095,2171,11418,3477,321,131,0,0,58678,38681,3276,11540,4151,1291,207,58584,41378,3131,9434,4272,264,56,8633,3412,19,3,195,1815,57446,39769,3098,9168,4118,736,124,44072,32705,1484,7364,2311,328,99,0,0,43541,31985,1397,8127,1807,168,1,7815,1543,36,105,0,45889,31263,2190,8500,3054,917,124,45889,31263,2190,7745,2605,88,73,197,1728,43926,33055,1721,6538,2601,171,0,0,0,0,0,0,43678,32750,1778,6298,2530,438,8,5962,2200,30,8,44076,31838,2364,6837,2858,331,17,6415,2528,88,17,26393,8293,17922,27811,8258,19553,28114,8766,18357,26950,7264,18649,26298,8820,17168,25864,8703,17161,25414,8468,16946,28467,9420,18496,31968,11816,19674,31725,11173,19890,31543,10992,19815,28964,10582,18382,28953,10640,18313,27834,9476,17861,25127,8946,15717,25203,7948,17049,25039,8205,16471,24991,8054,16378,24959,7410,16788,25026,8145,16881,28421,9960,18078,31550,11644,19678,31189,10290,20899
128,128,62131,28007,1002,32713,322,311,25,0,0,59929,26216,1299,31882,355,185,294,0,0,58864,25981,1123,30904,367,684,82,58806,25507,1286,31307,449,170,269,30537,381,24,257,37,774,58721,25326,1302,31653,293,522,37,47206,22463,710,23748,225,231,15,0,0,46390,21281,628,24051,151,58,164,23948,107,14,76,0,46488,21612,792,23434,252,521,43,46488,21612,792,22954,163,89,5,79,794,45700,20911,632,23775,99,72,149,0,0,0,0,0,45653,20950,695,23517,172,345,4,23140,166,20,4,46148,21589,663,23295,236,416,4,22799,151,7,4,26873,14419,12010,26299,14437,11862,25239,12709,12187,23262,10785,12023,24364,12106,12161,23539,11620,11919,22730,11066,11664,25378,12475,12706,28482,14201,14058,28089,13561,14013,27856,13712,13728,25709,13107,12602,25720,13170,12550,25017,12099,12695,23184,11147,11786,23259,10768,12377,22838,10629,11983,22715,10307,12082,22655,10003,12098,22774,10581,12193,25718,12326,13203,28839,13740,15010,27438,12252,15186
129,129,59373,21591,2124,34378,1416,546,112,0,0,54501,20185,2023,30810,1611,199,21,0,0,58829,19903,2788,34245,1656,930,156,55918,19548,2511,32510,1748,218,86,31341,1326,39,36,51,1066,54966,18380,2865,32110,1899,414,145,46548,18646,1495,25221,1172,425,71,0,0,42104,16782,1133,23326,712,171,19,23096,574,51,21,0,46873,17419,1996,25717,1428,728,110,46873,17419,1996,24530,1123,90,70,192,1453,43542,16559,1256,24528,789,151,40,0,0,0,0,0,42799,15904,1699,23788,970,152,10,23409,603,70,10,41158,16084,1862,21635,1060,254,0,21081,672,40,0,26635,18539,7870,22639,15304,7335,20778,13627,6577,19333,11482,7141,18835,12595,6063,18343,12210,6133,17761,11722,6039,20480,13422,6720,23234,15708,7200,22918,14891,7397,22812,15053,7200,20415,13955,6460,20426,14006,6420,19276,12656,6334,16491,10947,5306,16556,10465,5974,16306,10379,5679,16207,10202,5635,16258,9818,6045,16338,10343,5995,19385,12718,6431,21147,13967,7028,20653,12607,8046
130,130,58352,21853,1896,33935,876,518,143,0,0,61646,20007,2542,39013,478,503,264,0,0,59203,17874,2564,37564,862,952,186,63022,20431,2377,40163,571,563,67,37362,295,111,34,727,1684,64960,20772,1839,41442,898,865,31,42238,17387,1189,22982,656,371,98,0,0,44124,16199,1415,25851,233,324,80,25631,208,170,84,0,44019,14854,1697,26372,683,739,137,44019,14854,1697,25396,425,116,83,150,1298,44825,16060,1304,26792,262,351,15,0,0,0,0,0,47831,17047,1203,28455,525,352,0,27788,377,38,0,47441,14871,1573,29731,419,392,8,28960,255,35,8,23642,15030,8467,22469,15288,7181,21129,13738,6987,19727,11995,7174,19441,13162,6153,19031,12903,6128,18359,12380,5979,21258,14012,6954,24411,16497,7626,24108,15852,7629,24055,16096,7465,21479,14922,6557,21498,14965,6533,20303,13520,6511,17573,11964,5384,17614,11617,5881,17378,11514,5632,17324,11372,5619,17312,11082,5893,17428,11538,5890,20682,13878,6578,23368,15826,7442,22894,14698,8196
131,131,44255,34007,1939,5613,2536,344,140,0,0,56368,40742,3502,7927,3940,579,210,0,0,58890,38617,4161,11142,4207,1218,253,60490,43067,4152,9590,3372,886,191,7714,2478,60,0,239,2780,60222,41716,4424,9941,3452,569,263,31753,24899,1200,3750,1744,219,84,0,0,39757,30235,1997,5048,1921,259,0,4838,1559,62,307,0,42968,29286,2522,7572,2868,841,141,42968,29286,2522,6817,2240,91,45,237,1730,42856,31806,2522,6546,1560,301,0,0,0,0,0,0,42968,31319,2597,7032,1646,264,0,6516,1342,21,0,43218,29805,2889,8384,1551,356,0,7828,1243,46,0,18650,4748,13778,22377,5859,16518,25319,7144,17212,24169,5902,17288,24279,7727,16276,23969,7572,16397,23595,7469,16126,26782,8415,17797,31636,11397,19692,31386,10762,19871,31195,10650,19740,28471,10347,18124,28459,10346,18113,27475,9183,17737,25515,9192,15792,25621,8206,17217,25468,8377,16695,25466,8267,16593,25426,7694,16920,25458,8397,17061,28820,10035,18341,33340,12253,20797,33089,11122,21967
132,132,55580,20461,3037,30972,1287,481,237,0,0,56217,18418,3222,32625,1636,620,132,0,0,59142,19577,4680,32680,1965,1002,239,53749,16956,3467,31518,1798,508,302,30427,943,109,129,189,1523,55720,16900,4286,33121,1425,643,285,41871,16918,2199,21766,1003,339,142,0,0,42683,15757,2123,23758,714,268,40,23321,531,153,79,0,46752,16658,3648,24471,1647,768,146,46752,16658,3648,23291,1281,124,76,141,1533,41157,14315,2143,23580,616,197,95,0,0,0,0,0,42356,13985,2409,24698,676,333,85,24164,568,40,85,43066,14353,2483,24990,734,348,46,24411,600,30,46,17349,11479,5678,19315,13691,5624,19354,13260,5745,17789,11372,5967,18696,13141,5451,18230,12771,5459,17591,12262,5329,19973,13718,6025,23149,16080,6815,22871,15596,6816,22752,15692,6637,20611,14787,5824,20612,14821,5791,19559,13444,5892,17552,12218,5131,17614,11968,5561,17383,11803,5373,17299,11649,5370,17251,11376,5555,17339,11815,5524,20316,13945,6187,23368,16020,7250,22748,14817,7931
133,133,65645,39448,3251,22589,448,381,56,0,0,63142,37690,3256,22078,278,215,94,0,0,58893,35344,3302,19488,495,706,73,62536,37203,3334,21534,205,273,13,21165,108,57,3,91,576,58508,34842,3256,19649,286,361,3,51172,31391,2659,16888,344,294,43,0,0,48223,30525,592,16688,160,164,4,16515,83,34,109,0,46821,28556,2664,15051,352,540,45,46821,28556,2664,14398,268,89,17,67,762,48414,30075,819,17125,107,263,4,0,0,0,0,0,45311,28542,891,15453,150,263,0,15253,92,77,0,45810,28390,1434,15374,184,450,8,15155,150,84,8,25640,9984,15200,23929,9349,14580,22807,7674,14745,21162,6363,14266,22417,7264,15043,21602,7228,14374,20993,6801,14192,23050,7470,15396,25897,8605,17094,25533,8232,16844,25353,8317,16664,23124,7958,15166,23147,8029,15118,22768,7230,15333,21285,6745,14285,21353,6296,14948,21031,6405,14430,20970,6127,14544,20844,5988,14338,21026,6112,14914,23590,7429,15980,26588,8251,18273,25513,6948,18565
134,134,58609,39891,1382,16556,444,507,37,0,0,58129,38991,1423,16907,535,461,266,0,0,59575,38817,1854,17180,645,1172,61,58330,38942,1645,16735,593,502,268,16187,356,202,233,0,764,59559,38867,2083,17038,710,626,279,45269,31393,892,12387,322,398,24,0,0,44950,31234,548,12455,235,265,220,12339,154,148,55,0,47005,31408,1227,13040,473,924,33,47005,31408,1227,12556,302,124,5,118,1265,45059,30898,711,12636,276,319,235,0,0,0,0,0,46262,31304,1084,12909,359,476,271,12736,127,49,271,47476,31959,1493,13499,272,410,94,12994,115,45,94,24547,8623,15630,24051,8571,15480,24207,7703,16060,22810,6564,15504,23487,7589,15743,22914,7570,15344,22301,7100,15201,24983,7909,16781,28771,9345,19160,28493,8948,18963,28356,9207,18659,25143,8552,16591,25164,8631,16533,24813,7752,16760,22654,7254,14983,22790,6680,15946,22532,6727,15542,22470,6588,15526,22432,6291,15430,22541,6920,15621,25855,8056,17556,30278,9379,20800,29646,9305,20341
135,135,57183,40869,1464,14051,493,475,43,0,0,58456,40763,1764,14769,883,581,18,0,0,59870,41277,1959,14830,624,1134,59,60333,40781,1635,16661,827,652,0,15581,599,116,0,136,1479,63318,42786,1851,17511,544,616,0,42697,31335,976,9805,325,353,26,0,0,43820,31720,810,10363,486,349,0,10297,405,102,95,0,45706,32495,1238,10623,450,842,47,45706,32495,1238,10179,328,82,9,126,1249,45604,32282,882,11483,431,340,0,0,0,0,0,0,47736,33903,1162,11815,289,299,0,11547,177,32,0,47825,33971,1339,11380,295,304,11,11107,199,6,11,23768,7345,16106,23525,6547,16978,24282,5981,17791,23026,5083,17043,23648,5869,17576,23157,5921,17236,22657,5547,17110,25387,6288,18770,29559,7645,21629,29334,7348,21421,29205,7512,21207,26388,7017,19371,26374,7088,19286,26300,6488,19455,25028,6321,18150,25151,5756,19229,24960,5894,18707,24922,5750,18705,24870,5476,18509,24886,5714,19172,27880,6952,20634,33532,8716,24668,32914,8197,24717
136,136,52535,33148,1698,16664,704,467,37,0,0,55111,35105,1583,16991,1134,427,113,0,0,59298,36859,2609,17530,1188,1062,77,56412,36433,1638,16844,1087,463,70,16361,830,101,0,103,937,58061,36701,1867,17714,1085,653,142,38637,25139,1067,11741,464,313,21,0,0,41176,27023,756,12876,239,200,0,12782,183,89,99,0,45367,28990,1652,13005,826,831,43,45367,28990,1652,12596,704,118,16,132,1159,42461,28090,842,12857,286,279,0,0,0,0,0,0,43814,28486,1139,13251,415,393,15,13138,309,48,15,46045,30612,1209,13360,390,472,15,13096,269,35,15,22256,8443,13533,21561,8472,13089,23545,8065,14923,22277,6908,14469,22494,7919,14393,22044,7882,14162,21515,7431,14084,24689,8407,15935,29393,10176,18904,29151,9723,18824,28976,9939,18516,26051,9302,16749,26047,9381,16666,25927,8519,17042,24664,8211,15911,24748,7506,17076,24527,7569,16619,24483,7503,16534,24416,7087,16526,24462,7353,17109,27742,9044,18389,34137,10963,22998,33531,10308,23223
137,137,58004,23782,1980,31438,936,438,140,0,0,61215,23401,2704,33845,1348,583,165,0,0,59551,22691,3077,32252,1409,838,187,62895,23685,2738,35221,1385,697,192,33836,834,207,97,137,1359,63127,23085,3340,35392,1468,784,212,42877,18917,1260,22045,632,310,89,0,0,45710,19591,1380,23696,501,342,96,23550,425,227,104,0,45358,18517,2033,23647,994,584,113,45358,18517,2033,22690,786,54,56,117,1105,46152,18886,1488,24722,509,368,97,0,0,0,0,0,45999,18310,1520,25155,432,424,108,24774,381,61,108,45689,18249,1521,24804,646,488,37,24152,538,28,37,23828,14185,9395,23521,14255,9266,23024,13100,9453,21336,11175,9535,21400,12520,8750,20913,12359,8554,20013,11519,8494,23289,13324,9700,26921,15731,10949,26582,15151,10933,26490,15297,10732,24083,14445,9638,24085,14478,9607,23014,13204,9544,20757,12128,8310,20833,11725,9001,20606,11559,8815,20499,11422,8694,20478,11025,8950,20675,11904,8771,23792,13675,9906,27275,15797,11368,26888,15727,11161
138,138,55358,41590,1475,10761,1232,371,92,0,0,56625,40417,2024,12351,1865,490,12,0,0,58912,41408,2418,12072,1881,1211,126,58404,42108,2501,12337,1237,472,10,11732,893,40,2,14,1115,57301,41577,1917,11666,1330,908,161,41940,32278,978,7608,859,274,64,0,0,42828,31641,1378,8558,1000,183,0,8490,878,14,95,0,45684,33050,1514,8824,1369,889,87,45684,33050,1514,8341,1112,118,32,158,1359,44268,33010,1633,8557,740,184,3,0,0,0,0,0,44088,33314,1099,8081,822,320,2,7989,627,0,2,44407,32511,1396,9272,826,298,8,8894,629,29,8,25923,7882,17780,25754,7152,18602,26868,7243,18987,25513,5946,18673,25416,6883,18338,24986,7375,17611,24373,6478,17895,27509,7561,19556,31441,9277,21803,31238,8740,21933,31042,8786,21708,28487,8400,20087,28500,8504,19996,27761,7652,19717,25711,7437,17786,25857,6542,19150,25652,6713,18632,25612,6695,18490,25538,6067,18737,25615,6456,19159,28854,8097,20441,33283,9797,23301,32744,9088,23656
139,139,52901,38626,2895,9246,2014,447,186,0,0,57823,38605,4076,13015,2695,285,96,0,0,59010,37498,4273,12846,3344,1418,231,55552,37642,4493,10607,2935,331,59,8994,2076,39,2,101,2212,57375,37500,4404,11392,3703,625,87,40190,30281,1893,6454,1379,315,119,0,0,42748,30193,2386,8608,1154,137,18,8324,798,55,239,0,45522,30132,2896,9227,2317,1039,172,45522,30132,2896,8449,1772,115,111,208,1839,41168,30043,2592,6747,1334,187,4,0,0,0,0,0,42943,30172,2887,7895,1601,377,6,7670,1008,26,6,43862,29575,3118,9071,1620,387,6,8711,1138,36,6,23205,7509,15551,22469,7467,15002,23530,7630,15136,22230,6337,14934,21903,7542,14123,21558,7891,13667,20910,7213,13697,24145,8431,15264,28130,10859,16880,27893,10390,16853,27751,10358,16750,24931,9653,15278,24929,9698,15231,24130,8758,14947,21782,8445,12893,21899,7548,14172,21754,7732,13711,21719,7657,13629,21680,7120,13921,21709,8060,13649,25146,9450,15366,29683,11758,17731,29314,11797,17517
140,140,59615,17818,4699,36509,855,722,228,0,0,53444,15424,4323,33067,1192,359,325,0,0,59294,17055,5358,35460,1171,1186,288,54873,16401,4286,32939,1288,471,410,31128,725,140,171,146,1872,56916,16143,4629,34612,1298,486,440,43536,14468,3095,25447,599,457,134,0,0,38144,11859,2037,23286,524,182,5,22905,394,107,193,0,44411,14080,3563,25596,855,809,179,44411,14080,3563,24310,521,106,88,218,1525,39371,13428,2085,22660,723,252,106,0,0,0,0,0,40507,13164,2131,24003,773,392,92,23467,542,34,92,40581,13036,2649,23415,887,414,152,22953,613,39,152,20208,15419,4611,16814,13180,3634,15542,11431,3735,14107,9438,4133,13615,10434,3089,13202,10067,3135,12450,9426,3024,14991,11033,3753,17214,12696,4297,16917,12152,4319,16829,12229,4195,14850,11370,3480,14858,11428,3430,13940,10332,3425,11523,8787,2580,11547,8553,2925,11378,8381,2839,11307,8285,2787,11291,7988,3039,11428,8728,2700,13993,10330,3510,15718,11382,4266,15459,11319,4140
141,141,52364,19917,3361,27542,1789,576,244,0,0,56805,19110,4863,31246,1690,717,211,0,0,59019,17357,4681,34760,2226,1168,345,55232,16829,4149,32839,2045,609,109,30593,1052,267,22,70,2245,59255,17099,5224,36141,1660,850,220,39290,16271,2209,19556,1285,398,157,0,0,42046,15492,2737,22497,783,324,89,22239,557,268,119,0,44677,14194,2927,25672,1594,816,244,44677,14194,2927,24418,1204,119,136,171,1508,41568,13543,2126,24650,818,364,23,0,0,0,0,0,44320,13896,2885,26076,932,406,50,25686,747,72,50,44148,13410,2730,26222,1135,436,83,25327,817,17,83,19541,13193,6225,19475,14148,5327,18710,13205,5066,17398,11376,5500,17507,12945,4468,17160,12608,4552,16270,11886,4384,19161,13711,5209,22350,16317,5822,22042,15763,5837,22056,15896,5738,19994,14982,5012,20009,15029,4980,18679,13540,4907,16434,12235,4008,16481,11927,4464,16292,11726,4371,16209,11621,4291,16213,11251,4623,16352,12233,4119,19364,14079,5102,22737,16535,6091,22558,16768,5790
142,142,57881,27260,1254,28100,1267,329,48,0,0,57960,23567,1453,31413,1681,408,27,0,0,59312,22973,2059,32482,1510,835,72,58517,22511,1540,32908,1412,420,20,31203,988,90,20,278,1892,59386,21786,1369,33947,1705,498,17,43386,22260,804,19349,917,254,35,0,0,43369,19550,588,22081,767,263,23,21927,717,114,141,0,45355,19273,1482,23251,1135,609,66,45355,19273,1482,22306,888,76,19,140,1171,43877,18595,605,23663,565,213,18,0,0,0,0,0,44706,18426,735,24456,790,232,12,23842,720,24,12,44790,17206,1138,25296,824,278,46,24636,812,26,46,27100,14438,12452,25745,13994,11751,24826,13457,10622,23580,11408,11407,24265,13829,10234,23760,13530,10230,23173,13153,10020,25272,14070,10809,27919,16437,11142,27628,15769,11255,27573,15934,11136,25089,14941,10148,25102,15047,10055,23973,13610,10006,21343,12516,8500,21453,11723,9593,21257,11786,9182,21243,11690,9146,21248,11109,9682,21225,11885,9340,24382,14018,10083,27105,15953,10993,26677,15038,11639
143,143,60210,25989,4164,28919,1146,600,187,0,0,56925,22526,3593,29817,1044,515,213,0,0,59432,21396,4777,31808,1054,1067,102,56145,22425,3948,28641,1354,475,186,27482,841,181,16,88,1164,55719,21317,3588,29083,1440,677,72,44420,21082,2663,19756,815,432,123,0,0,41705,18952,1534,20361,502,332,20,20255,385,170,56,0,45411,18152,3204,22782,803,826,63,45411,18152,3204,21817,548,111,23,132,1424,41922,18788,1929,19831,744,321,15,0,0,0,0,0,42033,18063,1481,20903,952,276,0,20638,644,98,0,40786,16678,1586,20996,899,219,8,20554,726,47,8,22908,13823,8838,20156,12584,7572,19220,11294,7464,17971,9616,7771,18611,11380,7098,18166,11118,7048,17535,10681,6854,19661,11684,7701,22439,13660,8514,22141,13146,8420,22136,13404,8329,19787,12454,7333,19826,12525,7301,18775,11327,7185,16519,10254,6025,16556,9886,6573,16408,9854,6323,16329,9673,6346,16343,9471,6471,16363,10263,6100,19358,11770,7373,22253,13791,8337,21821,13660,8161
144,144,56625,40246,1919,13302,900,357,49,0,0,57969,40607,2551,13467,1177,277,28,0,0,59307,41643,2349,12977,1313,1112,69,60495,42407,2615,14100,1250,321,18,13421,874,80,0,76,1012,60405,42250,2255,14118,1119,499,0,42580,31051,1194,9481,647,264,36,0,0,43887,32223,1034,9928,523,181,0,9875,491,49,16,0,46029,33078,1520,9658,947,851,33,46029,33078,1520,9295,821,90,5,104,1116,46359,34058,1069,10481,563,183,0,0,0,0,0,0,46717,34004,926,10760,629,266,0,10606,589,0,0,47038,34706,1259,10308,419,428,8,9960,287,37,8,25453,8370,16795,24872,7675,17197,25730,7417,17725,24678,6375,17492,25517,7331,18025,25042,7375,17667,24576,7071,17505,26727,7593,18796,30002,8711,21015,29744,8330,20850,29587,8443,20689,26919,7979,18940,26919,8046,18873,27341,7659,19336,26307,7685,18165,26414,6811,19438,26234,7098,18847,26221,6903,18927,26143,6527,18810,26196,6886,19310,28880,8119,20477,34646,10077,24436,34097,8944,25153
145,145,57953,25779,1451,29738,917,301,70,0,0,59384,25822,2028,30118,1237,245,42,0,0,58805,23152,2802,31093,1257,721,48,57415,24119,1829,29964,1148,314,39,29180,1087,59,30,155,950,60180,25046,3206,30449,1157,691,31,42979,20933,945,20370,659,216,53,0,0,43826,20647,804,21626,588,118,35,21489,567,21,17,0,45090,19166,1850,22681,959,545,41,45090,19166,1850,22128,836,78,4,155,873,42529,19743,951,21297,649,185,30,0,0,0,0,0,44503,20538,1429,22041,599,505,20,21533,571,40,20,43580,20538,1358,21069,629,572,0,20442,582,35,0,23421,12626,10606,23995,13635,10360,23843,13004,10446,22494,11208,10727,23517,12978,10413,23011,12755,10256,22256,12163,10093,25041,13477,11322,29095,15692,13154,28783,15184,13101,28761,15340,12960,26290,14439,11851,26309,14515,11794,24535,12990,11297,22006,11703,10018,22082,11177,10810,21881,11190,10483,21855,11079,10511,21834,10699,10682,21871,11453,10418,25264,13283,11769,28013,14784,13117,27477,14349,13128
146,146,46701,31672,1975,11236,1703,359,90,0,0,55422,35059,3416,14511,2644,507,31,0,0,60203,35710,3409,17690,2529,1196,168,55123,35092,3364,14404,2547,386,18,13207,1983,206,0,62,1208,61250,37183,3760,16707,3835,764,25,34008,23841,1228,7659,1139,251,51,0,0,40211,26928,1763,9899,1289,155,0,9811,1159,145,170,0,44589,27576,2110,12312,1806,845,112,44589,27576,2110,11627,1328,79,39,176,1654,40279,26820,1674,10111,1267,248,0,0,0,0,0,0,44633,28528,1900,11658,1801,358,0,11262,1462,18,0,46552,28669,1880,13912,1427,382,4,13533,1104,15,4,19254,5909,13147,21847,6952,14895,23717,7581,15423,22555,6427,15313,24144,8473,15425,23811,8444,15367,23302,8208,15094,25783,8919,16421,30458,11525,18491,30226,11052,18512,30051,11169,18291,27306,10728,16578,27287,10784,16503,26515,9625,16447,24971,9693,14828,25068,8888,16008,24881,9042,15487,24870,8898,15505,24846,8556,15513,24882,8803,16079,28360,10659,17336,34446,13726,20518,33937,12402,21535
147,147,53753,34489,3586,13412,2143,588,129,0,0,59367,34038,4033,18417,3006,788,56,0,0,60375,32365,4774,18695,3703,1305,145,61790,34769,3656,20600,2917,907,77,17998,2378,303,0,95,2596,62832,34081,4041,22566,2888,1073,213,39855,26969,2268,8924,1514,415,88,0,0,41998,26217,1570,12438,1158,557,0,12008,1117,151,145,0,46125,26264,3149,13316,2671,954,87,46125,26264,3149,12570,2199,114,31,189,1609,43692,26815,1757,13310,1273,693,0,0,0,0,0,0,44549,26546,1924,14337,1041,579,2,13510,978,54,2,45994,25681,2629,15425,1537,660,7,14656,1428,5,7,21907,7834,13860,21997,8200,13797,22951,8444,13784,21788,7239,13704,22098,9178,12708,21775,9159,12616,21318,8942,12376,23896,9651,13815,27693,12171,15116,27460,11752,15017,27307,11844,14882,24330,11151,13179,24340,11200,13140,23542,9933,13183,21148,9515,11203,21235,8862,12186,21080,8980,11786,21055,8826,11792,21036,8554,11827,21039,9048,11991,24635,10783,13507,29245,13321,15696,28737,12704,16033
148,148,61822,36931,2281,21856,607,374,48,0,0,60645,34592,2282,23095,285,412,46,0,0,59984,35082,2198,21201,813,900,77,61359,34622,2571,23023,612,319,357,22682,506,102,300,72,506,59733,33258,2961,21967,936,778,288,46927,29389,1425,15578,428,261,33,0,0,46334,28258,845,16830,139,230,35,16694,104,57,19,0,46614,28176,1438,15858,560,676,38,46614,28176,1438,15435,406,63,19,96,981,46982,28723,1155,16442,133,199,304,0,0,0,0,0,45634,27502,1415,15709,441,379,268,15508,363,19,268,45960,28333,1455,15223,312,452,246,14943,241,66,246,21926,7840,13700,20983,7639,13344,21739,7026,14343,20305,5656,14106,21267,6705,14461,20649,6453,14196,20066,6080,13986,22303,6927,15170,25524,8289,17009,25262,7824,17004,25121,7994,16732,22809,7497,15312,22822,7561,15261,22363,6906,15225,20816,6534,13987,20892,6054,14741,20659,6053,14398,20577,5909,14395,20525,5628,14300,20625,5874,14751,23356,7205,15958,27364,8721,18544,26470,7395,19075
149,149,62965,28827,1231,32011,781,367,91,0,0,59721,27166,1198,30389,865,484,132,0,0,59715,25350,1434,31583,795,661,85,59887,26645,1286,30999,868,343,133,29915,847,65,72,25,1037,58443,25890,1418,30020,966,545,69,48733,24204,849,22934,617,262,62,0,0,46374,22746,697,22221,450,276,0,21915,436,114,34,0,47261,21500,1009,23643,618,515,57,47261,21500,1009,23040,521,75,19,164,933,46519,22117,703,22859,594,214,70,0,0,0,0,0,45668,21702,919,22230,441,317,60,21867,382,42,60,46329,21616,807,22742,581,308,176,22244,504,38,176,23725,14810,8686,22577,14365,8212,22024,13108,8446,20560,11288,8714,21307,12805,8384,20735,12398,8337,20095,12010,8085,22225,13053,8901,24762,14690,9809,24482,14140,9786,24369,14322,9561,22119,13585,8534,22157,13658,8499,21488,12492,8736,19451,11340,7863,19520,10899,8495,19288,10862,8211,19228,10625,8323,19164,10307,8425,19266,10865,8401,21996,12615,9165,24764,13783,10876,23754,12652,11102
150,150,68285,25552,3687,38273,839,362,70,0,0,63250,23783,4645,34116,598,318,62,0,0,59276,21432,4286,32464,848,602,91,62800,23476,4303,34130,704,291,133,33620,598,4,0,226,568,60181,22516,3600,32774,640,1004,196,52632,20950,2424,28635,619,279,48,0,0,48862,20138,1548,26756,265,116,4,26577,233,4,75,0,47050,18026,2885,25202,652,476,66,47050,18026,2885,24699,556,76,12,70,726,48661,20203,1338,26808,149,106,0,0,0,0,0,0,47022,19101,1549,25679,301,393,0,25348,270,73,0,45513,18495,1261,24861,397,567,4,24454,378,113,4,23368,13850,9078,23661,14349,9312,21299,11752,9255,19875,9821,9629,20523,11233,9212,19908,10835,9073,19158,10243,8915,21163,11314,9690,23243,12583,10487,22983,12077,10512,22840,12238,10276,20935,11606,9329,20958,11658,9300,20283,10725,9382,18383,9739,8465,18453,9387,8995,18151,9238,8734,18072,9106,8748,18029,8816,8848,18305,9992,8313,20764,10894,9735,23521,12381,11057,23191,12933,10258
151,151,67396,32202,4815,29393,899,533,195,0,0,63937,28780,4863,29079,1351,353,97,0,0,60059,27155,4508,26527,1219,1003,332,63471,27977,4947,29092,1314,480,168,28271,1065,36,75,210,894,58512,25691,5104,26082,1090,1042,151,50627,25567,3589,20696,640,395,112,0,0,46929,23182,2245,20650,518,262,24,20452,442,55,54,0,46973,22169,3421,19920,916,725,202,46973,22169,3421,19242,671,86,84,90,1210,47233,22922,2011,21200,611,403,35,0,0,0,0,0,44251,21168,2331,19292,628,629,44,19071,544,74,44,44875,21016,2195,20206,577,646,32,19836,392,149,32,24260,12046,11830,23209,12207,11002,22681,10837,11508,21198,9157,11574,21460,10117,11245,20792,9829,10963,20140,9311,10829,22499,10517,11792,24960,11908,12846,24673,11441,12828,24464,11515,12535,22673,11055,11618,22668,11076,11592,21795,10103,11494,19852,9258,10349,19925,8829,10998,19620,8702,10732,19485,8591,10643,19475,8194,10868,19837,9584,10253,22348,10295,11892,25194,11550,13559,25011,12630,12381
152,152,56457,39584,1085,14664,922,398,68,0,0,55757,37387,1906,14988,1261,443,158,0,0,60134,39759,1710,16354,1311,1019,92,56494,37362,1732,15872,1142,473,185,15456,855,92,48,102,847,60038,39202,2053,16723,1281,881,63,41636,29948,679,10209,612,298,44,0,0,41424,28688,785,10788,641,317,39,10777,542,92,123,0,46026,31272,1077,11993,885,786,68,46026,31272,1077,11624,700,112,20,89,1132,42323,28959,871,11355,624,389,44,0,0,0,0,0,44593,30558,970,11818,587,609,22,11780,522,66,22,45244,30158,1088,12153,626,1134,45,12024,600,41,45,24627,7197,17178,24586,7308,17278,25068,6747,17881,23891,6096,17251,23937,6800,17009,23457,6775,16682,22842,6326,16516,25549,7212,18085,28871,8641,20001,28612,8402,19739,28423,8399,19563,25777,8049,17728,25785,8067,17718,25238,7257,17712,23171,7007,15822,23264,6462,16682,23103,6504,16377,22988,6382,16278,22984,6142,16238,23141,7116,16025,26090,7650,18217,29807,8927,20778,29387,9407,19980
153,153,66770,19856,1659,44444,806,408,142,0,0,64789,16331,1715,45858,850,427,61,0,0,59299,14458,1735,42183,757,578,62,63069,15561,1986,44754,894,368,57,43321,675,147,4,112,1261,60618,14395,2137,43118,800,431,59,49519,16845,1101,30905,604,309,91,0,0,48267,14194,625,32725,450,226,8,32501,400,166,49,0,45692,12637,1164,31047,611,448,55,45692,12637,1164,30330,456,72,12,103,918,46323,13028,746,31950,395,202,4,0,0,0,0,0,44644,11947,806,31335,362,217,4,30912,293,83,4,42705,11172,693,30469,240,304,6,29982,156,68,6,26442,17332,8916,25295,16968,8327,22494,14910,7229,21173,12965,7817,20476,13867,6523,20062,13508,6554,19213,12764,6449,21628,14337,7095,23135,15656,7285,22870,15140,7375,22834,15194,7260,20872,14377,6495,20889,14412,6477,19905,13276,6441,17135,11641,5313,17197,11297,5839,16992,11049,5783,16871,10984,5623,16925,10502,6149,17127,11860,5267,19882,13367,6366,22176,15391,6706,22069,15895,6174
154,154,64660,26019,1184,37214,270,307,47,0,0,59179,23715,1165,33655,490,393,83,0,0,59994,23723,1261,34272,417,778,78,58793,23467,1280,33399,599,322,111,32652,565,65,57,49,659,57829,23094,1434,32674,505,492,64,49263,21359,739,26945,194,242,36,0,0,45565,19394,471,25312,125,170,24,25210,114,43,60,0,47273,19967,789,25914,263,613,43,47273,19967,789,25378,170,90,1,74,804,45876,19417,450,25637,191,168,25,0,0,0,0,0,45178,19135,647,24950,287,259,0,24782,273,70,0,45042,18712,501,25201,344,342,17,24981,279,55,17,29024,16709,11849,27855,16500,11355,25566,13797,11502,23398,11734,11181,23315,12479,10749,22588,12095,10493,21700,11303,10397,24727,13080,11511,27484,14695,12634,27101,14030,12712,26651,13899,12229,24965,13739,11226,24985,13741,11244,23747,12247,11354,21257,10907,10145,21390,10512,10805,21037,10271,10587,20886,10188,10436,20898,9745,10769,21253,11290,9963,24045,12304,11623,26435,13531,12837,26100,14564,11536
155,155,58414,35139,1329,21185,600,304,24,0,0,57096,33171,1525,21380,595,172,21,0,0,58759,33681,1541,22256,698,773,53,57121,32896,1548,21570,578,252,26,21092,539,108,9,483,446,58632,33919,1708,22056,661,416,34,43849,27543,853,14903,423,228,18,0,0,43205,26560,862,15316,314,97,10,15225,300,35,23,0,45208,27019,1005,16208,529,579,42,45208,27019,1005,15644,429,71,19,96,925,43200,26489,830,15466,304,91,10,0,0,0,0,0,44445,27083,932,15777,469,228,0,15570,394,30,0,44330,27008,745,15840,399,372,8,15636,341,87,8,23816,8967,14478,23090,8748,14342,23158,7888,14930,21779,6451,14822,22435,7323,15008,21745,7256,14489,21161,6869,14292,23584,7787,15619,26829,9295,17343,26508,8856,17164,26284,9029,16909,23817,8433,15384,23817,8482,15335,23498,7763,15551,21883,7154,14557,21933,6840,15012,21652,6809,14655,21578,6630,14664,21473,6343,14588,21608,6716,14892,24307,7981,16173,27336,8886,18373,26498,7842,18656
156,156,61800,37992,4906,18357,403,360,47,0,0,60765,36105,4408,19697,363,260,54,0,0,59444,34767,4914,18600,510,910,53,61335,36111,4876,19708,374,219,47,19086,284,7,0,291,680,60035,34231,5867,18353,361,900,121,46111,29753,2908,13044,286,245,29,0,0,44986,28738,1458,14435,165,133,0,14313,165,4,74,0,45867,27940,3156,13875,374,681,34,45867,27940,3156,13450,283,74,6,71,887,45396,28956,1760,14392,228,122,0,0,0,0,0,0,44204,27395,2407,13577,169,677,0,13376,143,110,0,43464,27060,2330,13092,187,854,1,12755,156,136,1,21919,7555,13912,21160,7211,13949,20524,5950,14268,19054,4953,13588,19720,5554,14083,19119,5523,13596,18744,5192,13552,20728,5835,14721,23657,6985,16483,23373,6711,16282,22993,6643,15947,20575,6200,14375,20611,6258,14353,20342,5539,14609,18576,4953,13403,18636,4614,13933,18385,4587,13606,18310,4460,13607,18262,4296,13519,18440,4540,13900,20985,5662,15163,23675,6238,17371,22915,5431,17484
157,157,63090,39960,6513,16125,398,343,53,0,0,63317,38978,7372,16628,266,248,29,0,0,59957,37058,6707,15118,496,893,94,62880,38831,7335,16080,292,437,15,15529,174,198,5,206,604,61521,37824,7148,15698,600,692,23,47606,31149,3925,12153,265,254,37,0,0,46151,30823,2575,12412,192,150,4,12322,180,99,39,0,45311,29216,4062,11176,349,676,57,45311,29216,4062,10738,257,76,16,72,874,45885,30509,2567,12305,150,307,4,0,0,0,0,0,44831,29898,2128,11909,282,489,0,11640,240,76,0,45215,29922,2505,11452,348,835,34,11059,271,56,34,20294,6042,13799,19628,5727,13901,19862,4851,14698,18402,3907,14025,19075,4501,14491,18347,4564,13783,17964,4202,13762,20080,4698,15215,23309,5808,17322,22979,5605,16953,22687,5485,16792,20468,5264,15204,20469,5262,15207,19919,4554,15181,18350,4220,13871,18446,3825,14519,18153,3879,14109,18067,3724,14092,18042,3526,14080,18162,3849,14313,20727,4748,15823,23657,5301,18285,22673,4615,18058
158,158,57668,34496,2859,19669,488,303,44,0,0,59054,35460,2880,19974,509,574,13,0,0,59440,35230,3331,19656,600,847,76,57536,34954,2798,19124,350,403,14,18079,280,96,0,34,1293,59108,35517,3238,18880,318,1653,19,43144,27129,1814,13716,363,220,33,0,0,43603,28257,804,14142,114,335,0,13823,95,167,15,0,45549,28334,2057,14209,404,664,54,45549,28334,2057,13758,325,95,15,84,881,42412,27628,840,13492,137,261,0,0,0,0,0,0,43494,28496,853,13138,125,1059,0,12539,106,157,0,44505,28377,1260,13521,322,970,0,13001,260,160,0,21010,8305,12232,20545,8179,12366,20921,7261,13288,19434,5846,13001,20058,6816,13141,19402,6564,12838,18969,6322,12647,21302,7095,14004,24682,8539,15921,24341,8132,15799,23996,8123,15422,21716,7625,14091,21730,7644,14086,21200,6945,14059,19558,6378,12976,19628,5951,13584,19341,5963,13198,19253,5773,13205,19208,5486,13280,19408,5897,13511,22122,7194,14765,25416,8154,17182,24657,7227,17430
159,159,54171,37691,1064,14719,421,466,64,0,0,59140,40044,2202,16077,504,549,50,0,0,59895,40406,2185,15307,673,1386,79,59029,40043,1735,15715,644,790,42,14955,339,140,42,62,1713,59662,38977,2744,16546,769,765,170,39726,28397,634,10179,296,331,40,0,0,44103,31058,997,11402,263,354,20,11223,161,107,38,0,44871,31137,1290,10995,429,1012,50,44871,31137,1290,10518,254,139,17,115,1401,44283,31297,785,11293,325,594,40,0,0,0,0,0,44600,31023,1238,11458,287,427,110,11100,134,99,110,45741,31735,1363,11901,213,585,96,11383,132,112,96,21488,7622,13585,21043,7303,13740,22264,6514,15202,21064,5366,15003,21932,6360,15396,21372,6269,15103,20856,5943,14913,23825,6888,16601,28617,8606,19648,28343,8406,19339,28077,8309,19157,25249,7839,17410,25252,7853,17399,24580,7051,17176,23000,6804,15762,23094,6080,16851,22833,6168,16372,22752,6016,16314,22717,5673,16384,22861,6223,16638,26197,7513,18396,31607,9043,22435,30853,8093,22760
160,160,50779,37028,1805,10744,945,404,96,0,0,54634,38381,1982,12893,1150,330,265,0,0,59935,40058,3295,14170,1418,1200,169,58547,39210,2740,15454,1301,450,381,13583,800,90,208,88,1827,58614,39377,2542,15356,1587,733,527,41205,30482,1304,8445,759,301,75,0,0,42957,31346,909,10044,383,179,50,9608,243,96,98,0,48057,32909,2421,10859,1100,864,121,48057,32909,2421,10128,787,113,43,131,1525,45422,32359,1123,11307,381,243,55,0,0,0,0,0,46550,33117,1249,11265,600,277,80,10569,509,35,80,47833,33838,1524,11379,731,391,31,10761,632,53,31,18293,6374,11676,16133,5625,10508,18371,5773,11911,17721,4896,12049,16273,4921,11204,15922,4861,11061,15640,4775,10865,18426,5584,12489,21540,6734,14454,21340,6554,14238,21093,6353,14149,18380,5736,12644,18371,5760,12611,18267,5350,12599,16303,4764,11222,16386,4161,12096,16240,4312,11710,16188,4206,11650,16188,3906,11789,16265,4351,11914,19179,5572,13375,23483,6983,16398,23015,6385,16630
161,161,39386,28351,1865,8077,956,384,88,0,0,51574,34882,3269,11227,1931,626,40,0,0,60097,34573,4742,17350,2498,1385,164,54610,36799,3453,12731,1502,695,35,11735,885,34,10,311,1386,62544,38734,4483,17794,1539,610,72,28878,21370,1179,5529,652,272,48,0,0,36950,25974,1398,8491,696,262,10,8389,527,56,135,0,44371,26692,3028,12042,1748,996,95,44371,26692,3028,11207,1404,110,42,215,1673,39230,27133,1502,9514,700,275,10,0,0,0,0,0,44514,28470,2487,12194,814,307,4,11965,622,0,4,48459,30367,2714,13826,961,325,17,13440,792,35,17,14724,3835,10748,15322,4708,10614,18413,5768,12042,17574,5011,11837,18305,6637,11445,18022,6648,11374,17616,6424,11192,20795,7517,12862,26421,10568,15412,26173,10431,15011,26004,10271,14984,22952,9638,13314,22945,9637,13308,22125,8577,13078,20654,8713,11450,20718,8002,12529,20569,8041,12105,20525,7986,12014,20527,7591,12327,20589,8270,12319,24175,9743,14036,30623,12771,17691,30099,11619,18480
162,162,55154,23326,5256,24485,2258,546,252,0,0,62076,23949,6152,29042,3036,770,198,0,0,60308,22134,6504,28142,3067,1179,265,58019,21183,5729,29001,2619,596,233,26888,1829,157,105,78,2056,58878,21216,5958,29561,3010,1087,67,41201,19470,3516,16507,1651,394,151,0,0,45417,20327,3282,19767,1429,319,34,19204,1313,171,259,0,46733,18984,4478,20435,2319,870,192,46733,18984,4478,19220,1944,103,113,206,1685,43485,18173,3216,20401,971,288,34,0,0,0,0,0,44417,18461,3379,20806,996,283,10,20363,898,45,10,45946,17976,3242,23014,1038,298,0,22333,918,31,0,18319,10948,7247,18208,11665,6543,19645,12341,6644,18634,10711,7101,18121,12324,5628,17784,12066,5718,17318,11771,5547,20293,13137,6731,24026,15891,7753,23699,15506,7522,23647,15540,7492,21181,14599,6582,21184,14620,6564,20046,13153,6522,17785,12105,5380,17800,11623,6053,17643,11560,5780,17597,11400,5743,17623,10996,6205,17676,11749,5927,20976,13825,6852,25015,16207,8622,24603,14844,9759
163,163,59887,24221,3016,31526,1165,426,104,0,0,59600,22899,4080,31036,1797,566,20,0,0,60123,23136,5081,29099,2307,991,160,59497,22090,3544,31588,2286,464,68,30618,2029,59,51,97,1016,61953,23684,4583,31118,2406,397,123,47384,21201,2252,22914,972,339,71,0,0,45068,19402,1642,23124,576,299,4,22832,490,76,95,0,48461,20317,3578,22045,2063,756,101,48461,20317,3578,21215,1745,98,47,161,1300,43803,18842,1628,22476,797,267,4,0,0,0,0,0,45930,20438,1667,22545,1159,287,24,22295,925,59,24,44414,19970,2157,21080,1147,334,24,20583,879,21,24,25314,18053,7019,22951,16212,6739,22685,15852,6112,21365,13134,7369,21042,15239,5591,20483,14708,5775,19855,14216,5639,22533,15786,6382,25360,18163,6833,25042,17621,6834,24950,17620,6736,23319,17002,6317,23341,17071,6270,22100,15685,6074,20072,14673,5135,20100,13996,5977,19840,13851,5653,19747,13730,5540,19807,13029,6327,19926,14322,5604,22675,16139,6266,25961,18475,7277,25383,16686,8697
164,164,44172,29968,2717,9598,1869,368,128,0,0,52036,32233,4411,13249,1930,450,324,0,0,60101,34676,5978,15067,3400,1375,216,55580,33755,5893,13661,2328,322,358,11870,1574,172,130,668,1515,60386,34762,5461,16772,2556,856,376,32131,22715,1698,6352,1272,248,67,0,0,36572,24707,1943,8747,913,248,15,8545,768,131,42,0,45851,27792,3893,10760,2441,1057,146,45851,27792,3893,9824,2005,118,55,277,1887,39525,26615,2445,8995,1234,200,10,0,0,0,0,0,43564,27751,2773,11410,1209,412,0,10819,1031,57,0,46501,27929,3817,12521,1519,268,72,11577,1350,12,72,16834,5713,10982,17955,6465,11490,21016,7365,12927,20068,6148,13110,18554,7741,10617,18278,7652,10626,17889,7510,10379,22218,8689,13076,27922,11761,15682,27602,11437,15462,27435,11262,15432,24586,10689,13897,24575,10682,13893,23505,9626,13428,21567,9614,11537,21659,8718,12755,21485,8837,12277,21456,8743,12206,21462,8186,12654,21550,9151,12399,25168,10672,14131,30966,13701,17074,30504,12340,18164
165,165,57992,17026,1722,38192,1149,457,63,0,0,60111,17484,1892,39482,1066,558,148,0,0,59978,21050,3318,32897,2310,856,160,60798,17998,2098,39217,1274,542,121,37977,987,141,43,209,1339,59573,19564,2271,36099,1501,397,150,44487,15041,1283,27180,955,346,42,0,0,46010,15126,1141,29001,363,332,4,28706,291,151,99,0,48247,18901,2572,24282,2009,677,114,48247,18901,2572,23396,1777,123,68,171,1239,47097,16072,1230,28965,391,352,4,0,0,0,0,0,46816,17591,1296,26956,581,265,0,26565,397,62,0,44048,17349,1623,24063,756,192,48,23715,484,27,48,25737,20629,4889,23096,18289,4807,22545,17334,4622,21206,14646,5762,20357,15938,4241,19836,15367,4469,19070,14783,4287,21920,16718,4885,24332,18734,5276,24015,18261,5216,23960,18303,5125,22400,17585,4815,22411,17622,4789,21206,16208,4689,19035,14714,4049,19081,14293,4663,18821,14075,4431,18750,13908,4380,18816,13416,4984,18883,14384,4499,21731,16565,4910,25534,19410,5907,24885,17555,7330
166,166,53693,46439,1773,3611,1658,316,54,0,0,58060,49747,2629,3524,2007,232,208,0,0,60242,49872,3125,3647,2311,1117,127,58437,49484,2707,3214,2434,408,266,2532,1323,115,12,213,2047,59976,49778,2492,3164,3061,618,225,42613,37501,1208,2597,1151,222,39,0,0,44695,39687,1255,2360,1101,153,8,2176,864,80,118,0,47580,40307,1938,2698,1627,809,77,47580,40307,1938,2362,1282,88,23,169,1411,45083,39722,1284,2329,1303,274,8,0,0,0,0,0,46575,40182,1560,2570,1592,461,35,2475,1272,46,35,47339,40123,1663,3214,1738,495,21,3001,1573,34,21,27711,7861,19648,29686,7712,21974,29370,8833,19553,28342,6788,20554,30223,9349,20514,29667,9175,20492,29228,9028,20200,31889,9808,21547,37151,12726,23947,36843,11930,24259,36612,11734,24127,34941,11531,23410,34917,11633,23284,33492,10600,22321,32556,11130,20715,32744,9243,23250,32466,9738,22233,32455,9677,22072,32458,8128,23323,32552,10574,21978,35316,11412,23442,40284,13765,26276,39892,11684,28208
167,167,60020,40488,4059,14381,837,727,183,0,0,65126,41061,5371,17126,1491,614,396,0,0,59493,37418,5243,14236,1393,1641,293,65638,41342,5783,16886,1595,679,300,15505,672,185,119,168,1873,59938,36888,5923,15296,1487,1094,447,43827,30704,2394,9986,510,465,102,0,0,46294,31305,2182,11836,389,255,175,11679,290,141,153,0,44140,29113,3269,9835,916,1170,151,44140,29113,3269,9071,652,171,78,171,1615,47896,31534,3170,12197,485,275,108,0,0,0,0,0,43746,28460,3261,10465,506,470,78,10228,300,146,78,45945,30292,3248,10431,745,682,52,10123,491,39,52,20079,6953,12855,19928,6778,13150,20410,6083,13880,18947,5104,13157,19265,5982,13150,18832,5951,12881,18405,5734,12671,21335,6555,14496,25723,8310,17122,25381,8047,16753,24980,7860,16477,22103,7462,14641,22112,7471,14641,22231,6915,15004,20745,6666,13712,20825,6218,14466,20629,6276,14057,20578,6152,14027,20528,5835,14059,20690,6341,14349,23866,7534,16062,30071,9634,20308,29408,8593,20815
168,168,58057,24118,5428,27104,1812,809,592,0,0,56009,21693,6721,26263,1856,1049,556,0,0,60147,21800,6746,29540,2038,1421,687,56069,20941,6591,27146,1932,1195,543,23551,1073,198,303,204,3206,59738,22076,6926,29380,1912,1001,580,40878,18288,3259,18060,1232,519,318,0,0,39976,16415,4180,17774,806,532,102,17113,674,162,295,0,44867,17627,4623,20757,1516,1033,444,44867,17627,4623,18971,1040,147,290,169,2000,39908,16012,4126,18081,876,602,89,0,0,0,0,0,42723,17178,4423,19553,872,508,44,18632,562,99,44,44310,17272,4590,20585,951,447,191,19572,588,108,191,15849,10014,5689,15808,10332,5476,15901,9444,6043,15014,8048,6405,15242,9608,5521,14969,9457,5512,14596,9218,5378,17134,10349,6484,21088,12928,7840,20798,12578,7632,20673,12579,7509,18126,11710,6416,18142,11755,6387,16914,10284,6354,14763,9223,5290,14805,8859,5840,14651,8848,5568,14597,8647,5617,14608,8482,5790,14688,8893,5795,17977,10875,6862,21895,12810,8968,21351,11332,10019
169,169,58308,37565,4098,16010,454,297,28,0,0,56979,34348,4395,17783,796,292,7,0,0,59138,34515,5342,17964,648,965,63,56834,33379,5087,18085,736,812,4,17064,427,56,0,44,767,58604,34905,5115,17867,497,596,22,43616,29273,2429,11465,325,208,9,0,0,42263,26969,1805,13021,277,87,0,12992,252,26,81,0,45267,27591,3466,13147,491,722,35,45267,27591,3466,12730,398,64,12,72,934,41564,25919,2087,12987,254,191,0,0,0,0,0,0,42815,27420,1911,12902,275,308,0,12765,161,63,0,42348,26231,2387,13015,287,411,0,12760,61,59,0,22231,6954,14869,21312,6855,14457,21157,5714,15098,19608,4822,14252,19926,5248,14598,19311,5145,14166,18652,4680,13972,20935,5466,15297,23492,6449,16863,23222,6139,16692,22826,6120,16337,20674,5803,14871,20679,5830,14849,20566,5254,15122,18898,4821,13817,18988,4472,14403,18708,4428,14109,18658,4322,14100,18597,4165,13917,18705,4263,14442,21222,5396,15667,24355,6235,18060,23438,5191,18247
170,170,60007,39701,5045,14392,716,319,44,0,0,60649,38009,5843,15948,1084,409,44,0,0,60116,36458,6271,15658,922,1050,50,61238,38461,5888,15676,1103,340,12,14842,754,100,1,22,1170,61039,37540,6008,16373,1053,689,92,44455,31069,2950,9800,497,245,23,0,0,43484,30106,1771,11064,405,190,0,10805,314,48,35,0,45316,29080,3920,10976,663,791,35,45316,29080,3920,10519,541,55,9,112,1080,44607,31059,2062,10917,384,243,4,0,0,0,0,0,44690,30351,2549,11150,388,298,8,10749,160,25,8,44374,29889,2667,11210,256,303,11,10917,181,28,11,19924,6252,13321,19443,6018,13425,20241,5431,14438,18999,4422,13985,19351,5021,14218,18866,4909,13957,18263,4560,13703,20528,5350,14961,23515,6625,16656,23207,6229,16505,23044,6286,16337,20557,5923,14634,20573,5955,14618,20175,5224,14735,18388,4792,13328,18476,4338,14026,18292,4417,13691,18212,4291,13667,18166,4042,13617,18284,4106,14178,21077,5524,15384,24570,6681,17809,23893,5267,18626
171,171,59259,31472,2846,24371,370,523,38,0,0,57170,30095,2945,23344,428,284,33,0,0,59237,30345,3395,24411,482,802,64,56615,29477,3112,23074,667,456,78,22476,321,111,55,273,793,58474,30301,3574,23602,292,749,27,44441,24930,1739,17314,265,392,26,0,0,42468,23970,806,17138,293,253,0,17063,98,100,0,0,45969,24755,2127,18202,349,611,25,45969,24755,2127,17736,257,110,11,78,895,42148,23451,1023,16906,479,264,0,0,0,0,0,0,43905,24428,1387,17258,313,558,0,16986,233,244,0,43476,23892,1289,17607,365,320,0,17323,349,47,0,22842,9471,13001,21695,9335,12360,21275,8250,12762,19640,7079,12050,19439,7395,11969,18987,7282,11705,18313,6739,11574,21080,8027,12917,24248,9540,14568,23939,9149,14437,23675,9015,14220,21131,8354,12777,21144,8367,12777,20863,7751,12965,18867,6836,11817,18948,6549,12331,18746,6483,12117,18667,6409,12042,18626,6066,12170,18831,7125,11706,21493,7913,13454,24265,8809,15381,23954,9863,14091
172,172,59742,35744,8541,14768,473,515,56,0,0,59407,34139,9538,15067,506,860,60,0,0,59961,34319,9594,14794,623,1134,59,59529,33780,9662,15361,563,751,63,14985,352,188,9,16,542,60161,33521,10185,15493,712,1557,7,43304,27665,5159,9987,296,366,37,0,0,40345,26821,2522,10413,232,319,4,10350,214,235,47,0,44756,27315,6007,10439,440,817,37,44756,27315,6007,10050,350,101,12,85,836,40770,26471,2861,10728,272,292,10,0,0,0,0,0,40940,26496,2922,10765,237,239,0,10695,180,93,0,42469,27300,3374,10949,367,262,4,10831,288,96,4,19523,6239,12922,18237,5682,12555,18696,5023,13348,17378,3994,12884,17738,4523,13120,17240,4455,12785,16671,4102,12569,18943,4842,13936,22050,5977,15897,21807,5674,15750,21612,5684,15557,19230,5308,13922,19235,5325,13910,18867,4712,13962,17231,4249,12712,17294,3902,13310,17137,3931,13031,17035,3819,12987,17010,3652,12893,17112,3842,13270,19679,4902,14624,22793,5780,16953,22256,4954,17302
173,173,57738,31767,3251,21950,488,543,69,0,0,57468,31035,4080,22660,411,757,180,0,0,59743,31465,4155,22609,670,1203,36,57078,30961,3945,22541,400,668,163,21166,206,138,25,22,610,59070,32066,4043,23033,453,610,53,43047,24939,2049,15479,343,394,49,0,0,41708,24665,741,15692,153,520,25,15483,128,155,88,0,45292,25217,2424,16428,498,875,25,45292,25217,2424,15932,382,168,9,116,1044,41515,24634,651,15703,215,423,25,0,0,0,0,0,42808,25265,885,16145,244,389,0,15998,244,113,0,42491,24651,1126,15985,307,486,6,15795,278,122,6,21262,9384,11585,23174,9920,13254,23032,9177,13438,21342,7811,12905,21156,8439,12617,20684,8143,12541,20032,7734,12298,23089,9160,13708,26763,11128,15421,26440,10461,15493,26047,10302,15185,23494,9711,13783,23504,9706,13798,22970,9009,13718,20765,8123,12334,20888,7736,13048,20681,7651,12816,20596,7634,12670,20559,7066,13027,20738,8141,12597,23679,9300,14188,26735,10470,16176,26267,10777,15490
174,174,60380,44327,2877,12295,338,737,63,0,0,61131,44583,3809,11828,807,1056,123,0,0,59852,42393,4717,11260,513,1351,120,60705,43561,3735,12142,868,1044,119,11091,564,458,20,20,1255,59694,42239,4091,12100,422,872,67,44987,33814,1796,8736,226,530,37,0,0,44617,34644,1516,7698,335,361,0,7573,298,170,134,0,45760,33060,3641,7950,385,1031,78,45760,33060,3641,7356,238,175,16,68,1206,44861,34181,1653,8096,262,609,10,0,0,0,0,0,44242,33319,1631,8506,203,527,10,8339,149,212,10,45000,33070,2723,8314,291,470,16,8011,246,130,16,22156,6450,15254,19738,5551,14187,20606,4343,15938,18513,3734,14074,18714,3695,14919,18237,3751,14486,17721,3485,14236,20605,4125,16301,24641,5078,19382,24226,4764,19027,23505,4603,18360,21163,4412,16751,21152,4400,16752,20335,3967,16156,17998,3630,14091,18053,3432,14495,17877,3457,14221,17829,3367,14227,17710,3173,14011,17873,3388,14485,21245,4161,16917,25527,5359,20108,24559,4604,19955
175,175,51942,35148,2778,12873,895,462,102,0,0,54859,36609,3739,12768,1539,561,172,0,0,59993,38441,3657,15333,1580,1145,138,55629,37621,3713,12560,1687,603,218,11788,838,162,57,140,1307,58722,37863,4024,14543,2410,561,193,38540,26767,1729,9237,585,321,63,0,0,40232,28004,1947,9012,901,269,46,8909,639,127,84,0,44704,29725,2250,10805,1069,811,89,44704,29725,2250,10342,825,124,26,135,1277,40566,28991,2023,8398,743,290,50,0,0,0,0,0,42724,29433,2217,9731,1030,335,50,9513,742,79,50,45337,30229,2321,11345,1072,321,12,11041,806,36,12,20127,6635,13213,20119,6717,13402,19689,6672,12593,18289,5712,11905,18482,6318,12045,18104,6163,11941,17626,5904,11722,20852,7064,13521,25811,9096,16430,25499,8650,16314,25134,8447,16072,22334,7908,14426,22323,7903,14420,21745,7168,14287,20073,6515,13239,20159,6205,13802,19969,6157,13555,19939,6108,13480,19880,5697,13622,19940,6071,13869,23202,7643,15308,27785,9085,18578,27123,8172,18951
176,176,59131,38855,4717,14601,746,519,94,0,0,59920,39166,5571,14303,672,465,59,0,0,59470,37797,5915,14031,798,1109,148,60698,40126,5272,14270,941,517,44,13428,578,186,23,38,1053,59504,37759,5847,14420,1081,913,30,43836,30095,2811,10221,512,374,68,0,0,44302,31016,2057,10598,182,366,10,10440,150,247,112,0,44991,29763,3708,10206,569,810,104,44991,29763,3708,9724,433,113,44,86,1120,45145,31892,2224,10281,242,441,10,0,0,0,0,0,43193,30026,2197,10181,295,458,10,10101,237,140,10,42992,29896,2137,10059,439,469,0,9770,394,43,0,19266,5946,12926,19333,6265,13068,19557,5489,13685,17884,4631,12600,18121,5113,12915,17603,5045,12558,17041,4708,12333,19316,5312,13787,21964,6232,15508,21632,5846,15328,21308,5846,14967,18837,5530,13307,18848,5548,13300,18951,5101,13615,17221,4710,12241,17311,4437,12759,17073,4425,12410,17018,4376,12391,16963,4081,12346,17086,4374,12712,19605,5266,14141,22892,6160,16654,22059,5354,16705
177,177,59157,25193,2495,30254,1207,522,142,0,0,61090,23508,2909,33437,1013,296,132,0,0,59992,19929,4016,34510,1148,977,159,61593,22355,3222,34802,961,582,116,33992,678,81,6,146,1118,60845,21809,3717,34177,881,876,140,45636,21526,1784,21302,925,384,100,0,0,46126,20063,1435,23978,430,180,3,23681,356,99,34,0,46014,17082,2814,24793,890,760,122,46014,17082,2814,23781,624,111,37,165,1400,46544,19245,1583,25056,391,172,5,0,0,0,0,0,46413,19099,2070,24466,421,202,20,24094,367,58,20,44767,17927,2171,23655,524,295,35,23127,420,32,35,19501,11957,7343,19868,12139,7729,18698,9514,8722,17502,8206,8640,17594,9407,8079,17298,9119,8179,16718,8770,7948,19068,10057,8730,21979,12421,9293,21643,11738,9401,21360,11564,9240,18715,10665,8050,18729,10678,8051,18048,9398,8399,15479,7811,7427,15567,7572,7908,15408,7468,7746,15377,7430,7703,15337,6973,7974,15390,7421,7969,18420,9638,8580,20881,10945,9828,20235,9929,10306
178,178,58576,45060,3575,9241,418,549,74,0,0,59079,44724,4013,10141,395,263,87,0,0,59877,45278,3725,9525,496,954,50,59596,45118,4091,10248,367,269,26,9357,191,98,0,31,700,59924,45460,3944,9933,401,713,39,43926,34471,2320,6601,285,402,45,0,0,43327,34746,1416,6721,186,218,0,6615,78,103,46,0,45638,35503,2347,6750,333,713,31,45638,35503,2347,6383,246,91,5,107,956,43828,35360,1331,6790,161,260,0,0,0,0,0,0,44147,35679,1325,6625,62,445,0,6414,23,55,0,44421,35493,1151,7075,165,457,12,6735,137,53,12,21992,4749,16775,20690,4151,16539,21792,3414,18069,20112,2817,16748,20965,3018,17840,20461,3149,17312,19978,2903,17075,22415,3277,18967,26440,4164,22109,26100,4004,21656,25717,3894,21409,23294,3783,19511,23296,3753,19543,22678,3229,19272,21048,3088,17725,21108,2668,18341,20921,2804,17937,20874,2727,17906,20759,2497,17671,20987,2801,18186,23836,3419,20276,27940,4168,23712,27226,3428,23798
179,179,56827,33485,4046,18381,833,380,141,0,0,59855,36241,3329,18807,1382,519,93,0,0,59356,35038,4586,18047,937,1000,171,60996,36300,3453,19554,1349,733,69,17607,993,124,63,143,2313,60716,36672,4119,18252,1369,526,47,43284,27622,2615,12369,580,294,85,0,0,45680,30550,1217,12863,751,372,40,12586,594,136,39,0,47156,30035,3009,12745,691,738,114,47156,30035,3009,12139,506,71,51,162,1183,46194,31087,1031,13058,648,527,30,0,0,0,0,0,46351,31481,1182,12487,773,375,39,12219,521,144,39,46089,30297,1713,12879,759,379,4,12384,299,70,4,23102,10106,12758,23535,9557,13978,24051,9241,14183,22256,7331,14097,22914,8944,13776,22418,8657,13761,21882,8425,13457,24766,9559,14827,28966,12026,16586,28611,11270,16656,28153,11007,16342,26000,10478,15522,25986,10495,15491,24886,9548,14963,22787,8760,13611,22909,8010,14723,22699,8130,14262,22656,8069,14139,22625,7213,14720,22732,8322,14410,25922,10051,15566,29564,11907,17514,28834,10327,18507
180,180,54176,39064,2678,10978,1177,736,173,0,0,57095,40238,3789,11591,1578,748,96,0,0,59412,40821,3843,11721,1648,1697,222,58032,40861,3949,11923,1777,811,84,10176,961,308,48,48,1680,59528,41238,4257,12889,1934,825,127,39706,29672,1673,7306,791,473,102,0,0,42347,31078,2023,8067,686,485,44,7628,652,267,40,0,45362,32283,2550,8261,1143,1189,144,45362,32283,2550,7544,757,141,52,213,1822,42942,31620,1959,7972,672,505,35,0,0,0,0,0,44648,32307,2630,8171,760,474,45,7783,577,59,45,46235,33772,2849,7999,839,456,5,7453,700,95,5,19752,7236,12293,19402,6843,12559,20962,6511,13770,19492,5566,12833,19164,6389,12554,18828,6335,12493,18475,6146,12329,21731,6975,14238,26384,8859,17021,26021,8309,16758,25538,8033,16489,22343,7682,14661,22340,7641,14699,22185,6992,14703,20061,6491,13110,20127,5884,14031,19977,5991,13614,19945,5921,13565,19895,5396,13817,19936,6132,13804,23632,7494,15721,29228,9283,19760,28534,8408,20126