ID,Label,T_10_CENS_Total,T_10_CENS_White,T_10_CENS_Hispanic,T_10_CENS_Black,T_10_CENS_Asian,T_10_CENS_Native,T_10_CENS_Pacific,T_10_CENS_BlackAlone,T_10_CENS_NativeAlone,T_19_ACS_Total,T_19_ACS_White,T_19_ACS_Hispanic,T_19_ACS_Black,T_19_ACS_Asian,T_19_ACS_Native,T_19_ACS_Pacific,T_19_ACS_BlackAlone,T_19_ACS_NativeAlone,T_20_CENS_Total,T_20_CENS_White,T_20_CENS_Hispanic,T_20_CENS_Black,T_20_CENS_Asian,T_20_CENS_Native,T_20_CENS_Pacific,T_20_ACS_Total,T_20_ACS_White,T_20_ACS_Hispanic,T_20_ACS_Black,T_20_ACS_Asian,T_20_ACS_Native,T_20_ACS_Pacific,T_20_ACS_BlackAlone,T_20_ACS_AsianAlone,T_20_ACS_NativeAlone,T_20_ACS_PacificAlone,T_20_ACS_OtherAlone,T_20_ACS_TwoOrMore,T_22_ACS_Total,T_22_ACS_White,T_22_ACS_Hispanic,T_22_ACS_Black,T_22_ACS_Asian,T_22_ACS_Native,T_22_ACS_Pacific,V_10_VAP_Total,V_10_VAP_White,V_10_VAP_Hispanic,V_10_VAP_Black,V_10_VAP_Asian,V_10_VAP_Native,V_10_VAP_Pacific,V_10_VAP_BlackAlone,V_10_VAP_NativeAlone,V_19_CVAP_Total,V_19_CVAP_White,V_19_CVAP_Hispanic,V_19_CVAP_Black,V_19_CVAP_Asian,V_19_CVAP_Native,V_19_CVAP_Pacific,V_19_CVAP_BlackAlone,V_19_CVAP_AsianAlone,V_19_CVAP_NativeAlone,V_19_CVAP_OtherAlone,V_19_CVAP_TwoOrMore,V_20_VAP_Total,V_20_VAP_White,V_20_VAP_Hispanic,V_20_VAP_Black,V_20_VAP_Asian,V_20_VAP_Native,V_20_VAP_Pacific,V_20_VAP_NH_Total,V_20_VAP_NH_White,V_20_VAP_NH_Hispanic,V_20_VAP_NH_BlackAlone,V_20_VAP_NH_AsianAlone,V_20_VAP_NH_NativeAlone,V_20_VAP_NH_PacificAlone,V_20_VAP_NH_OtherAlone,V_20_VAP_NH_TwoOrMore,V_20_CVAP_Total,V_20_CVAP_White,V_20_CVAP_Hispanic,V_20_CVAP_Black,V_20_CVAP_Asian,V_20_CVAP_Native,V_20_CVAP_Pacific,V_20_CVAP_BlackAlone,V_20_CVAP_AsianAlone,V_20_CVAP_NativeAlone,V_20_CVAP_PacificAlone,V_20_CVAP_OtherAlone,V_22_CVAP_Total,V_22_CVAP_White,V_22_CVAP_Hispanic,V_22_CVAP_Black,V_22_CVAP_Asian,V_22_CVAP_Native,V_22_CVAP_Pacific,V_22_CVAP_BlackAlone,V_22_CVAP_AsianAlone,V_22_CVAP_NativeAlone,V_22_CVAP_PacificAlone,V_24_CVAP_Total,V_24_CVAP_White,V_24_CVAP_Hispanic,V_24_CVAP_Black,V_24_CVAP_Asian,V_24_CVAP_Native,V_24_CVAP_Pacific,V_24_CVAP_BlackAlone,V_24_CVAP_AsianAlone,V_24_CVAP_NativeAlone,V_24_CVAP_PacificAlone,E_08_PRES_Total,E_08_PRES_Dem,E_08_PRES_Rep,E_12_PRES_Total,E_12_PRES_Dem,E_12_PRES_Rep,E_16_PRES_Total,E_16_PRES_Dem,E_16_PRES_Rep,E_16_SEN_Total,E_16_SEN_Dem,E_16_SEN_Rep,E_18_GOV_Total,E_18_GOV_Dem,E_18_GOV_Rep,E_18_AG_Total,E_18_AG_Dem,E_18_AG_Rep,E_16-20_COMP_Total,E_16-20_COMP_Dem,E_16-20_COMP_Rep,E_20_PRES_Total,E_20_PRES_Dem,E_20_PRES_Rep,E_20_SEN_Total,E_20_SEN_Dem,E_20_SEN_Rep,E_22_CMPTR_Total,E_22_CMPTR_Dem,E_22_CMPTR_Rep,E_16-22_COMP_Total,E_16-22_COMP_Dem,E_16-22_COMP_Rep,E_22_SEN_Total,E_22_SEN_Dem,E_22_SEN_Rep,E_22_GOV_Total,E_22_GOV_Dem,E_22_GOV_Rep,E_22_AG_Total,E_22_AG_Dem,E_22_AG_Rep,E_22_SOS_Total,E_22_SOS_Dem,E_22_SOS_Rep,E_22_TREAS_Total,E_22_TREAS_Dem,E_22_TREAS_Rep,E_22_CONG_Total,E_22_CONG_Dem,E_22_CONG_Rep,E_20-24_COMP_Total,E_20-24_COMP_Dem,E_20-24_COMP_Rep,E_24_PRES_Total,E_24_PRES_Dem,E_24_PRES_Rep,E_24_CONG_Total,E_24_CONG_Dem,E_24_CONG_Rep
0,Un,0,0,0,0,0,0,0,0,0,0,0,0,0,0,0,0,0,0,0,0,0,0,0,0,0,0,0,0,0,0,0,0,0,0,0,0,0,0,0,0,0,0,0,0,0,0,0,0,0,0,0,0,0,0,0,0,0,0,0,0,0,0,0,0,0,0,0,0,0,0,0,0,0,0,0,0,0,0,0,0,0,0,0,0,0,0,0,0,0,0,0,0,0,0,0,0,0,0,0,0,0,0,0,0,0,0,0,0,0,0,0,0,0,0,0,0,0,0,0,0,0,0,0,0,0,0,0,0,0,0,0,0,0,0,0,0,0,0,0,0,0,0,0,0,0,0,0,0,0,0,0,0,0,0,0,0,0,0,0,0,0,0,0,0,0,0,0,0,0,0,0,0,0,0,0,0
1,1,106991,17011,79906,8551,2378,1236,101,0,0,103682,13888,79860,6936,3759,1001,138,0,0,108418,12204,85715,6779,4139,6042,181,100954,12931,78260,6579,4280,1004,214,5514,3906,0,0,10,342,100260,12112,80002,5624,3562,2814,305,72949,14809,50752,6017,1750,831,73,0,0,52519,11448,33944,5128,1937,52,0,5033,1891,0,22,0,79747,10840,60678,5106,3187,4470,133,79747,10840,60678,4440,2873,93,10,267,546,53665,10637,36380,4385,2058,67,0,0,0,0,0,0,55787,10242,39555,3933,1943,144,0,3734,1889,0,0,56623,9545,39325,4926,2372,299,50,4735,2236,120,50,24624,19773,4502,21972,18362,3610,27733,22326,4179,26910,20945,4304,20252,16363,3083,20319,15940,3823,25241,19849,4254,28720,22179,6063,28243,21424,4152,14505,11295,2926,21198,16250,4163,14468,10789,3382,14519,10450,3659,14391,10367,3545,14486,10609,3484,14343,10483,3424,14085,10795,2815,20644,15108,4863,24186,15347,8314,23124,16530,5569
2,2,106313,35308,66157,3662,1631,1118,124,0,0,104842,27715,72151,4205,1421,896,28,0,0,108632,27635,74243,5039,1908,5975,139,101998,27123,70294,3785,1475,1413,39,2742,944,52,0,64,780,107258,28667,73544,4286,1505,1992,63,75534,29635,42453,2387,1156,757,88,0,0,58070,22549,32052,2381,811,236,0,2348,742,75,45,0,81320,23686,52506,3596,1387,4371,103,81320,23686,52506,2801,999,102,15,195,1016,59014,22164,33480,2232,808,244,0,0,0,0,0,0,63008,23452,35679,2607,951,361,0,2451,886,80,0,61367,22527,35306,2467,895,267,5,2289,843,33,5,30772,21439,8795,27832,20059,7773,34747,24764,7863,33727,23205,8121,26446,18771,6369,26267,18209,7210,32243,22742,7727,36803,26581,9462,36257,24907,7367,20111,14761,4938,27812,19797,6810,20098,14392,5344,20165,14004,5595,20111,14131,5453,20189,14310,5389,20050,14055,5443,20025,14006,5271,27589,19213,7420,33083,21272,11151,32035,22153,7981
3,3,110119,33434,67536,7195,3748,1563,281,0,0,111020,37309,64246,6293,4676,1352,86,0,0,108636,34522,62965,7034,5281,4780,245,111055,38747,62297,6955,5004,1895,117,4164,3521,75,0,155,2107,109410,38768,59217,7955,5593,2788,224,81863,29582,45471,4727,2958,1061,209,0,0,68434,29115,32536,3584,2740,333,0,3361,2469,132,125,0,85941,30588,46522,5061,4239,3609,198,85941,30588,46522,3450,3418,84,11,291,1577,70043,29774,33091,3775,2856,293,0,0,0,0,0,0,72312,31029,33365,4118,3178,250,0,3821,2773,31,0,70029,30140,31632,3773,3786,267,3,3348,3335,37,3,31228,25704,5061,27732,23081,4651,36954,30190,4726,35516,27307,5933,29878,24438,4249,29845,23937,5096,35593,28465,5483,41389,33421,7267,40711,31596,5845,23970,19745,3784,31690,25577,4971,23956,19677,3870,24077,19492,4079,23919,19186,4184,24026,19427,4039,23815,18985,4233,23581,19643,3900,31671,25094,5641,36704,27204,8573,35370,28038,7322
4,4,108694,24360,62974,21449,2381,1531,282,0,0,107573,28444,61404,16480,3395,1146,135,0,0,108533,28987,60838,16643,3789,4061,227,105844,28835,58261,16523,3809,1256,165,13595,2465,67,25,304,2299,105707,29888,55186,17990,4534,2567,119,80085,22059,42874,14423,1919,1038,206,0,0,66728,23379,30156,10784,1967,295,15,10564,1620,73,144,0,85345,25849,44930,12335,2989,3039,162,85345,25849,44930,10236,2268,82,19,301,1660,67034,24142,29135,10879,2405,340,25,0,0,0,0,0,68869,25626,28623,11477,2725,358,4,11013,2120,11,4,68551,26140,27217,11782,3138,376,7,11151,2496,11,7,34440,30524,3440,31129,28070,3059,37217,32299,2957,35928,29190,4605,29427,25181,3227,29492,24943,3867,35045,29434,3964,39695,33848,5087,39040,31086,4145,21944,19067,2438,30235,25705,3286,21968,19135,2420,22113,19097,2548,21926,18765,2680,21959,18835,2632,21725,18418,2785,20690,19229,1460,29614,24775,3800,33483,26728,5845,32235,27045,5178
5,5,91790,22309,3193,59874,6878,659,112,0,0,96215,28526,4491,54069,9462,562,105,0,0,108665,28737,5642,62747,11550,1288,156,97359,28870,4661,53863,9936,823,110,51831,8794,260,18,457,2468,106178,30755,6409,58695,9887,1202,144,73052,21061,2627,43399,6191,508,97,0,0,73208,24338,3206,40008,5114,233,15,39445,4689,94,356,0,90114,27013,4509,48135,10151,1037,116,90114,27013,4509,46073,9259,91,32,445,2692,75131,25262,2957,40992,5134,362,20,0,0,0,0,0,82073,26929,4132,45390,4811,322,25,44390,4182,105,25,84847,26196,5362,46935,5630,416,0,46039,5007,76,0,40602,37336,2976,39286,35184,4102,42765,37639,3283,41881,34591,5660,35045,29582,4454,35301,29860,4779,40681,34166,4553,44974,39689,4581,44558,33622,4724,26860,23576,2716,35416,30408,3373,26979,24064,2536,26967,23845,2559,26915,23616,2818,26874,23512,2761,26617,22947,3000,24449,23901,533,34847,29739,3641,39359,33576,4931,37664,32409,5236
6,6,103592,13949,18738,67773,3803,823,97,0,0,94433,17076,22527,50142,4976,656,106,0,0,108689,17493,32622,51977,7263,2501,183,96907,18340,24913,47282,6386,612,118,46263,5588,73,0,269,1460,100070,17436,29926,45788,7090,1200,121,74764,12416,11985,47432,3245,592,80,0,0,64710,14380,8983,38183,2911,243,0,37845,2603,108,97,0,83350,15967,21832,39519,6260,1752,139,83350,15967,21832,37816,5665,87,22,287,1674,66310,15578,10103,36569,3973,230,0,0,0,0,0,0,68220,15055,13329,35500,4142,308,0,35042,3728,66,0,68467,14745,13340,35094,4885,502,13,34196,4385,116,13,43227,40499,2405,38043,35780,2263,36618,32721,2673,35572,30663,3479,26107,22772,2451,26310,22695,3033,31961,27253,3084,34564,29874,4158,34044,24926,3198,19230,16648,2187,26916,22891,2748,19327,16794,2248,19349,16613,2346,19227,16389,2431,19265,16347,2435,19004,15996,2463,17169,16997,140,25523,21261,3116,28822,22965,5310,27287,22846,4360
7,7,109356,35108,20537,50780,3534,763,63,0,0,106952,32199,23046,48462,3487,697,246,0,0,108592,29530,27871,47258,4207,2310,136,105031,30946,24680,46251,3395,778,297,44359,2814,76,4,480,1678,105785,31869,24850,46028,3129,1005,52,82953,29528,13201,37751,2681,543,46,0,0,79358,26399,11520,38866,2243,253,0,38339,2082,80,119,0,86043,25477,19354,37900,3211,1723,114,86043,25477,19354,36423,2760,81,17,281,1650,77781,25614,12990,36600,2146,162,4,0,0,0,0,0,77582,26781,12525,35828,1942,259,4,35318,1844,99,4,74990,24450,14417,33717,1987,331,3,33187,1943,38,3,52924,42226,10158,49236,39249,9987,51105,39973,8893,50324,38093,10160,41489,31274,8691,41596,31630,9203,48160,36748,9396,53241,42172,10319,52676,37329,9271,33181,26111,6523,42489,32850,8098,33288,26155,6740,33303,25777,6819,33187,25725,6916,33258,25710,6987,32910,25110,7133,29831,26567,3096,41952,32247,8387,48115,36435,10798,46687,36136,10137
8,8,106959,34800,10416,60578,1765,572,70,0,0,106069,33862,15082,55631,1934,372,121,0,0,108552,33739,18154,54892,2175,1698,109,105531,33301,16084,54757,2102,465,165,52687,1206,20,36,181,2010,109951,33139,19248,55350,2916,1033,116,77417,26404,6579,43491,1193,394,49,0,0,74734,25102,7537,41077,810,106,0,40840,699,6,117,0,82046,26227,12401,42057,1456,1228,76,82046,26227,12401,40621,1112,85,10,172,1418,74114,24859,7426,40674,938,95,14,0,0,0,0,0,76646,25137,8779,41044,1296,219,25,40481,1113,9,25,74732,23937,9522,39579,1446,273,18,38830,1239,22,18,53847,45060,8351,48928,40192,8736,48957,39518,7192,48149,36864,9487,37956,28166,8488,38121,28635,8832,44816,34161,8489,48346,38899,8747,47862,32844,8399,29917,23395,5991,39038,30182,7056,30025,23508,6100,30036,23250,6061,29938,23081,6313,29967,22892,6488,29646,22557,6418,28512,23318,4994,37789,28799,7455,41146,31193,9223,39808,30838,8573
9,9,97609,26165,7326,55597,8955,638,138,0,0,102722,32291,9153,49078,12798,601,61,0,0,108762,32614,10795,51379,13846,1443,158,102098,32343,10185,45730,14073,669,54,43964,12296,24,17,396,2876,103883,34389,11710,44897,13527,926,574,75973,24284,5552,38211,8064,484,108,0,0,74992,27547,5931,34893,6281,233,24,34536,5812,90,106,0,88923,30255,8283,37622,12247,1069,111,88923,30255,8283,36061,11381,119,21,561,2242,76014,28391,6368,33348,7466,300,20,0,0,0,0,0,77685,30451,7262,32180,7366,250,14,31692,6842,85,14,83454,30926,8179,36210,7624,248,5,35238,6926,73,5,41503,37120,4022,40723,35658,5065,43531,37489,3901,42507,33884,6909,33679,27568,5095,33861,27802,5351,39862,32565,5337,43360,37209,5411,42882,31460,5623,24341,20464,3366,33759,28070,4059,24522,20957,3167,24551,20880,3093,24410,20420,3487,24421,20536,3336,24154,19919,3655,21398,21241,122,32766,26877,4469,37584,30314,6429,35857,29327,6493
10,10,102176,35335,10469,53432,3532,741,141,0,0,100706,38963,9412,47262,5249,698,177,0,0,108647,40996,13489,47765,6615,1392,163,101157,39527,10408,45165,6015,713,151,43238,4894,27,76,282,2693,105795,40901,11553,47253,6112,643,141,80503,32111,7736,37838,3022,578,119,0,0,77412,33684,5985,34089,3289,348,60,33480,2875,35,161,0,87730,36548,10007,35766,5194,1057,130,87730,36548,10007,34182,4263,98,21,268,2343,78681,34107,7001,33560,3543,401,75,0,0,0,0,0,82234,35554,7795,34807,3635,409,70,34176,3040,14,70,80536,35542,8392,31736,4411,220,70,30978,3717,11,70,48067,43199,4441,43971,38784,5187,47423,41223,3718,46367,37072,7319,37514,31010,5391,37711,31441,5483,44151,36578,5445,48655,42511,5260,48119,36325,5784,28498,24277,3645,38219,32396,4070,28745,25111,3193,28754,24991,3123,28578,24338,3669,28583,24421,3563,28249,23674,3941,26573,25013,1393,37298,31370,4428,42037,35025,6107,40305,33967,6320
11,11,99509,80102,8690,4064,6610,600,135,0,0,106985,83446,10068,4497,9027,602,154,0,0,108793,81783,10687,5208,10044,1436,135,107189,82789,10588,3873,9865,651,229,2644,7014,61,131,314,3644,106674,81180,11067,3752,9862,854,198,87517,71247,7040,3493,5593,487,111,0,0,84910,69037,6909,3428,4860,377,44,3035,4051,71,215,0,92217,70359,8697,4373,7869,1122,103,92217,70359,8697,3237,6449,56,18,323,3078,84481,68788,7008,2912,5133,400,71,0,0,0,0,0,84126,68044,7357,2766,5454,336,47,2300,4598,19,47,85440,68032,7503,3289,6281,314,16,2749,5336,38,16,52486,41306,10437,46243,34673,11570,54760,44080,6604,53948,38214,13188,49586,37823,10332,49707,38637,9973,55150,43400,9572,61720,52677,7841,61349,48911,9609,43679,36743,6090,51569,42961,6854,43978,37736,5560,43900,37676,5227,43705,36627,6242,43751,36817,6076,43418,36063,6619,43697,37590,5547,52114,43817,7056,58239,49365,7800,56958,48185,8773
12,12,94515,76443,4888,5455,7591,486,151,0,0,103579,80102,6483,5861,10845,723,132,0,0,108581,82743,7356,6149,11031,1008,174,103232,80252,6708,5883,10167,556,208,4818,8732,19,1,214,2484,105992,82280,6938,5707,10048,1026,244,87647,71417,4359,4868,6800,416,128,0,0,86893,70807,4605,5036,5656,522,17,4658,4915,71,224,0,99953,77174,6449,5514,9597,794,136,99953,77174,6449,4580,8231,92,29,347,3051,87162,71781,4647,4779,5320,370,2,0,0,0,0,0,89703,73890,5588,4572,4933,415,6,4285,4293,25,6,91508,74072,6598,4531,5556,340,23,3889,4308,42,23,51739,39009,12079,45299,31265,14034,53806,41206,8816,52831,34647,16153,47176,33547,12385,47167,34070,12130,52868,39022,11952,58376,47313,10039,57890,43346,12222,39532,31451,7372,48208,37953,8700,39904,32355,6955,39820,32342,6555,39525,31213,7628,39698,31672,7314,39315,30666,7992,38680,32333,5889,48444,38428,8937,55165,43985,10227,53548,42343,11204
13,13,105721,61218,17588,14563,12466,1136,190,0,0,112943,67427,18080,14464,13387,1510,150,0,0,108814,63534,16484,14843,13069,2158,157,113405,67120,17894,15428,13493,1491,136,13519,10067,277,10,120,4401,112028,65097,18050,15689,13073,1753,238,89870,55140,13266,11138,10225,882,160,0,0,84462,57497,9599,8657,7944,644,10,8119,7074,253,213,0,93844,56759,13362,11802,10924,1802,134,93844,56759,13362,10237,9627,159,29,412,3259,85089,57411,10288,9178,7428,634,10,0,0,0,0,0,85885,56375,11499,10065,7252,528,15,9443,6157,68,15,86130,55094,11196,11236,7723,743,35,10330,6460,109,35,47775,40116,6947,43194,36608,6586,53146,45004,4906,52089,41575,7806,47089,39606,6016,47314,39958,6351,52770,44386,6230,58835,51431,6296,58137,48778,5907,40633,36343,3564,48705,42499,4606,40798,36820,3400,40813,36723,3369,40684,36181,3771,40699,36109,3755,40471,35732,3964,40499,36572,3573,48993,42929,4785,54835,47686,5902,53142,47176,5966
14,14,106026,48790,21326,25119,11341,1553,239,0,0,108752,53134,19232,24948,11140,1046,169,0,0,108411,50122,20476,24201,12880,2619,210,110512,52312,19496,26266,12449,864,151,23462,10680,68,15,685,3789,108323,50981,19574,25597,12050,1741,279,89261,45163,14991,19724,9486,1187,198,0,0,77866,46315,9618,15808,5537,506,12,14891,4981,104,228,0,94154,46605,15970,19757,10855,2141,179,94154,46605,15970,17447,9630,174,20,742,3566,79878,46232,10055,16622,6423,437,8,0,0,0,0,0,79425,45818,10703,15642,6357,593,103,14345,5703,59,103,81462,45766,11692,15706,7375,762,161,14469,6520,139,161,42780,37144,5039,38570,34130,4440,47332,40496,4123,46431,38418,5556,40944,35580,4112,41196,35669,4715,45647,39160,4587,49342,43547,4873,48849,41355,4163,32958,29734,2627,40750,35830,3538,33067,30041,2597,33099,29938,2654,32932,29518,2840,32980,29344,2956,32789,29243,2898,32819,29902,2917,40183,35397,3671,43999,37958,4847,42397,37784,4613
15,15,106299,65341,15518,2903,22630,725,181,0,0,107315,62693,17476,3421,23645,772,163,0,0,108709,61046,17283,4118,25849,1735,169,106822,64395,15577,2740,24007,890,237,2039,21054,239,0,184,3333,112569,62970,16741,3289,28783,1393,295,83796,53887,10579,1900,17309,491,127,0,0,74578,47910,9262,1947,14868,357,0,1807,14199,168,201,0,86244,50071,12490,2846,20274,1301,134,86244,50071,12490,2088,19023,90,24,376,2082,73846,48597,8459,1695,14416,387,0,0,0,0,0,0,76776,47620,8883,1872,17689,401,2,1683,17023,29,2,75397,46742,9239,2257,16591,345,19,2002,15896,14,19,42909,26937,15343,40184,25250,14934,46103,28955,14511,44713,26731,15612,37320,22463,13137,37320,22443,13927,44695,27354,15356,52263,32309,19143,51015,31210,15906,32802,21793,10364,41171,25871,13892,32870,21225,11173,32918,21097,11039,32595,20424,11545,32752,20887,11229,32434,20416,11369,32523,21271,10899,41430,25525,14711,48021,26910,19472,45288,28465,16822
16,16,102210,49766,16008,9339,27363,876,204,0,0,108547,49458,16429,10313,32523,779,279,0,0,108861,46892,16726,12024,32763,1758,227,106359,49049,16267,11271,29958,809,287,9895,26042,181,93,380,4458,109996,48637,18196,12526,30424,1663,373,77796,40212,10742,6223,20588,563,147,0,0,66236,35151,7642,5764,16977,283,141,5554,15716,143,295,0,83455,37554,12037,8473,24886,1263,156,83455,37554,12037,7455,23594,125,16,515,2159,65026,34855,7726,5503,16026,279,185,0,0,0,0,0,67682,35898,8797,5986,16024,256,120,5554,15298,74,120,66526,35709,7914,6378,15834,223,38,5685,15266,77,38,36457,25324,10658,32917,22924,9993,39163,27707,9594,37739,24987,11090,30426,21153,8205,30248,20985,8630,37511,25718,10500,44737,30037,14134,43204,29309,11490,25589,18636,6533,33847,23539,9436,25682,18078,7299,25740,18491,6831,25333,17646,7235,25424,17852,7096,25207,17499,7235,25390,18261,7110,33987,22813,10412,39957,23138,15315,37291,24275,13016
17,17,102727,73130,6419,4167,19037,386,122,0,0,103979,70178,6894,5241,22279,345,227,0,0,108432,70007,8446,5369,23681,1152,151,103424,69219,7164,5690,22226,490,223,4142,19398,9,33,114,3343,106181,69396,8583,5752,22737,840,176,78363,57205,4159,2810,14118,235,95,0,0,71844,52765,3596,2803,12304,166,10,2649,11778,54,182,0,83881,56110,5592,3782,17610,785,121,83881,56110,5592,3106,16666,36,15,346,2010,71886,52896,3915,3143,11618,113,15,0,0,0,0,0,74975,53378,4771,3303,13168,228,23,2950,12609,39,23,75044,51774,4947,3904,14101,230,27,3519,13560,42,27,51162,33713,16895,48637,29971,18666,54266,36721,14147,53462,30860,20755,46750,28375,17013,46735,29139,16805,53779,34728,17402,61382,42909,17590,60540,40394,18129,40920,29142,11168,49768,34539,13922,41169,29353,11308,41018,29356,10732,40898,28551,11724,41005,28700,11616,40711,28209,11905,40796,29063,11727,50128,34740,14432,56347,37912,17162,54721,36927,17794
18,18,103471,69346,8566,16033,9765,776,131,0,0,103734,67122,10577,14816,11372,696,150,0,0,108339,67657,11015,16268,12428,1767,174,103635,66529,10865,14729,11411,938,151,12653,9141,41,0,458,3947,106454,68309,10792,15378,11350,1193,138,79644,54241,5786,11747,7916,528,104,0,0,70298,49878,5217,9801,5076,213,0,9370,4472,44,133,0,85102,54109,7790,12426,9853,1235,132,85102,54109,7790,10809,8687,89,26,488,3104,70664,50445,5676,8932,5194,188,0,0,0,0,0,0,74172,52568,6080,9581,5412,220,8,9010,4826,43,8,73603,51980,6370,9058,5415,238,29,8278,4702,35,29,51347,39682,10995,49277,36275,13002,54602,43267,7450,54057,37793,14452,48640,35151,12303,48739,36176,11814,53318,40751,10851,57372,47937,8444,57227,44148,10596,40635,33099,6838,48389,39297,7644,40872,33769,6603,40688,33665,6080,40674,33044,6988,40697,32924,7079,40452,32454,7320,40607,33564,7043,48077,39374,7724,52861,43768,8090,51918,41669,10245
19,19,107054,68730,27482,2772,8376,1077,184,0,0,109751,65429,30830,3754,10776,1045,166,0,0,108549,61197,32406,4249,10680,2899,206,110113,65231,29986,4147,11692,898,184,2374,9446,154,51,288,2591,110427,63428,31505,3845,11709,1453,219,84754,57693,18803,1841,6317,735,127,0,0,76648,50282,18345,2069,5631,303,20,1653,5067,163,47,0,87612,51899,23938,3052,8313,2199,160,87612,51899,23938,1983,7320,157,20,342,1953,76614,50207,17593,2383,6273,185,49,0,0,0,0,0,77434,49353,18749,2434,6633,289,53,2010,6244,39,53,77085,46314,19769,3091,7421,385,37,2282,6954,45,37,40179,27302,12156,36712,25314,11398,43869,28856,12391,42763,27518,12492,36510,24396,10206,36610,24113,11363,43082,28363,12454,49996,33215,15825,49234,32092,12388,32512,23566,8315,39885,26927,11398,32515,22904,9082,32583,22458,9357,32377,22068,9595,32553,22479,9338,32252,22088,9436,32165,22529,9150,40270,26994,11967,46158,29322,15653,43877,30215,13657
20,20,105905,83984,16099,1149,4697,565,138,0,0,108027,79853,20325,1783,6133,461,107,0,0,108620,76029,23274,2304,6732,1960,140,105820,76956,20187,1892,6564,633,97,984,5382,40,36,311,1931,107842,73460,24939,2696,6997,1020,28,84685,69500,10797,765,3548,374,99,0,0,74682,58119,11878,911,3587,164,15,816,3199,43,4,0,87062,63478,16555,1554,5024,1483,101,87062,63478,16555,950,4369,63,7,224,1416,73669,56737,12148,838,3625,332,19,0,0,0,0,0,73259,54132,14008,932,3698,320,4,848,3468,95,4,75276,55684,14427,1210,3496,296,41,1008,3248,59,41,42071,23588,17814,38148,21212,16936,44907,22623,19730,43408,22082,18737,35268,18185,15112,35096,17683,16439,43091,21622,19217,50874,24765,25371,49585,24362,19801,32743,17620,14589,40417,19991,18846,32794,16605,15730,32879,15912,16135,32622,15685,16335,32799,16377,15802,32449,15808,16032,32313,16282,15623,40924,19799,19857,48038,21428,25764,44598,22680,21827
21,21,107031,44212,53674,6969,2634,1076,141,0,0,106035,37765,58286,7138,3439,608,97,0,0,108781,36864,60476,8260,3052,4464,96,106847,38173,57967,7712,3476,614,102,6815,2743,48,0,235,861,109357,38818,59564,7350,4141,1341,28,77426,36500,34415,4683,1911,718,90,0,0,64704,30275,27554,4809,1876,112,0,4687,1692,60,76,0,82157,30945,42512,6038,2300,3177,81,82157,30945,42512,5279,1908,100,14,208,1191,66317,31080,28109,5050,1915,100,0,0,0,0,0,0,69675,31907,30873,4779,2003,177,0,4599,1787,34,0,69174,31203,31202,4270,2296,202,0,4142,2091,23,0,34184,23289,10380,31422,21644,9778,37002,25221,9643,36084,24021,9653,28878,19578,7960,28799,19230,8726,35001,23705,9531,40315,27764,11851,39734,26388,9518,23171,16135,6544,30915,20936,8768,23183,15781,7001,23220,15226,7347,23134,15252,7300,23200,15407,7245,23016,15202,7246,23046,15221,7195,30866,20518,9360,36490,22643,13062,35228,23281,10401
22,22,106260,42085,60298,2578,1610,1101,158,0,0,108243,35562,68444,3554,1477,1707,181,0,0,108518,30752,72865,2938,2110,5204,123,106495,32828,69740,2992,1486,1704,145,2015,1079,190,0,108,535,108061,31220,72788,2347,2131,3679,260,77112,35458,38833,1695,1178,712,110,0,0,65315,28117,34368,1757,757,201,0,1713,713,70,110,0,81961,26720,51467,2048,1634,3788,83,81961,26720,51467,1576,1274,89,11,199,625,63519,26436,34636,1459,757,145,0,0,0,0,0,0,66702,25188,38888,1320,1144,132,0,1199,1095,20,0,65126,21908,40135,1462,1343,136,1,1270,1287,39,1,32926,22189,10210,30369,21075,9294,37270,25011,10508,36271,24802,9215,28873,20370,7115,28883,19627,8401,34903,23597,9694,39694,25708,13424,39094,25970,9601,22396,15228,6791,30285,19546,9660,22356,14067,7876,22388,13320,8457,22253,13306,8329,22396,13971,7941,22197,13709,7908,22135,13878,7747,29976,18530,10536,35238,18863,15544,33629,21064,11292
23,23,116354,6087,97658,11742,1804,1602,106,0,0,106841,5166,89377,9957,3596,900,30,0,0,108507,4007,93945,7365,3688,6711,132,104328,5476,86280,10356,3504,1203,33,9264,3051,19,0,26,209,102853,5348,85532,9679,3735,2513,45,79794,5479,63382,10063,1330,1046,84,0,0,49463,4286,35141,8241,1762,21,0,8160,1639,8,38,0,79088,3535,66781,6190,2847,4876,90,79088,3535,66781,5576,2634,82,8,141,331,52505,4652,37610,8535,1622,17,0,0,0,0,0,0,55068,4887,40835,7728,1531,58,0,7646,1485,20,0,61495,4898,46082,8071,2283,121,4,8011,2226,56,4,16840,14687,1928,15769,14311,1458,20861,18555,1400,19963,16457,2156,14094,12421,1182,13964,11721,1823,18423,15632,1901,21134,17791,2936,20714,16782,1832,9595,8235,1112,15112,12742,1731,9508,7875,1384,9617,7946,1439,9446,7534,1494,9555,7826,1401,9464,7617,1425,9530,8024,1083,14497,11563,2391,16936,11345,5164,16422,12643,2954
24,24,110320,17774,65606,4375,23496,1631,116,0,0,110230,21383,56420,4745,28489,2173,110,0,0,108608,18390,55835,5375,29606,5196,169,106758,21649,52506,4857,28483,1834,93,3403,27797,60,0,42,1303,109772,21496,55291,5794,27762,2951,182,81205,15970,43799,2995,18837,1100,81,0,0,65088,18089,28432,2626,15597,358,0,2443,15333,95,32,0,86820,16704,42107,4065,24077,4018,121,86820,16704,42107,3027,23383,108,23,272,1196,65463,17996,28098,2915,16132,319,0,0,0,0,0,0,68758,18318,30776,3571,15624,333,35,3280,15084,165,35,68236,17586,30066,4405,15628,322,79,3870,15043,113,79,26300,21101,4750,23494,19752,3742,30263,23928,4390,28744,22201,4456,23537,19189,3339,23359,18668,3990,28452,22421,4445,33055,25966,6304,32049,24573,4253,18053,14547,3069,24849,19457,4244,18068,14373,3343,18199,14191,3536,17970,13772,3641,18076,14150,3381,17855,13821,3457,16656,14242,1715,24479,18630,4876,28088,18924,8259,26481,19580,5521
25,25,104089,18725,20686,60500,5012,1140,93,0,0,107983,19945,22734,59996,6387,750,59,0,0,108487,17880,21428,62399,7363,2391,171,107679,20034,23479,58360,6750,736,39,55507,5264,143,0,447,2801,110991,20186,23875,60614,6961,1417,71,81161,16860,14229,46221,4200,829,71,0,0,77549,16519,12806,44867,2897,412,0,44081,2461,211,237,0,87839,16022,15939,49594,6439,1778,138,87839,16022,15939,47108,5699,115,25,327,2604,77827,17046,13497,43419,3359,371,0,0,0,0,0,0,78855,17009,13601,44436,3270,411,0,43485,2838,93,0,76772,16804,12646,43139,3556,545,8,41781,3062,51,8,48837,45963,2499,42613,40392,2221,44485,40575,2242,43736,38906,3133,36423,33024,2343,36694,33062,3045,41520,36977,2648,44259,40600,3073,43989,35676,2157,26815,24742,1582,35432,31851,2078,26916,24935,1702,26950,24702,1857,26811,24656,1778,26794,24465,1852,26540,24047,1881,26350,24400,1948,34181,30468,2362,36976,32239,3953,35295,31264,4018
26,26,94747,25835,4083,56859,8385,731,95,0,0,104429,31473,5139,56400,11501,563,72,0,0,108741,33241,6300,56987,12207,1199,158,103031,29444,5444,54956,13484,573,78,53233,12462,99,0,242,2111,106394,28186,5772,56621,15014,832,142,77975,24607,3254,42599,7676,574,70,0,0,76944,28192,3181,40785,4333,354,0,40443,4153,160,176,0,92486,31464,5099,44633,10973,967,120,92486,31464,5099,42615,10036,102,22,429,2719,76142,26339,3240,40549,5667,264,0,0,0,0,0,0,79399,25483,3799,42368,7349,491,25,41506,7111,109,25,80757,25704,4281,41986,8168,710,24,40785,7870,134,24,44210,39418,4493,43161,37492,5669,45867,39231,4592,45096,36131,7364,38062,31102,5949,38346,31478,6248,43373,35467,5975,46797,40314,5858,46482,34593,5985,29302,25032,3735,37794,31634,4552,29452,25435,3625,29473,25331,3569,29368,24984,3917,29356,24922,3838,29078,24365,4057,26964,25284,1640,36982,30784,4800,41106,34042,6241,39433,32811,6610
27,27,114110,41912,5884,64293,2313,620,96,0,0,111029,41920,6968,59425,2743,590,132,0,0,108605,38873,8247,58832,2575,1214,85,111160,41062,8073,59623,2800,475,90,57984,2337,81,0,136,1495,108997,38940,8682,58649,2683,819,179,87191,33999,3782,47796,1687,440,56,0,0,86073,33768,4219,46146,1600,202,0,45706,1466,59,254,0,86379,32551,5607,46081,1913,901,57,86379,32551,5607,44765,1572,87,9,202,1586,84627,32931,4565,45565,1310,104,0,0,0,0,0,0,82696,31263,4702,45055,1401,279,35,44592,1359,55,35,78440,29911,5107,41068,1897,708,44,40503,1810,64,44,63812,51397,11950,58886,46709,12177,56389,42024,12468,55527,41304,11963,44233,32789,9761,44501,32939,10795,52037,37742,11856,56727,41786,14285,56142,35631,12271,36142,26765,8843,46030,32986,11140,36154,26546,9189,36196,25861,9606,36076,26015,9503,36211,26172,9395,35860,25488,9567,35793,25766,10022,44789,31556,11392,49529,33386,14526,47245,33329,13897
28,28,118073,40806,16886,58782,1908,857,114,0,0,113015,38116,17307,55491,2202,1130,28,0,0,108557,35673,19140,51138,2294,1792,108,114130,37837,19192,55450,2267,788,40,53709,1669,48,0,188,1487,108973,36556,18939,51546,2175,1038,37,85930,32844,10621,41208,1338,566,67,0,0,81881,30196,9009,41202,1027,470,10,40756,980,70,122,0,84075,29592,13026,39307,1676,1286,90,84075,29592,13026,38169,1395,118,16,275,1484,81522,30121,9186,40610,1177,423,0,0,0,0,0,0,77651,29496,9357,37709,923,414,0,37091,872,22,0,76010,27607,9729,36874,1318,643,8,36023,1236,29,8,53202,42179,10522,48602,38348,10254,48174,35535,10698,47352,35068,10068,35899,26307,7946,35976,26293,8867,43492,31432,9973,47848,34941,12238,47251,30466,10315,28256,20732,7089,37704,26950,9243,28331,20560,7379,28366,19992,7771,28235,20152,7607,28301,20177,7597,28047,19750,7697,27982,19897,8085,36541,25674,9507,41607,27917,12714,39745,27960,11768
29,29,110265,40345,6036,63333,798,709,64,0,0,109769,35714,6605,66861,882,773,41,0,0,108520,33620,7738,65728,966,1481,119,108593,34684,6761,66453,755,608,60,64692,362,25,23,225,1832,106853,34653,6250,64820,873,1048,169,80998,32660,3780,44070,563,482,42,0,0,81329,29586,3203,47541,380,193,0,47112,288,31,427,0,83630,28099,5121,49215,652,1089,84,83630,28099,5121,47772,392,82,12,266,1886,81477,29190,3332,48206,356,166,24,0,0,0,0,0,80805,29299,3493,47084,429,235,59,46443,256,49,59,78226,27544,4133,45491,543,372,46,44989,374,153,46,54695,42044,12126,50988,39631,11357,52035,37757,12438,51386,37503,11745,40937,29694,9604,41101,29883,10511,48450,34568,11709,53380,38707,14014,52926,33925,12176,33981,24620,8837,43130,30431,11038,34023,24469,9108,34107,23905,9542,33957,23923,9442,34006,24018,9353,33768,23489,9484,33800,23974,9819,42534,29726,11341,48353,33450,14195,46839,33302,13517
30,30,117915,37481,15239,63580,2067,970,98,0,0,115008,31605,18351,62339,2862,917,28,0,0,108525,27503,20153,58458,2521,2043,111,114422,31235,19480,60936,2602,667,141,59157,1970,47,38,256,2226,109139,27756,19662,58232,2929,1131,133,85202,30693,9037,44064,1474,628,55,0,0,80544,25860,7351,45354,1460,390,29,44803,1295,81,189,0,83134,23704,13087,44272,1833,1437,77,83134,23704,13087,42540,1482,120,19,294,1888,80336,25579,9111,43980,1200,267,46,0,0,0,0,0,76878,23049,9375,42185,1438,438,26,41479,1308,53,26,76106,22841,11351,39766,1283,496,56,38904,1247,87,56,54255,44328,9369,49934,41070,8864,49395,39010,8399,48624,38061,8511,38203,30081,6677,38346,29960,7586,45011,35187,7879,48922,39205,9039,48464,34691,7435,29420,24019,4933,38752,30664,6675,29448,23982,5103,29477,23513,5384,29357,23568,5296,29415,23521,5361,29189,23132,5354,29132,23505,5627,37658,29669,6767,43051,32951,9376,41702,32941,8757
31,31,111977,38807,8415,63573,1464,683,77,0,0,108785,35940,12431,59068,1317,983,137,0,0,108638,35083,13924,57811,1922,1606,105,107112,35227,11785,57868,2203,566,124,56757,1622,107,15,184,1400,107001,35037,12672,56810,2564,838,102,83818,30944,5383,46479,1056,487,60,0,0,77438,25125,6765,44410,533,217,35,44052,456,59,445,0,84552,28285,9497,45236,1391,1196,84,84552,28285,9497,43897,948,88,5,236,1596,75591,24326,6347,43637,1065,244,15,0,0,0,0,0,76339,24735,6640,43245,1300,356,0,42683,1187,68,0,74351,23581,7225,41708,1474,441,32,41041,1236,29,32,51970,44333,7194,47547,40837,6710,46954,37324,8148,45892,36452,7455,35526,28521,5626,35782,28559,6538,42637,32915,7577,46582,36085,9964,45963,30713,7926,27368,21566,5368,36788,27933,7185,27387,21442,5594,27457,20899,5998,27361,21140,5753,27401,21050,5850,27175,20630,5849,27078,20996,6057,35449,26226,7595,39268,27102,10860,37215,27100,10030
32,32,113173,19553,26484,66338,1351,947,74,0,0,107968,15715,31402,59661,1845,1038,64,0,0,108536,15105,37375,54946,1536,3116,94,106415,14849,32836,57742,1777,941,61,55321,1127,92,1,125,2061,106819,14560,37357,53843,1761,2400,20,80216,15937,16444,47093,950,623,48,0,0,71567,12026,13729,44559,954,384,0,43950,733,36,163,0,81140,12424,25291,42373,1094,2238,58,81140,12424,25291,40943,751,94,7,248,1382,70569,11733,15097,42603,880,249,4,0,0,0,0,0,71343,11959,17767,40444,865,346,4,39721,555,66,4,68887,10918,19715,36797,906,337,8,36164,750,84,8,47117,42370,4397,42055,38504,3551,40402,34956,4258,39543,33663,4185,28858,24873,2921,29151,24865,3743,35303,29473,4060,37659,31603,5566,37322,26970,3954,19740,16758,2647,28791,23772,3667,19714,16615,2844,19765,16217,3165,19683,16292,2984,19719,16285,2998,19535,15985,3011,19219,16289,2747,27036,21609,4140,29963,22046,6999,28474,22465,5504
33,33,112288,21148,22601,68576,742,1217,110,0,0,109106,15459,23767,69767,582,706,74,0,0,108624,13063,25599,69814,781,2259,124,109135,14411,23192,70177,1335,956,73,68497,947,179,9,244,1665,109907,13537,23925,71213,1260,1533,181,83064,18266,14536,50044,511,838,77,0,0,78028,13418,12244,51795,250,394,40,51395,214,115,112,0,84696,11880,17639,54760,587,1661,99,84696,11880,17639,52805,296,121,15,271,1669,79670,13241,13144,51883,919,580,40,0,0,0,0,0,79935,12540,12942,53352,749,394,20,52716,648,20,20,76244,11572,13133,50214,809,385,49,49398,697,13,49,54077,46998,6586,49653,44111,5542,48583,41471,5644,47760,40392,5517,37865,32469,4078,38151,32527,4945,44155,37039,5024,47329,40731,6017,46941,34767,4367,27780,24452,2917,37366,31557,4211,27779,24367,3106,27844,23958,3416,27754,24069,3280,27782,24012,3254,27541,23633,3297,27360,23900,3455,36039,30257,4328,40817,33475,6684,39156,32745,6404
34,34,112996,27721,9144,76072,499,984,55,0,0,108592,24529,9079,75098,668,1031,62,0,0,108429,21205,10815,75653,714,1660,110,107896,23435,8498,76002,485,1086,200,73574,240,90,0,270,1781,107211,21492,11174,74738,567,1570,160,85349,23178,5825,56103,352,667,40,0,0,82580,20949,4123,56654,291,400,0,56223,227,68,308,0,85853,18332,7370,59377,478,1231,74,85853,18332,7370,57412,253,105,11,352,2018,82565,19715,4031,57982,181,438,0,0,0,0,0,0,81170,17598,5735,57147,237,605,24,56102,219,24,24,79516,17331,5813,55452,479,691,26,54313,368,18,26,58999,50213,8257,54470,46752,7718,52765,42932,8187,52064,42278,7915,41479,33498,6447,41725,33747,7335,48333,38250,7784,51946,41868,9452,51589,35238,7911,32381,26188,5706,41936,32906,7185,32376,26127,5846,32427,25501,6303,32389,25762,6088,32387,25642,6153,32113,25157,6153,32058,25738,6319,40611,31508,7429,45004,34414,9910,43535,34169,9328
35,35,109060,75731,7951,22954,2386,599,76,0,0,107677,70936,10690,23930,2332,370,112,0,0,108568,69754,11260,23960,2735,1443,109,106976,69285,11206,23732,3026,471,36,22397,2293,80,22,110,1584,107912,68668,11974,23665,3376,995,36,84535,60408,4926,17400,1702,406,54,0,0,81053,56122,5612,17914,1161,193,36,17685,1032,69,82,0,86037,56758,7458,19019,2017,1067,85,86037,56758,7458,18103,1615,61,17,287,1738,80986,54899,6100,18061,1610,239,21,0,0,0,0,0,81535,54778,6468,17759,1912,577,29,17162,1853,60,29,81213,52716,7613,18097,1980,658,4,17336,1929,34,4,58688,35270,22686,54679,32057,22622,57065,31464,22532,56079,31865,21183,47201,26720,17861,47263,26255,19925,54649,30361,21456,60771,34407,25435,60108,31648,21904,42622,25549,16417,50765,28120,20645,42675,24518,17570,42668,23419,18150,42549,23428,18417,42707,24097,17879,42295,23735,17807,42441,23584,18854,50671,27871,21058,56306,29798,24918,53963,30894,23054
36,36,107084,80626,11648,11943,2809,558,99,0,0,106797,72306,16207,14811,3871,318,47,0,0,108750,71484,17625,15545,3294,1732,94,106420,69995,16492,14985,4701,556,21,13323,3246,18,0,363,2989,109495,70615,17994,15413,4026,1350,18,83578,65061,7560,8771,2031,403,78,0,0,76864,54964,8700,10931,2056,126,5,10827,1870,20,116,0,85363,57962,12056,12053,2415,1275,80,85363,57962,12056,11235,1930,101,14,350,1715,77979,53848,9225,12022,2607,157,0,0,0,0,0,0,79328,54329,10313,12009,2241,450,0,11252,1874,14,0,76950,51472,10710,12331,1988,471,8,11488,1539,109,8,47992,27541,19786,44188,25424,18764,48502,26747,18902,47429,27211,17398,38876,22738,13882,38908,22219,15618,46317,26319,17659,52748,30219,21667,52030,28780,18485,34678,21091,13021,42700,24135,16973,34738,20360,13930,34732,19321,14512,34637,19433,14580,34750,19892,14247,34430,19538,14235,34490,19635,14852,42763,23957,17442,48756,25575,21661,46409,26749,19642
37,37,105858,94499,6162,1884,3031,415,69,0,0,108229,94181,7607,2668,3926,318,37,0,0,108575,92033,8248,3037,3738,1307,70,107506,94431,7747,2379,2907,390,17,1536,2116,55,0,77,1545,107881,92877,8085,3438,3018,552,64,77404,70307,3729,1117,2034,251,40,0,0,80623,72635,4400,1127,2216,147,0,1000,2052,10,85,0,83772,72710,5361,2012,2569,880,42,83772,72710,5361,1686,2143,56,5,148,1663,81328,73527,4641,1138,1688,267,0,0,0,0,0,0,81757,72162,5265,2057,1918,290,4,1726,1501,4,4,80791,70958,5356,2438,1784,315,5,2049,1421,11,5,51654,23244,27709,49748,19864,29884,54951,20989,30509,53907,21476,28925,44827,17408,24793,44765,17357,26303,53634,21326,29825,62231,25836,35462,61452,24913,33031,44607,19471,24460,52019,21146,29215,44828,18989,25202,44853,18192,25369,44666,18047,25790,44731,18464,25532,44300,17554,25939,44205,16791,27414,53001,21547,30034,60576,23391,35322,58023,22850,35173
38,38,107763,48751,5417,51268,2616,642,87,0,0,110021,46124,6785,53828,3479,473,31,0,0,108601,43629,7570,54137,2943,1306,65,108422,43459,6065,55381,3457,647,26,54092,2331,74,0,221,2181,107980,41802,7232,55025,3704,861,82,79261,38185,3302,35977,1825,441,56,0,0,82184,36017,3457,40568,1811,90,1,40357,1654,65,274,0,84257,35735,4904,41012,2134,925,48,84257,35735,4904,39631,1824,75,10,296,1782,80789,33913,3319,41156,1932,174,0,0,0,0,0,0,80729,33882,3868,40381,2067,291,25,40029,1709,27,25,81477,33665,4436,40917,2080,294,18,40605,1645,30,18,54320,40283,13547,52269,38427,13842,54493,38242,13936,53786,37820,13543,44777,31677,11226,44883,31740,12317,52531,36633,13579,59052,42207,16104,58590,38059,14415,38817,28132,10136,47971,33544,12710,38974,28046,10462,38954,27388,10751,38816,27447,10798,38864,27597,10661,38624,27032,10879,38600,27067,11533,48073,33520,13043,54798,37981,15857,53284,37830,15447
39,39,110564,36427,66236,5561,3943,1531,224,0,0,109202,38583,61256,5265,5312,1181,191,0,0,108434,37695,59977,5943,5637,4464,227,108098,38468,59173,6104,5664,1417,176,3341,4067,21,16,592,2427,105083,37622,54921,6963,6518,2295,171,84870,32728,45928,3779,3164,1106,166,0,0,69796,31610,31835,2444,3321,412,45,2154,2795,103,207,0,87107,33643,44956,4284,4471,3374,176,87107,33643,44956,2788,3533,100,22,291,1774,70712,31581,32042,2888,3678,366,14,0,0,0,0,0,71207,31024,31567,3670,4360,282,14,3216,3734,0,14,70934,30861,31378,4054,4135,235,0,3536,3432,28,0,33370,27923,4838,31457,26834,4623,40425,33695,4342,39066,30725,5827,33410,27788,4397,33407,27579,4925,39003,32039,5144,44274,37053,6342,43632,35388,5162,25900,22268,3122,34285,28712,4339,25910,22293,3236,26028,22137,3375,25853,21729,3531,25922,21995,3374,25707,21544,3562,25721,22232,3431,33962,28184,4790,38499,30365,7182,37637,31301,6321
40,40,112848,38416,58880,6035,10620,1780,248,0,0,113231,43032,52456,6799,11783,1048,235,0,0,108660,40977,49580,6454,11609,3987,205,112373,43782,51718,7036,10621,1156,372,4547,9030,47,25,228,2996,110483,43799,48208,7155,11655,1895,371,85549,33151,40199,4077,8534,1251,177,0,0,68953,33990,23815,3756,6838,450,54,3336,6330,37,164,0,86810,35117,37121,4879,9325,3064,152,86810,35117,37121,3471,8283,165,23,404,2226,69814,34316,25003,3667,6114,391,21,0,0,0,0,0,70762,34730,24393,3998,6998,361,114,3191,6502,86,114,71232,35879,23645,3921,7037,482,93,3066,6421,148,93,32401,26308,5603,29751,24343,5408,38449,31342,4520,37402,28485,6531,32595,26473,4836,32715,26440,5337,38153,30792,5531,44223,36869,6362,43668,35041,5671,27258,23288,3385,34695,28875,4513,27359,23536,3382,27449,23406,3460,27294,22964,3732,27358,23071,3659,27105,22653,3827,27152,23386,3651,34914,28979,4890,40051,32086,6798,39275,32705,6560
41,41,107963,79585,7877,6162,14206,596,94,0,0,109085,74820,8628,6953,18477,593,103,0,0,108579,69790,9956,6825,20607,1308,167,110329,73425,10436,7798,18537,741,142,6098,16556,164,19,116,3514,111523,73604,10425,7569,19454,937,211,77475,59101,4886,3960,9380,365,63,0,0,74649,56698,4230,4463,8825,260,14,4183,8269,81,154,0,82672,55679,6654,4838,14365,887,114,82672,55679,6654,4245,13551,49,28,301,2165,75163,56201,4988,4905,8579,286,19,0,0,0,0,0,76004,56242,5430,4524,9424,301,12,3794,8856,76,12,75759,54285,5736,4901,10398,210,32,4157,9827,58,32,52058,28219,23186,50687,25207,25480,53998,29898,19706,53578,26139,24681,46677,22904,21659,46802,24224,21663,53748,29275,22200,60803,37698,21887,60679,34693,23524,42992,25811,16452,50800,30059,18989,43394,26368,16355,43195,26175,15729,43173,25549,16826,43128,25470,16879,42805,24514,17442,43045,26689,16356,51282,30736,19170,56735,33904,20761,55973,34105,21720
42,42,105113,82501,7582,5134,9817,507,88,0,0,105686,79659,7763,5590,12588,579,191,0,0,108677,78209,9509,6129,13228,1462,127,106307,79431,7662,5562,13292,651,193,4562,11350,43,1,93,3152,107765,79065,8714,5766,13408,790,204,80444,64938,4941,3426,6987,343,65,0,0,76035,62204,4419,3515,5531,229,0,3192,5022,36,80,0,84807,63219,6403,4532,9391,1025,71,84807,63219,6403,3978,8692,55,6,260,2194,76519,61713,4394,3824,6127,247,0,0,0,0,0,0,78060,61952,4800,3966,6942,254,0,3660,6266,34,0,78028,59815,6158,4292,7304,308,33,3902,6736,34,33,53836,29665,23337,49994,25619,24375,54026,29677,19568,53786,26884,23809,47865,23873,21376,47952,25050,21720,54006,29456,21924,60309,36785,22093,60284,34536,22974,44406,26410,17156,51375,30089,19267,44845,27039,17010,44607,26541,16559,44574,26099,17517,44530,25955,17678,44160,25018,18220,44557,26992,17565,52100,30795,19641,58185,33779,21610,57311,33634,23501
43,43,109434,38099,54583,9079,8514,2133,136,0,0,107995,34665,57408,8568,7500,1105,79,0,0,108591,29677,61226,8700,8924,5143,217,108050,33550,58518,7871,8539,1544,78,6171,6926,103,0,598,2182,106560,30886,58535,8401,9536,2796,252,75889,31630,33333,5161,6006,1287,87,0,0,59933,29545,20930,4830,4437,174,15,4592,4367,27,34,0,79871,25942,40883,5687,6919,3517,154,79871,25942,40883,4821,6349,123,26,235,1492,59374,28645,21460,4137,4711,221,0,0,0,0,0,0,59951,26534,23066,4286,5535,347,0,3801,5220,165,0,59594,23406,25347,4752,5258,455,7,4228,4810,241,7,28926,19170,9288,25965,16806,9159,30389,19559,9056,29790,18795,9103,22625,13731,7433,22595,14053,7902,28602,18202,9051,33584,22044,10854,33006,21106,10005,17806,11343,6128,24994,16023,8099,17827,11315,6222,17871,11062,6260,17770,11052,6328,17822,11011,6406,17695,10750,6532,17773,11364,6409,24891,15706,8505,29673,17606,11401,28885,18427,10457
44,44,108192,53777,29687,6600,18501,1213,161,0,0,109423,46572,34143,6952,21963,1101,0,0,0,108540,45981,32814,7238,22149,3015,172,108009,44956,32921,7956,22308,1036,122,6021,21258,122,0,125,2608,108974,44424,34066,8602,21930,1391,214,80741,44509,18564,4078,13662,729,118,0,0,65208,36977,12773,4072,10979,284,0,3724,10652,78,159,0,83676,38825,22534,4884,16853,2235,140,83676,38825,22534,4111,15986,113,8,266,1833,63546,35808,12003,4299,11197,256,0,0,0,0,0,0,64306,34969,12888,4420,11753,248,0,4015,11472,39,0,61335,32172,13376,3721,11781,270,6,3371,11222,20,6,34768,23047,11244,32667,20867,11800,37305,23102,11725,36422,22125,12063,28173,16640,9911,28147,17238,10117,35525,21909,11948,42004,26622,14620,41130,25660,13284,22613,14342,7842,31363,19608,10642,22681,14392,7933,22704,13919,8128,22578,13927,8163,22666,13969,8228,22473,13644,8307,22586,14471,8115,31419,19303,11271,37715,21314,15498,36252,22942,13310
45,45,105852,83156,9209,3404,9980,459,95,0,0,110291,82253,11652,3632,12754,712,173,0,0,108585,77495,12103,3946,13724,1373,109,109855,81956,10756,3669,13485,643,185,2699,11313,43,12,108,2962,108588,77897,11939,3202,14643,823,233,79011,63354,5941,2274,7318,289,77,0,0,77508,62125,5856,2387,6800,171,13,2205,6544,22,170,0,82945,61113,8172,2796,9786,998,91,82945,61113,8172,2397,9168,77,28,216,1774,77309,62714,5353,2358,6506,135,11,0,0,0,0,0,77169,60606,6290,2113,7801,145,3,1882,7380,4,3,76484,58482,6673,2267,8449,182,25,2029,8079,4,25,52205,26831,24597,49592,22956,26636,53060,27472,21242,52702,23941,26050,47074,21241,23533,47124,22402,23629,53413,26909,24152,60369,34587,24485,60352,31741,25994,43833,23915,19072,50910,27649,21430,44256,24632,18914,43980,24102,18353,44024,23564,19642,44053,23864,19378,43620,22504,20249,43944,24021,19700,51715,28329,21911,57778,31418,24046,56694,30341,25781
46,46,108146,59863,25565,7039,15756,985,157,0,0,107651,54034,25905,9116,18197,936,298,0,0,108562,51830,29281,7806,18817,2658,198,107841,52337,25921,10699,18221,852,293,9316,17158,160,39,521,2386,108507,51531,28338,9966,18099,1887,181,81460,49190,16126,4521,11543,637,111,0,0,70781,44000,10633,5362,10287,339,40,4847,9997,87,145,0,84453,43895,20138,5430,14154,1911,141,84453,43895,20138,4788,13426,115,13,302,1776,72118,42952,11193,6575,11047,301,35,0,0,0,0,0,74288,42903,13643,6103,11342,239,35,5482,11021,31,35,73823,41368,15145,5394,11711,195,10,4919,11229,25,10,38481,23443,14408,35852,21084,14768,40736,23605,14397,40199,23104,14663,31449,17424,12040,31437,18032,12496,39226,22715,14586,45939,27340,17630,45575,26679,16325,28380,16537,11195,36172,21096,13718,28507,16775,11184,28476,16165,11364,28426,16110,11618,28442,16250,11525,28260,15505,12013,28250,16310,11940,36562,20923,14382,42915,22427,18270,41901,23722,18060
47,47,106132,84315,7767,4528,9321,612,102,0,0,106095,82485,8131,5227,10117,668,159,0,0,108621,80035,9837,5135,12147,1407,113,105474,81120,8144,4854,10722,495,142,3800,9490,17,22,331,2556,107193,80848,9821,4590,10519,812,106,80007,65278,4959,2983,6575,401,63,0,0,78306,65232,3729,3247,5649,229,10,3076,5375,31,140,0,84860,64697,6609,3536,8824,1009,88,84860,64697,6609,2974,8038,55,7,245,2235,78092,64998,3997,3150,5760,276,10,0,0,0,0,0,79689,65233,5140,3235,5572,398,15,2912,5188,14,15,79817,63509,6039,3434,6426,352,29,3037,5857,59,29,55067,27228,27050,52520,23329,29191,55775,27091,23485,55945,23604,29298,50301,21425,25941,50401,22719,26546,56304,26846,26761,62770,34466,26747,62923,31763,28587,45973,24078,21056,53265,27619,23629,46435,24543,21083,46208,24195,20518,46199,23785,21515,46227,23617,21733,45718,22567,22227,45666,23510,22156,54106,28468,24062,60554,32193,25878,59398,30751,28504
48,48,108127,82199,11701,2644,11517,583,120,0,0,108390,78231,13537,3525,13250,954,356,0,0,108566,74640,15479,3265,14094,1684,117,108020,76331,15048,3532,13082,904,397,2564,11878,75,52,81,1978,107860,72703,16224,3542,14525,887,286,84550,66247,7782,1725,8627,411,90,0,0,81394,63987,7261,1975,7614,200,58,1887,7265,86,252,0,87354,62424,10791,2281,10851,1243,79,87354,62424,10791,1868,10203,78,17,245,1728,80772,62498,7669,2032,7791,222,57,0,0,0,0,0,78234,58796,8194,2038,8803,214,49,1693,8506,10,49,77793,57484,8453,2108,9108,258,101,1778,8711,3,101,48207,26477,21049,44595,22575,22020,49757,24316,22280,49012,23461,22783,39661,18081,19262,39597,19047,19566,48444,23569,22752,56799,28758,27070,56232,27879,25575,37949,19369,17934,46062,22946,21644,38212,19425,18258,38134,18878,18130,38032,18681,18620,38080,19063,18329,37768,18085,18919,37819,19573,18246,46784,23096,22507,53936,25022,27493,52772,27587,25177
49,49,108343,64515,26532,5295,12254,889,96,0,0,108658,59012,29681,5597,14915,796,67,0,0,108753,55861,29399,5973,16540,2571,144,109406,57319,29733,6157,16388,988,88,4614,15484,67,21,319,1858,108585,56028,28575,6525,17277,1343,195,78409,49972,16462,3202,8764,541,63,0,0,70412,46954,11450,2984,8745,158,20,2708,8680,19,87,0,82742,45837,19737,3965,12265,1812,101,82742,45837,19737,3315,11591,95,11,228,1928,70634,45145,12059,3812,9369,188,4,0,0,0,0,0,70686,44251,12561,4251,9212,256,0,3644,9000,34,0,69952,43239,12081,3956,10197,209,2,3418,9865,26,2,40806,23538,16693,38319,20524,17795,42488,22945,16571,41900,21431,17857,34948,17812,14967,34934,18542,15407,41954,22692,17315,49070,28232,19858,48589,27136,19213,31346,17738,13010,39010,21791,15886,31560,17860,13167,31501,17438,13139,31406,17223,13488,31409,17257,13486,31205,16614,13857,31159,17446,13713,39648,22035,16546,46124,24304,20383,44985,25034,19900
50,50,125654,45197,65077,12389,3808,1174,129,0,0,126566,43385,67525,11382,4694,1354,280,0,0,108660,35334,57802,10000,5397,4314,137,125355,42603,67255,11447,4726,1240,253,9284,4034,93,152,699,1239,110458,37083,59960,8838,4522,2683,387,85998,35646,40083,8084,2433,757,82,0,0,71605,35740,26305,7076,2058,286,10,6746,1998,116,132,0,79966,29732,39008,7080,3751,2943,105,79966,29732,39008,6202,3367,100,37,184,1336,72572,34735,28375,6911,2162,260,0,0,0,0,0,0,66151,30511,27198,5678,2384,322,0,5484,2177,118,0,66771,29468,28407,5575,2879,377,5,5369,2586,152,5,33351,21466,11377,32793,20784,12009,34491,21892,10114,33895,20359,11411,27186,15740,9683,27156,16218,10224,32730,20392,10696,37097,24731,11519,36799,23371,11298,22846,14652,7766,29392,18860,9411,22903,14625,7839,22880,14278,7782,22836,14320,7999,22842,14260,8082,22688,13920,8262,22905,15029,7876,29340,18771,9746,33981,21371,12035,33591,22089,11497
51,51,104944,85377,5895,1561,11987,360,88,0,0,105398,80718,7066,2499,15436,538,190,0,0,108489,79735,7722,2290,17443,1072,127,106037,80482,7009,2496,16201,736,155,1398,14429,32,13,103,2560,108189,80638,6150,2997,17402,857,147,78086,65167,3847,986,7952,227,71,0,0,73667,62071,2770,1262,7200,145,15,1187,6901,43,222,0,83795,64024,5224,1559,11979,776,75,83795,64024,5224,1166,11333,80,21,168,1779,73761,62399,3037,1254,6839,226,19,0,0,0,0,0,76456,63440,3155,1814,7634,373,19,1609,7287,43,19,77635,62957,4128,2019,7971,340,14,1646,7441,55,14,52197,26264,25273,50429,22122,28307,54506,26847,23205,53730,22659,28432,47560,20502,24938,47533,21984,24498,54436,26354,25856,61884,34434,26207,61388,31542,27740,44556,24650,19213,51902,27748,22468,44815,24836,19353,44695,24755,18647,44567,24143,19664,44674,24248,19673,44374,23271,20346,44387,24088,19835,52549,28610,22737,58389,32076,24757,56859,30847,26011
52,52,105302,87079,8864,1487,7669,496,76,0,0,106550,83319,11088,1910,9898,367,199,0,0,108647,82234,12346,2273,10265,1653,139,107717,82333,11985,2135,10680,645,229,1571,9107,39,195,257,2229,109519,82178,12768,2507,11186,677,128,78224,66341,5526,881,5280,335,51,0,0,77530,65496,4743,1180,5758,183,114,1094,5350,35,24,0,84323,66291,8069,1400,7342,1129,80,84323,66291,8069,981,6661,68,4,183,2066,78194,65626,5283,1289,5622,344,135,0,0,0,0,0,79523,65772,5986,1461,5969,197,90,1210,5468,8,90,78439,63203,7128,1494,6295,289,9,1184,5788,6,9,51915,25310,25858,50758,21703,29055,55159,25162,25674,54736,22247,29458,47345,19459,25522,47400,20829,25373,54962,25012,27592,62791,32570,28922,62514,29755,30463,44465,22849,20760,52226,25906,24571,44668,22913,21019,44556,22878,20166,44481,22356,21234,44515,22413,21247,44293,21515,21879,44395,22758,21500,53104,26846,24911,60068,30634,27647,58993,29785,29150
53,53,105681,72584,17012,3131,12935,788,114,0,0,105240,69678,17324,4460,13630,1093,199,0,0,108563,68880,17687,4007,17189,1706,98,105165,68531,18766,3943,14173,1112,113,2838,12199,134,61,268,2367,107751,67648,19417,4233,15846,1164,48,81708,58550,11240,2126,9690,476,86,0,0,68397,53568,5730,2155,6323,452,29,2011,6110,105,120,0,85255,56565,12120,2876,12999,1206,77,85255,56565,12120,2290,12289,47,14,249,1681,68021,52187,6600,1929,6546,438,39,0,0,0,0,0,69542,51738,7717,2397,7095,403,15,2189,6649,79,15,69115,49610,8600,2299,8150,275,5,1953,7665,39,5,42079,23882,17673,39842,21262,18580,44082,24607,16304,43292,21712,19249,36162,18109,16209,36152,18995,16272,43108,23464,17768,50043,29522,19591,49142,27860,18995,32708,19495,12666,40196,23238,15612,32860,19429,12960,32754,19116,12741,32705,18945,13176,32794,19002,13216,32549,18556,13418,32558,19186,13130,40776,23619,16201,47583,26923,19779,45674,26957,18717
54,54,107092,79527,16087,2838,8633,558,103,0,0,108246,74328,19478,3257,11347,703,225,0,0,108589,73844,18186,3470,12315,1719,103,106633,71558,20059,4411,10536,974,200,3062,9682,62,35,63,2120,106744,69566,20160,5035,11616,1116,529,82866,64483,10104,1812,6343,366,66,0,0,70159,57629,6103,1612,4631,126,25,1369,4390,23,103,0,85542,61364,11974,2394,9009,1200,82,85542,61364,11974,1936,8384,65,16,213,1590,69576,56209,6790,2269,4192,147,35,0,0,0,0,0,71532,55245,7807,2817,5325,225,70,2570,5016,28,70,71384,54528,8301,2670,5611,155,63,2517,5247,6,63,47604,27140,19889,44790,23247,21543,48722,27008,17949,47904,23254,22291,40589,20145,18553,40616,21130,18523,47602,25824,19779,54345,32772,20534,53578,30561,20774,36632,22524,13516,44371,26153,16738,36790,22391,13900,36684,22316,13368,36572,21892,14038,36697,21916,14157,36383,21312,14447,36344,21961,14135,44653,26589,17042,50205,29643,19648,48543,28912,19627
55,55,104843,72327,12810,2906,16784,667,118,0,0,105763,68178,14287,3815,19342,715,466,0,0,108686,68530,14711,3743,21066,1612,103,106815,68279,14114,4635,19736,698,334,3910,18015,188,6,329,1964,108481,67702,14523,4801,21394,1130,203,82428,58947,8456,2003,12888,449,92,0,0,70392,50472,7161,2557,9651,293,55,2356,9131,202,206,0,86450,56082,10430,2732,16583,1148,78,86450,56082,10430,2176,15705,58,11,354,1634,70952,51367,7087,3059,8907,290,6,0,0,0,0,0,72550,51667,7250,2774,10167,427,0,2586,9684,185,0,70521,49210,8202,2399,10244,229,5,2182,9804,35,5,40243,23615,16081,38109,21182,16927,43863,25184,16038,42583,22405,17997,34426,17944,14906,34404,18376,15207,41980,23122,17140,48999,28087,20174,47868,26753,18441,30232,17779,11896,38479,22016,15239,30315,17711,12148,30289,17403,12074,30169,16987,12580,30279,17303,12393,30025,16771,12655,29987,17323,12375,38792,21778,16034,45502,23731,20735,42769,23855,18910
56,56,102931,65967,16146,4310,16489,996,122,0,0,102506,58874,19258,4212,19712,918,318,0,0,108413,59217,21318,5089,22196,2130,132,101078,58091,18478,5781,18613,973,141,4597,17046,204,18,255,2395,106541,59516,20940,6880,19146,1730,102,80477,55030,10255,2729,12339,622,84,0,0,67233,46436,7864,2583,9843,300,100,2361,9533,140,108,0,85509,50173,14459,3527,16669,1500,91,85509,50173,14459,2896,16006,72,28,230,1645,66735,45278,8172,3236,9655,198,19,0,0,0,0,0,69303,45547,9026,3731,10409,326,8,3369,9800,58,8,68527,43535,9598,3613,10965,399,16,3308,10265,29,16,39157,24095,14518,36832,21572,15260,41363,23942,14780,40413,22437,15580,32141,17291,13063,32081,18055,13086,39653,22641,15235,46573,27566,18223,45606,26606,16710,27539,16617,10435,36000,21125,13675,27620,16536,10666,27579,16100,10755,27477,16012,10895,27581,16129,10908,27399,15713,11139,27492,16691,10760,36211,21017,14263,42375,23123,18284,40766,24713,16053
57,57,104838,74696,15605,1837,12690,629,100,0,0,105877,70296,16633,2472,16267,553,204,0,0,108417,69820,17643,2266,17719,1575,81,104836,70222,15638,3000,15645,452,107,2328,14510,85,0,319,1736,108604,71956,17401,2865,15421,699,60,80219,59477,9881,1289,9510,392,70,0,0,69178,53969,6090,1505,7333,183,0,1342,7180,126,97,0,84926,57270,11989,1592,13258,1098,71,84926,57270,11989,1219,12676,62,18,300,1392,71200,55331,6515,1510,7698,106,0,0,0,0,0,0,73685,56333,7747,1498,7754,192,0,1285,7454,57,0,72481,54171,6962,1851,9004,193,20,1538,8604,53,20,46872,29110,17241,44190,24798,19392,48497,29809,15428,47796,24234,21697,40770,22034,17444,40790,23059,16906,47782,27841,18341,54923,35048,19073,54124,32865,19477,36078,23381,12163,44233,27959,15033,36243,23541,12224,36109,23532,11643,36042,22923,12526,36159,23062,12516,35866,22432,12891,36026,23789,12227,44633,28188,15576,50496,31220,18384,49254,30677,18558
58,58,107641,88577,8807,4419,5740,612,225,0,0,105006,83829,9704,4053,7567,489,114,0,0,108398,82494,11287,5112,8122,1308,268,106344,83336,10389,4645,7819,725,112,3428,6430,157,28,158,2415,108416,84211,10936,5122,7370,1056,190,81165,67293,6047,3490,4197,480,179,0,0,76847,64405,4970,2801,4319,210,15,2541,3939,57,178,0,85058,65729,8293,4146,5887,897,203,85058,65729,8293,3380,5160,124,85,328,1959,78685,64778,5796,2952,4684,273,15,0,0,0,0,0,81085,65962,6532,3369,4650,337,25,2973,4181,70,25,81782,64889,7443,3447,5257,375,77,3093,4605,153,77,54119,34616,18988,51584,29102,22482,53997,35463,14607,53907,27532,24873,48026,27006,19739,48037,28757,18527,53540,33088,18920,59030,41624,16473,59006,38261,19363,45098,31464,13021,51201,35266,14572,45447,32261,12655,45254,32532,11428,45119,31485,12965,45179,31552,12934,44936,30540,13750,45364,33288,12076,51644,35851,14813,56417,38815,16050,56027,38192,17682
59,59,103133,64000,20669,2695,15762,742,122,0,0,105247,57206,22420,2740,22480,1005,145,0,0,108549,55271,23100,3310,25996,1920,129,104531,56752,21792,2954,22505,1119,134,2297,21090,349,63,255,1935,107047,56150,21326,3310,25373,2284,112,76337,50707,12839,1768,10940,446,82,0,0,62807,44894,7463,1817,8176,328,15,1568,7762,164,94,0,82422,45867,15571,2348,17881,1314,105,82422,45867,15571,1906,17237,67,24,260,1490,63045,44763,7316,2013,8241,472,15,0,0,0,0,0,64830,44600,8242,2150,9206,493,0,1850,8834,295,0,65511,42699,8632,2808,10797,524,17,2295,10047,224,17,41071,26344,14255,39026,23120,15906,42302,26547,12960,41831,22337,17730,35020,20029,13547,35038,20780,13504,41245,24961,14837,46896,30930,15185,46573,29118,16120,31345,20737,10141,38269,24794,12397,31493,20888,10176,31452,20919,9639,31322,20435,10307,31394,20335,10475,31254,19968,10722,31393,21282,10111,38537,25014,12709,43656,27732,14803,42933,27463,15341
60,60,109542,28534,52577,24920,4251,1835,217,0,0,109271,25354,55072,24448,5003,1353,268,0,0,108705,21439,59294,22886,5022,4875,248,106591,25257,52218,24580,4833,1658,298,21792,3945,111,78,733,2470,107588,25533,53911,24032,5396,2917,251,77065,24250,32734,16976,3121,1190,147,0,0,61016,22031,19010,16920,2249,475,54,16221,2067,80,450,0,80694,18962,40561,16777,3835,3455,167,80694,18962,40561,15226,3333,108,46,706,1752,62434,21907,20723,17073,2294,340,80,0,0,0,0,0,65249,22763,23173,16103,2744,547,20,15145,2604,60,20,64649,20025,26117,15002,2956,420,45,14252,2735,64,45,33015,24488,8138,29854,21934,7920,31363,22730,6804,30934,21041,8334,22739,15584,5982,22773,15890,6320,28388,19959,7093,31650,23267,7685,31350,21153,7627,17465,12572,4553,24316,17334,6046,17552,12456,4796,17559,12243,4749,17453,12196,4840,17454,12213,4856,17384,11929,4982,17489,12713,4776,23733,16679,6300,27503,18795,8082,26904,18819,7977
61,61,108538,66583,19862,14748,7472,1114,184,0,0,106791,61474,22727,14307,8027,1219,163,0,0,108652,54102,28932,16334,8266,3202,257,106012,59112,25090,13302,7863,1437,87,10849,6956,296,0,353,3338,108832,57636,28293,15166,8036,2278,103,77431,50992,11904,9262,5052,712,118,0,0,74303,49287,10560,9074,4628,490,0,8657,4147,216,291,0,82496,44919,19159,11013,6076,2318,179,82496,44919,19159,9730,5355,176,38,471,2648,73919,48264,11634,8619,4761,439,0,0,0,0,0,0,76989,48352,13767,9460,4648,395,0,8785,4202,174,0,75934,45315,15183,9643,5296,326,8,8828,4811,90,8,47769,27301,19777,44358,23898,20460,47386,25156,18640,46814,23778,20434,37552,19022,16056,37625,19723,16866,45140,24224,18763,51082,30034,19996,50692,27562,20514,32679,18895,13169,41064,22974,16607,32822,18743,13556,32801,18420,13291,32658,18247,13705,32700,18364,13612,32560,17648,14114,32692,19094,13598,41103,23242,16735,46926,26362,19303,46111,26445,19501
62,62,108201,68102,26943,4831,8325,1253,155,0,0,107508,66250,28133,6044,7370,1153,214,0,0,108565,59377,33250,6264,8500,3085,198,107599,65599,27740,6397,7827,1098,105,5049,6706,177,50,315,1978,108617,61144,30429,6708,9671,1841,247,75730,51214,16159,2670,5505,757,92,0,0,71410,52152,12040,3260,3494,430,0,2981,3289,149,98,0,81251,47862,22200,3896,6116,2168,137,81251,47862,22200,3228,5404,89,43,279,2146,71575,50568,12311,3680,4214,404,0,0,0,0,0,0,71959,47917,14091,3867,5449,354,15,3633,4881,97,15,71844,47012,15229,3828,5177,333,48,3599,4428,42,48,42228,24784,16861,39732,21824,17908,43825,24486,15704,43293,22315,18446,35551,18345,14987,35611,19291,15263,42788,23880,16866,49535,30624,17817,49185,28148,19048,32059,19341,12109,39738,23439,14849,32234,19387,12334,32160,19125,11923,32045,18948,12420,32071,18916,12471,31959,18272,12956,32112,19857,12255,40113,23879,15163,45759,27075,17374,44971,26963,17842
63,63,108616,89960,13992,1620,2788,685,83,0,0,107820,87732,14811,2749,2502,446,30,0,0,108529,83280,17425,2301,3234,2284,112,107473,88086,13971,2078,2767,754,35,1099,1881,36,0,85,2310,109215,86715,15943,2106,3704,1093,45,79650,68160,8533,879,1850,430,56,0,0,78409,68953,6400,1374,1407,273,0,1089,1158,30,52,0,84666,67675,11504,1386,2337,1633,79,84666,67675,11504,1007,1888,104,22,222,2244,79890,69791,6960,1251,1552,340,0,0,0,0,0,0,81089,69216,8164,1379,1911,400,0,1039,1571,58,0,81204,68851,8258,1563,2018,280,25,1254,1655,46,25,49699,26198,22605,47483,22045,25438,49802,22242,24123,49815,21121,24993,40932,17764,20768,41005,18886,20917,49278,22690,24187,57535,28902,27381,57099,27145,27082,41267,20968,19366,47954,23430,22758,41426,21118,19423,41349,20823,18977,41260,20591,19662,41281,20570,19638,41099,19819,20147,41218,20942,20276,49258,24460,23377,57247,28185,27734,56358,27758,28547
64,64,109169,96148,8303,1971,2333,754,105,0,0,107166,90861,10239,2616,3068,965,110,0,0,108575,87917,12069,2982,3198,2263,199,107966,88878,12262,2459,3947,1238,170,1310,2644,61,19,147,2643,108780,87473,13387,3300,3778,1464,170,82175,74230,4987,1076,1519,530,68,0,0,80681,72211,5091,1273,1487,458,0,1159,1257,92,167,0,85426,71731,7722,1783,2217,1607,129,85426,71731,7722,1268,1675,103,11,165,2751,80727,72020,5610,883,1927,371,20,0,0,0,0,0,81733,72125,6125,1280,1888,349,20,1070,1460,31,20,81187,70461,6913,1502,1924,367,37,1309,1507,45,37,49949,25176,23923,45483,20613,24870,49895,19295,27042,49430,19727,26043,40592,15655,21886,40579,16469,22754,49007,19879,26611,57170,24694,31376,56650,23434,30503,40756,18357,21536,47598,20195,25700,40962,18285,21880,40944,17868,21472,40744,17749,22014,40765,17779,21943,40599,16817,22679,40765,18354,22411,48849,21044,26488,57138,24204,31722,56015,23941,31965
65,65,102695,86376,8452,2252,5543,624,83,0,0,106124,85684,10487,3411,6428,847,108,0,0,108537,83085,12502,3037,8251,1951,94,106588,84110,11449,3968,6720,782,53,3012,5521,50,2,92,2337,109230,81798,14695,3547,8400,743,123,73528,63356,5106,1332,3612,375,53,0,0,77062,65233,5493,2071,3903,267,12,1739,3677,69,111,0,82669,65568,8109,1955,5720,1295,53,82669,65568,8109,1524,5056,52,8,239,2113,79323,65917,6466,2333,4107,255,4,0,0,0,0,0,81599,65884,8257,1782,5150,277,6,1534,4650,25,6,81374,65303,7999,1923,5561,372,44,1639,4936,47,44,50296,23721,25906,47542,19389,28153,52579,22972,26099,52289,20908,28247,46504,18872,24724,46532,20011,25394,53551,23703,27528,62081,30748,30095,61624,28693,30519,44637,22060,21837,51680,24660,25419,44803,22166,21916,44723,21872,21518,44692,21605,22306,44737,21484,22467,44488,20827,22874,44681,22274,22407,53073,25771,26132,61020,29740,30417,60310,29614,30691
66,66,104075,78374,14997,3463,7254,805,93,0,0,108832,76782,19113,3514,9020,1588,103,0,0,108650,72073,21467,4998,8634,2606,118,108689,76020,19386,4225,8708,1520,105,2820,7699,93,14,222,2432,108582,74480,21001,4980,7728,1225,54,76578,60159,9346,2081,4860,508,68,0,0,77655,61005,9077,2134,4891,510,10,1863,4726,124,53,0,84127,59050,14235,3274,6216,1809,80,84127,59050,14235,2630,5575,95,12,264,2266,77902,60081,9607,2563,5167,470,4,0,0,0,0,0,78835,59368,11253,3036,4896,337,4,2310,4344,107,4,78289,58036,11654,3180,4966,318,0,2320,4387,81,0,45548,24893,19939,41739,20646,21093,46766,23287,20455,46536,22014,21357,39065,18663,17907,39181,19689,18419,46661,23543,20871,54538,29632,23743,54157,27918,23437,37031,20066,16210,44425,23415,19436,37145,20076,16320,37095,19843,16049,37053,19692,16585,37060,19676,16548,36866,19020,16983,36966,20002,16964,45403,24122,20056,52697,27531,24190,52153,27991,24160
67,67,117081,69667,17889,27279,2391,1409,122,0,0,109103,61337,19494,26226,2325,1222,118,0,0,108458,55339,21077,27608,2882,2953,136,108340,59637,19238,27665,2670,898,91,23544,2109,91,1,105,3622,108593,57527,18960,29264,3006,1534,75,86271,56805,10412,17180,1612,923,84,0,0,75768,50694,7643,15665,991,668,0,15227,845,211,120,0,82540,47050,13643,18189,2026,2175,89,82540,47050,13643,16618,1666,219,24,289,3031,75340,49883,7637,16187,1162,493,0,0,0,0,0,0,75966,48436,8154,17414,1420,470,10,16325,1220,61,10,75349,46117,10155,15819,1335,1744,26,14398,1116,191,26,43004,27634,14382,41259,25721,15538,38805,21451,14754,38095,20337,15054,29143,15842,10112,29094,15787,12434,35432,19562,13979,39416,22486,16122,38896,21517,15590,25272,13812,10766,31996,17665,13205,25314,14043,10747,25395,13656,10907,25227,13029,11458,25272,13049,11491,25197,13213,11282,25218,13656,11555,31780,17521,13422,37102,20347,15895,33291,14786,18273
68,68,108686,75972,17862,10453,4342,1134,115,0,0,108086,68835,21024,13709,4844,1003,119,0,0,108450,64367,22627,14827,5139,2721,125,107941,67950,21894,13018,5279,772,134,10256,4326,78,3,233,3197,108728,67329,24048,12191,4958,1242,27,81925,61971,10475,6357,2922,730,71,0,0,76803,57234,8596,8432,2198,237,4,7781,1970,23,149,0,83344,54401,14571,9171,3697,1951,90,83344,54401,14571,8094,3180,141,17,264,2676,76817,56816,9652,7587,2407,175,4,0,0,0,0,0,77531,56550,10933,7299,2313,238,20,6878,1838,20,20,77883,55285,11860,7063,2738,772,35,6577,2179,81,35,46988,25580,20545,42653,22458,20195,44522,21520,19645,43938,20184,20961,35637,17096,14822,35560,16866,17725,42202,20899,19139,47312,25517,20811,46796,24245,20756,32556,16749,15036,39258,20139,17764,32542,17102,14813,32666,16818,14844,32454,15703,15861,32468,15577,15983,32411,15923,15634,32419,16586,15829,39391,20544,17821,44876,23877,19883,41234,19090,22004
69,69,105305,85488,13938,2009,3603,807,95,0,0,106758,84357,15062,3254,4072,777,167,0,0,108538,81459,17734,2828,4311,2252,101,106926,82975,15987,4266,3768,703,62,3096,2854,99,1,191,1744,107978,82265,16603,4789,3902,1198,30,75784,64091,8065,1070,2290,484,60,0,0,75333,64279,6696,1725,2335,245,0,1575,2205,101,67,0,81673,64157,11162,1674,2980,1583,60,81673,64157,11162,1215,2524,110,6,209,2290,75104,63571,7108,2015,2122,278,0,0,0,0,0,0,75924,64295,7098,2004,2177,388,0,1793,2037,49,0,77329,63121,9439,1639,2666,457,8,1450,2295,35,8,47227,23211,23156,44658,19310,25348,48678,19182,26287,48395,18725,26311,39210,14982,21296,39305,15683,22568,47684,19297,26093,55784,24219,30401,55331,23020,29746,40176,17138,22159,46634,19505,25554,40313,17394,22129,40377,16896,22065,40168,16397,22855,40195,16522,22696,40021,16013,22968,40045,16726,23319,47930,20285,26362,56024,23771,31002,50697,14630,35587
70,70,97638,83196,7958,2175,4209,517,93,0,0,106135,88418,9515,3628,5084,485,9,0,0,108589,86020,11771,3543,5345,1950,133,105548,87705,9492,3331,5434,523,9,2355,4241,21,0,4,1742,109788,88435,11612,4637,5179,890,2,70552,61798,4708,1259,2622,333,57,0,0,77530,67272,5136,1878,2846,155,2,1788,2658,9,263,0,81987,67471,7376,2107,3593,1306,94,81987,67471,7376,1638,3094,75,15,203,2115,77787,67939,4425,1863,3281,142,0,0,0,0,0,0,80472,69521,5536,2144,2825,247,0,1899,2489,30,0,80689,68460,6470,1741,3349,395,5,1444,2919,7,5,46137,22217,23170,44137,18477,25660,49811,20722,25586,49453,19838,26189,44002,17392,23590,43962,18373,24326,51345,22041,26841,60899,28802,30898,60557,27165,30553,45005,21450,22762,50956,23239,26042,45234,21374,23098,45150,20860,22778,45032,20729,23400,45053,20661,23510,44851,19760,24155,45126,21544,23576,53071,24577,27206,61986,28463,32466,61296,28898,32370
71,71,116556,98765,6593,8658,2151,915,93,0,0,111595,91940,7319,9432,2655,823,39,0,0,108735,84790,7928,11087,2829,2115,313,110778,90628,7498,9873,2487,895,45,7731,2132,224,5,207,2378,109180,88022,7426,10175,2355,1138,130,92993,80951,4228,5779,1621,656,58,0,0,86536,75662,3982,5470,998,380,4,5038,893,119,77,0,86527,70075,5250,7268,2092,1595,272,86527,70075,5250,6301,1617,143,29,291,2821,86940,75523,4378,5615,1011,398,4,0,0,0,0,0,85018,73266,4202,5968,1036,436,39,5256,852,63,39,82981,70895,4542,6018,796,584,54,5032,550,44,54,51091,29412,20649,48578,27762,20816,50009,22283,23978,49222,23424,23067,38761,17760,17868,38673,17536,20082,45845,21269,22587,50290,23431,25817,49703,23439,24762,37246,16997,19447,43320,19568,22387,37320,17264,19283,37483,16125,20243,37148,15257,20829,37246,15428,20878,37156,16166,20047,37210,16925,20271,43280,19527,22728,48332,21781,25433,46678,20924,25668
72,72,111103,80143,15340,13609,2017,1285,99,0,0,108159,72631,16698,15981,3291,1182,183,0,0,108580,68589,17619,17268,3731,2631,126,107371,71781,16702,16179,3246,1277,359,12280,2644,265,46,163,3497,107689,70296,17569,16456,3618,1320,370,86018,66262,9417,8609,1392,874,72,0,0,78677,60047,8266,8652,1075,493,27,7898,927,238,194,0,84434,57874,11601,11037,2484,1880,82,84434,57874,11601,9616,2108,142,20,239,2834,77979,58799,8496,8752,1123,515,27,0,0,0,0,0,78680,58634,9101,9081,1274,601,39,7846,947,99,39,77971,57015,9386,9547,1467,569,67,8308,1085,56,67,53338,33350,19267,46057,29652,16405,45593,24769,17331,44922,25156,17348,36010,19857,13652,35887,20191,14759,42656,24314,16443,47333,28083,18186,46916,27883,17566,33059,19586,12699,39732,23023,15366,33123,19770,12669,33276,19297,12971,32993,18426,13656,33068,18797,13335,32901,18971,13012,33120,19836,13227,39672,23242,15457,44784,25928,17808,44277,27585,16692
73,73,109135,101484,2773,1433,2990,570,73,0,0,106599,96953,3360,2094,3855,713,48,0,0,108553,95372,3714,2394,4694,1735,107,106090,96071,3459,1873,4307,796,91,874,3503,364,48,132,1631,107524,95276,3577,2953,4652,745,56,83063,78403,1593,736,1967,404,41,0,0,79296,75124,1594,991,1075,488,21,805,961,272,70,0,83579,75234,2226,1309,3064,1217,61,83579,75234,2226,969,2777,100,20,202,2051,79524,75261,1612,861,1212,396,51,0,0,0,0,0,80425,75088,1905,1414,1571,330,2,1185,1491,52,2,80961,74872,2169,1500,1807,343,5,1109,1704,12,5,55775,25572,28925,53847,22944,30903,55400,18719,32448,54822,19139,32682,45757,15309,26507,45505,15369,28903,53043,18773,31855,59479,22236,35895,58930,22336,34675,44832,16418,27452,50928,18230,31062,45048,16801,27315,45198,15707,28169,44831,14637,28990,44961,14392,29476,44776,15560,28139,44894,14825,30044,51617,18685,31639,57472,20875,35075,49872,6276,42545
74,74,113507,94788,13738,3786,964,833,75,0,0,109857,88812,15611,4205,1182,796,163,0,0,108476,84571,15914,4551,1137,2394,90,109296,88564,15151,4094,1344,839,196,2758,747,153,58,29,1837,109520,87400,15462,4842,1473,1159,284,87037,75166,8369,2522,652,589,48,0,0,83014,71673,7757,2712,367,424,30,2456,238,193,75,0,85262,69022,10435,3048,805,1817,61,85262,69022,10435,2523,581,108,16,191,2386,83744,72136,8039,2665,407,483,19,0,0,0,0,0,84264,72012,8384,2816,461,447,0,2191,282,86,0,82693,69437,9175,3078,519,399,9,2469,348,35,9,50534,26075,23193,46282,23460,22822,48099,19266,25042,47368,19746,24503,38790,16411,18402,38649,16240,21143,45533,19220,23977,51443,21981,28335,50838,22134,26599,37105,15887,20462,43162,17959,23745,37035,15720,20595,37347,15053,21028,37043,14316,21706,37079,14040,22010,37189,13064,23258,36940,14994,21922,43794,18184,24473,49895,20131,28576,45149,11842,32861
75,75,99915,82984,11037,4032,1724,615,60,0,0,105267,83819,13670,6452,1574,461,50,0,0,108653,82206,15747,6120,2496,2375,154,106800,85276,12438,7030,2042,520,46,5259,1457,96,19,157,2111,108304,84114,13980,6623,2437,858,132,71951,61671,6378,2645,1052,398,37,0,0,75243,63235,7132,3739,800,243,20,3529,639,83,64,0,80836,63597,9964,4046,1596,1597,90,80836,63597,9964,3445,1203,85,12,181,2349,77482,65097,6577,4441,1111,320,20,0,0,0,0,0,79491,65156,7984,4689,1218,399,0,4327,907,65,0,82785,64832,10119,5118,1774,964,8,4736,1254,180,8,43443,20951,21638,40871,17405,23466,47344,17610,26104,46464,17970,24884,39466,15208,21000,39496,15522,22689,46947,18561,25790,55016,23098,30799,54417,22031,29386,40472,17450,22238,46268,18771,25843,40691,17293,22639,40691,16215,23128,40487,16541,23095,40556,16468,23216,40259,15713,23623,40586,16736,23846,47830,19632,26898,56334,22654,32473,53350,19338,33813
76,76,112337,90886,11424,6884,2875,813,81,0,0,110029,84430,12654,9244,3654,614,158,0,0,108628,77906,15082,10540,3068,2463,103,108912,81988,14076,9147,3411,588,272,7444,2181,129,16,98,2978,108286,80244,14264,9345,3758,1220,255,88787,74283,7240,4592,2376,570,56,0,0,83837,69256,6398,6027,1647,334,20,5719,1172,105,153,0,85877,64776,10011,6912,2450,1767,65,85877,64776,10011,6047,2009,122,8,232,2672,82621,67243,7184,5824,1597,402,19,0,0,0,0,0,82392,66191,8108,5902,1517,389,5,5092,1260,44,5,82135,64785,8955,5685,1703,655,8,4871,1386,56,8,50031,31222,17748,43940,25464,18476,47130,23688,19666,46164,24950,18217,38250,20678,14766,38405,20989,16202,44683,23911,18453,49895,26870,21890,49315,26531,20180,35453,20496,14284,41917,22590,17762,35583,20221,14681,35647,19226,15242,35411,19339,15260,35401,19033,15553,35274,18708,15729,35467,19986,15464,42352,22921,18251,48565,25247,22233,47386,26204,21114
77,77,109661,47341,54986,3689,3988,1105,138,0,0,109035,39941,62509,3586,3639,1329,71,0,0,108706,37278,62970,4598,4153,3607,96,108110,39883,61840,3077,3701,1341,71,2411,3014,67,23,181,698,108057,37386,63388,4101,4090,2255,125,80897,40156,35306,2448,3049,729,95,0,0,63487,31575,27614,2027,2013,271,16,1919,1823,54,10,0,83477,32718,44017,3329,3321,2646,67,83477,32718,44017,2544,2932,68,6,215,977,63630,30840,28469,1984,2175,240,23,0,0,0,0,0,63365,29142,29102,2438,2338,279,21,2181,2180,93,21,62986,26733,30524,2724,2742,249,4,2475,2617,57,4,29968,19274,10201,27634,17896,9738,32364,20156,10536,31364,19098,10236,23112,14228,7652,23036,14202,8173,29936,18404,10176,35511,21569,13398,34726,21061,11090,18945,11371,7228,26364,15816,9684,18896,10954,7626,18965,10680,7786,18849,10620,7799,18941,10923,7631,18773,10481,7827,18708,10706,7723,26469,15356,10401,32464,17235,14623,30962,18295,11943
78,78,105873,51925,11468,38518,4507,819,113,0,0,102571,51296,14330,31724,5336,865,148,0,0,108415,49301,17854,35154,6269,1786,128,103869,49784,16207,32945,5389,933,208,30816,3369,160,19,449,3058,107401,51237,16454,34590,5892,1171,118,80568,41434,7718,28389,3233,558,81,0,0,75816,39572,7886,25181,2685,441,15,24667,2357,100,178,0,85155,39937,12571,27978,4483,1337,93,85155,39937,12571,26183,3726,56,15,417,2250,77038,39435,8625,25866,2715,422,19,0,0,0,0,0,80423,40600,9250,26995,3210,310,8,26500,2820,30,8,77378,39356,10095,24314,3269,255,22,23564,2820,59,22,56525,46699,9275,53542,44231,9311,56343,46280,7161,55499,43416,9899,47774,38002,8281,47957,38284,8819,53812,43221,8333,58179,49110,8131,57722,44157,7748,39266,33327,5245,48190,39838,6556,39384,33504,5374,39378,33217,5378,39178,32864,5685,39305,32919,5693,38948,32465,5749,34392,32747,1617,47625,39397,6754,52799,43508,8347,50751,42140,8550
79,79,114288,75106,9348,28297,1483,909,67,0,0,113140,71940,10671,28842,1700,727,57,0,0,108475,63257,11622,30287,1618,2255,86,112208,69666,11112,29699,1536,614,16,27806,962,134,0,172,2348,107568,64538,11509,29043,1680,1163,40,84677,59423,5534,18453,1012,631,47,0,0,84848,58275,4864,20162,936,503,0,19771,757,167,234,0,83313,51886,7340,21358,1185,1688,60,83313,51886,7340,20033,907,149,7,255,2736,84127,56367,5232,20911,974,439,0,0,0,0,0,0,80700,52562,5977,20415,1085,589,0,19478,881,42,0,80951,52048,5826,21620,939,397,8,20498,785,22,8,48730,28134,19746,46353,25724,20629,47619,22976,21684,46864,24583,19530,36907,18035,16297,36831,18089,17670,44475,21917,20291,49771,24541,24261,49304,23308,22214,33830,17244,15913,41245,19784,19873,33917,16769,16476,34028,15449,17527,33867,15759,17219,33880,16104,16974,33635,15797,16923,33684,15742,17930,41132,19594,20253,46884,21822,23995,45272,21975,23237
80,80,106022,59718,16546,29038,1108,962,109,0,0,107799,58106,18121,30460,877,768,42,0,0,108843,55996,19432,31198,1382,2202,157,109519,60163,17220,30928,1014,744,52,28873,523,27,19,274,2427,110041,58276,17942,31956,923,1070,190,76228,46179,10097,19276,701,626,64,0,0,76595,45589,8447,21564,618,376,10,21091,518,22,104,0,82059,44608,12615,22925,935,1573,107,82059,44608,12615,21688,610,101,30,265,2142,78421,47561,8163,21606,751,310,20,0,0,0,0,0,79046,46926,8511,22577,637,358,4,22108,386,53,4,78426,46290,9154,21829,681,369,0,21201,403,33,0,45413,28195,16567,41734,25356,16378,44922,25139,17426,44123,25382,15986,35476,19981,13469,35526,19831,14848,43239,24082,17048,50263,28115,21322,49643,25970,19190,33242,18586,14095,40554,22115,16971,33366,18271,14580,33395,17621,14838,33246,17667,14897,33275,17903,14715,33005,17209,15048,33062,17299,15763,41052,22074,17758,47817,24723,22243,46093,24621,21463
81,81,107017,82182,7156,5435,12224,505,113,0,0,108029,80934,7570,5184,14371,575,155,0,0,108489,77607,8649,5895,15073,1269,114,105979,79046,7387,4627,14703,507,117,3940,12684,78,1,76,2771,107034,78786,7743,4907,14659,564,70,82018,64637,4713,3608,8933,363,74,0,0,78976,62612,4533,3715,7674,270,0,3534,7329,102,223,0,85442,62999,5820,4261,11269,955,80,85442,62999,5820,3704,10562,85,19,284,1969,77379,61887,4282,3059,7685,297,0,0,0,0,0,0,77972,61811,4283,3440,8080,310,0,2947,7496,40,0,79427,61762,5084,3552,8737,246,0,2761,8000,29,0,54467,30413,23281,50765,26246,24519,55491,30375,20495,54966,27358,24572,48457,23870,22092,48511,25082,22321,55545,30114,22916,63127,38252,23529,62958,35759,24497,46641,27726,17969,53673,31303,20366,47090,28336,17880,46902,27840,17467,46810,27324,18451,46780,27315,18505,46396,26232,19158,46752,28712,18040,54424,32114,20745,60039,35299,22625,59411,35847,23403
82,82,103197,85469,6427,3921,7303,370,82,0,0,105352,82182,8725,4781,9688,370,73,0,0,108661,84398,9512,4518,9216,1208,115,105157,83131,8834,4170,9135,501,72,3172,7893,78,34,252,1769,107840,82851,10467,4797,8660,1264,59,79396,67412,4097,2312,5439,241,57,0,0,78353,63596,4979,3363,6148,149,19,3170,5890,31,72,0,86062,68784,6453,3017,6952,815,88,86062,68784,6453,2606,6399,43,28,186,1563,77449,64571,5057,2360,5314,146,21,0,0,0,0,0,80048,65489,6480,2628,5050,483,7,2433,4716,80,7,79108,64173,6590,2687,5310,389,0,2476,4817,11,0,52780,24917,27159,50306,21270,29036,54647,24277,26721,53828,22585,28345,46206,18902,24921,46193,19403,25777,54148,23916,27929,62520,30051,31396,62008,28456,30419,44487,21762,21981,52083,24322,26070,44752,21527,22566,44624,20983,22281,44545,20635,23118,44612,21021,22851,44191,19979,23430,44354,20945,23372,52977,24774,26780,60041,27109,30809,58325,26962,31171
83,83,104349,74679,19959,6857,3054,708,95,0,0,108181,74836,22865,8072,2908,1185,56,0,0,108736,69145,25595,8742,4073,2599,95,108656,74976,23112,7628,3095,1116,66,6297,2089,101,34,97,1939,107100,70566,23882,9191,3323,1184,117,74964,56810,11994,4151,1944,446,64,0,0,75611,57886,10738,4945,1569,408,20,4601,1206,131,147,0,82223,55368,16960,5900,2832,1835,63,82223,55368,16960,5023,2321,71,14,236,2230,76264,57576,11627,4988,1767,316,36,0,0,0,0,0,76869,55278,13354,6057,1810,245,27,5703,1427,36,27,78761,56668,14267,5428,1916,391,0,4946,1554,58,0,46115,25488,19984,43531,22132,21399,47310,24581,19163,46941,22964,20764,41177,20430,17941,41203,21341,18784,47678,25207,20083,55016,31949,21780,54714,29972,22004,38499,22337,15505,45356,25437,18329,38659,22404,15602,38605,21906,15480,38524,21892,15940,38548,21655,16130,38339,21137,16410,38593,22655,15938,46486,26487,18817,53695,30807,22031,53246,31214,22012
84,84,103596,58012,19881,11624,14471,839,89,0,0,109658,54097,24305,12115,19663,2118,141,0,0,108422,49055,22426,13751,22546,2184,147,108710,51354,23382,12863,21503,1894,384,10524,19100,129,345,56,3824,108661,48114,23857,14341,22443,1435,21,70644,42015,12019,7305,9357,484,63,0,0,66810,39316,10229,8386,8565,238,50,8040,8189,85,99,0,78629,38573,14698,9382,15296,1452,93,78629,38573,14698,8381,14567,55,23,306,2026,64644,37189,9571,8592,8857,251,205,0,0,0,0,0,65965,35689,11021,9248,9701,290,10,8904,9164,54,10,66663,35299,11302,9969,9772,322,7,9648,9386,9,7,36013,22343,13277,33745,19696,14049,40700,24680,13068,40118,22832,14819,33162,19437,11834,33219,20020,12379,40102,24533,13685,46978,31009,15055,46656,29229,14984,29316,18980,9837,37017,23611,12087,29509,19215,9823,29436,18881,9664,29383,18806,9997,29390,18589,10192,29202,18070,10481,29342,19350,9992,37506,23987,12429,43370,26726,15172,42775,27934,14761
85,85,112240,61430,25246,18596,7181,968,100,0,0,110467,57981,27765,17907,7540,1130,35,0,0,108384,52373,29163,17632,8296,2530,128,111533,56443,29414,18439,7876,1200,168,16496,6282,96,10,172,2617,110232,53810,30775,17370,8306,1800,119,82925,49098,15579,13003,5188,620,66,0,0,75186,47088,11143,12400,4103,377,8,11797,3824,37,137,0,83990,44066,19541,13146,6271,1839,79,83990,44066,19541,12215,5775,93,16,238,2046,76451,46690,12673,12407,4453,374,47,0,0,0,0,0,76100,45070,13676,12259,4793,328,26,11835,4357,46,26,77021,43642,16672,11036,5373,327,31,10597,4898,10,31,43659,27517,15541,42698,26375,16323,44412,26034,15362,43754,25657,15196,35680,20425,12832,35823,20805,13976,42948,25323,15349,49248,30348,17933,48862,28673,16760,31458,19345,11519,39435,23567,14339,31602,19192,11921,31583,18515,12047,31515,18666,12158,31521,18750,12110,31287,17985,12527,31424,19103,12321,39550,23495,14800,44947,25705,18004,44107,26783,17190
86,86,109398,56593,30315,21575,1334,844,83,0,0,108382,51618,34821,20953,1579,1109,50,0,0,108572,48827,37726,19687,1594,2834,83,108246,50859,36080,20499,1849,1694,16,17491,1129,102,1,190,2396,107745,48578,37625,20205,1998,2658,82,79033,45127,18711,14250,950,577,50,0,0,71553,42700,13097,14429,859,435,0,13821,644,106,128,0,81944,40786,24921,14209,1139,2045,68,81944,40786,24921,13086,821,97,17,241,1975,72062,41882,14874,13662,949,502,2,0,0,0,0,0,72411,40850,16111,13704,1070,549,2,12865,741,91,2,73535,39962,18419,13508,1165,537,2,12740,928,21,2,43763,28029,15061,40391,25074,15317,43208,24280,16336,42630,25055,14904,33755,18807,12617,33916,19068,13943,40474,23051,15412,45217,25996,18375,44761,25021,16547,29401,16799,12048,36710,20516,14877,29572,16517,12552,29537,15555,12935,29440,15828,12929,29453,16089,12732,29189,15237,13158,29440,16231,13209,36507,20123,15307,41593,21951,18728,40705,23274,17377
87,87,113252,106112,2299,3295,972,651,64,0,0,110035,101671,3151,3184,1013,1267,53,0,0,108650,98792,2791,3214,1263,2001,140,109724,100383,3383,3826,1246,855,142,2797,773,107,9,56,2224,108380,99032,2980,3796,1363,901,167,87444,82278,1534,2617,607,463,34,0,0,85296,79802,1760,2559,352,833,21,2384,307,97,52,0,84804,77948,1818,2163,854,1540,81,84804,77948,1818,1767,554,147,16,196,2358,85003,79446,1742,2736,426,563,67,0,0,0,0,0,84283,78605,1812,2585,566,625,119,2027,325,70,119,83620,77882,1764,2558,623,767,27,1847,422,89,27,55416,22571,31493,51624,18090,33534,54706,15049,35634,54335,15287,35458,44592,12517,26803,44657,12091,31205,52097,15111,34254,58471,17934,39156,57964,18863,37060,44417,14142,29289,50188,14991,33581,44508,14067,29406,44711,12893,30547,44368,12332,30877,44583,11591,31882,44334,13402,29730,44238,11923,32311,51044,15553,34208,57266,17269,38618,49242,1870,46230
88,88,105795,93206,2859,4568,4674,646,73,0,0,107007,91633,2956,5321,6084,1120,96,0,0,108513,90439,3924,6141,5818,1876,143,106992,91363,3079,5406,6262,981,64,4284,5339,151,9,235,2514,107696,91087,3460,6609,5677,695,124,79584,71697,1656,2811,3062,411,49,0,0,77993,70382,1490,3461,1920,670,21,3144,1607,119,73,0,83406,71434,2406,3875,3977,1381,86,83406,71434,2406,3276,3650,110,28,211,2291,77498,70465,1573,3181,1729,597,8,0,0,0,0,0,78793,71459,1710,3786,1473,371,20,3409,1180,31,20,77841,69751,1648,3936,1881,578,70,3510,1613,36,70,53859,22269,30472,51800,18718,33082,55591,18644,32559,55203,17584,34457,46962,15057,27941,47137,14722,31212,54298,18647,33062,61211,23471,36248,60882,22965,35725,46463,18299,27218,52470,19469,31284,46542,18248,27384,46760,17610,27786,46454,16578,28824,46696,14631,31079,46383,17791,27557,46391,16265,30111,53297,20276,31708,58671,22918,34325,49624,5791,43152
89,89,112040,105373,4262,1197,721,634,66,0,0,107276,99290,4935,1894,808,550,73,0,0,108566,96736,6068,2352,950,2026,102,106956,98705,4602,2194,718,597,123,1215,461,114,15,155,1669,107864,97500,5992,2260,836,842,225,85741,81887,2443,601,415,445,34,0,0,83187,79274,2176,953,378,361,12,610,264,111,43,0,85450,77767,3786,1510,561,1451,51,85450,77767,3786,1145,376,146,9,162,2059,83048,78925,2171,1232,363,349,8,0,0,0,0,0,84208,78907,3207,1310,399,418,19,1044,297,109,19,83240,77150,3472,1260,485,821,4,1056,406,124,4,55826,26727,27674,51570,22816,28754,54205,18009,32146,53464,17950,32181,43418,14166,24814,43477,14420,27849,51738,17697,31591,59527,21207,37018,58850,21266,35477,44767,15735,28000,50716,17519,31585,44829,16222,27747,45085,15049,28591,44736,14093,29426,44750,13863,29577,44675,14123,29455,44558,15083,29465,51859,18048,32545,58740,20223,37249,51797,7235,43879
90,90,112124,97394,4748,7799,1730,766,98,0,0,107137,91515,5291,7664,2197,679,96,0,0,108525,87305,7118,9024,2395,2279,136,106957,89967,6090,8348,1725,1210,109,6080,1325,113,13,138,3222,108211,88821,7047,9115,2234,950,42,84723,75933,2709,4609,1080,532,55,0,0,81615,72881,2564,4696,1125,320,19,4188,917,112,27,0,84650,71070,4334,5498,1607,1605,82,84650,71070,4334,4704,1252,154,26,266,2844,81739,72041,3203,5004,839,626,14,0,0,0,0,0,82540,72019,3389,5385,1136,511,14,4523,984,29,14,81656,69911,3968,5081,1150,1424,25,4197,979,87,25,51194,26108,24009,47211,22380,24831,50760,19571,27415,50017,18760,27778,40522,15578,20131,40624,15641,23861,48640,19303,26734,55858,23627,30905,55290,22953,30449,40141,16507,22598,46944,19103,26259,40343,17183,22327,40375,16191,22870,40104,15248,23732,40066,15093,23719,39939,15569,23309,40006,16063,23924,47589,19620,26768,53843,22414,30290,44543,6283,37550
91,91,113388,93766,5067,10943,3250,760,108,0,0,112119,89953,6068,12397,3745,690,80,0,0,108488,81424,7338,14265,3425,2172,149,111534,89197,6016,12875,3293,753,68,10924,2574,150,13,74,2561,108942,86323,6291,12478,3391,592,105,91221,78116,3343,6889,2521,575,64,0,0,88607,75233,3342,7861,1680,414,17,7431,1404,157,72,0,88060,68670,5144,9739,2736,1629,105,88060,68670,5144,8492,2144,146,27,297,3140,88747,74782,3412,8416,1628,366,15,0,0,0,0,0,86808,72359,3641,8368,1959,338,4,7665,1567,56,4,87028,71525,4450,8722,1741,338,8,7870,1277,22,8,48216,26789,20491,43625,22416,21209,49632,24177,20964,49112,22889,22591,40015,20196,16270,40131,20224,18646,46653,23577,20272,50957,27563,21809,50561,26550,21433,36435,19305,16255,43338,22642,18867,36620,19784,15998,36704,19406,16159,36441,18468,16927,36646,15921,19776,36380,18776,16474,36364,18870,17424,43894,23323,19184,52250,28176,22684,48752,22289,26030
92,92,115367,71215,5687,34542,3712,1088,126,0,0,111736,66179,6463,34860,4532,1071,131,0,0,108499,59004,7829,36028,4007,2077,129,110182,64295,6656,34828,4041,870,67,30634,3368,169,0,195,4862,107869,61871,7165,33768,4136,1039,186,87676,59809,3511,21245,2773,748,83,0,0,83339,55883,3148,21888,1749,459,10,20861,1537,181,253,0,83551,50337,5141,23514,3096,1534,97,83551,50337,5141,21587,2710,170,36,362,3208,82133,54098,3508,22139,1693,460,0,0,0,0,0,0,80590,52622,3588,21680,1927,467,15,20160,1755,59,15,77644,49315,4062,21251,2004,430,36,19491,1852,35,36,47349,29775,16780,43588,26521,17067,43779,25454,15338,43853,24184,17067,35397,20589,12198,35515,20629,14020,41356,24411,14954,45178,28208,15763,45010,27453,15458,29921,18411,10850,37270,22684,13293,30243,18991,10717,30217,18214,11122,30038,17876,11452,30076,17191,12221,29845,18172,10912,29736,17995,11741,36964,22714,13205,41683,25667,14842,39058,22626,16110
93,93,113060,105175,3201,2972,1096,790,87,0,0,109232,100137,3608,3244,1607,752,70,0,0,108708,96755,4129,3634,1717,2022,117,108293,98826,3368,3374,1804,738,151,2548,1422,213,16,92,1798,108368,97035,3793,4461,1673,806,186,87006,81907,1982,1909,692,587,57,0,0,83529,78582,1773,2027,561,476,2,1871,507,178,77,0,84971,77033,2630,2219,1123,1504,83,84971,77033,2630,1793,907,203,22,128,2255,82986,78122,1742,2065,633,584,2,0,0,0,0,0,83484,77990,2156,2334,721,478,32,1977,560,148,32,83233,77076,2524,2261,875,599,44,1837,679,128,44,52260,27587,23356,48508,24128,24380,51183,18177,29375,50665,19315,28092,40383,15310,20892,40240,14873,24073,48322,18165,27737,54699,20407,33070,53984,21380,30747,40196,15237,24040,46455,17224,27786,40451,15894,23755,40637,14430,24997,40181,13631,25372,40370,13189,26143,40174,14669,24394,40221,13948,26256,47081,17511,28407,53389,19284,32881,47297,9184,37417
94,94,118448,113380,1872,1945,536,756,63,0,0,111626,105586,2268,2455,821,816,42,0,0,108580,100924,2223,2303,625,2098,97,111005,104459,2482,2719,832,691,52,1864,454,89,11,23,1599,108541,101839,2544,2261,682,1207,53,92947,89235,1312,1501,344,553,47,0,0,88152,84074,1375,1772,344,559,10,1605,224,140,46,0,86424,80890,1530,1618,434,1597,70,86424,80890,1530,1306,250,158,17,110,2163,87646,83429,1577,1813,333,443,4,0,0,0,0,0,85569,81449,1537,1520,317,756,4,1335,235,104,4,83741,79459,1540,1557,377,694,25,1359,250,63,25,58343,30264,26325,53937,26431,27506,55384,17925,33817,54480,21737,29483,43969,15728,22871,43662,15198,27028,51441,18124,30919,57747,18928,37745,56925,20651,34643,44730,15745,27980,49985,16523,32039,44834,16116,27678,45282,13663,30194,44596,13406,29860,44807,13336,30294,44584,14604,28741,44535,14550,29945,50617,16645,32778,55824,17401,37102,49608,8821,40464
95,95,107867,93672,1798,9188,2741,614,80,0,0,105787,89352,2254,9984,3893,840,261,0,0,108730,87232,2845,12283,3946,2037,103,106548,89007,2317,10842,3798,858,400,8466,2907,110,120,188,3435,109218,89872,2422,12036,3999,718,278,83422,74488,1153,5485,1947,457,50,0,0,81635,72008,1230,6256,1505,396,52,5840,1348,116,188,0,85780,71448,1871,7721,2790,1543,58,85780,71448,1871,6746,2460,169,18,224,2844,82001,71978,1283,6478,1582,382,189,0,0,0,0,0,83801,72847,1398,7291,1795,409,75,6087,1539,69,75,83335,72093,1709,7297,1775,302,51,5870,1382,21,51,56692,27613,28069,52227,22419,29808,56240,22464,29517,55643,21879,30667,49444,20297,23622,49536,19331,28954,55027,23137,29187,60265,27574,31367,60109,27540,30825,46578,24675,21147,52521,23800,26956,46637,22061,23276,46521,22225,23014,46290,21080,24048,46527,20841,24806,46395,22783,22696,46165,21473,24692,52865,24477,27040,58064,26687,29752,54071,21608,31895
96,96,117113,77394,2713,34934,1589,1130,126,0,0,112815,72082,3563,34370,1873,1918,75,0,0,108426,63229,3710,37284,2172,2349,163,110987,70767,3674,33559,1962,1630,227,30050,1482,189,51,236,4536,108003,67298,3937,34159,1874,1198,299,89509,64088,1707,22045,1191,796,102,0,0,85188,60124,1726,21519,708,1192,4,20172,527,126,197,0,84083,53771,2434,24504,1646,1734,102,84083,53771,2434,22670,1312,170,31,310,3385,85023,59342,1941,21775,831,1027,55,0,0,0,0,0,83226,57361,1928,22209,876,580,65,20715,794,69,65,80853,54312,2354,21951,903,1049,57,20556,799,97,57,49373,30922,17553,45722,28146,17576,44626,24173,17367,43964,23548,17625,36477,20200,12780,36647,19954,15661,41815,23308,16353,45162,26143,18009,44773,25874,16903,30792,19011,11183,37586,21583,14690,30687,18149,11798,30842,17938,12024,30716,17540,12429,30799,17468,12616,30657,17939,11782,30591,17913,12662,36940,21370,14565,40239,22899,16397,37399,19838,17111
97,97,96284,68090,15113,7039,6126,661,118,0,0,103607,67371,17356,10690,8334,831,50,0,0,108719,67362,19007,11339,9843,1997,128,105165,67266,17029,10914,9696,925,178,9843,8522,0,66,67,2377,109801,68506,17356,12947,10558,989,80,62471,45931,8532,4115,3802,383,64,0,0,68208,47645,9301,6584,4253,177,30,6326,3957,0,239,0,77586,50253,12295,7421,6593,1341,96,77586,50253,12295,6731,5964,68,11,240,2024,70767,48701,9560,6758,5471,195,65,0,0,0,0,0,74775,50817,9662,7735,6234,290,0,7541,5727,40,0,76658,51741,10500,7564,6588,349,0,7302,6283,43,0,36975,20402,16147,37662,18955,18707,44177,21775,19364,43442,21448,19209,36041,18356,15336,36161,18653,16555,44513,22857,19517,54056,29176,23910,53461,27795,22736,35190,18821,15757,42862,22297,19057,35423,18824,16006,35363,18097,16116,35264,18221,16291,35270,18370,16184,34968,17396,16752,35340,18922,16418,44614,23283,20059,54285,27547,25294,53269,29153,24000
98,98,104726,60171,22233,14838,7788,773,93,0,0,107843,57181,25922,16772,8664,898,121,0,0,108505,52614,27839,17951,9403,2494,115,105321,55656,25575,16406,8527,917,157,13478,6752,70,11,253,3528,106956,54271,27840,16687,8918,1502,122,74211,46337,13322,9413,5131,482,61,0,0,74264,45603,12728,10928,4715,370,6,10517,4331,74,19,0,82611,43541,18648,12604,6894,1733,72,82611,43541,18648,11551,6339,91,6,221,2214,74307,44443,13820,10913,4707,327,8,0,0,0,0,0,75772,44020,15074,11083,5037,305,8,10185,4588,55,8,75403,41411,16059,11839,5443,200,11,10859,5088,15,11,41987,26441,15016,36308,22274,14034,44847,26012,15969,44261,26324,15073,35736,21225,12246,35938,21388,13573,43458,25928,15328,50263,30997,18368,49820,29660,16752,31789,19531,11695,40021,23859,14690,31984,19292,12184,31939,18499,12463,31874,18658,12503,31855,18788,12384,31644,18071,12810,31878,19290,12588,40533,24019,15295,47762,26990,19505,46912,28714,18097
99,99,113547,100578,4185,7513,882,629,69,0,0,109606,94973,4659,8712,1127,599,34,0,0,108582,91523,5141,8427,1268,2003,196,108793,94221,4728,8400,1047,524,123,6735,627,209,82,88,2112,108420,93578,4941,7952,1222,699,149,88533,79621,2724,5275,596,467,40,0,0,85070,76381,2086,5569,607,428,14,5293,410,220,44,0,85526,73793,3405,5748,861,1488,118,85526,73793,3405,4914,663,154,48,180,2369,84489,75933,2111,5509,605,330,12,0,0,0,0,0,84497,75592,2485,5339,660,461,12,4807,456,82,12,83717,74318,2674,5136,770,860,35,4489,570,82,35,50010,21503,27477,46706,17450,29256,49623,13919,32901,49089,18651,28142,38838,10988,21834,38546,10758,26680,45992,14124,29711,51564,15216,35272,51069,16141,33616,37931,11658,25633,44030,12492,30418,37911,11144,26035,38141,9577,27637,37842,9604,27417,37993,9612,27629,37841,10679,26433,37887,10190,27697,44155,12636,30624,49247,14275,34007,41104,0,40404
100,100,116445,112265,1158,1760,540,727,69,0,0,111919,107331,1383,1805,747,732,119,0,0,108707,101168,1673,2009,835,2320,123,111193,106328,1282,1958,722,641,212,1362,441,133,151,43,1449,108105,102362,1927,2017,717,684,198,89924,87156,686,1171,357,551,39,0,0,87434,84389,855,1150,474,533,4,1055,304,177,88,0,85558,80349,1049,1274,558,1713,90,85558,80349,1049,952,326,139,24,135,2584,87183,83947,899,1260,407,545,95,0,0,0,0,0,84816,81455,1071,1214,399,563,119,1069,250,65,119,83451,79814,1082,1229,440,700,85,1077,287,41,85,56673,25268,29833,52279,19339,32940,56634,13842,39893,55385,21662,30961,46141,12634,22671,45124,12504,31159,53210,15365,34988,61242,15381,44647,60128,17758,40720,46417,13302,32158,52392,13462,37589,46573,13204,32430,46978,11040,34876,46313,10818,34218,46407,11049,34323,46210,11564,33548,46391,11930,34459,53255,13729,38414,59854,14567,44132,51591,3904,47092
101,101,115685,106949,3615,3312,1273,747,76,0,0,113608,103605,4629,3396,1668,671,335,0,0,108583,95302,5107,3786,1733,2183,146,112316,102152,4546,3516,1670,623,298,2501,1033,180,72,11,1829,109221,98154,4629,3575,1749,729,198,89437,83552,2250,2307,900,535,55,0,0,87307,81464,2487,2160,732,332,68,1913,613,165,101,0,83706,74602,3384,2432,1215,1594,99,83706,74602,3384,1896,939,131,39,279,2436,86157,80406,2318,2235,811,350,64,0,0,0,0,0,83861,77929,2471,2059,891,435,4,1831,621,64,4,81921,75135,3293,1963,985,401,14,1574,768,33,14,50450,22047,27191,46439,17149,29290,49828,14545,31599,49187,14530,31619,39629,11697,23616,39851,10558,28209,47090,14202,30541,53211,17152,34840,52800,17651,33273,39825,13790,25254,45339,14213,29690,39808,13164,25822,40057,12157,26721,39855,11929,26991,39920,12036,27004,39882,14368,24731,39632,12533,27098,46116,14746,30227,51530,16473,33792,43431,3148,38607
102,102,116358,110357,1709,3247,486,638,47,0,0,111861,104722,2163,3676,612,908,114,0,0,108586,100350,2055,3121,702,1956,98,111295,104440,1809,3615,569,1002,49,3240,310,87,3,79,1326,108752,101429,2109,3365,601,1303,95,90315,85529,1231,2758,330,517,31,0,0,87115,81837,1356,2840,337,603,14,2689,247,209,197,0,84981,78806,1424,2480,470,1419,66,84981,78806,1424,2185,286,143,14,148,1975,86819,81514,1200,2987,334,843,4,0,0,0,0,0,84731,79596,1210,2624,353,956,8,2371,266,75,8,83259,77917,1130,2114,318,1654,9,1840,208,107,9,54860,23066,30123,50424,16305,34119,52586,11531,38206,51553,14603,34204,41108,11313,25478,40841,9740,29939,49001,12035,35002,56098,12712,42451,55295,14272,39483,43037,10827,31429,48165,10799,36198,43025,10412,31824,43599,8631,33917,43056,8877,33109,43167,9019,33195,42989,10338,31733,42834,9320,33514,48965,11050,36940,54257,11889,41311,50853,7757,42703
103,103,107821,65344,7283,20092,14975,874,269,0,0,110932,63587,7845,21941,16924,831,188,0,0,108573,51555,10987,24287,20528,1987,154,110627,61624,8332,22964,17211,694,133,21092,16003,135,20,280,3144,107163,58969,7995,22653,16838,580,147,92035,58877,5612,13682,13614,673,238,0,0,82967,56206,4793,14737,6578,476,100,14078,6076,184,177,0,92420,46705,8491,17035,18983,1530,101,92420,46705,8491,15347,17665,136,21,415,3640,83027,54960,5183,15259,6922,409,20,0,0,0,0,0,79724,52552,4901,14671,6982,319,20,13779,6277,69,20,81040,51692,5935,15304,7602,374,0,14232,6857,93,0,39549,28405,10133,33787,23825,9962,44359,31154,9116,42943,28283,11918,37374,27126,8191,37573,26073,10610,41096,29372,9511,42457,32462,8660,42172,30971,8770,27698,21671,5426,35306,26580,7173,27916,21889,5501,27975,21743,5458,27787,21317,5828,27813,21191,6019,27802,22004,5237,27929,21997,5871,34619,26497,7000,40042,30638,8013,39055,30697,8076
104,104,110086,81355,5257,18077,5188,885,106,0,0,111748,77545,6319,19716,7836,603,73,0,0,108592,72894,7333,20038,6661,1968,155,112317,78433,6359,19136,8386,732,93,16939,7024,121,9,71,3344,110157,74792,7225,19227,8345,1315,68,83717,65531,3135,11179,3570,599,63,0,0,80951,62628,2801,12137,2883,390,10,11702,2573,135,90,0,84007,60346,4632,12687,4788,1441,124,84007,60346,4632,11470,4329,143,20,270,2797,81878,63674,3035,11678,3019,475,10,0,0,0,0,0,80786,61379,3598,12133,3291,796,10,11083,3047,32,10,79898,60172,3798,12072,3420,638,0,11283,3038,53,0,48072,24820,22179,43624,20686,22938,47419,21129,22900,46897,20129,24138,39034,17165,18358,39524,15822,22813,45501,20727,22664,50659,25143,24393,50509,25204,23419,36235,18796,16789,42608,20685,20551,36314,18358,17325,36413,17723,17618,36233,17181,18269,36313,17267,18315,36361,20223,15523,36251,17658,18568,42712,21117,20552,47292,23334,22577,46225,22873,23171
105,105,108867,100540,3114,2839,1901,581,70,0,0,109995,99071,3677,3855,3182,468,129,0,0,108658,96632,3967,3177,2493,1920,105,109898,98971,3738,3880,2978,444,86,2831,2496,40,0,52,1813,109684,97965,3950,3824,3194,472,26,81941,76644,1826,1944,1157,393,44,0,0,82197,76529,1921,2228,1201,300,0,2024,878,29,68,0,82923,75042,2410,2081,1626,1370,72,82923,75042,2410,1687,1362,93,14,194,2121,81904,76259,2024,2162,1004,335,0,0,0,0,0,0,82116,76096,2272,2083,1292,268,0,1796,1029,39,0,81893,75952,2384,2053,982,352,10,1849,798,34,10,52074,22009,28821,48682,17629,31053,52626,16548,31888,52110,16136,32705,42811,13698,25029,42848,13412,28358,50686,16755,31415,58024,20707,35985,57315,20700,34565,44441,15505,28047,49869,17053,31179,44669,16125,27715,44907,15118,28536,44376,13973,29286,44694,12246,31512,44350,14806,28503,44543,13395,31145,51004,17816,31928,57371,20238,35777,48683,2931,44919
106,106,114694,104931,6369,2213,742,635,48,0,0,108100,97360,7139,2065,1073,482,119,0,0,108394,94210,8091,2300,1059,2259,126,106692,94888,7753,2384,1252,486,105,1355,789,98,0,150,1650,107425,94104,9118,2295,1019,561,128,86458,80575,3687,1366,462,442,29,0,0,81873,76451,3377,1097,472,393,4,866,403,127,129,0,83277,74430,4890,1225,678,1634,80,83277,74430,4890,831,422,116,9,193,2386,80713,74907,3728,1199,396,337,0,0,0,0,0,0,81501,74921,4667,1082,434,360,14,895,231,70,14,80386,73057,5185,1331,389,303,10,910,171,33,10,50094,20891,27800,45529,16579,28950,49177,13167,32591,48498,15024,30259,38982,11010,24250,38962,10899,26938,46780,13267,31238,54109,15088,37949,53381,15785,35078,40033,12755,26480,45564,12805,31349,40089,12128,27149,40334,10762,28308,40037,11131,28069,40190,10773,28592,39894,11620,27348,39689,10586,29103,46620,13146,32348,53119,14435,37633,47589,6191,41167
107,107,110812,107257,1434,1045,593,507,58,0,0,107804,102445,1699,1800,835,1134,60,0,0,108548,101330,2482,1460,948,1786,92,107199,102338,1668,1641,819,721,114,1108,418,172,98,52,1358,108068,102376,1714,2232,1087,388,83,84918,82661,875,635,391,367,32,0,0,82684,79907,741,1090,270,617,30,895,133,207,47,0,84753,79745,1771,858,616,1283,52,84753,79745,1771,605,490,131,9,125,1877,82307,79653,762,898,419,437,85,0,0,0,0,0,82629,79994,818,976,524,294,0,800,409,59,0,82234,78705,1237,984,602,663,15,781,501,51,15,52205,20080,30707,48401,15349,33052,53080,11689,38481,52250,13864,35236,43487,10383,26743,43534,10121,32159,50336,12144,35833,56732,13260,42481,56054,14588,39864,45093,12943,31384,49666,11748,36615,45033,11621,32465,45431,10010,34211,45006,10305,33594,45168,10862,33419,44970,11615,32460,44861,10460,34401,50379,11992,37315,55346,12580,41669,49176,3324,45174
108,108,112200,107659,1318,1842,728,661,82,0,0,109521,104442,1644,2241,726,753,28,0,0,108600,100362,1762,2425,976,2287,107,108171,102390,1590,2520,835,768,23,1924,509,176,12,143,1427,108046,101429,1690,2704,888,903,14,86006,82904,845,1283,457,519,47,0,0,85327,81914,926,1649,366,472,18,1507,313,163,16,0,84960,79273,1081,1648,630,1693,74,84960,79273,1081,1288,423,179,14,150,2552,84632,80989,985,1761,387,423,11,0,0,0,0,0,84597,80611,1084,1685,456,697,4,1469,301,86,4,84229,79850,1143,2072,458,604,14,1752,277,61,14,55128,26270,27379,50751,20268,30483,55217,15963,35440,54321,20288,31122,46691,15468,22688,46200,14514,30263,52667,17278,32617,59098,18516,39360,58356,19837,36892,45388,17383,27138,50928,16320,33086,45295,15704,28459,45686,14652,29702,45249,14175,29610,45396,14292,30069,45268,15911,28388,45033,14953,30068,51592,16635,33728,57372,17394,38649,51230,9463,41206
109,109,105811,99337,2337,2625,942,677,101,0,0,105027,97377,2795,3139,1337,567,133,0,0,108548,97702,3291,3232,1477,2185,161,105060,97354,2691,2862,1397,717,152,2121,926,294,14,45,1641,108431,99931,2955,2621,1554,1141,174,80522,76102,1554,1819,600,510,58,0,0,80276,75729,1578,1979,658,303,8,1890,585,140,35,0,84166,76496,2245,2269,963,1583,91,84166,76496,2245,1933,592,167,30,213,2490,80833,76286,1565,1683,745,568,8,0,0,0,0,0,83078,78373,1641,1799,816,568,20,1640,588,154,20,82804,77423,1708,2038,738,972,16,1694,499,205,16,52503,22585,28788,49952,17805,32147,55053,14133,37120,54108,20738,30742,45028,14008,27354,44514,12875,30171,53060,16262,34518,60989,17545,42051,60294,18934,39652,46704,14253,31403,52490,14910,35982,46855,14692,31250,47150,12434,33357,46715,12230,33081,46758,12346,33187,46569,12514,32923,46692,12768,33924,53922,15695,36924,62019,18056,42448,54970,5110,48910
110,110,113971,106309,1707,4641,736,676,59,0,0,110286,101766,2102,4793,895,786,202,0,0,108564,97546,2439,4625,1108,2260,109,109629,100671,2122,4933,964,671,232,3452,587,194,40,259,2284,108720,98947,2153,4772,945,1427,198,88321,82751,1143,3468,504,502,43,0,0,85598,79682,1088,3628,447,680,15,3319,344,323,81,0,84846,76825,1692,3265,801,1728,75,84846,76825,1692,2853,587,234,2,153,2500,85031,79159,1137,3461,524,567,29,0,0,0,0,0,84092,77976,1104,3255,505,1166,64,2944,332,221,64,83138,76705,1310,2733,416,1839,25,2513,302,134,25,51563,22456,27500,45956,16294,29662,50128,10986,36720,48959,17829,28922,38934,11273,23360,38511,10183,27293,46154,12160,32313,52668,11573,40219,51900,13297,37350,40779,9653,30335,45688,9959,34701,40860,9643,30423,41273,7735,32659,40799,7842,31945,40765,7937,31939,40583,8257,31446,40644,8113,32531,46211,10082,35245,51034,10622,39519,48642,8399,40162
111,111,114389,98660,2962,11035,1114,912,99,0,0,112778,95687,3417,11802,1393,529,173,0,0,108642,86275,4410,13081,1493,2878,118,112035,94096,3754,11841,1474,580,166,9758,988,111,9,176,3139,110136,90454,4295,12894,1428,873,54,88810,78774,1826,6948,756,646,58,0,0,86729,76761,1546,7271,637,448,8,6898,529,188,117,0,85530,70317,2889,8586,1056,2201,83,85530,70317,2889,7716,701,255,21,239,3392,85841,75780,1709,7056,774,448,8,0,0,0,0,0,84856,73610,2096,7839,715,540,4,6789,471,87,4,83772,71832,2547,6386,989,1949,0,5495,610,156,0,52475,30112,21303,46132,25224,20908,50908,20420,27052,49882,26885,20209,39157,18722,16730,39234,17834,20063,46989,21506,23207,52062,22145,28733,51396,23194,26381,35321,16945,17589,43273,18677,23122,35412,16713,18001,35453,14918,19392,35243,14723,19410,35303,14910,19310,35144,14987,19155,35293,16842,18451,43107,18796,23176,49548,21150,27198,48006,21889,25905
112,112,104798,84226,4683,13088,2287,847,151,0,0,103475,78042,5519,16986,2677,1085,48,0,0,108602,76680,7403,18561,3180,2643,216,103599,77002,5955,17168,3066,1078,21,14744,2066,162,0,61,3619,107467,78157,6204,18803,2829,2328,21,81241,67354,2999,8807,1635,626,88,0,0,78684,62780,2654,11330,1225,645,20,10694,1036,218,90,0,85733,62890,4852,13437,2283,1972,142,85733,62890,4852,12355,1716,137,49,279,3455,79243,62792,3187,11191,1409,540,0,0,0,0,0,0,83676,64932,3685,12634,1430,994,4,11798,1100,83,4,84184,64384,4108,12865,1209,1410,37,11984,914,100,37,47759,26795,20071,45955,23993,21962,49778,23130,23060,48959,26517,19877,40787,21225,16819,40778,20327,19125,47736,24399,21148,53545,27872,24332,53047,27396,23743,37815,20180,16757,44915,22813,20520,37959,20548,16675,37921,19181,17561,37773,18792,17906,37779,18889,17648,37655,18872,17767,37826,20489,17326,45401,23554,20617,52213,27416,23388,50820,26656,23956
113,113,113727,73261,4788,32881,2489,928,255,0,0,107572,67451,6059,31502,2853,1198,49,0,0,108474,60112,5995,37403,2958,2451,248,106252,67596,5688,30212,2464,909,55,26893,1378,91,25,600,3970,107340,63640,5851,33505,2767,2067,138,86709,59227,3033,22368,1705,652,173,0,0,82520,55817,3096,21593,1357,481,0,20889,854,135,334,0,84452,50290,3919,26357,2147,1790,171,84452,50290,3919,24960,1401,192,69,314,3307,81789,55897,2835,21282,1322,468,0,0,0,0,0,0,82594,53058,3079,23856,1512,1348,0,22667,923,266,0,81407,51573,3072,23804,1543,2006,29,22255,978,225,29,52840,31072,20890,49269,27872,21397,50888,26401,21136,50283,29784,18070,41730,23744,15706,41476,22908,17439,48320,27284,19037,53272,30793,21291,52836,30074,20805,36189,20788,14485,44163,24845,17847,36329,21508,14076,36320,20424,14749,36192,20013,15174,36181,20154,14996,36037,20094,14964,36237,21644,14551,43953,25289,17509,49501,29007,19145,48976,30232,18740
114,114,120279,65980,2208,50378,1454,805,196,0,0,117837,65649,2549,47115,1795,733,151,0,0,108384,60998,3316,39959,2032,2160,259,118822,64589,2909,48931,1944,733,149,47430,1175,228,15,423,2045,109648,62004,2969,40872,2334,2243,76,87145,50866,1339,33761,957,556,109,0,0,87076,50919,1398,33257,858,471,20,33006,748,262,161,0,81243,48008,1935,28355,1309,1544,163,81243,48008,1935,27142,822,149,50,257,2880,88094,50294,1532,34637,794,529,14,0,0,0,0,0,81762,48998,1555,28841,852,1208,10,28283,703,317,10,80998,48448,2065,27759,957,1300,0,26826,666,137,0,57250,37655,18781,52644,33046,19598,52715,27647,22471,52027,30738,19202,41259,22139,17051,41043,21385,18672,48808,26232,20950,53674,28119,24589,53084,27422,23970,36966,18291,17802,44897,22942,20738,37191,19090,17352,37259,18137,18106,36945,17533,18447,36936,17712,18270,36801,17645,18164,37101,17882,19210,44461,22478,20979,49344,24403,23771,48624,23293,25331
115,115,113459,102716,2415,7166,601,712,75,0,0,111176,99548,2913,7077,1172,408,58,0,0,108630,95340,3063,6597,831,2128,111,110758,98934,2797,7382,1173,441,15,6607,858,130,3,87,1346,108569,96674,3130,6807,871,873,22,88522,80230,1743,5700,414,521,48,0,0,87004,78701,1567,5898,554,335,0,5798,470,107,37,0,85603,75727,2085,5066,578,1564,78,85603,75727,2085,4700,382,139,11,158,2401,86452,78020,1556,5933,618,349,2,0,0,0,0,0,84583,77020,1564,5069,433,516,17,4713,379,53,17,84371,76179,1928,5330,392,438,24,4764,270,60,24,55355,25395,28582,50834,19852,30982,54794,14571,37085,53908,22789,28916,45913,16805,24836,45240,14509,28580,52131,17085,32919,57775,16135,40622,57130,18440,37427,43539,13965,28824,49695,14359,34085,43633,14131,28716,43850,11901,30703,43380,11686,30652,43532,11811,30785,43282,12107,30260,43767,11493,32255,50045,14531,34516,55722,15194,39364,55163,13604,41559
116,116,113038,106017,1649,4065,710,754,66,0,0,110473,101989,2183,4855,1199,630,103,0,0,108536,98270,1943,4380,1227,2212,166,109717,100673,2493,4601,1229,807,117,3419,843,91,57,64,2078,108478,98686,2678,3786,1338,1625,131,87964,83293,1049,2675,466,573,42,0,0,85103,79766,1320,3036,537,443,32,2809,411,121,61,0,84490,77514,1223,2713,877,1683,99,84490,77514,1223,2284,673,191,21,109,2475,84924,79150,1586,2947,604,592,57,0,0,0,0,0,83856,78235,1673,2331,553,1005,33,2094,423,104,33,82584,77125,1165,2201,667,1276,24,1826,522,66,24,54178,22503,30065,49220,16522,32698,53144,11461,39281,51463,19015,29890,41449,11705,25361,41172,10573,29353,48508,12831,33813,54055,12060,41128,52839,13806,37708,41189,10013,30500,46803,10240,35565,41295,10069,30537,41720,7362,33508,41101,7844,32347,41167,7963,32342,40942,8225,31747,41257,7939,33316,47102,10445,35829,52199,11169,40193,50957,10300,40657
117,117,113389,105614,1808,4544,549,1048,61,0,0,108672,100168,2128,4805,728,856,189,0,0,108516,97030,2278,5151,806,2602,118,108435,99721,2099,4736,744,985,347,3540,384,246,57,53,2332,108316,98474,2181,4975,803,1426,319,88767,83223,1148,3277,371,823,42,0,0,85892,80232,1070,3659,250,569,44,3411,143,250,77,0,86060,77594,1604,3797,510,1991,90,86060,77594,1604,3329,304,273,18,142,2796,85984,80052,1113,3633,345,680,34,0,0,0,0,0,85636,79519,1180,3485,382,957,20,3183,219,155,20,85107,78467,1157,3714,385,1320,0,3374,244,126,0,54078,22025,30536,49820,16781,33039,53649,11631,39690,51972,21182,28425,44047,13751,24681,43433,11656,30524,49598,14084,33619,54514,12594,41186,53342,14967,37112,40684,11067,28967,46853,10922,34977,40813,10673,29522,41247,8122,32185,40496,8493,31094,40657,8626,31226,40364,8995,30527,40885,8413,32472,46987,11088,35124,52655,11817,40085,51447,10979,40468
118,118,118688,95276,4055,15631,2920,1273,138,0,0,114618,90431,4351,15838,3322,1119,261,0,0,108520,83352,4759,13743,3493,2853,153,112742,89014,4440,15306,3247,1199,301,13389,2540,189,26,234,2907,108276,85742,4216,13602,3187,1934,255,94864,77994,2734,11217,2254,968,87,0,0,88898,73239,2572,10969,1360,782,24,10470,994,154,67,0,86312,68007,3270,9605,2825,2211,89,86312,68007,3270,8616,2381,254,30,258,3496,87536,72005,2727,10651,1335,723,26,0,0,0,0,0,84520,69628,2553,9672,1300,1188,23,9167,1128,172,23,82916,68004,2693,9733,1501,680,18,9037,1159,40,18,53525,27833,24319,48422,24009,24413,51316,20084,27758,50278,25965,21547,42467,19602,18842,42353,18307,22735,47372,21046,24148,50190,20644,28458,49567,22062,25888,37145,16816,19690,43412,17857,24241,37237,16323,20253,37354,14426,21960,37008,14424,21685,37034,14329,21804,36884,14698,21305,37303,14264,23019,43230,17957,24300,48796,20121,27626,48124,18834,29290