ID,Label,T_10_CENS_Total,T_10_CENS_White,T_10_CENS_Hispanic,T_10_CENS_Black,T_10_CENS_Asian,T_10_CENS_Native,T_10_CENS_Pacific,T_10_CENS_BlackAlone,T_10_CENS_NativeAlone,T_19_ACS_Total,T_19_ACS_White,T_19_ACS_Hispanic,T_19_ACS_Black,T_19_ACS_Asian,T_19_ACS_Native,T_19_ACS_Pacific,T_19_ACS_BlackAlone,T_19_ACS_NativeAlone,T_20_CENS_Total,T_20_CENS_White,T_20_CENS_Hispanic,T_20_CENS_Black,T_20_CENS_Asian,T_20_CENS_Native,T_20_CENS_Pacific,T_20_ACS_Total,T_20_ACS_White,T_20_ACS_Hispanic,T_20_ACS_Black,T_20_ACS_Asian,T_20_ACS_Native,T_20_ACS_Pacific,T_20_ACS_BlackAlone,T_20_ACS_AsianAlone,T_20_ACS_NativeAlone,T_20_ACS_PacificAlone,T_20_ACS_OtherAlone,T_20_ACS_TwoOrMore,T_22_ACS_Total,T_22_ACS_White,T_22_ACS_Hispanic,T_22_ACS_Black,T_22_ACS_Asian,T_22_ACS_Native,T_22_ACS_Pacific,V_10_VAP_Total,V_10_VAP_White,V_10_VAP_Hispanic,V_10_VAP_Black,V_10_VAP_Asian,V_10_VAP_Native,V_10_VAP_Pacific,V_10_VAP_BlackAlone,V_10_VAP_NativeAlone,V_19_CVAP_Total,V_19_CVAP_White,V_19_CVAP_Hispanic,V_19_CVAP_Black,V_19_CVAP_Asian,V_19_CVAP_Native,V_19_CVAP_Pacific,V_19_CVAP_BlackAlone,V_19_CVAP_AsianAlone,V_19_CVAP_NativeAlone,V_19_CVAP_OtherAlone,V_19_CVAP_TwoOrMore,V_20_VAP_Total,V_20_VAP_White,V_20_VAP_Hispanic,V_20_VAP_Black,V_20_VAP_Asian,V_20_VAP_Native,V_20_VAP_Pacific,V_20_VAP_NH_Total,V_20_VAP_NH_White,V_20_VAP_NH_Hispanic,V_20_VAP_NH_BlackAlone,V_20_VAP_NH_AsianAlone,V_20_VAP_NH_NativeAlone,V_20_VAP_NH_PacificAlone,V_20_VAP_NH_OtherAlone,V_20_VAP_NH_TwoOrMore,V_20_CVAP_Total,V_20_CVAP_White,V_20_CVAP_Hispanic,V_20_CVAP_Black,V_20_CVAP_Asian,V_20_CVAP_Native,V_20_CVAP_Pacific,V_20_CVAP_BlackAlone,V_20_CVAP_AsianAlone,V_20_CVAP_NativeAlone,V_20_CVAP_PacificAlone,V_20_CVAP_OtherAlone,V_22_CVAP_Total,V_22_CVAP_White,V_22_CVAP_Hispanic,V_22_CVAP_Black,V_22_CVAP_Asian,V_22_CVAP_Native,V_22_CVAP_Pacific,V_22_CVAP_BlackAlone,V_22_CVAP_AsianAlone,V_22_CVAP_NativeAlone,V_22_CVAP_PacificAlone,V_24_CVAP_Total,V_24_CVAP_White,V_24_CVAP_Hispanic,V_24_CVAP_Black,V_24_CVAP_Asian,V_24_CVAP_Native,V_24_CVAP_Pacific,V_24_CVAP_BlackAlone,V_24_CVAP_AsianAlone,V_24_CVAP_NativeAlone,V_24_CVAP_PacificAlone,E_08_PRES_Total,E_08_PRES_Dem,E_08_PRES_Rep,E_12_PRES_Total,E_12_PRES_Dem,E_12_PRES_Rep,E_16_PRES_Total,E_16_PRES_Dem,E_16_PRES_Rep,E_16_SEN_Total,E_16_SEN_Dem,E_16_SEN_Rep,E_18_GOV_Total,E_18_GOV_Dem,E_18_GOV_Rep,E_18_AG_Total,E_18_AG_Dem,E_18_AG_Rep,E_18_SOS_Total,E_18_SOS_Dem,E_18_SOS_Rep,E_18_TREAS_Total,E_18_TREAS_Dem,E_18_TREAS_Rep,E_16-20_COMP_Total,E_16-20_COMP_Dem,E_16-20_COMP_Rep,E_20_PRES_Total,E_20_PRES_Dem,E_20_PRES_Rep,E_20_SEN_Total,E_20_SEN_Dem,E_20_SEN_Rep,E_16-22_COMP_Total,E_16-22_COMP_Dem,E_16-22_COMP_Rep,E_22_SEN_Total,E_22_SEN_Dem,E_22_SEN_Rep,E_22_GOV_Total,E_22_GOV_Dem,E_22_GOV_Rep,E_22_AG_Total,E_22_AG_Dem,E_22_AG_Rep,E_22_SOS_Total,E_22_SOS_Dem,E_22_SOS_Rep,E_22_TREAS_Total,E_22_TREAS_Dem,E_22_TREAS_Rep,E_22_CONG_Total,E_22_CONG_Dem,E_22_CONG_Rep,E_20-24_COMP_Total,E_20-24_COMP_Dem,E_20-24_COMP_Rep,E_24_PRES_Total,E_24_PRES_Dem,E_24_PRES_Rep
0,Un,0,0,0,0,0,0,0,0,0,0,0,0,0,0,0,0,0,0,0,0,0,0,0,0,0,0,0,0,0,0,0,0,0,0,0,0,0,0,0,0,0,0,0,0,0,0,0,0,0,0,0,0,0,0,0,0,0,0,0,0,0,0,0,0,0,0,0,0,0,0,0,0,0,0,0,0,0,0,0,0,0,0,0,0,0,0,0,0,0,0,0,0,0,0,0,0,0,0,0,0,0,0,0,0,0,0,0,0,0,0,0,0,0,0,0,0,0,0,0,0,0,0,0,0,0,0,0,0,0,0,0,0,0,0,0,0,0,0,0,0,0,0,0,0,0,0,0,0,0,0,0,0,0,0,0,0,0,0,0,0,0,0,0,0,0,0,0,0,0,0,0,0,0,0,0,0
1,1,26404,23531,542,347,148,1899,83,0,0,24670,21844,623,393,140,1639,74,0,0,23705,19954,610,339,166,2461,62,24498,21584,701,364,61,1718,105,95,35,454,105,7,1513,23886,20625,816,433,101,1804,33,19900,18120,281,161,79,1267,39,0,0,18771,17060,335,179,29,1140,0,141,4,310,4,0,18141,15662,349,182,94,1674,42,18141,15662,349,94,52,652,19,29,1284,18565,16839,374,116,20,1206,40,0,0,0,0,0,18237,16220,418,232,43,1300,30,187,25,437,30,17893,15791,405,294,118,1247,39,172,104,334,39,11862,4313,7152,10414,3538,6646,10495,2394,7562,10384,2560,7250,8418,2784,5151,8367,2409,5958,8351,2408,5624,8397,2340,6057,9956,2582,7064,11132,2601,8330,11030,2817,7643,9239,2289,6711,7780,1749,5799,7801,2213,5324,7772,2123,5649,7752,1825,5734,7771,1972,5538,7771,1937,5834,9250,2277,6790,10569,2333,8049
2,2,24073,22646,614,265,116,501,26,0,0,23225,21673,591,466,181,448,13,0,0,22863,20465,797,371,181,926,48,23078,21239,707,580,127,570,0,250,70,67,0,74,686,22992,20877,729,640,278,570,0,18199,17373,333,120,71,326,15,0,0,17541,16712,299,173,41,283,0,129,23,49,58,0,17527,15965,455,204,119,665,34,17527,15965,455,105,87,129,32,37,717,17756,16766,288,243,58,300,0,0,0,0,0,0,17822,16722,335,239,134,306,0,161,98,35,0,17763,16582,342,252,103,431,0,161,56,47,0,11333,5033,5867,10217,4112,5818,10146,2857,6649,10033,2901,6569,8718,3787,4293,8615,3065,5550,8613,3181,5063,8620,3190,5430,9957,3214,6379,11245,3257,7764,11168,3579,6976,9411,2973,6177,8176,2229,5701,8196,3166,4767,8128,2857,5271,8122,2351,5546,8127,2586,5250,8193,2677,5516,9619,3026,6395,11163,3107,7846
3,3,23636,20206,1441,988,559,462,110,0,0,23702,19316,2001,1163,791,772,82,0,0,24113,18548,2304,1401,553,1177,187,23632,19303,2029,1074,807,711,41,697,685,100,0,0,814,24133,19584,2246,1127,703,730,158,18670,16375,888,592,465,354,65,0,0,18142,15718,1007,709,185,517,0,550,170,116,104,0,18783,15076,1390,880,438,867,101,18783,15076,1390,606,332,155,89,68,1067,18099,15487,1186,652,325,491,0,0,0,0,0,0,18482,15626,1274,588,373,468,25,425,354,97,25,17961,15211,1222,517,531,312,32,379,426,113,32,8797,4331,4240,8187,3792,4195,8163,3097,4425,8145,2925,4780,7080,3619,2935,6985,3198,3787,7001,3299,3399,6994,3248,3746,8094,3412,4321,9102,3828,5015,9067,3904,4647,7482,3261,3966,6382,2642,3534,6401,3249,2943,6353,3061,3292,6353,2738,3416,6365,2817,3265,6377,2910,3467,7668,3417,4065,8812,3691,4968
4,4,23859,22216,467,612,147,454,27,0,0,23387,21342,626,722,256,508,18,0,0,23030,20376,604,782,203,916,42,23303,21273,631,662,296,456,99,448,132,36,37,36,702,23206,20936,651,721,286,617,115,17997,16951,243,398,91,322,17,0,0,17667,16391,337,456,127,355,0,409,83,83,28,0,17420,15668,331,493,139,639,28,17420,15668,331,387,94,110,8,37,785,17578,16361,278,415,175,288,25,0,0,0,0,0,17466,16180,304,416,136,349,20,398,90,31,20,17609,16141,454,449,169,336,9,309,118,26,9,11138,3679,7035,10275,3037,6977,10053,2001,7535,9962,2023,7342,8316,2563,5124,8275,2197,6078,8238,2050,5826,8237,2212,6025,9806,2268,7191,11207,2340,8663,11136,2580,7939,9443,2200,6978,8124,1578,6275,8185,2349,5476,8128,2168,5960,8109,1661,6126,8073,1766,5914,8142,1884,6258,9618,2229,7180,11089,2219,8684
5,5,23004,21316,650,441,236,405,16,0,0,23259,21044,1278,461,117,473,39,0,0,23522,20305,1195,596,299,1006,32,23138,21042,1015,442,111,499,34,136,60,78,15,91,699,23686,21164,1151,344,378,547,4,16991,15986,350,264,139,266,13,0,0,17321,16049,667,226,68,302,4,137,50,83,14,0,17912,15843,718,360,192,668,21,17912,15843,718,226,128,123,10,76,788,17438,16386,482,207,64,308,4,0,0,0,0,0,17891,16593,597,189,220,339,0,97,171,64,0,18155,16668,608,180,296,368,11,157,253,30,11,10875,4515,6097,10201,3704,6239,10411,3353,6223,11102,3303,6805,9186,4116,4302,9085,3576,5509,9106,3443,5280,9063,3738,5325,10671,3835,6234,12145,4313,7492,12115,4335,6974,10402,3943,6057,9253,3029,5881,9291,4108,4837,9220,4235,4985,9187,3072,5644,9194,3237,5370,9118,3633,5296,10800,4100,6396,12824,4408,8181
6,6,22155,20756,556,416,150,325,16,0,0,22409,20656,678,444,220,435,2,0,0,23102,20621,779,524,217,769,28,21466,19658,629,543,240,445,2,314,175,231,0,0,463,22271,20427,593,606,275,418,0,16200,15381,308,232,83,212,9,0,0,16957,15818,371,293,158,324,0,293,119,149,0,0,17395,15813,435,316,130,537,14,17395,15813,435,228,85,61,4,52,717,16278,15124,327,360,148,325,0,0,0,0,0,0,16794,15571,308,446,180,284,0,293,90,154,0,17075,15860,418,519,46,209,0,307,27,59,0,10573,3833,6498,10149,3172,6785,10306,2737,6853,10233,2566,7177,8965,3282,4934,8848,2897,5951,8829,2646,5722,8826,2841,5985,10471,3139,6891,12257,3576,8420,12217,3722,7955,10400,3303,6782,9242,2467,6479,9271,3482,5468,9199,3575,5624,9191,2463,6080,9185,2620,5932,9248,3188,5764,10836,3464,7113,12616,3724,8642
7,7,24705,21306,1150,1444,183,812,19,0,0,23777,20311,1334,1387,61,913,17,0,0,23741,19055,1368,1533,224,1613,23,23629,20148,1320,1292,93,927,20,939,33,132,0,4,1046,23303,19800,1356,1371,109,825,29,18599,16479,682,846,123,537,16,0,0,17711,15480,716,843,33,603,0,829,29,104,24,0,17649,14646,842,898,137,1091,19,17649,14646,842,668,100,255,6,22,1110,17595,15413,716,764,59,627,0,0,0,0,0,0,17344,15152,846,764,73,473,0,729,0,59,0,17281,15258,686,736,127,430,0,643,16,60,0,10486,4276,5836,9215,3481,5519,9128,2648,5936,9082,2590,5886,7434,3133,3770,7341,2508,4833,7356,2671,4431,7354,2672,4682,8731,2870,5539,9734,3138,6407,9688,3306,5890,8156,2732,5201,6898,2067,4608,6902,2778,3900,6865,2584,4281,6864,2150,4539,6850,2355,4278,6839,2335,4504,8195,2782,5242,9212,2876,6176
8,8,16534,13999,461,489,1507,100,9,0,0,23010,18731,654,708,2704,235,50,0,0,23313,17659,835,800,3509,368,46,21161,16816,561,898,2717,216,48,494,2474,0,13,18,782,22210,17477,713,846,2845,131,61,10884,9326,265,313,926,54,8,0,0,14813,12594,356,416,1227,132,6,347,1154,4,84,0,16061,12433,504,518,2269,249,26,16061,12433,504,430,2125,33,1,54,481,13809,11567,308,418,1312,111,15,0,0,0,0,0,14853,12648,423,386,1286,81,15,295,1249,10,15,15167,12621,648,568,1219,80,0,505,1105,25,0,7720,2728,4929,8649,2519,6023,10496,3978,5761,10318,3185,6763,9898,4694,4573,9784,4049,5735,9847,3966,5596,9752,4031,5721,11237,4655,6175,13484,6171,7106,13489,5882,7138,11289,5121,5872,10118,4142,5752,10147,5264,4745,10048,5294,4754,10056,4229,5703,10006,4246,5136,10131,4939,5025,11770,5487,6078,13369,6175,6986
9,9,24402,22822,603,451,156,444,13,0,0,23445,21709,645,538,137,505,48,0,0,23244,20876,749,464,208,857,49,24058,21804,1048,393,235,544,155,123,208,131,131,0,616,23615,21074,1155,538,177,640,115,18469,17458,363,277,98,309,9,0,0,17615,16619,415,217,46,251,15,163,46,65,80,0,17880,16305,483,283,126,608,30,17880,16305,483,190,97,146,3,52,604,18072,16641,733,160,112,276,60,0,0,0,0,0,17906,16224,810,248,119,414,65,236,94,161,65,17574,16052,693,394,36,368,33,348,21,77,33,11079,3858,6776,9990,3239,6500,10208,2432,7076,10108,2248,7297,8416,3162,4595,8332,2288,6044,8327,2357,5589,8283,2533,5750,9917,2655,6880,11278,2748,8319,11207,2966,7558,9540,2662,6599,8249,1779,6209,8268,2836,5080,8189,2768,5421,8169,1879,5914,8178,2204,5587,8228,2360,5702,9718,2682,6828,11022,2553,8249
10,10,23399,16791,1751,1861,1350,2087,38,0,0,23824,16492,2008,2261,1711,2051,4,0,0,23042,15371,2242,2187,1304,2240,37,24048,15840,1958,2778,2367,1804,6,1658,1890,1127,6,0,1568,23397,15874,2237,2117,2181,1738,9,19000,14142,1203,1179,1113,1617,22,0,0,18422,14024,1095,1188,684,1437,3,856,475,1128,49,0,18750,12935,1575,1493,1103,1778,27,18750,12935,1575,1113,907,1127,6,70,1017,18379,13321,1024,1791,902,1359,4,0,0,0,0,0,18440,13765,1388,1479,652,1251,0,1269,529,759,0,18739,13975,1495,1434,942,927,0,1120,754,349,0,10108,7258,2598,8933,6275,2322,8714,6077,1827,8759,6187,2127,8469,6821,1207,8312,6403,1909,8411,6672,1485,8380,6816,1564,9135,6868,1873,10269,7896,2126,10257,7774,2017,8829,6839,1676,7926,6030,1648,7971,6603,1188,7901,6670,1231,7841,6003,1596,7853,6084,1453,7822,6191,1631,8997,7071,1720,9811,7516,2142
11,11,26099,20821,1402,2149,225,1731,50,0,0,24062,19158,1617,1749,274,1335,22,0,0,23072,17074,1905,1855,220,2164,46,23429,18236,1783,1706,315,1469,16,1410,162,833,8,84,908,23243,17894,1959,1536,340,1432,8,20020,16481,876,1444,149,1179,36,0,0,17985,14982,721,1146,174,965,5,1057,160,569,19,0,17770,13749,1154,1246,164,1514,33,17770,13749,1154,1039,111,475,15,30,1197,17660,14542,830,1156,137,1002,1,0,0,0,0,0,17449,14436,926,964,103,961,0,913,44,397,0,17146,14093,884,990,78,919,61,788,18,240,61,10339,3384,6629,9106,2786,6088,8650,2075,6061,8531,2106,5754,7195,2319,4344,7193,1670,5523,7195,2008,4933,7134,2117,5017,8405,2204,5875,9724,2543,6981,9665,2548,6632,7981,2163,5612,6852,1644,4995,6948,2150,4604,6811,2098,4713,6820,1651,4982,6821,1834,4760,6840,1899,4941,8057,2178,5705,8894,2284,6450
12,12,25460,22791,851,527,136,1262,47,0,0,23785,20630,1057,678,181,1387,71,0,0,23135,19404,1041,573,238,1915,62,23462,20424,995,623,169,1364,74,352,97,487,28,22,1067,22905,19536,975,722,246,1400,57,19478,17825,490,269,91,830,26,0,0,18285,16401,577,280,132,871,20,252,107,419,28,0,17685,15319,594,300,148,1276,26,17685,15319,594,179,81,452,9,32,1019,17863,16019,569,302,137,845,13,0,0,0,0,0,17334,15433,537,355,180,855,0,304,52,306,0,17427,15409,664,252,260,954,4,169,16,298,4,11939,3099,8366,10591,2370,7973,10414,1690,8223,10339,1728,7916,8464,2137,5530,8421,1480,6941,8417,1944,6170,8364,1707,6657,10037,1811,7866,11656,2021,9448,11588,2171,8910,9882,1916,7726,8715,1355,7080,8752,2158,6269,8598,2091,6507,8666,1435,6985,8671,1671,6699,8702,1536,7166,10007,1957,7870,11251,1939,9147
13,13,25017,22333,1838,236,150,558,13,0,0,22499,20135,1235,361,124,840,9,0,0,22781,19466,1807,304,202,1033,34,22687,20184,1301,374,151,729,13,169,57,131,10,12,797,22758,19925,1663,204,75,929,13,19119,17503,1073,123,89,371,8,0,0,17075,15769,621,141,32,499,4,107,0,93,8,0,17687,15445,1200,159,131,735,21,17687,15445,1200,82,80,124,4,30,722,17282,15788,689,276,25,474,10,0,0,0,0,0,17254,15610,867,109,18,577,4,61,4,108,4,17053,15450,885,116,22,518,4,57,5,131,4,10560,3090,6938,9368,2392,6768,10075,1983,7473,9971,1766,7607,8191,2752,4697,8114,1713,6401,8106,2224,5598,8052,1993,6059,9643,2143,7125,11028,2343,8476,10995,2667,7741,9602,2283,7076,8717,1533,6918,8717,2641,5794,8641,2419,6222,8670,1654,6758,8698,1966,6336,8595,1883,6712,9680,2297,7210,10438,2162,8116
14,14,18089,15378,853,808,938,158,28,0,0,21829,18260,1292,1366,823,123,81,0,0,22977,18404,1350,1220,1417,456,28,23865,19654,1680,1378,951,93,102,946,746,33,2,17,788,25087,20556,2104,1130,936,151,96,12757,11076,508,498,584,98,12,0,0,15219,13302,587,735,486,100,0,595,422,45,4,0,16484,13535,799,766,934,321,16,16484,13535,799,655,811,59,6,38,581,15813,13748,615,805,525,64,0,0,0,0,0,0,17022,14756,910,715,524,89,0,620,459,15,0,17899,15524,944,630,617,171,0,478,462,23,0,9271,3908,5250,9941,3577,6153,11292,4418,5727,11128,3852,6727,10705,5389,4360,10583,4873,5710,10661,4629,5745,10573,4837,5736,12018,5374,6047,14155,6974,6894,14172,6743,6843,12187,5972,5796,11178,5043,5862,11214,6272,4729,11096,6364,4732,11107,5101,5820,11051,5174,5279,11193,5907,5039,12811,6503,6047,15163,7640,7271
15,15,21878,15139,4381,1820,453,277,29,0,0,22983,14393,5348,2539,708,556,42,0,0,22856,13477,6030,2045,595,770,88,22629,14774,5588,1688,589,331,25,1094,458,62,0,32,622,23117,14326,5999,2181,631,496,33,16132,11937,2710,1092,309,183,21,0,0,14168,11279,1176,1217,262,158,0,1051,214,47,59,0,17116,11067,3798,1309,394,527,57,17116,11067,3798,1086,303,61,17,97,687,14381,11752,1225,929,187,127,0,0,0,0,0,0,15118,11806,1677,1067,316,189,0,798,301,53,0,14881,11374,1858,1042,321,179,0,763,295,90,0,8049,3498,4370,7358,2916,4236,7657,2962,3951,7453,2655,4131,6631,3252,2824,6561,3108,3453,6599,2804,3544,6535,3104,3431,7620,3380,3767,8736,4216,4282,8697,4084,3986,7065,3361,3377,5811,2610,2968,5824,3134,2492,5789,3204,2585,5777,2674,2927,5752,2634,2697,5829,3045,2597,7130,3516,3375,8036,3884,3948
16,16,22126,18606,920,1056,1404,167,38,0,0,22654,19453,774,995,1343,332,10,0,0,23745,18407,1546,1404,1836,503,28,22378,18610,1125,1063,1293,469,5,851,1026,62,0,0,703,22018,17556,1251,1348,1610,302,30,17248,14726,638,743,1020,119,25,0,0,17572,15802,428,619,554,114,4,586,459,30,56,0,18924,15036,1070,1003,1390,374,17,18924,15036,1070,821,1247,52,7,52,639,17844,15632,732,720,515,164,0,0,0,0,0,0,17706,14914,956,882,775,109,10,793,616,0,10,18545,15466,1356,744,890,105,10,676,694,9,10,13054,5605,7306,12344,4672,7451,12564,5464,6020,12362,4764,7063,11842,6468,4635,11713,5773,5940,11774,5632,5834,11666,5754,5912,12928,6270,6106,14516,7697,6530,14543,7460,6459,12496,6553,5520,11146,5459,5374,11168,6591,4395,11058,6686,4372,11087,5522,5377,11023,5521,4787,11155,6338,4627,12674,6879,5529,13714,7409,6058
17,17,21653,18411,958,1103,1072,190,29,0,0,22968,19760,873,1301,1131,173,0,0,0,23226,18561,1345,1429,1243,541,29,24051,20838,1219,1084,954,144,4,678,752,23,0,0,541,24020,19881,1537,826,1679,265,57,16132,14022,592,697,723,126,15,0,0,17629,15692,503,799,506,17,0,727,448,13,110,0,18452,15048,955,981,930,415,15,18452,15048,955,819,767,78,11,72,702,18791,16997,480,709,491,32,0,0,0,0,0,0,18669,16302,616,538,1065,110,0,415,981,0,0,18161,15662,862,689,835,88,0,599,708,5,0,12561,5559,6852,12249,4942,7058,13067,5969,5859,12866,5110,7079,12132,6843,4457,11982,6087,5895,12051,5954,5727,11937,6077,5860,13282,6658,5996,14774,8098,6364,14816,7902,6293,12868,7004,5421,11537,5849,5429,11572,7013,4320,11466,7187,4279,11448,5857,5376,11412,5954,4851,11568,6737,4556,13042,7310,5460,14194,7847,6090
18,18,23087,18970,1921,1313,694,319,35,0,0,23426,19486,1799,1240,831,138,12,0,0,23693,17814,2682,1490,874,802,60,22581,18978,1502,713,1291,98,16,488,940,0,3,45,622,23228,18501,2276,1274,1022,230,12,17830,15205,1211,765,480,224,22,0,0,18137,15779,973,857,447,70,1,805,354,10,23,0,18731,14669,1762,1012,621,584,41,18731,14669,1762,806,491,84,13,57,849,17765,15666,807,500,737,80,4,0,0,0,0,0,17953,15161,1161,793,670,148,8,643,558,4,8,18460,14919,1784,931,676,148,0,745,608,0,0,12623,6109,6301,11787,5280,6220,12230,5483,5529,11998,5156,5970,10952,6050,4017,10846,5782,5064,10901,5532,4979,10817,5774,5043,12257,6172,5389,13713,7376,5990,13719,7200,5748,11653,6289,4877,10106,5256,4524,10127,6138,3698,10042,6302,3740,10032,5303,4471,10004,5231,4093,10130,5974,3824,11770,6570,4877,12944,7121,5542
19,19,21664,19238,942,637,717,168,32,0,0,23011,20433,1116,609,737,134,26,0,0,24080,20284,1274,1004,914,467,40,23978,20676,1404,712,984,200,18,515,867,100,0,0,416,24359,21189,1078,761,982,258,11,16887,15273,577,447,503,105,18,0,0,17331,16027,505,271,378,122,0,271,343,74,25,0,18388,15800,799,702,648,341,31,18388,15800,799,574,512,38,5,49,611,17847,16296,677,325,357,183,0,0,0,0,0,0,18077,16452,564,480,389,189,0,425,385,14,0,19089,17302,790,508,317,162,0,413,278,0,0,13724,6743,6824,13185,6005,6917,13665,7241,5231,13481,6080,6913,13026,8192,3939,12831,7191,5640,12934,7329,5238,12802,7352,5450,14110,8027,5528,15820,9836,5701,15871,9641,5764,14101,8707,5008,13179,7562,5312,13204,8904,4092,13070,9093,3977,13064,7643,5216,13015,7661,4599,13189,8594,4389,14508,9162,5096,15936,9951,5744
20,20,21808,19921,494,446,823,111,16,0,0,24582,22325,416,445,1251,159,7,0,0,23650,20254,841,618,1393,312,32,25555,23144,530,517,1236,69,9,365,1037,5,0,16,457,25359,22687,830,313,1275,59,8,17094,15779,309,339,565,74,11,0,0,19317,18148,266,260,518,112,0,240,454,66,4,0,18946,16503,557,476,1030,206,22,18946,16503,557,402,909,22,3,47,503,20347,19142,437,314,398,42,0,0,0,0,0,0,19857,18570,473,274,474,61,0,238,403,10,0,18620,17069,677,302,479,87,1,259,393,5,1,14853,6168,8531,14314,5270,8817,14775,6970,6700,14564,5470,8592,13671,7649,5178,13509,6628,6881,13579,6677,6579,13467,6706,6761,14833,7423,6882,16169,9009,6907,16212,8792,7021,14221,7853,6014,12798,6470,6066,12816,7832,4784,12692,8061,4631,12709,6534,6006,12668,6620,5388,12800,7444,5144,14377,8180,5974,15629,8922,6471
21,21,22874,20590,1201,463,517,198,16,0,0,23626,21296,863,780,559,153,10,0,0,23871,20219,1569,752,671,550,26,22975,20318,1224,817,559,207,6,511,327,32,3,0,563,23628,20274,1689,781,585,269,3,18271,16787,761,266,347,128,7,0,0,18602,17099,526,436,401,123,4,411,356,18,2,0,18983,16499,1058,463,450,416,11,18983,16499,1058,364,328,46,5,50,633,18140,16431,599,426,346,154,4,0,0,0,0,0,18762,16650,1068,420,323,185,0,381,210,43,0,18223,16193,954,345,508,109,4,237,388,31,4,14118,7727,6191,13007,6630,6055,13599,7668,4701,13365,6730,5998,12710,8510,3349,12525,7770,4755,12615,7762,4423,12511,7831,4680,13762,8383,4778,15164,9854,5041,15176,9802,4836,13136,8589,4143,11688,7368,4041,11715,8384,3128,11602,8482,3120,11591,7409,3974,11557,7360,3516,11707,8145,3361,13290,8901,4154,14482,9527,4753
22,22,23228,17726,2511,1962,919,339,41,0,0,23640,17438,2460,2753,846,210,88,0,0,23899,16386,3580,2355,976,780,34,24070,18241,2429,2520,717,293,46,1943,386,59,31,59,923,23544,18311,2226,1993,697,306,35,18358,14700,1601,1249,681,237,25,0,0,17703,14479,910,1740,348,166,30,1670,288,48,24,0,18874,13785,2349,1523,713,554,17,18874,13785,2349,1250,575,47,2,97,769,18076,15008,943,1527,372,190,20,0,0,0,0,0,17810,15005,992,1218,392,232,15,1087,278,8,15,17278,13920,1415,1172,534,224,0,1109,419,13,0,11739,6281,5222,10726,5480,4923,11041,5651,4292,10771,5192,4903,9952,6189,2993,9841,5985,3856,9879,5722,3723,9796,5918,3878,11037,6296,4122,12309,7500,4502,12287,7242,4208,10290,6231,3586,8709,5151,3196,8729,5874,2608,8661,5970,2691,8647,5243,3205,8613,5058,2797,8730,5800,2723,10339,6470,3561,11433,7055,4165
23,23,22676,15618,3488,2385,990,371,72,0,0,24393,16212,4188,2857,1132,466,0,0,0,24042,15458,4009,2999,1090,675,39,23895,15851,4210,3043,755,370,4,2375,554,47,4,16,840,25416,15232,4269,5359,1050,405,1,17554,12793,2298,1565,707,236,38,0,0,16688,13096,1220,1563,468,238,0,1406,411,45,85,0,18801,12965,2595,1957,844,484,28,18801,12965,2595,1644,684,48,14,66,785,16721,12703,1390,1881,462,219,4,0,0,0,0,0,17921,12689,1594,2851,603,142,4,2703,510,19,4,17729,12465,1925,2195,1035,76,0,2013,737,0,0,10528,5308,5067,9909,4777,4884,10191,5060,4128,10014,4646,4727,9422,5666,3027,9314,5360,3954,9364,5164,3841,9271,5366,3905,10444,5789,4093,11887,7131,4444,11839,6873,4262,9887,5809,3649,8456,4700,3432,8477,5518,2737,8407,5572,2835,8381,4768,3410,8366,4723,3046,8473,5316,2937,10024,6071,3660,11108,6636,4233
24,24,23066,17201,3014,1860,871,344,39,0,0,24413,17784,3725,1936,823,247,41,0,0,23314,16212,3528,2031,927,715,40,23768,17305,3353,2333,713,325,32,1745,502,121,0,16,726,23297,16311,3589,2504,678,328,41,18507,14572,1921,1197,683,238,26,0,0,18402,15088,1499,1378,276,154,3,1163,136,49,25,0,19121,14076,2390,1375,741,553,35,19121,14076,2390,1150,597,44,16,60,788,18300,14592,1688,1601,277,177,0,0,0,0,0,0,18139,14285,1672,1709,305,181,0,1508,191,44,0,18258,14320,1843,1509,414,157,0,1401,314,27,0,11136,6266,4633,10187,5473,4410,10789,5823,3872,10531,5357,4465,9657,6357,2588,9543,6180,3363,9595,5929,3248,9517,6136,3381,10832,6533,3706,12195,7853,4067,12178,7654,3761,10224,6510,3285,8776,5415,3068,8792,6148,2420,8724,6180,2544,8689,5524,2948,8673,5385,2642,8929,6058,2658,10337,6756,3301,11507,7307,3975
25,25,22788,19984,1471,696,510,209,29,0,0,22664,19683,1437,673,824,147,0,0,0,24050,19969,1910,716,876,435,45,23106,19965,1616,454,935,145,0,367,746,15,0,0,395,23998,20260,1924,530,1065,238,0,17870,16089,948,393,327,143,14,0,0,17620,15641,904,458,511,109,0,294,418,23,8,0,19119,16353,1281,461,584,317,22,19119,16353,1281,344,420,25,6,76,614,17848,15901,960,290,616,88,0,0,0,0,0,0,18691,16336,1257,330,648,105,0,278,550,12,0,19016,16710,1245,417,535,55,4,288,394,0,4,14479,7809,6456,13760,6809,6659,14132,8152,4712,13919,6856,6450,13647,9166,3546,13409,8281,5128,13527,8412,4732,13399,8354,5045,14519,8949,4993,15971,10652,5043,16064,10548,5066,14021,9321,4316,12750,8036,4453,12781,9192,3389,12630,9389,3241,12622,8081,4317,12583,8019,3880,12634,8933,3501,14233,9696,4323,15363,10323,4797
26,26,16736,14380,874,674,691,179,15,0,0,19771,16303,1284,858,1182,180,0,0,0,23543,18875,1446,1168,1266,646,24,21937,18695,1351,656,946,250,0,549,780,162,0,21,387,23849,20156,1580,843,934,279,0,11192,9837,469,361,438,112,11,0,0,13177,11336,604,462,658,103,0,443,585,54,15,0,16498,13556,864,718,803,455,15,16498,13556,864,598,690,48,2,60,680,14442,12937,490,348,531,132,0,0,0,0,0,0,16136,14379,690,369,528,173,0,370,425,2,0,17629,15545,855,298,714,199,0,294,588,5,0,7900,3080,4672,7918,2637,5108,9499,3161,5411,8529,2580,5284,8784,3964,4066,8698,3693,5005,8733,3344,5035,8666,3690,4976,10183,3986,5646,12857,5368,7204,12836,5201,6941,10794,4543,5870,9922,3844,5808,9940,4820,4878,9851,4877,4974,9831,3883,5674,9799,3901,5288,9932,4621,5097,11687,5057,6351,14841,6277,8302
27,27,19294,17075,564,449,1083,147,22,0,0,20508,17944,615,441,1433,162,19,0,0,23335,18888,950,729,2173,507,31,21703,19033,562,705,1480,132,16,244,1171,44,16,47,583,22639,19375,635,742,1740,74,0,12979,11706,277,261,643,92,9,0,0,14752,13387,259,200,756,124,20,200,743,35,9,0,16988,14150,575,475,1367,365,10,16988,14150,575,364,1225,33,7,35,599,15273,13887,235,165,755,109,15,0,0,0,0,0,16183,14615,287,237,888,64,0,234,745,21,0,16982,14890,602,154,1099,146,0,150,939,43,0,10819,3746,6957,10823,3217,7443,11816,4199,6699,11619,3383,7685,11165,4968,5446,11064,4374,6690,11132,4154,6210,11037,4366,6671,12549,4971,7082,14843,6527,8044,14843,6367,7954,12762,5526,6881,11721,4555,6889,11731,5688,5856,11630,5810,5820,11634,4613,6818,11592,4574,6267,11731,5391,6110,13412,5994,7173,15708,6953,8475
28,28,20984,17060,677,844,2330,141,34,0,0,24057,18160,1134,851,3842,151,49,0,0,23453,16828,996,963,4190,367,19,23138,17169,1340,758,3769,140,87,708,3559,21,15,29,298,22957,17184,754,570,4270,86,75,14926,12309,432,558,1578,78,17,0,0,15793,13393,661,521,1123,102,4,506,1069,9,0,0,18211,13535,657,663,2986,261,15,18211,13535,657,568,2831,13,1,65,541,15703,13038,774,540,1223,97,15,0,0,0,0,0,16068,13840,531,374,1243,65,10,375,1215,6,10,16783,13941,437,905,1431,50,4,901,1372,0,4,10899,4317,6493,10866,3631,7087,11770,4970,5930,11588,3916,7309,10881,5607,4609,10773,4921,5852,10818,4851,5682,10739,4917,5822,12037,5522,6099,13561,6929,6420,13590,6730,6456,11661,5856,5505,10365,4734,5436,10379,5789,4459,10301,5973,4328,10302,4820,5360,10248,4798,4880,10370,5539,4693,11881,6153,5549,13137,6793,6145
29,29,22196,17108,1618,1351,2013,204,29,0,0,22889,16632,1745,1688,2883,116,47,0,0,24071,16784,1889,1679,3155,463,42,24735,17089,1892,1951,3440,363,126,1564,3195,24,18,154,799,25346,17389,1999,2183,3440,312,105,17631,14132,1060,917,1432,130,22,0,0,16168,13657,730,880,828,59,4,835,779,18,25,0,19417,14070,1318,1216,2377,361,27,19417,14070,1318,1031,2203,51,18,74,652,17353,14326,645,965,1082,92,20,0,0,0,0,0,17991,14453,785,1166,1239,98,8,1082,1174,8,8,18830,14778,980,1508,1240,141,4,1390,1135,5,4,11942,5821,5968,11431,5037,6151,11913,5765,5111,11671,5049,6080,10889,6420,3726,10782,5892,4890,10849,5791,4715,10784,5958,4826,11996,6421,5044,13378,7806,5300,13388,7628,5157,11399,6566,4425,9907,5381,4257,9922,6354,3369,9842,6468,3374,9847,5502,4179,9830,5446,3714,9917,6193,3540,11520,6881,4388,12709,7610,4904
30,30,19833,14837,2525,1557,810,246,50,0,0,20535,14499,2968,1885,1244,126,4,0,0,23578,16253,3470,2009,1343,615,74,21297,14862,3067,2252,1119,140,3,2024,798,0,3,0,544,21342,15516,2714,2160,891,250,15,14082,11030,1465,943,544,164,29,0,0,13696,11138,974,983,539,44,4,916,490,0,25,0,17579,12772,2140,1287,939,460,49,17579,12772,2140,1077,789,53,15,48,685,14334,11438,976,1202,573,61,4,0,0,0,0,0,15511,12313,1374,1136,530,82,8,1051,367,2,8,15919,12640,1270,1348,518,84,14,1293,374,12,14,8849,3698,5032,8666,3216,5281,9837,4027,4921,9668,3454,5677,9180,4661,3759,9101,4282,4819,9134,4081,4796,9065,4260,4805,10417,4776,5133,12323,6179,5857,12360,6007,5756,10227,5083,4788,8975,4110,4644,8998,5050,3749,8922,5131,3791,8923,4150,4609,8892,4170,4205,8982,4785,4001,10611,5437,4923,12056,6108,5722
31,31,24414,10893,8954,3684,872,489,59,0,0,23583,10967,8510,2859,1240,301,114,0,0,23924,10087,9250,3382,856,1003,62,23363,11189,7884,2689,1496,425,89,2263,1343,75,17,29,563,23656,11093,8190,3364,926,739,101,17857,9252,5695,2153,663,328,26,0,0,15089,9358,3269,1927,298,165,10,1794,228,28,60,0,18508,8891,6306,2224,699,757,39,18508,8891,6306,1852,553,76,22,60,748,14938,9494,3248,1559,293,267,15,0,0,0,0,0,15439,9666,3518,1845,172,176,10,1630,119,126,10,15718,8477,4532,2179,211,234,22,1794,151,110,22,7255,5074,2037,6321,4345,1814,6299,4021,1753,6080,3826,1786,5720,4108,1131,5641,4201,1440,5642,4017,1372,5620,4179,1441,6549,4483,1717,7811,5452,2183,7771,5302,1948,5866,4095,1551,4521,3074,1272,4544,3375,1044,4503,3395,1108,4477,3089,1242,4487,3058,1138,4537,3357,1065,5924,4168,1611,6549,4392,2044
32,32,24004,5872,14449,2648,1096,500,40,0,0,22770,4798,13222,2282,2630,331,43,0,0,23900,4469,14764,2657,1753,816,80,23311,4739,12906,3112,2772,421,77,2605,2542,44,5,7,464,23069,4647,13482,3083,1998,738,85,16185,4911,8747,1796,708,357,29,0,0,9348,3989,3198,1541,479,166,0,1442,444,54,7,0,16430,3876,9399,1786,1110,593,44,16430,3876,9399,1553,1054,45,26,44,433,9854,4049,3483,1661,508,125,0,0,0,0,0,0,10136,3869,3735,1688,594,247,0,1514,549,24,0,10283,3593,4252,1589,590,243,0,1418,442,4,0,4276,3068,1110,3552,2548,916,3691,2534,894,3517,2314,969,3172,2356,571,3094,2365,729,3091,2271,713,3057,2350,707,3681,2650,874,4427,3239,1111,4370,3129,941,3229,2343,784,2347,1596,668,2350,1754,534,2323,1772,551,2296,1587,652,2306,1594,559,2315,1688,627,3237,2354,817,3746,2600,1084
33,33,21676,16509,2932,1636,334,435,49,0,0,22663,16209,3168,2891,234,404,5,0,0,24314,15923,4312,2699,565,914,56,23652,15469,3951,3672,317,451,6,2735,169,132,0,10,1188,23485,15430,3744,2855,1053,326,142,16029,12894,1692,1010,205,294,27,0,0,15679,12292,1314,1708,151,230,0,1522,136,73,5,0,18369,12876,2689,1747,373,674,30,18369,12876,2689,1500,318,139,12,46,789,16413,12107,1733,2176,145,263,0,0,0,0,0,0,16750,12672,1697,1725,388,216,0,1413,349,105,0,16495,11950,2212,1779,359,199,0,1518,301,61,0,8750,4561,4007,8047,3872,3960,8472,3549,4250,8196,3533,4063,7122,3775,2723,6981,3720,3261,7013,3507,3203,6925,3687,3238,8447,4030,3956,10040,4864,4944,9953,4771,4438,7978,3890,3773,6538,3000,3301,6595,3579,2809,6520,3620,2900,6458,3042,3219,6443,3001,3016,6555,3438,2939,8172,4054,3886,9546,4480,4913
34,34,20698,3992,4797,11117,800,334,66,0,0,24072,3941,8639,9972,1203,439,360,0,0,24230,4050,9704,8874,1340,819,168,22931,4265,8100,8882,935,337,257,7860,774,10,229,664,1028,22294,4508,7386,8781,1306,444,212,14293,3292,2821,7665,494,234,38,0,0,12565,3403,1850,6516,548,217,50,6213,448,64,91,0,16872,3469,5813,6433,894,593,103,16872,3469,5813,6032,823,83,81,56,515,12504,3944,1925,6067,431,131,35,0,0,0,0,0,13054,3892,2243,5945,836,204,45,5569,820,35,45,12542,3326,2763,5520,890,175,0,5100,825,25,0,7642,6669,885,6501,5689,748,5603,4571,784,5354,4218,894,4621,3794,515,4554,3911,643,4531,3782,623,4537,3897,640,5354,4381,789,6089,4990,1018,6001,4752,881,4566,3725,728,3321,2605,627,3340,2728,514,3294,2728,566,3249,2565,610,3263,2544,547,3237,2573,664,4474,3613,770,4978,3805,1087
35,35,22735,5339,3399,13460,584,396,25,0,0,23007,4853,5357,11801,997,416,17,0,0,24209,4695,7443,10657,1226,786,79,23928,4789,6333,11452,1217,446,7,10623,1180,92,7,170,736,24285,4114,8340,10440,1306,1236,29,16230,4455,1890,9493,345,265,12,0,0,14045,4107,1150,8191,353,198,4,8059,353,52,111,0,17355,3976,4510,7904,748,532,50,17355,3976,4510,7405,694,69,22,66,613,14633,4059,1529,8137,515,209,170,0,0,0,0,0,14487,3477,2301,7584,690,363,120,7129,672,62,120,14564,3585,3077,6790,752,297,151,6388,744,22,151,9834,8471,1237,8268,7077,1088,7073,5652,1100,6715,5204,1161,5737,4530,758,5648,4686,962,5612,4527,922,5592,4629,963,6632,5302,1074,7436,5968,1362,7330,5705,1176,5728,4606,954,4227,3272,813,4250,3481,634,4180,3491,689,4133,3226,788,4140,3237,689,4126,3303,823,5552,4425,999,6132,4653,1379
36,36,20348,12843,1537,5445,409,322,41,0,0,23635,13814,2560,6132,1360,288,150,0,0,23783,12739,2904,5833,1838,701,30,23774,13653,2350,6297,1721,522,155,5054,1330,20,0,22,1346,26660,14153,2916,7231,2088,857,138,15288,10220,879,3812,257,235,24,0,0,16785,10810,956,4259,463,219,0,4055,392,73,75,0,17750,10179,1771,4290,1066,508,23,17750,10179,1771,3965,984,84,16,62,689,16826,10366,1083,4452,597,179,0,0,0,0,0,0,18681,10732,1406,5400,804,295,0,4969,790,32,0,18397,10267,2086,4662,984,312,0,4184,981,41,0,10449,6270,4045,9966,5757,4060,10016,5394,3951,9675,5148,4012,9004,5589,2789,8831,5437,3394,8834,5192,3338,8724,5447,3277,10194,5885,3863,11925,6954,4753,11828,6849,4319,9682,5691,3667,8148,4467,3412,8191,5266,2728,8101,5283,2818,8027,4502,3302,7997,4679,2931,8040,4852,3188,9893,5850,3807,11299,6328,4828
37,37,22386,11663,5501,4643,435,519,75,0,0,23800,11718,6089,4788,1050,774,145,0,0,23201,9891,7233,4653,906,887,81,22977,10917,6689,4278,917,727,138,3554,619,111,0,70,1014,22745,10323,6528,4155,1295,742,10,16244,9428,3263,3083,292,329,47,0,0,15060,9283,1741,3096,484,319,0,3017,469,118,155,0,17035,8201,4553,3212,569,648,54,17035,8201,4553,2890,518,86,44,51,692,14384,8859,1803,2909,368,339,0,0,0,0,0,0,14174,8535,1763,2872,562,391,0,2745,521,73,0,14631,8408,2485,2837,588,336,0,2519,561,87,0,8272,5416,2698,7255,4691,2414,7199,4081,2592,6912,3961,2475,5958,3748,1672,5847,3868,1979,5848,3638,1965,5790,3816,1974,6968,4204,2395,8041,4884,3002,7964,4733,2595,6328,3824,2246,4974,2824,1978,4998,3205,1612,4945,3227,1718,4885,2818,1906,4877,2789,1733,4933,3045,1791,6334,3838,2309,7309,4200,2983
38,38,19601,17463,721,960,248,261,46,0,0,21742,19072,717,1133,520,490,51,0,0,23097,19293,1409,1133,520,694,55,22563,19593,1013,1231,313,500,50,776,235,135,3,10,795,23439,20049,1341,1315,369,483,45,14808,13457,408,629,155,173,21,0,0,16196,14525,449,657,267,310,0,530,244,104,39,0,17364,14935,823,712,324,481,36,17364,14935,823,549,214,76,9,44,714,17002,15237,505,793,187,327,0,0,0,0,0,0,17365,15427,673,799,254,292,0,693,180,54,0,18227,16218,1070,580,133,199,0,477,101,39,0,10365,4216,5974,10176,3696,6281,11034,3536,6756,10966,3513,6903,9835,4230,4888,9730,3824,5906,9760,3642,5791,9679,3814,5865,11380,4133,6747,13405,4825,8288,13324,4874,7733,11376,4315,6694,10181,3370,6520,10197,4556,5323,10139,4629,5510,10088,3496,6311,10075,3602,5894,10138,3878,6260,11810,4563,6971,13821,5050,8515
39,39,20556,17453,919,1258,807,208,41,0,0,21936,17345,833,2139,1408,314,6,0,0,22663,17945,1326,1671,1128,517,42,22314,18403,985,1312,1441,297,8,1002,1100,5,0,10,804,23004,19044,1153,1722,1043,212,5,13768,11948,521,703,491,129,19,0,0,15449,12669,386,1174,978,237,0,1116,851,0,4,0,16239,13143,855,1040,795,322,30,16239,13143,855,894,624,36,2,48,637,15801,13411,522,601,971,237,0,0,0,0,0,0,15967,13906,605,680,615,88,0,675,470,14,0,16526,14088,1047,823,385,82,0,811,320,6,0,10583,4358,6098,10227,3720,6321,11070,4398,5650,10902,3869,6434,10115,5123,4251,9993,4575,5418,10031,4369,5337,9945,4578,5367,11489,5090,5860,13428,6391,6745,13395,6182,6643,11301,5425,5489,10007,4483,5276,10026,5465,4351,9929,5608,4321,9921,4487,5219,9862,4498,4785,10024,5212,4518,11715,5796,5666,13568,6656,6682
40,40,23205,17195,1357,3805,652,378,80,0,0,23803,16714,2143,4122,953,516,28,0,0,23973,16872,1812,3826,749,901,122,24407,17400,2249,4022,974,441,85,2942,510,154,3,40,1108,23226,17782,1588,3135,497,665,14,17799,13360,923,2869,446,252,39,0,0,18550,13527,1388,2879,424,345,4,2455,349,85,88,0,18632,13530,1180,2839,503,619,84,18632,13530,1180,2512,339,102,38,66,865,18710,13943,1341,2769,445,274,4,0,0,0,0,0,17665,14030,974,2156,189,376,4,1794,124,86,4,16925,12543,1238,2330,308,336,119,2021,229,36,119,8836,3899,4781,8391,3440,4775,8523,3229,4542,8548,3098,4936,7331,3461,3262,7308,3242,4066,7318,3105,3917,7279,3285,3994,8629,3600,4545,10078,4346,5412,10081,4294,5072,8383,3671,4354,7257,2828,4208,7276,3638,3369,7226,3667,3559,7226,2905,4078,7199,2992,3760,7235,3222,4013,8611,3847,4497,9896,4260,5413
41,41,22387,16117,1948,3438,650,522,131,0,0,23260,16720,2317,3627,546,518,242,0,0,23430,16108,2037,3649,702,968,138,22820,16349,1998,3628,765,755,213,2801,447,94,63,79,989,23535,16275,2056,3850,797,679,104,16365,11964,1323,2449,393,397,69,0,0,16990,12429,1470,2519,237,255,65,2460,182,123,43,0,17523,12337,1381,2610,405,713,87,17523,12337,1381,2323,269,267,45,61,840,17067,12379,1368,2507,403,305,55,0,0,0,0,0,17665,12613,1308,2924,417,339,10,2525,264,78,10,17665,12693,1289,2871,398,422,21,2432,286,123,21,6514,3153,3196,5771,2546,3065,5759,2076,3128,5754,2065,3269,4767,2263,2047,4761,2171,2590,4754,2036,2453,4743,2176,2567,5716,2347,3049,6828,2840,3762,6774,2819,3423,5434,2335,2866,4569,1807,2587,4578,2295,2066,4557,2315,2242,4529,1843,2480,4527,1913,2284,4553,2059,2494,5592,2443,2962,6501,2624,3718
42,42,21451,19763,702,361,174,530,25,0,0,23182,20525,1192,816,243,489,0,0,0,23075,19795,1183,682,320,1036,46,22880,19860,1627,760,375,537,0,271,286,221,0,0,618,22858,19150,1839,838,464,931,4,15621,14624,391,204,98,338,13,0,0,16785,15327,551,458,92,333,0,360,92,211,0,0,17279,15181,671,384,196,719,34,17279,15181,671,277,122,145,13,30,840,16520,14893,800,391,111,288,0,0,0,0,0,0,16796,14837,1202,260,109,323,0,166,57,112,0,17886,16246,918,238,109,289,4,136,52,69,4,9973,4302,5413,9259,3628,5377,9972,3367,5739,9939,3539,5781,8823,4221,3847,8744,3800,4944,8779,3774,4664,8728,4002,4726,10234,3989,5693,11999,4467,7191,11974,4510,6626,10184,4081,5682,9099,3272,5515,9114,4331,4428,9060,4389,4671,9031,3364,5321,9017,3465,5001,8111,3293,4818,10557,4260,5993,12188,4400,7548
43,43,19855,17101,1159,929,439,273,20,0,0,22343,18785,1383,1284,558,434,12,0,0,23744,18506,2119,1554,602,865,76,22959,18770,1469,1825,679,378,14,1361,452,80,0,0,825,24451,19363,1538,2184,949,530,25,13821,12135,662,593,272,175,7,0,0,15166,13188,775,639,240,307,0,493,195,78,13,0,16540,13336,1261,906,352,550,46,16540,13336,1261,764,259,79,19,80,742,15991,13654,725,1096,247,259,0,0,0,0,0,0,16710,14241,882,865,376,309,0,827,345,54,0,17181,14320,1495,968,144,243,15,879,68,32,15,7602,3014,4456,7871,2748,4911,8634,2706,5014,8459,2283,4856,7286,3219,3410,7207,2994,4213,7231,2756,4150,7172,2989,4183,8869,3239,4947,10875,4193,6333,10808,4061,5853,8659,3373,4856,7280,2646,4361,7313,3358,3735,7238,3382,3856,7251,2660,4337,7219,2672,4025,7303,3218,3870,9102,3630,5156,11162,4169,6763
44,44,23585,19263,1206,1328,1265,746,39,0,0,26005,19985,1269,1622,2383,940,90,0,0,24346,18079,1694,1830,1747,1227,49,26680,20938,1634,1066,1816,935,125,569,1695,432,0,177,1233,25922,19660,1875,1406,2045,773,124,19049,15972,824,874,987,498,25,0,0,19565,16034,877,1105,899,543,0,1089,776,392,121,0,19733,15006,1252,1256,1446,902,39,19733,15006,1252,908,1217,325,14,84,927,20404,17301,918,592,797,613,0,0,0,0,0,0,19785,16282,1004,933,931,474,0,663,758,187,0,18962,15178,1104,1080,870,664,4,790,533,252,4,12778,8277,4276,11438,7115,4020,11712,7869,2953,11783,7418,3927,11656,9092,2001,11425,7852,3573,11564,8697,2605,11525,8810,2715,12283,8689,3141,13566,10021,3232,13582,9881,3181,11771,8771,2656,10642,7581,2805,10688,8586,1954,10565,8702,1863,10533,7511,2774,10508,7717,2387,10474,7731,2743,11932,9046,2663,12742,9582,2984
45,45,17294,14532,769,871,837,372,32,0,0,22328,18010,1317,842,1682,486,23,0,0,23558,18322,1423,1512,1470,949,34,22652,18137,966,1291,1571,740,0,851,1417,89,0,259,937,22373,17499,944,1769,1411,718,0,13134,11257,505,577,588,249,26,0,0,16192,14269,484,609,507,321,0,550,471,138,9,0,18484,14795,974,1024,1059,673,21,18484,14795,974,748,883,197,5,67,815,16256,14197,392,677,538,393,0,0,0,0,0,0,16690,14086,467,1072,579,416,0,754,395,14,0,17781,14383,742,1137,1019,470,5,778,504,35,5,9447,5644,3651,9198,5222,3761,10618,6513,3258,10689,6094,4207,11023,8096,2374,10819,6751,4068,10918,7583,3080,10881,7705,3176,11766,7712,3641,13707,9470,3942,13706,9343,3923,12086,8470,3289,11466,7641,3565,11539,8840,2512,11437,8961,2476,11346,7593,3486,11341,7841,3117,11310,7840,3470,12612,8973,3411,13891,9607,4066
46,46,24125,19447,1250,1439,1447,794,56,0,0,24550,19148,1945,1902,1278,754,21,0,0,23753,17736,1838,1877,1305,1108,57,24214,18581,1914,2116,1256,696,30,1437,1036,283,0,135,829,23784,18118,1774,1879,1315,1083,37,21706,17927,1009,1080,1278,563,48,0,0,20931,17186,1530,1285,475,511,1,1030,365,303,8,0,20942,16029,1431,1442,1170,840,42,20942,16029,1431,1066,873,306,22,104,1111,20997,16917,1587,1393,591,508,0,0,0,0,0,0,20593,16532,1372,1333,672,612,8,1047,405,212,8,21241,17116,1317,1213,743,718,15,969,516,306,15,10021,7924,1841,7651,5967,1369,7569,5919,972,7611,6034,1220,7646,6715,605,7505,6389,1116,7608,6633,777,7574,6703,871,7881,6538,1041,8465,7120,1165,8480,7042,1089,7207,6132,864,6282,5334,820,6325,5679,554,6274,5715,559,6234,5296,779,6232,5352,698,6253,5451,802,7247,6236,886,7752,6554,1082
47,47,23433,21987,487,239,136,645,18,0,0,23213,21300,655,303,150,857,18,0,0,22746,20236,745,330,175,1105,54,23612,21442,687,355,230,910,19,157,30,339,5,101,853,22725,20575,756,398,184,793,0,17744,16879,274,113,81,419,13,0,0,17969,16749,413,152,64,600,7,135,44,277,4,0,17473,15819,432,189,117,771,32,17473,15819,432,114,67,237,24,36,744,18451,17149,403,158,175,571,4,0,0,0,0,0,17835,16617,384,174,174,560,0,129,51,196,0,17402,16206,373,195,199,440,4,123,48,162,4,11085,4410,6366,10331,3917,6151,10783,3474,6546,10854,3375,6957,9984,4538,4460,9852,3488,6364,9867,4311,5210,9843,3925,5918,11089,3993,6595,12548,4420,7826,12546,4576,7302,11008,4167,6492,9953,3017,6644,9987,4592,4982,9886,4419,5467,9844,3233,6253,9843,3602,5735,10765,3687,7078,11300,4271,6750,12788,4214,8329
48,48,21673,17667,814,852,2230,145,38,0,0,23612,17128,1383,1116,3880,128,27,0,0,23506,16626,1308,1152,3877,416,50,24672,17339,1569,1434,4148,157,10,1067,3980,101,10,32,576,24588,17754,1251,1059,4311,204,38,15096,12536,501,553,1430,94,19,0,0,15445,12671,614,634,1408,66,20,578,1364,29,10,0,17567,12966,828,752,2638,289,31,17567,12966,828,608,2495,32,14,58,566,16211,12868,774,753,1668,135,10,0,0,0,0,0,16651,13341,617,589,1918,150,4,544,1887,67,4,16541,13374,874,408,1723,123,0,388,1695,57,0,11144,4346,6704,11013,3855,7000,11464,4875,5625,11268,4099,6684,10657,5635,4319,10554,4984,5570,10604,4933,5326,10534,5013,5521,11860,5606,5780,13610,7157,6249,13629,6889,6236,11517,5952,5230,10150,4811,5108,10191,5953,4107,10104,6036,4068,10100,4999,4977,10058,4936,4501,10169,5658,4362,11746,6295,5244,12839,6905,5735
49,49,22456,17980,1345,1219,1804,191,44,0,0,22950,18121,1338,1348,2082,121,37,0,0,23860,17484,1715,1599,2416,547,49,22667,17177,1225,1636,2497,178,23,1461,2203,1,9,0,588,22255,17061,1167,1679,1895,395,51,15177,12420,798,710,1142,123,30,0,0,15708,13020,645,717,1245,40,4,664,1096,0,11,0,17638,13370,1117,1026,1658,368,35,17638,13370,1117,845,1507,33,19,66,681,16145,12798,628,1048,1595,83,8,0,0,0,0,0,16249,13162,714,942,1180,215,4,837,1171,19,4,17168,13657,955,1154,1150,231,5,948,1140,36,5,10897,4385,6385,10655,3754,6714,11224,4531,5682,10967,3919,6463,9986,5134,4144,9874,4734,5140,9940,4344,5342,9849,4639,5210,11362,5225,5607,13061,6617,6173,13075,6451,6044,11002,5482,5141,9555,4444,4867,9595,5377,4034,9485,5446,4039,9500,4454,4885,9449,4500,4375,9576,5165,4220,11268,5816,5198,12854,6566,6029
50,50,22490,20571,955,448,185,447,23,0,0,22885,21184,998,322,84,247,3,0,0,23076,20092,1108,541,282,1028,39,22922,20648,1160,425,326,416,0,238,68,102,0,16,691,22476,20126,890,489,374,580,0,16399,15316,525,210,103,287,15,0,0,17026,15982,597,224,32,201,0,215,3,86,0,0,17361,15478,676,283,178,692,22,17361,15478,676,164,104,160,9,36,734,17188,15676,689,309,176,323,0,0,0,0,0,0,16740,15246,596,312,209,394,0,201,134,101,0,17474,15574,727,447,199,492,0,259,127,140,0,12052,4583,7230,11369,4220,6901,11865,3732,7084,11724,3364,7870,10982,5397,4671,10849,3319,7530,10831,4731,5781,10748,3566,7182,12070,4275,7223,13448,4798,8291,13421,5034,7741,11830,4547,6859,10762,3199,7252,10824,5341,5166,10705,5107,5598,10627,3559,6733,10641,4140,6074,10272,4098,6174,12097,4696,7102,13342,4641,8425
51,51,20211,18372,771,475,322,352,23,0,0,21251,18864,1031,583,616,254,33,0,0,22839,19533,1388,697,450,778,51,21415,19023,1141,587,452,310,21,450,341,146,3,6,307,22358,19486,1494,681,366,578,49,14901,13848,440,228,193,216,15,0,0,15062,14102,452,154,190,156,4,110,157,99,4,0,16750,14753,791,365,269,493,34,16750,14753,791,278,163,70,22,33,640,15331,14292,527,229,106,163,4,0,0,0,0,0,16050,14602,687,333,163,243,4,326,59,31,4,16255,14488,892,344,189,310,30,301,55,36,30,9480,2961,6271,8977,2687,6049,9791,2594,6338,9878,2087,7256,9026,3773,4230,8900,2631,6269,8900,3218,5281,8838,2575,6263,10203,3100,6565,11861,3704,7825,11847,3831,7410,10324,3491,6477,9501,2409,6817,9537,4172,5033,9417,4050,5367,9379,2719,6301,9384,3224,5746,9434,3032,6402,10697,3665,6765,11933,3759,7914
52,52,22224,19021,1151,1057,784,328,32,0,0,22948,19553,1258,774,1087,324,0,0,0,23602,19008,1577,1373,1055,644,44,23402,19664,1494,879,893,328,0,709,823,165,0,214,333,23159,19672,1254,911,992,212,28,16905,14868,689,671,525,214,15,0,0,17215,15324,760,578,417,147,0,525,386,90,1,0,18247,15214,987,843,721,463,27,18247,15214,987,669,636,117,4,28,592,17346,15149,760,718,601,120,0,0,0,0,0,0,17410,15266,697,708,611,86,0,622,540,29,0,17547,15130,830,756,544,221,2,657,480,7,2,12975,5296,7526,12280,4726,7347,12886,5177,6568,12772,4328,7982,12142,6645,4679,12030,4284,7746,12040,5865,5860,11948,4773,7175,13078,5630,6908,14312,6687,7323,14371,6730,7161,12675,6007,6286,11552,4436,6829,11597,6536,4865,11472,6475,4997,11431,4673,6485,11453,5314,5743,11517,5536,5981,12875,6263,6379,13968,6695,7058
53,53,22585,18293,1522,1989,548,516,45,0,0,23916,19173,1729,2188,681,355,0,0,0,23144,16949,2237,2651,768,903,48,22507,17152,1678,2217,599,374,0,1578,428,26,0,856,787,22503,16856,2504,1845,710,463,0,18167,15386,923,1205,394,333,28,0,0,18356,15680,1004,1202,260,229,0,1150,220,54,4,0,18712,14533,1446,1656,566,634,31,18712,14533,1446,1285,474,128,16,58,772,17635,14999,969,1251,232,193,0,0,0,0,0,0,17805,14668,1340,1151,322,306,0,1032,299,79,0,16914,13569,1500,1074,321,458,23,863,296,77,23,11847,5793,5831,10712,5298,5201,10693,5031,4639,10565,4492,5587,9825,5926,3081,9712,4343,5369,9728,5526,3875,9672,4681,4991,10699,5428,4746,11748,6407,5049,11725,6386,4767,10200,5572,4243,9058,4174,4591,9083,5761,3078,8997,5666,3331,8953,4427,4233,8975,4901,3671,9021,5098,3923,10271,5733,4283,11138,6048,4874
54,54,22347,20612,773,510,141,382,20,0,0,21830,18878,806,1705,367,266,32,0,0,22912,19831,1221,779,248,842,28,22030,19290,1137,1143,425,239,81,754,130,21,0,0,689,22096,18935,1416,1259,231,291,25,16665,15697,402,257,76,253,10,0,0,16323,14830,373,685,198,186,0,623,164,18,43,0,17299,15473,683,374,145,565,15,17299,15473,683,235,83,103,5,35,682,16518,15143,468,459,189,179,0,0,0,0,0,0,16567,15152,628,491,108,205,0,368,12,54,0,16515,14998,827,323,93,280,0,203,15,43,0,11619,4286,7028,10717,3836,6605,11021,3264,6834,10944,3058,7249,10001,4361,4572,9925,3079,6846,9897,4088,5424,9807,3232,6575,11054,3671,6815,12352,4056,7987,12305,4243,7343,10854,3843,6635,9772,2682,6757,9799,4294,5197,9710,4119,5591,9665,2916,6378,9678,3339,5916,9734,3550,6184,11037,3917,6835,12087,3850,7983
55,55,24485,17876,2977,3005,341,786,46,0,0,23080,16893,2985,2128,499,979,76,0,0,23517,15963,3495,2943,348,1244,77,23536,17393,2887,2209,510,811,36,1447,403,306,0,93,1009,23784,17785,2911,2231,423,502,53,18735,14533,1755,1913,245,513,31,0,0,17881,14070,1546,1538,141,533,0,1433,87,238,89,0,18308,13260,2186,1905,259,856,50,18308,13260,2186,1492,145,185,24,101,915,18015,14417,1453,1459,123,502,0,0,0,0,0,0,18130,14810,1548,1275,164,322,4,1065,129,132,4,17681,14333,1877,1019,149,214,49,757,80,63,49,10763,6278,4234,9286,5499,3501,9176,4999,3132,9050,4704,3817,8394,5709,2074,8297,4571,3726,8326,5361,2613,8276,4861,3415,9128,5367,3260,9912,6135,3485,9938,6075,3275,8509,5310,2856,7453,4221,2961,7483,5247,2020,7409,5198,2211,7397,4376,2753,7389,4729,2359,7429,4846,2583,8532,5401,2902,9166,5552,3404
56,56,23338,18164,1734,2622,601,552,48,0,0,24535,18790,2300,2344,620,706,28,0,0,23535,16678,2457,3193,610,1012,67,24320,17428,2644,3147,617,712,68,2300,406,299,1,19,1227,25644,17799,2905,3614,775,857,80,18154,14752,1075,1701,426,350,24,0,0,18700,15299,1197,1376,344,438,0,1224,285,206,34,0,18373,13819,1506,2050,443,709,36,18373,13819,1506,1604,323,146,15,54,906,18243,14664,1230,1578,313,461,4,0,0,0,0,0,19294,15185,1363,1974,376,387,4,1561,221,61,4,18760,14702,1346,2149,313,230,0,1597,173,0,0,11454,5733,5517,10324,5131,4980,10540,4827,4708,10373,4413,5502,9572,5691,3088,9490,4148,5342,9478,5372,3806,9415,4559,4856,10542,5271,4733,11662,6267,5061,11624,6269,4699,10064,5461,4202,8841,4142,4447,8872,5660,3007,8795,5559,3236,8730,4383,4075,8750,4848,3529,8807,4964,3843,10144,5653,4244,11138,5984,4938
57,57,24311,14786,5720,3252,184,1002,34,0,0,22738,12411,6293,3495,140,978,24,0,0,23487,13518,5838,3150,228,1366,78,23519,13503,5976,3543,189,673,29,2883,75,146,0,4,929,23615,13775,5752,3528,207,831,62,17792,11806,3432,2060,123,634,20,0,0,16134,10230,3028,2346,41,553,0,2124,37,177,67,0,17858,11146,3796,2079,146,946,47,17858,11146,3796,1698,87,243,28,56,804,17031,11192,2989,2382,65,478,0,0,0,0,0,0,17270,11280,2839,2468,31,633,0,2089,18,145,0,18214,11899,3341,2330,52,573,0,1844,29,198,0,8214,4788,3223,6997,4215,2591,6839,3429,2759,6741,3274,3102,6156,3849,1680,6097,3246,2851,6094,3745,2068,6089,3360,2729,6860,3728,2754,7761,4339,3215,7723,4305,2856,6437,3663,2512,5503,2745,2527,5529,3649,1706,5480,3509,1971,5451,2912,2319,5442,3168,2010,5478,3248,2230,6491,3723,2583,7249,3831,3256
58,58,24270,12997,4614,6331,254,930,39,0,0,23678,11844,5821,5592,151,648,119,0,0,23516,11054,6177,5488,339,1308,54,22713,11494,5706,5179,206,631,160,4300,53,179,43,26,918,22961,11010,6301,5325,342,630,134,17069,10256,2555,3875,152,570,27,0,0,16109,9619,2670,3467,72,309,35,3236,47,139,35,0,17051,8951,3706,3624,233,925,37,17051,8951,3706,3037,145,192,16,49,955,15529,9236,2622,3274,93,368,45,0,0,0,0,0,15506,9069,2715,3323,135,180,0,3240,68,56,0,15480,9244,2340,3324,181,214,0,2799,73,47,0,9443,5818,3436,8320,5188,2961,7671,4349,2666,7549,4120,3086,6858,4644,1649,6803,3911,2892,6805,4425,2142,6770,3968,2802,7640,4603,2679,8587,5389,2991,8537,5289,2686,7049,4367,2427,5885,3140,2545,5931,4057,1700,5876,3988,1888,5839,3381,2285,5836,3614,1979,6317,3866,2451,7067,4436,2447,7753,4707,2891
59,59,22924,20999,847,527,146,531,11,0,0,22498,20470,895,550,198,497,8,0,0,22916,20020,1057,630,192,935,27,22620,20474,1000,574,252,438,7,153,86,60,0,27,819,22819,20454,979,623,173,466,11,17021,15883,481,289,90,323,4,0,0,16939,15717,481,294,131,296,0,175,86,98,19,0,17604,15631,709,392,138,674,17,17604,15631,709,244,76,141,4,39,760,17104,15787,545,305,141,310,0,0,0,0,0,0,17235,16019,449,347,68,347,0,109,56,48,0,17463,16152,678,256,26,366,5,102,13,105,5,10417,3918,6233,9649,3266,6101,9629,2541,6304,9528,2390,6530,8184,3323,4147,8074,2574,5500,8078,2582,5199,7980,2801,5179,9516,2871,6175,10914,3257,7386,10831,3250,6832,9385,3070,6000,8336,2212,5845,8352,3385,4679,8278,3342,4936,8243,2339,5595,8228,2544,5232,8328,2913,5087,9649,3163,6234,11139,3253,7661
60,60,23546,17048,4613,959,827,375,26,0,0,23985,16785,5274,931,981,410,33,0,0,22790,15405,5158,854,648,773,25,23895,16307,5597,1086,1020,658,23,594,593,65,0,8,737,23034,15698,5307,946,924,675,0,18335,14114,2749,667,663,260,16,0,0,17078,13662,2332,552,286,272,0,449,178,80,33,0,17962,12803,3430,606,498,572,18,17962,12803,3430,450,418,76,3,169,613,17323,13565,2590,651,331,258,0,0,0,0,0,0,16756,13152,2342,701,330,320,0,442,152,74,0,16521,12627,2674,615,330,311,0,344,176,42,0,8830,4300,4307,7964,3646,4123,8235,3472,4004,8260,2793,5048,7364,4169,2342,7277,3396,3881,7296,3845,3163,7207,3429,3778,8322,3833,4029,9456,4605,4572,9425,4645,4244,7810,3857,3664,6652,2751,3685,6711,3938,2556,6609,3787,2822,6538,2975,3338,6551,3216,2936,6684,3471,3213,7937,3993,3734,8823,4198,4435
61,61,20760,17801,1035,565,230,1302,39,0,0,22486,19075,1505,705,181,1267,27,0,0,23108,18332,1729,858,365,1939,79,22951,19433,1523,688,262,1241,23,507,87,785,9,17,595,23012,19237,1704,824,231,1011,15,14615,12914,545,237,132,837,15,0,0,16012,14232,674,305,84,714,15,221,63,557,4,0,16689,13764,976,509,220,1217,46,16689,13764,976,366,124,654,32,55,718,16289,14377,645,302,124,797,13,0,0,0,0,0,16320,14389,651,492,61,634,0,398,46,477,0,16170,14301,806,237,98,628,10,189,51,410,10,9252,2848,5973,8472,2439,5717,9032,2084,6306,9009,1760,6851,8294,2930,4434,8209,2141,6068,8190,2594,5275,8125,2137,5988,9274,2492,6385,10871,3020,7583,10839,3089,7169,9318,2689,6326,8399,1719,6423,8432,3077,4905,8348,3006,5342,8296,1964,6041,8289,2357,5583,7969,1894,6075,9662,2822,6594,10961,2895,7862
62,62,23591,21494,464,312,98,1336,21,0,0,23386,21014,735,388,160,1309,10,0,0,23099,20342,682,397,186,1521,61,23242,20809,762,402,108,1343,11,135,38,938,4,2,550,23296,20554,802,518,130,1478,0,17513,16213,251,181,70,843,8,0,0,17233,15811,400,191,65,797,5,121,20,623,18,0,17300,15565,377,217,110,980,44,17300,15565,377,130,59,602,17,31,519,17139,15708,393,179,47,815,5,0,0,0,0,0,17095,15644,388,205,70,833,0,137,50,559,0,16990,15571,309,270,57,793,3,217,57,501,3,11810,3311,8005,10656,2526,7906,10796,1916,8259,10823,1741,8658,9482,3079,5243,9370,1955,7415,9351,2667,6421,9283,2070,7213,10583,2207,7984,12045,2430,9369,11995,2723,8697,10510,2401,7796,9427,1442,7720,9450,2984,5634,9346,2723,6623,9228,1707,7254,9234,2156,6622,9731,2420,7311,10635,2460,7940,11696,2312,9185
63,63,24869,22434,548,1387,128,426,21,0,0,23952,21274,709,1593,189,347,16,0,0,23858,20539,787,1530,223,640,71,23826,21105,715,1444,237,371,94,868,80,64,0,18,976,23810,20845,755,1387,278,353,125,19001,17442,327,865,81,301,19,0,0,18550,16715,476,1044,142,184,0,802,53,28,4,0,18605,16292,567,1024,165,461,42,18605,16292,567,847,100,124,17,34,624,18430,16630,471,964,118,241,0,0,0,0,0,0,18585,16710,430,940,118,277,0,772,48,35,0,18393,16581,509,856,71,304,11,690,41,23,11,10863,4356,6163,10077,3469,6331,9953,2576,6655,9809,2519,6833,8071,3196,4257,7899,2660,5239,7968,2585,5114,7934,2664,5270,9646,2838,6411,11149,3045,7882,11061,3106,7215,9357,2717,6328,8124,1818,6095,8124,2833,4702,8068,2767,5301,7982,2031,5696,8037,2213,5487,8095,2329,5766,9458,2748,6495,10832,2827,7810
64,64,22901,20392,1009,971,315,302,61,0,0,22898,20111,1380,823,372,366,51,0,0,23186,18671,1831,1565,599,537,58,21966,18926,1323,975,372,483,57,899,251,103,33,4,422,21843,18738,919,1209,432,297,78,17218,15664,566,614,202,190,31,0,0,17604,15638,898,633,194,236,17,595,142,83,30,0,18757,15026,1514,1331,492,376,33,18757,15026,1514,1200,385,107,15,41,469,17474,14967,1087,828,239,336,22,0,0,0,0,0,17477,15044,789,1075,267,270,7,1047,217,123,7,17423,14679,1299,943,221,220,5,916,203,88,5,9167,2410,6454,8413,2022,6212,8768,1788,6386,8793,1243,7177,7602,2607,4094,7506,1711,5795,7494,2127,5084,7422,1694,5728,8613,2008,6247,9673,2299,7122,9631,2399,6729,8410,2162,5982,7450,1276,5954,7462,2528,4639,7403,2456,4947,7382,1505,5648,7403,1693,5426,7414,1498,5916,8505,2217,6082,9416,2161,7046
65,65,20879,12060,2542,5085,1225,450,281,0,0,21424,11809,3491,4962,1134,384,318,0,0,23511,12708,3591,5360,1440,869,461,21547,11789,3961,4717,1155,367,232,3674,567,108,156,0,1291,23474,13189,3926,5011,1290,472,551,14236,8736,1418,3171,812,278,156,0,0,14217,8250,2061,2938,545,240,133,2842,396,156,69,0,16264,9228,2203,3474,933,525,274,16264,9228,2203,2885,600,99,189,57,1003,13902,8018,2339,2723,560,203,78,0,0,0,0,0,14944,9016,2168,2745,619,235,120,2533,414,91,120,14056,8813,2002,2195,561,252,149,1914,316,69,149,5417,2423,2879,5106,2222,2807,4986,1918,2731,4962,1545,3200,4181,1924,1806,4148,1721,2427,4159,1894,2134,4118,1800,2318,5167,2102,2821,6526,2805,3536,6469,2778,3233,4993,2173,2653,4088,1447,2502,4104,2154,1818,4052,1958,2094,4056,1589,2320,4032,1678,2125,4045,1738,2307,5234,2296,2799,6342,2634,3566
66,66,26453,21289,1454,1733,1849,322,66,0,0,26900,20214,2081,2246,2181,378,83,0,0,24145,17768,2179,1831,1692,587,165,26458,20198,1531,2172,2423,484,38,1359,1923,72,11,0,1360,25849,20383,1577,1672,1994,384,121,24160,19838,1177,1306,1690,258,43,0,0,22190,18794,1067,1484,542,285,25,1153,318,39,38,0,21683,16414,1765,1344,1529,464,114,21683,16414,1765,1053,1327,76,65,222,761,22211,18895,904,1360,652,358,0,0,0,0,0,0,21931,19074,1081,924,573,239,0,688,261,46,0,21497,18538,975,928,692,232,4,768,363,20,4,7244,3961,3123,5985,3152,2575,5926,3184,2065,5866,2602,2909,5123,3456,1151,5039,3087,1952,5064,3261,1556,4991,3090,1901,5814,3382,2077,6462,4017,2213,6477,3969,2171,5135,3219,1709,4037,2375,1552,4046,2907,1027,4012,2870,1142,3993,2508,1369,3986,2600,1242,4002,2507,1495,5133,3294,1716,5887,3588,2150
67,67,20658,16637,1272,1342,1237,278,73,0,0,22735,18110,1301,1702,1500,215,115,0,0,23696,17644,1961,1881,1696,589,83,23059,18130,1700,1583,1274,223,150,1089,1019,53,79,124,866,23054,17420,1820,1827,1473,408,168,16331,13529,861,889,896,188,47,0,0,17152,14478,764,1173,555,155,20,915,471,49,55,0,18656,14303,1359,1294,1216,462,53,18656,14303,1359,1018,989,60,29,65,833,17520,14504,1125,1205,495,167,49,0,0,0,0,0,17685,14283,1061,1405,663,206,60,1013,556,54,60,18585,14707,1352,1470,681,186,87,1246,573,30,87,9122,3994,4992,8928,3679,5045,9380,4132,4383,9497,3045,6091,9014,5237,2920,8869,4014,4855,8909,4640,3986,8795,4116,4679,9876,4679,4736,11219,5816,5088,11286,5827,5046,9654,5032,4318,8745,3815,4746,8765,5327,3246,8685,5284,3401,8675,4132,4337,8677,4471,3912,8677,4088,4589,9946,5295,4435,11087,5699,5095
68,68,26244,18773,2653,3688,897,601,243,0,0,25298,17033,3411,3416,1066,724,175,0,0,23694,15368,3257,3375,1049,849,349,24170,15957,3118,3541,1037,648,250,2945,688,140,170,63,1090,24240,15251,3660,3681,1284,733,172,18910,14231,1524,2277,605,367,137,0,0,18580,13174,2142,2194,561,345,62,2060,424,159,107,0,17627,11811,2143,2292,774,618,237,17627,11811,2143,1870,526,100,155,60,962,17506,12422,1696,2192,659,311,61,0,0,0,0,0,17653,12038,2107,2262,682,338,53,2123,536,85,53,18150,12105,2051,2731,627,405,40,2470,532,43,40,6635,2414,3992,6103,2126,3823,5852,1640,3794,5830,1225,4308,4864,1928,2360,4790,1471,3319,4797,1729,2893,4747,1469,3278,5774,1763,3747,6848,2223,4429,6807,2346,4058,5582,1908,3493,4775,1214,3401,4797,2149,2459,4738,1975,2763,4716,1365,3162,4709,1547,2945,4741,1691,3050,5701,1971,3586,6563,2092,4341
69,69,24485,19534,2847,1059,934,269,39,0,0,24834,18894,3692,1234,744,463,53,0,0,24131,17532,3770,1297,944,756,75,24333,18537,3544,1368,785,467,46,770,577,113,3,0,784,23578,17497,3776,1294,918,294,19,18015,15096,1601,588,620,164,20,0,0,17751,14772,1484,734,393,258,0,687,365,156,108,0,18142,13927,2290,753,671,546,45,18142,13927,2290,526,536,68,14,40,741,17429,14351,1539,736,441,219,0,0,0,0,0,0,17480,13835,2129,689,621,182,4,592,595,47,4,17422,13935,1723,835,734,133,0,679,605,6,0,9802,3531,6027,9082,3013,5775,9321,2588,5913,9260,2177,6335,7673,3384,3522,7624,2523,5101,7607,2866,4422,7563,2512,5051,9081,2937,5647,10396,3402,6754,10356,3643,6223,8647,3008,5332,7302,1953,5076,7346,3331,3760,7269,3056,4213,7258,2142,4867,7297,2106,4955,7265,2032,5233,8706,3086,5401,9749,3156,6424
70,70,24655,23018,854,349,136,371,19,0,0,23423,21395,1044,444,214,389,0,0,0,22912,20674,1054,340,177,568,41,23160,21052,1128,462,212,403,24,243,145,107,0,5,488,23151,20737,1203,479,268,500,96,18579,17652,497,134,71,258,12,0,0,17573,16466,528,228,101,268,0,196,42,164,0,0,17658,16258,627,172,113,404,23,17658,16258,627,83,61,67,12,63,487,17493,16283,617,230,83,283,0,0,0,0,0,0,17740,16298,737,173,114,308,0,160,99,106,0,17511,16081,804,227,79,248,5,21,18,35,5,11275,3160,7689,10138,2608,7288,10491,2090,7679,10468,1642,8186,8692,3005,4779,8605,2107,6498,8607,2488,5788,8551,2094,6457,10310,2392,7458,11789,2639,8957,11719,2852,8261,10042,2564,7196,8848,1621,6951,8888,3146,5398,8794,2818,5976,8803,1819,6751,8807,1948,6557,8811,1892,6919,10182,2622,7361,11463,2540,8743
71,71,24241,20635,1706,1270,493,335,31,0,0,24271,20473,1700,1359,653,230,40,0,0,24005,19360,2085,1371,569,745,53,23927,20348,1731,1143,552,203,76,584,434,41,10,0,778,24009,20342,2024,1143,451,383,33,18580,16401,982,740,317,210,16,0,0,18054,16225,622,681,310,163,0,589,280,51,66,0,18894,15859,1242,864,374,525,23,18894,15859,1242,652,282,86,7,55,711,18398,16377,888,586,274,143,0,0,0,0,0,0,18343,16405,1028,494,116,158,0,358,88,34,0,18281,16146,1239,426,176,130,0,342,97,32,0,10738,3791,6726,10272,3305,6734,10541,3105,6570,10472,2386,7369,8968,4031,4119,8925,2917,6008,8898,3369,5205,8843,2934,5909,10381,3424,6439,11749,4037,7424,11740,4219,7043,9970,3584,6064,8635,2347,5975,8698,3964,4489,8591,3789,4802,8559,2598,5689,8598,2630,5695,8568,2453,6115,10102,3701,6168,11236,3836,7200
72,72,23936,19416,3310,699,233,465,25,0,0,23750,18757,3309,934,357,611,58,0,0,23363,17802,3559,901,291,906,31,23415,18344,3275,821,460,569,70,434,224,36,67,2,1030,23146,17691,3829,958,225,835,12,17572,14848,1960,366,158,304,15,0,0,17144,14425,1838,408,158,283,57,326,59,10,16,0,17676,14085,2264,543,181,637,15,17676,14085,2264,329,127,108,4,52,707,17526,14703,1914,324,187,366,67,0,0,0,0,0,17484,14418,2298,395,102,274,10,304,32,10,10,17137,14232,2099,393,88,330,0,313,45,51,0,10581,4140,6183,9584,3541,5816,9978,3247,5949,9938,2831,6504,9212,4178,4050,9038,3437,5601,9091,4039,4731,9007,3651,5356,10231,3803,5924,11700,4474,6964,11652,4583,6468,9720,3825,5585,8417,2797,5360,8491,4014,4172,8358,3711,4647,8337,2925,5170,8362,3222,4797,8412,3084,5328,9866,3954,5675,10644,4022,6434
73,73,22500,20784,876,442,196,230,35,0,0,22251,20218,1017,496,325,306,35,0,0,23632,20384,1420,733,344,666,44,22260,20128,1043,457,341,312,0,351,214,37,0,0,488,23671,21098,1228,646,408,303,4,17164,16121,518,250,139,152,20,0,0,16998,15573,631,290,163,246,0,267,134,91,77,0,18440,16161,939,518,230,471,37,18440,16161,939,379,166,70,5,95,625,17070,15637,569,364,205,266,0,0,0,0,0,0,18033,16500,562,431,275,214,0,375,153,9,0,18335,16616,755,411,242,209,0,348,101,0,0,10585,3372,6947,9692,2830,6615,10011,2667,6566,10024,2094,7438,8808,3611,4404,8607,2580,6027,8713,3174,5296,8640,2626,6014,9990,2987,6544,11319,3449,7600,11261,3623,7160,9763,3163,6301,8665,2156,6291,8579,3389,4901,8587,3307,5280,8573,2392,5958,8605,2424,5955,8621,2354,6267,9926,3265,6442,10977,3347,7418
74,74,23511,21984,764,339,175,289,22,0,0,23504,21445,1214,420,212,354,13,0,0,22927,20595,974,512,212,567,22,23197,20988,1290,575,124,298,21,305,74,79,10,0,443,22649,20562,892,478,423,372,20,18135,17228,437,197,118,183,10,0,0,17922,17008,469,185,41,187,6,154,29,88,31,0,17726,16206,580,340,141,392,14,17726,16206,580,233,103,65,5,66,468,17559,16481,498,312,48,209,12,0,0,0,0,0,17159,16081,428,271,153,220,10,233,118,25,10,17211,16009,394,332,275,194,4,259,229,15,4,10937,3917,6665,9859,3137,6474,10312,3025,6470,10331,2332,7538,9207,3975,4299,9044,2768,6276,9078,3551,5258,9008,2965,6043,10350,3312,6616,11573,3775,7519,11573,3950,7186,10130,3478,6341,9070,2418,6427,9092,3804,4974,9010,3589,5421,8968,2609,6141,8970,2866,5834,9012,2819,6193,10310,3564,6526,11217,3594,7386
75,75,24758,22022,1130,1014,130,541,41,0,0,25044,22307,1021,1182,92,465,10,0,0,23998,20200,1238,1266,211,1006,52,25101,22116,1034,1113,233,499,29,1026,95,162,10,6,643,24179,20551,1190,1253,469,570,22,18760,16768,782,827,80,353,23,0,0,19206,17124,602,1024,77,354,10,978,58,154,20,0,18662,15852,869,1030,146,697,33,18662,15852,869,866,102,126,11,46,790,19429,17126,632,988,203,429,10,0,0,0,0,0,18534,16034,758,982,260,426,10,913,69,198,10,18220,15878,748,919,231,375,0,837,64,100,0,10198,3528,6405,9276,2770,6268,9432,2257,6548,9388,1995,6778,8145,2965,4372,8019,2267,5752,8043,2782,4970,7977,2380,5597,9443,2572,6407,10730,2913,7602,10707,3056,7113,9063,2652,6138,7920,1844,5828,7942,2940,4718,7881,2703,5178,7888,1987,5648,7899,2271,5339,7913,2045,5868,9281,2739,6317,10414,2747,7458
76,76,24067,22115,1272,258,148,368,20,0,0,23705,20919,1711,432,187,584,3,0,0,23181,20480,1478,272,202,653,31,23403,21052,1438,310,181,511,3,182,105,86,1,0,560,23270,20764,1546,353,176,537,6,18062,16944,717,113,94,250,8,0,0,17858,16525,682,211,80,403,0,189,42,55,6,0,17738,15989,901,124,137,470,15,17738,15989,901,74,90,71,4,56,553,17675,16501,562,176,87,371,0,0,0,0,0,0,17408,16242,633,134,97,355,0,91,50,43,0,17393,16209,683,170,106,301,0,100,67,18,0,11253,3536,7278,10355,3135,6929,10751,2460,7494,10749,2145,7941,9383,3487,4639,9311,2333,6978,9271,3167,5708,9211,2488,6723,10635,2748,7358,12047,3075,8685,11973,3281,7949,10428,2955,7130,9171,1809,7061,9204,3375,5450,9095,3202,5893,9060,2133,6584,9087,2533,6114,9115,2682,6433,10581,2994,7317,11697,2853,8578
77,77,23798,22116,783,196,257,468,24,0,0,23520,21273,1213,319,266,527,41,0,0,24094,20762,1151,412,512,1152,36,23604,21345,1189,505,161,467,26,378,76,183,5,0,429,23402,21211,1021,623,239,347,7,17213,16234,426,84,155,319,13,0,0,17080,15841,662,99,143,311,9,81,69,101,10,0,17722,15649,633,183,332,799,26,17722,15649,633,95,246,129,8,50,912,17469,16318,613,201,39,264,4,0,0,0,0,0,17731,16535,589,280,59,234,0,145,49,119,0,17699,16400,622,241,103,321,0,123,76,120,0,10495,3417,6823,9610,2600,6757,10107,2333,7062,10054,2100,7221,8704,3075,4686,8584,2418,6166,8604,2893,5347,8548,2524,6024,10171,2745,6900,11842,3209,8367,11780,3367,7809,9912,2923,6664,8560,2157,6140,8588,3227,5030,8509,3033,5476,8493,2238,6006,8508,2539,5666,8503,2340,6163,10151,3053,6841,11779,3258,8273
78,78,21124,17905,1046,1010,1000,199,24,0,0,21665,18225,1464,1009,801,234,17,0,0,23056,18033,1790,1443,1151,610,30,22541,18467,1173,1158,1093,229,0,856,826,47,0,435,735,23241,18450,1691,827,1639,317,2,14460,12551,587,563,636,130,11,0,0,15133,13520,652,462,382,91,0,393,317,26,26,0,16341,13159,1052,875,765,406,16,16341,13159,1052,728,657,42,11,59,633,15649,13677,650,562,710,112,0,0,0,0,0,0,16085,13470,902,401,1173,136,0,338,1058,12,0,16259,13248,1101,660,1161,105,0,619,1053,0,0,11408,4417,6842,10984,3757,6984,11427,4161,6086,11214,3708,6799,10215,4841,4515,10135,4515,5620,10186,4101,5738,10071,4460,5611,11577,4905,6045,13248,6231,6693,13235,5972,6561,11089,5127,5508,9550,4204,5046,9581,5078,4270,9511,5159,4352,9492,4189,5079,9469,4196,4655,9567,4904,4449,11353,5491,5571,12992,6262,6496
79,79,24715,21795,1056,730,591,641,15,0,0,24155,20574,1457,876,765,743,71,0,0,23609,19456,1441,843,561,1183,116,24165,20424,1745,835,690,699,76,410,562,280,0,20,721,23308,19947,1511,642,600,660,14,18817,16906,664,463,408,417,9,0,0,18584,16295,837,511,435,440,0,406,385,214,49,0,18441,15567,940,565,421,815,72,18441,15567,940,441,358,212,43,53,827,18387,16135,886,530,409,416,0,0,0,0,0,0,17996,15799,959,419,403,441,0,362,370,126,0,17866,15542,1132,439,284,416,0,384,250,97,0,10346,3581,6447,9409,3002,6204,9730,2594,6482,9672,2396,6684,8097,3139,4078,8022,2454,5568,8030,2964,4804,7981,2536,5445,9491,2833,6220,10862,3118,7496,10882,3331,6962,9400,3021,6061,8275,2177,5789,8311,3403,4556,8238,3170,5068,8199,2338,5583,8224,2687,5207,8250,2413,5837,9491,3062,6193,10429,3003,7231
80,80,25388,20367,3064,940,179,1054,31,0,0,24191,18858,3354,1169,135,973,25,0,0,23973,17731,3521,944,226,1612,138,23921,18700,3029,1307,190,995,55,535,146,375,0,0,1125,24238,18128,3521,1452,312,1375,43,18709,15687,1761,580,126,655,21,0,0,17486,14435,1769,614,43,608,0,526,28,315,10,0,17746,13813,2123,554,139,1101,96,17746,13813,2123,405,84,309,66,45,901,17637,14619,1670,574,135,634,0,0,0,0,0,0,17558,14449,1603,682,229,563,0,471,168,258,0,17420,14281,1622,675,233,571,0,495,98,233,0,9260,3454,5477,8087,2888,4973,8286,2247,5480,8243,2230,5435,6863,2799,3238,6805,2324,4481,6815,2654,3896,6787,2311,4476,8157,2558,5205,9402,2796,6399,9413,3015,5777,7746,2541,4945,6535,1771,4521,6574,2715,3546,6525,2521,4004,6510,1874,4402,6522,2170,4086,6536,1951,4585,7871,2601,5066,8905,2558,6173
81,81,21216,13714,4171,1705,1404,470,60,0,0,21648,14252,3630,2138,1394,422,92,0,0,23040,14481,3923,2243,1620,952,136,21431,14231,3563,2059,1437,392,94,1554,1070,31,0,6,979,23002,14201,4258,2466,1545,683,77,14766,10315,2303,1005,950,295,34,0,0,14622,11080,1427,1049,820,172,0,962,740,58,75,0,16888,11243,2439,1414,1148,673,92,16888,11243,2439,1165,977,150,40,55,819,14487,10938,1358,1251,795,144,0,0,0,0,0,0,15785,11226,1944,1421,874,313,25,1228,748,63,25,15333,11136,1673,1041,1024,290,22,922,919,62,22,6195,2297,3758,6325,2120,4037,6728,2040,4036,6552,1883,4231,5786,2398,2794,5683,1994,3689,5709,2258,3219,5647,2072,3575,6873,2377,4099,8202,2929,5055,8132,2967,4731,6651,2445,3954,5660,1787,3679,5688,2506,3015,5604,2392,3212,5614,1880,3555,5589,2143,3259,5645,1981,3664,6902,2596,4134,8234,2962,5141
82,82,22750,20461,991,451,444,477,53,0,0,23288,20502,1062,572,569,456,175,0,0,23223,19544,1456,656,537,1111,67,23537,20132,1506,644,593,473,194,195,299,230,47,1,1137,23059,19247,1784,537,582,675,143,16255,14981,528,206,259,289,34,0,0,16833,15449,390,319,309,289,15,199,279,108,55,0,17119,14862,814,327,346,740,39,17119,14862,814,202,204,165,15,38,819,16853,15214,558,311,289,388,15,0,0,0,0,0,16498,14753,742,220,243,421,24,124,152,122,24,17676,15674,973,323,286,334,16,201,127,147,16,10545,3479,6852,9853,2939,6633,10317,2711,6624,10073,2530,6889,8985,3556,4437,8832,2930,5902,8848,3360,5122,8784,3046,5738,10313,3251,6466,11819,3838,7671,11740,3938,7168,9858,3384,6084,8461,2533,5662,8494,3678,4537,8387,3520,4867,8383,2634,5462,8376,3071,5004,8441,2848,5593,10058,3560,6238,11607,3812,7580
83,83,23915,13412,4268,5105,1035,685,82,0,0,23293,12164,4031,5451,1163,793,15,0,0,24120,11692,4906,5656,1266,1052,120,23131,12010,4197,5433,1001,720,16,4688,753,260,16,149,1053,23340,11815,5020,5027,945,828,63,17463,11032,2466,2990,756,427,44,0,0,15742,10022,1694,3102,466,361,10,2962,433,231,96,0,18008,9796,3126,3589,926,733,70,18008,9796,3126,3100,793,171,47,70,905,15898,10071,1913,3008,483,352,15,0,0,0,0,0,16247,10145,2446,2713,475,331,4,2442,424,153,4,16396,9950,2531,3009,556,336,5,2473,527,91,5,8588,4685,3726,7567,4063,3265,7471,3703,2940,7280,3365,3419,6505,3957,1968,6384,3580,2804,6406,3847,2317,6375,3683,2692,7435,4074,2933,8459,4909,3305,8382,4870,3082,6742,3896,2588,5474,2929,2373,5528,3536,1848,5437,3495,1942,5431,3027,2244,5446,3261,2010,5473,3128,2345,6749,4000,2592,7413,4290,2980
84,84,24162,9218,3071,10757,1090,665,45,0,0,22976,9160,2975,9615,1036,650,151,0,0,23539,8699,4952,8705,850,1199,88,23371,9256,3624,9121,1022,721,192,8107,781,93,22,163,1326,23596,10148,4174,7931,930,1047,76,17177,7262,1691,7278,834,395,25,0,0,15393,7241,1072,6358,377,331,14,6045,304,117,153,0,16987,7077,2821,6062,676,797,52,16987,7077,2821,5416,507,143,21,70,932,15248,7465,955,6014,421,340,25,0,0,0,0,0,15647,8118,1515,5179,450,372,4,4905,368,82,4,15858,8877,2136,4231,275,415,4,3762,155,75,4,8907,6468,2271,7613,5332,2053,7270,4831,1763,6978,4379,2219,6484,4781,1244,6381,4570,1811,6383,4692,1462,6337,4622,1715,7186,5046,1832,8193,5968,2053,8111,5745,2034,6580,4746,1627,5445,3659,1598,5514,4158,1226,5413,4137,1276,5387,3724,1485,5426,3923,1318,5449,3872,1577,6631,4793,1698,7313,5138,2055
85,85,19535,14646,963,1973,1814,293,25,0,0,23381,17307,1378,2833,1749,316,56,0,0,23565,16203,1657,2958,2177,717,83,23244,17384,1042,3006,1575,262,68,2490,1354,50,0,125,812,24607,18148,1219,3072,1598,527,68,14746,11488,616,1253,1263,181,18,0,0,17260,13621,785,1878,804,209,0,1804,719,47,7,0,18041,13038,1091,1906,1570,474,57,18041,13038,1091,1631,1402,102,20,66,691,16749,13426,551,1907,718,158,0,0,0,0,0,0,17667,13833,748,2025,918,231,0,1863,786,56,0,18024,13690,1213,1711,1072,224,0,1575,929,29,0,9574,3706,5724,9688,3406,6078,10288,3899,5429,10158,3273,6457,9417,4676,4038,9255,3749,5506,9263,4223,4758,9172,3924,5248,10638,4469,5718,12387,5623,6487,12369,5588,6390,10367,4672,5366,9094,3545,5342,9155,4704,4288,9020,4663,4357,8987,3722,5101,9037,4187,4629,9097,3882,5215,10729,4948,5584,12351,5570,6568
86,86,24353,14434,5258,3158,1120,819,34,0,0,24580,13170,6822,2960,1002,943,22,0,0,24159,11963,6434,3742,1332,1323,59,24531,13184,6142,3472,1061,989,26,2194,860,186,0,130,1838,23806,12551,5832,4009,844,887,44,17829,11903,2976,1799,789,537,25,0,0,16236,11003,2485,1663,478,540,0,1499,429,161,68,0,18056,10114,3961,2315,979,939,32,18056,10114,3961,1913,860,206,11,79,912,16475,11288,2217,1783,522,532,0,0,0,0,0,0,15741,10824,2171,1941,318,396,10,1567,304,175,10,15915,10235,2446,2407,470,349,32,2031,370,99,32,7293,3783,3337,6649,3508,2859,6550,3075,2784,6323,2859,2887,5483,3198,1717,5386,3055,2331,5399,3144,1990,5325,3103,2222,6395,3384,2600,7379,4136,3033,7300,4086,2730,5736,3220,2279,4521,2413,1916,4547,2850,1503,4478,2806,1672,4464,2459,1819,4485,2659,1661,4509,2557,1952,5746,3311,2271,6437,3555,2759
87,87,22228,15766,1475,2617,2233,340,31,0,0,23433,16445,1802,2412,2301,607,128,0,0,23768,15710,2177,2812,2486,771,42,24447,17234,1932,2418,2522,565,43,1970,2036,128,14,52,1082,24371,17111,1978,2554,2423,571,42,17062,12731,951,1664,1583,217,24,0,0,17305,12948,883,1583,1353,395,65,1390,1296,136,66,0,18791,13080,1426,1943,1842,543,23,18791,13080,1426,1636,1660,113,9,46,821,18249,13829,1125,1432,1504,309,15,0,0,0,0,0,18104,13939,1039,1370,1460,346,4,1111,1216,124,4,17352,13291,1214,1504,1121,219,5,1173,885,64,5,10491,4349,5975,9978,3629,6144,10613,4134,5500,10415,3471,6433,9631,4890,4046,9476,3955,5521,9509,4483,4720,9392,4086,5306,10812,4665,5667,12416,5807,6326,12393,5778,6232,10361,4788,5264,8993,3571,5234,9052,4733,4156,8887,4762,4125,8895,3723,4994,8886,4195,4470,8975,3857,5118,10543,5015,5344,11584,5446,5973
88,88,21825,12729,1837,3817,3323,413,67,0,0,23754,11930,3175,4269,4512,431,0,0,0,23527,11451,2893,4604,4203,811,85,23654,12077,3568,3711,4413,475,82,2792,3871,85,0,15,1250,23801,11789,3610,3918,4622,757,142,16368,10310,1144,2465,2288,289,45,0,0,16401,9647,1198,2465,2815,235,0,2280,2685,99,35,0,17958,9540,1862,3107,3026,606,62,17958,9540,1862,2624,2827,111,34,57,903,16803,9735,1518,2253,3188,151,0,0,0,0,0,0,17886,10103,1728,2582,3243,257,0,2192,2914,71,0,17822,10446,1395,2462,3197,345,0,2032,2938,87,0,8318,3998,4178,7815,3483,4135,7831,3372,3715,7640,3071,4065,6865,3768,2511,6789,3392,3397,6776,3650,2898,6723,3470,3253,8039,3877,3746,9571,4843,4500,9501,4810,4284,7485,3732,3474,6036,2710,3137,6080,3371,2532,5993,3286,2707,5986,2800,3028,6009,3055,2759,6246,2953,3293,7722,3925,3621,9199,4551,4510
89,89,23427,10745,1340,9320,1945,506,47,0,0,22558,9285,2671,8536,2315,380,3,0,0,24153,10736,2523,8451,2086,867,57,22137,9304,3094,7546,2498,386,0,6474,2134,55,0,60,1015,23230,10580,2954,7735,2233,434,0,17640,8755,836,6466,1450,341,25,0,0,15104,7239,1263,5721,693,268,0,5372,682,53,21,0,19043,9076,1709,6180,1685,622,32,19043,9076,1709,5686,1523,134,10,88,817,15091,7571,1553,5165,620,204,0,0,0,0,0,0,16784,9083,1613,5154,665,244,0,4911,560,42,0,18294,10659,1683,4610,870,455,27,4219,688,119,27,10182,6346,3674,8976,5481,3322,8699,5069,2891,8432,4521,3474,7727,5068,2064,7594,4689,2905,7640,4987,2433,7564,4757,2807,8675,5320,2978,9905,6346,3366,9859,6219,3249,8009,5015,2745,6563,3724,2678,6627,4402,2084,6553,4333,2220,6503,3812,2529,6541,4137,2235,6573,3933,2640,8069,5077,2832,8997,5468,3379
90,90,18529,16601,1000,318,298,373,29,0,0,21781,19293,1137,579,364,448,8,0,0,23547,19512,1834,708,597,919,47,22579,19749,1129,711,558,436,7,190,502,83,0,6,921,23988,19954,2237,933,724,355,0,12579,11564,494,131,181,220,10,0,0,14975,13834,346,245,232,306,0,143,208,114,10,0,16704,14314,1003,372,391,606,26,16704,14314,1003,241,293,121,6,54,672,15217,13947,503,240,232,298,0,0,0,0,0,0,16865,14968,1002,445,300,169,0,157,264,23,0,16974,15190,951,414,208,265,0,149,186,31,0,8062,2278,5614,8251,1977,6065,9617,2197,6609,9396,1912,6915,8696,3146,4614,8545,2392,6153,8529,2786,5413,8439,2482,5957,10043,2778,6751,12037,3428,8353,11965,3558,7884,10035,3050,6652,8855,2248,6353,8920,3391,5253,8774,3293,5481,8733,2349,6159,8737,2838,5637,8836,2534,6302,10530,3281,7016,12608,3646,8750
91,91,20791,16944,2003,891,606,532,44,0,0,23987,18655,2517,1094,1357,683,10,0,0,24248,18481,2680,1242,919,1055,45,23538,18512,2208,1153,1323,383,15,615,1019,168,0,4,1016,23953,19194,2050,1568,801,483,18,14992,12781,1093,469,373,322,25,0,0,16872,14331,1128,538,541,333,0,418,421,212,3,0,18008,14451,1539,736,597,684,25,18008,14451,1539,578,484,160,6,44,746,16590,14400,748,670,462,289,0,0,0,0,0,0,16802,14628,693,777,324,210,0,461,240,64,0,18102,15190,917,977,593,331,0,684,508,47,0,8920,3090,5650,8927,2760,5919,9925,2857,6145,9733,2542,6593,8993,3727,4370,8827,2961,5866,8844,3405,5114,8759,3064,5695,10353,3446,6351,12372,4307,7777,12319,4369,7354,10365,3762,6253,9270,2906,6126,9313,4111,4968,9158,3977,5181,9147,2992,5942,9164,3553,5320,9265,3197,6068,10872,4066,6572,12960,4676,8081
92,92,24565,16161,6313,1411,466,706,48,0,0,23956,14783,6972,1228,522,963,0,0,0,23647,14106,6670,1561,519,1196,52,24022,14666,7131,1241,630,692,0,994,578,254,0,3,389,24712,14314,7073,2221,747,724,27,18781,13628,3690,860,328,456,30,0,0,17319,12877,2804,904,342,414,0,825,325,176,0,0,18641,12226,4307,1006,372,867,44,18641,12226,4307,759,257,161,8,67,856,17654,12942,2921,910,447,408,0,0,0,0,0,0,18473,12937,3079,1533,521,410,0,1328,446,161,0,18275,12426,3542,1560,428,312,0,1371,348,51,0,10040,5027,4793,9170,4523,4326,9315,4465,3921,9049,4063,4341,8249,5122,2507,8068,4504,3564,8098,4864,2934,7996,4651,3345,9196,4934,3783,10233,5699,4271,10173,5707,3967,8500,4802,3391,7188,3758,3164,7250,4600,2436,7139,4556,2583,7124,3871,3052,7144,4289,2599,7193,4059,3134,8539,4952,3375,9389,5367,3873
93,93,21481,19856,779,225,232,443,20,0,0,22762,20158,1240,481,559,361,351,0,0,22688,19510,1290,403,431,1033,43,23005,20331,1120,559,544,508,366,199,18,182,0,19,1132,22424,19068,1615,141,906,619,582,15353,14479,385,82,145,291,7,0,0,15548,14458,503,110,88,185,0,62,63,52,204,0,16488,14642,649,181,259,663,21,16488,14642,649,84,154,131,6,38,784,16065,14906,382,129,99,340,0,0,0,0,0,0,15832,14292,614,57,228,354,49,47,104,117,49,16430,14725,821,104,306,388,52,96,178,159,52,8912,2655,6024,8848,2330,6271,9736,2075,6864,9539,1927,6969,8378,2858,4596,8246,2268,5978,8260,2703,5276,8174,2359,5815,9728,2474,6751,11323,2796,8275,11238,2977,7688,9527,2584,6604,8301,1804,6271,8350,2891,5108,8218,2690,5528,8207,1918,6063,8209,2346,5601,8292,2060,6232,9863,2718,6922,11802,2908,8702
94,94,22150,19116,1479,639,674,346,19,0,0,23093,19576,1895,665,689,351,71,0,0,23075,18639,2159,745,734,851,40,22571,18718,1981,758,1020,267,66,519,634,0,38,38,645,23039,18833,1681,1263,753,405,58,15975,14194,862,337,423,202,11,0,0,16848,14787,1061,356,421,165,35,311,339,46,50,0,17401,14480,1352,428,502,594,29,17401,14480,1352,285,390,99,13,40,742,16473,14325,1130,396,465,94,40,0,0,0,0,0,16952,14726,1055,493,419,206,10,348,316,40,10,16661,14579,942,549,432,167,0,376,398,49,0,11003,3662,7194,10763,3154,7347,11360,3322,7047,11183,2922,7662,9993,4134,4850,9795,3258,6537,9818,3784,5715,9716,3404,6312,11397,3846,6985,13022,4638,8090,12974,4726,7758,10861,3980,6511,9288,2975,6103,9350,4177,4925,9203,4045,5158,9187,3189,5816,9189,3555,5349,9279,3266,6013,11044,4196,6623,12502,4598,7727
95,95,23924,16511,4405,1977,510,919,47,0,0,24123,15105,5614,2423,469,987,28,0,0,23956,14153,5707,2415,649,1535,67,24366,14801,5915,2354,726,1050,19,1603,569,210,13,0,1248,23252,14849,4631,2227,987,884,26,18046,13539,2562,1114,362,631,27,0,0,17164,12485,2405,1432,311,541,20,1208,273,176,61,0,18459,11902,3638,1486,461,1138,55,18459,11902,3638,1175,357,273,21,104,989,17288,12386,2235,1473,635,503,15,0,0,0,0,0,16894,12593,1790,1374,666,463,10,1214,605,166,10,16588,11448,2566,1534,714,328,0,1286,649,54,0,6907,3279,3425,6365,3024,3060,6159,2592,2923,5916,2386,3015,5129,2729,1798,5040,2618,2422,5047,2752,2055,4987,2619,2368,6054,2873,2788,7182,3563,3408,7090,3523,3019,5561,2775,2549,4418,2026,2191,4451,2539,1715,4378,2453,1925,4361,2101,2112,4390,2317,1897,4428,2174,2254,5630,2864,2582,6406,3159,3109
96,96,22824,15292,3457,2462,1114,950,53,0,0,21027,14033,3702,2036,1133,742,35,0,0,22823,13339,4552,2834,1018,1568,40,21377,13642,4704,2279,1296,547,32,1300,845,71,0,1,806,21821,12756,4373,2776,1930,1034,24,16521,12214,1899,1253,718,568,30,0,0,14517,11042,1594,1055,541,241,0,967,425,97,48,0,16681,10748,2736,1555,735,1051,31,16681,10748,2736,1207,643,249,13,73,1012,14804,10762,2162,1253,424,177,0,0,0,0,0,0,14924,10216,1949,1513,765,299,0,1095,707,27,0,15906,10314,2466,1772,773,324,0,1211,753,16,0,6881,3256,3460,6365,2916,3210,6246,2417,3225,6039,2333,3223,4975,2441,1917,4888,2387,2501,4870,2525,2113,4842,2432,2410,5993,2622,2977,6993,3090,3678,6892,3133,3282,5286,2411,2656,4024,1686,2205,4047,2153,1695,3978,2064,1914,3967,1758,2061,3980,1929,1892,4019,1816,2203,5289,2475,2666,6067,2753,3214
97,97,22204,16667,2474,1347,1427,556,33,0,0,23204,17123,2432,2193,1223,593,51,0,0,23588,15536,3774,1789,1673,1136,76,22406,16492,2392,1942,1208,559,80,1327,1017,162,4,9,1011,24094,16056,4194,2461,879,695,13,15873,12648,1349,671,934,370,20,0,0,16587,13308,1178,1128,616,343,0,868,587,110,117,0,17104,11990,2250,991,1203,762,42,17104,11990,2250,740,1097,159,19,51,798,16279,12552,1367,1139,775,343,4,0,0,0,0,0,16761,12303,2141,1436,493,389,4,1062,491,119,4,17464,12707,2030,1421,906,366,0,1204,800,56,0,8003,3148,4687,7512,2678,4589,7916,2343,4797,7744,2315,4848,6756,2853,3086,6627,2597,4030,6631,2833,3538,6558,2621,3937,7937,2873,4585,9402,3579,5575,9328,3668,5113,7451,2878,4270,6075,2078,3795,6118,2849,3032,6024,2721,3303,6005,2181,3658,6008,2423,3371,6062,2288,3774,7661,3060,4388,9037,3440,5437
98,98,23997,17654,3186,1311,1285,873,44,0,0,24400,17295,4154,1208,1260,770,0,0,0,23362,15563,3779,1590,1311,1386,70,24892,16783,4453,1652,1554,1013,47,778,996,313,0,55,1517,24282,16404,4396,1527,1425,1003,45,16846,13217,1681,668,861,538,29,0,0,17019,13571,1654,501,578,602,0,333,518,351,92,0,17038,12174,2178,849,916,978,36,17038,12174,2178,613,785,235,20,41,992,17119,13072,1670,756,730,578,0,0,0,0,0,0,16653,12922,1541,579,905,403,0,349,773,165,0,16049,12410,1635,595,857,275,0,489,749,59,0,7199,3030,3969,6822,2691,3861,7222,2282,4258,7010,2263,4157,5987,2560,2648,5898,2421,3477,5895,2615,3041,5848,2437,3411,7062,2595,4000,8211,2987,5008,8091,3111,4437,6479,2471,3727,5179,1774,3214,5221,2392,2582,5130,2252,2878,5121,1827,3097,5144,2095,2858,5184,1950,3234,6535,2536,3798,7498,2726,4626
99,99,18663,16191,726,483,1071,272,20,0,0,20712,16965,1257,587,1780,313,39,0,0,23491,18240,1455,1157,1892,771,52,21032,17034,1266,828,1750,328,6,516,1617,110,6,3,474,23119,18311,1487,954,1945,442,126,12832,11399,388,274,643,144,14,0,0,14386,12562,575,236,856,139,15,202,826,57,6,0,16739,13450,893,689,1238,475,39,16739,13450,893,542,1066,88,13,52,635,13980,12051,625,322,802,111,4,0,0,0,0,0,15171,12884,604,590,830,166,10,585,801,23,10,15671,13249,659,672,925,136,0,643,876,10,0,8300,2453,5703,8738,2238,6336,10141,2817,6430,10075,2336,7208,9219,3759,4701,9092,2889,6203,9116,3333,5486,9048,2998,6050,10641,3480,6673,12620,4568,7781,12648,4528,7694,10483,3831,6341,9220,2889,6129,9265,4121,4959,9157,4112,5045,9149,3072,5862,9135,3498,5389,9032,3164,5868,10911,4145,6559,12700,4691,7763
100,100,24272,20821,1584,720,807,428,32,0,0,23932,20389,1991,635,853,379,8,0,0,23853,18510,2498,1100,892,937,51,24537,19842,2233,1489,667,496,20,426,339,180,0,0,1517,24667,19133,2821,1658,629,495,40,17720,15709,895,378,501,260,21,0,0,17726,15765,909,402,462,162,0,297,419,83,25,0,18218,14828,1481,619,610,633,32,18218,14828,1481,431,497,133,10,50,788,17600,15315,1140,468,439,199,0,0,0,0,0,0,17600,15015,1419,599,374,166,0,454,255,69,0,17250,13886,1944,633,515,275,0,388,451,21,0,12357,4341,7809,11937,3734,7883,12172,3763,7356,11880,3355,7930,10537,4748,4881,10340,3730,6610,10391,4258,5800,10258,3928,6330,11932,4346,7016,13305,5183,7840,13213,5257,7469,11266,4470,6417,9676,3436,6030,9746,4628,4849,9582,4552,5030,9546,3566,5795,9555,3995,5293,9666,3736,5930,11340,4665,6444,12638,4967,7485
101,101,20869,19222,844,237,291,315,9,0,0,21606,19823,917,289,311,387,26,0,0,23265,20310,1310,441,435,728,35,22012,19897,915,391,310,579,11,249,145,307,0,47,446,23640,21507,1115,190,417,565,18,14382,13484,456,103,168,186,9,0,0,15037,14163,498,91,102,180,10,58,85,63,0,0,16470,14698,739,217,255,477,15,16470,14698,739,121,190,95,1,46,580,15373,14405,494,146,77,248,0,0,0,0,0,0,16725,15422,695,126,168,316,0,95,93,108,0,16663,15184,824,278,122,239,0,163,78,49,0,9626,2540,6879,9812,2189,7402,10808,2214,7722,10658,1938,8160,9404,3210,5310,9253,2270,6983,9234,2794,6164,9160,2369,6791,10839,2677,7687,12573,3182,9142,12534,3294,8790,10732,2932,7479,9526,2098,7172,9591,3394,5923,9469,3243,6226,9425,2234,6951,9438,2797,6364,9497,2405,7092,11150,3117,7804,12988,3310,9478
102,102,25966,19874,3590,2060,177,496,25,0,0,24829,18155,4134,2089,162,853,4,0,0,23668,16869,3848,1951,250,970,53,24119,17865,3543,2189,214,792,6,1232,115,183,5,23,1158,23317,17397,3451,1810,310,881,4,19819,15809,2198,1440,123,352,12,0,0,18191,14414,1907,1380,70,368,4,1173,65,215,65,0,18660,13797,2585,1424,171,755,39,18660,13797,2585,1141,94,175,14,52,802,17888,14129,1808,1443,106,354,4,0,0,0,0,0,17807,14010,2080,1278,142,340,4,1058,77,97,4,18265,14233,2059,1520,190,352,21,1213,75,100,21,7588,3569,3818,6624,2968,3419,6470,2388,3460,6471,2100,3816,5332,2676,1924,5267,2412,2855,5268,2570,2413,5232,2398,2834,6488,2646,3416,7798,3205,4370,7777,3301,3979,6200,2679,3260,5163,1933,2999,5211,2709,2200,5155,2598,2557,5148,2019,2889,5139,2262,2605,5124,2058,3066,6382,2780,3394,7394,2952,4272
103,103,23988,9405,10982,2678,601,894,48,0,0,22806,7973,11415,2585,514,1114,6,0,0,23991,8766,11395,2685,595,1164,81,23822,9291,10949,2572,654,1168,16,2091,471,145,0,30,849,23694,9088,11448,2080,667,1385,59,17201,8083,6402,1940,436,615,30,0,0,13079,7052,3862,1670,198,241,0,1544,169,38,105,0,18321,7804,7452,2086,461,867,55,18321,7804,7452,1801,368,196,22,69,609,14723,8504,3818,1727,295,360,0,0,0,0,0,0,15051,8393,4412,1595,245,430,0,1471,181,140,0,14749,7705,4420,1803,250,460,0,1668,239,188,0,4530,2729,1676,3741,2307,1314,4198,2333,1462,3967,2102,1546,3699,2448,881,3613,2324,1289,3639,2407,1082,3601,2346,1255,4244,2579,1437,5100,3190,1748,5039,3124,1618,3681,2298,1245,2636,1553,987,2662,1824,749,2610,1764,846,2611,1592,932,2616,1690,825,2637,1664,973,3707,2344,1273,4241,2573,1596
104,104,23553,21653,1070,417,235,259,11,0,0,23118,20713,1493,537,272,267,4,0,0,23650,20399,1571,673,274,649,37,23050,20362,1840,379,330,267,90,147,169,80,70,4,372,23207,20538,1818,391,243,247,81,18213,17090,620,215,146,191,6,0,0,17933,16477,890,202,162,150,0,188,139,76,24,0,18458,16410,965,348,178,467,26,18458,16410,965,236,135,91,8,43,570,17999,16353,1128,110,154,161,70,0,0,0,0,0,18012,16389,1140,120,113,132,35,114,114,44,35,17389,15719,1113,221,85,130,22,218,81,41,22,12334,4158,7950,11585,3396,7978,11391,3084,7518,11498,2315,8612,10339,4278,5006,10202,3061,7141,10196,3713,6170,10094,3086,7008,11510,3446,7550,12914,3947,8719,12947,4092,8373,11149,3665,7190,9950,2507,7153,10003,4219,5495,9889,3947,5942,9848,2682,6902,9828,3215,6301,9840,2746,7094,11385,3793,7344,12473,3919,8323
105,105,22707,17488,2672,1397,743,644,39,0,0,23213,17977,2983,1345,744,485,0,0,0,23307,16073,3722,1783,872,1085,60,23037,18049,2883,1304,527,591,0,831,425,115,0,0,741,22281,17647,2501,1057,757,501,0,17710,14453,1591,795,536,418,27,0,0,17535,14538,1517,701,480,311,0,629,421,95,29,0,18422,13515,2400,1113,632,819,39,18422,13515,2400,833,505,183,10,62,914,17372,14361,1436,847,351,346,0,0,0,0,0,0,16893,13861,1488,682,507,264,0,667,443,78,0,16800,13003,1649,1248,592,202,0,1157,454,68,0,8826,3731,4904,8623,3236,5082,8544,3007,4703,8308,2724,5001,7433,3559,3123,7323,3082,4241,7337,3422,3652,7242,3126,4116,8576,3469,4602,9941,4246,5418,9857,4264,5060,8027,3473,4240,6676,2593,3883,6730,3492,3012,6619,3307,3312,6591,2742,3674,6625,3091,3307,6658,2823,3835,8184,3650,4323,9345,3949,5239
106,106,23973,23095,453,171,93,187,9,0,0,22785,21672,607,201,95,195,40,0,0,23174,21639,655,237,159,406,51,22648,21337,631,272,106,239,40,98,70,80,25,22,385,23158,21574,705,320,156,287,4,18770,18288,250,55,54,127,6,0,0,17495,17005,214,89,39,125,19,45,35,36,4,0,17855,16923,367,97,84,292,24,17855,16923,367,43,47,42,9,24,400,17360,16799,266,51,55,188,19,0,0,0,0,0,17585,16935,297,116,64,209,0,94,60,54,0,17389,16735,306,109,40,178,10,91,17,58,10,12630,3396,8614,11845,2699,8880,11461,2014,8748,11353,1553,9312,8963,2961,4933,8974,1788,7186,8947,2280,6381,8906,1759,7147,10826,2140,8269,12282,2370,9661,12169,2504,9084,10627,2311,8030,9296,1306,7759,9334,2796,6091,9202,2613,6589,9145,1561,7310,9152,1936,6878,9213,1531,7682,10684,2332,8141,11685,2173,9278
107,107,26472,24212,1304,532,180,311,21,0,0,24187,21837,1364,476,297,313,0,0,0,24305,21256,1386,741,236,648,49,24468,21663,1627,637,411,371,52,281,140,132,0,7,625,24758,21748,1433,690,536,332,192,20176,18826,768,291,114,203,11,0,0,18795,17374,852,284,111,196,0,267,81,106,0,0,18730,16711,854,449,152,498,37,18730,16711,854,294,99,83,3,37,649,18751,17211,916,173,150,276,0,0,0,0,0,0,18670,17175,752,197,234,218,25,160,138,63,25,18011,16511,677,253,152,306,22,184,91,75,22,12007,3196,8379,10943,2609,8020,10791,2110,7908,10711,1708,8290,8933,3128,4762,8799,2120,6679,8836,2535,5993,8786,2116,6670,10394,2353,7529,11680,2571,8855,11613,2703,8276,9905,2435,7152,8674,1481,6864,8687,2956,5417,8596,2751,5845,8578,1686,6606,8588,1915,6415,8627,1706,6921,9991,2475,7304,11234,2352,8696
108,108,22551,17695,1533,2050,1136,242,44,0,0,24407,18966,1778,2111,1230,414,42,0,0,24157,17636,2101,2537,1346,511,55,24106,18467,1533,2394,1351,489,35,2156,1140,210,0,31,572,24624,18968,2115,2303,1002,545,4,17503,14207,990,1319,843,182,24,0,0,18442,15653,732,1039,726,245,0,980,613,94,54,0,19450,14878,1409,1693,1025,366,36,19450,14878,1409,1473,857,32,19,90,692,18220,15411,726,1184,679,247,0,0,0,0,0,0,18942,15777,1095,1363,598,192,0,1247,501,82,0,18632,15089,1357,1608,463,147,21,1413,294,44,21,11242,5596,5500,10388,4671,5447,11176,5288,4793,10945,4631,5630,10063,5812,3447,9991,5486,4505,10038,5240,4449,9947,5511,4436,11470,6022,4832,13313,7611,5392,13313,7312,5242,11087,6248,4397,9607,5105,4199,9632,6046,3361,9518,6122,3396,9540,5195,4121,9489,5146,3732,9623,5828,3592,11342,6591,4461,12770,7365,5163
109,109,24418,22943,612,491,134,268,23,0,0,23380,21407,880,569,188,344,44,0,0,23076,20840,864,541,206,573,31,23173,21103,882,645,230,326,96,351,100,135,0,24,578,23059,20725,985,491,150,583,79,19350,18296,411,378,81,198,14,0,0,18385,17105,522,441,75,240,19,402,53,112,0,0,18229,16629,589,381,143,423,18,18229,16629,589,306,79,110,0,28,488,18200,16890,495,471,138,241,0,0,0,0,0,0,18205,16690,667,379,103,358,0,288,38,97,0,18081,16443,656,386,173,392,5,225,71,36,5,12182,2775,8910,11253,2266,8748,11166,1727,8843,11182,1338,9333,9352,2837,5482,9219,1832,7387,9215,2252,6637,9171,1810,7361,10740,1978,8399,11973,2131,9613,11905,2377,8966,10398,2127,7987,9213,1118,7759,9244,2893,5870,9098,2545,6553,9106,1372,7422,9099,1589,7209,9152,1389,7763,10405,2167,8022,11346,2055,9095
110,110,24088,22700,662,437,157,194,19,0,0,23352,21652,699,607,184,219,87,0,0,22587,20508,780,529,195,539,69,22929,21188,749,663,169,191,60,461,109,51,36,18,313,22468,20381,909,651,233,374,61,18653,17746,395,310,100,134,8,0,0,17926,16935,336,437,75,134,63,350,61,61,20,0,17707,16329,497,375,119,360,40,17707,16329,497,279,73,64,8,25,432,17496,16428,418,435,92,146,43,0,0,0,0,0,17331,16027,514,438,92,220,42,422,88,67,42,16914,15505,564,470,71,231,0,441,50,76,0,11764,2514,8725,11021,1891,8891,11070,1436,9089,11043,1205,9358,9424,2501,5912,9298,1588,7710,9300,1924,7063,9261,1572,7689,10722,1681,8672,11968,1751,10008,11945,1930,9424,10379,1754,8347,9250,910,7973,9301,2390,6557,9190,2161,7029,9166,1107,7803,9152,1457,7408,9354,1266,8088,10482,1790,8482,11578,1672,9698
111,111,23455,21301,1164,398,441,211,22,0,0,23781,20911,1589,658,433,280,329,0,0,24121,20648,1867,614,469,449,123,23980,21052,1648,571,561,284,182,218,477,52,32,25,480,24199,21199,1664,649,509,315,69,18688,17251,753,219,363,138,13,0,0,18374,16955,837,255,69,186,5,191,69,74,85,0,19256,16749,1353,395,341,334,106,19256,16749,1353,258,186,37,0,68,605,18814,17257,937,230,128,176,1,0,0,0,0,0,19099,17483,982,258,143,154,1,120,103,28,1,19281,17414,1134,314,214,153,0,219,147,47,0,10149,3311,6593,9383,2563,6615,9478,2350,6506,9523,1782,7371,8315,3561,3912,8167,2426,5741,8188,3181,4728,8061,2619,5442,9574,2789,6408,11064,3235,7580,11056,3361,7247,9452,3025,6156,8346,1974,6106,8374,3617,4499,8262,3315,4947,8161,2190,5758,8153,2533,5301,8115,2253,5862,9639,3118,6306,10771,3075,7491
112,112,24534,20112,3588,543,97,312,23,0,0,23477,18825,3744,523,112,411,79,0,0,22577,17279,3978,543,126,680,10,23204,18329,3865,546,96,420,96,246,49,180,62,26,456,22325,17459,3893,539,115,822,6,18480,15882,2023,336,62,212,8,0,0,16872,14934,1269,275,77,244,60,246,53,152,4,0,17115,13780,2424,330,78,485,4,17115,13780,2424,212,63,69,3,40,524,16779,14719,1415,291,58,248,60,0,0,0,0,0,16326,13978,1776,273,57,238,0,238,34,42,0,16025,13623,1827,310,60,204,3,147,19,32,3,9705,2644,6748,9011,2027,6835,8887,1621,6785,8798,1150,7195,7459,2330,4179,7365,1576,5789,7343,2039,5083,7331,1667,5664,8582,1826,6416,9664,2090,7412,9624,2197,7039,8134,1910,6009,6973,1084,5703,6993,2318,4357,6891,2061,4830,6904,1215,5497,6900,1427,5257,6894,1346,5548,8168,1962,6040,9168,1972,7050
113,113,25904,22988,2062,432,156,407,19,0,0,24652,21038,2382,616,186,542,44,0,0,23990,20150,2447,504,169,757,55,24187,20940,2193,532,198,396,54,290,94,91,18,71,487,23926,20269,2336,468,216,596,35,19939,18210,1181,249,111,265,14,0,0,18751,16901,1036,419,128,254,0,348,68,103,19,0,18524,15994,1527,325,117,550,24,18524,15994,1527,228,69,76,0,35,595,18508,16778,1037,354,129,224,0,0,0,0,0,0,18453,16412,1270,355,110,263,0,300,48,86,0,18109,15893,1358,405,61,348,5,323,0,79,5,11905,3344,8050,10447,2543,7666,10695,1932,8096,10700,1527,8588,8910,2833,4961,8894,1942,6952,8905,2407,6190,8305,1832,6473,10297,2147,7730,11630,2399,9008,11575,2590,8454,9993,2319,7387,8768,1281,7196,8787,2844,5333,8558,2540,6018,8648,1503,6881,8591,1899,6423,8710,1653,7057,10018,2340,7477,10989,2182,8622
114,114,24790,23182,924,254,139,358,23,0,0,23508,22115,638,322,108,245,28,0,0,23846,21400,1098,402,178,685,44,23809,21964,1014,366,278,382,51,141,55,62,0,96,480,24295,21581,1327,453,269,652,231,18874,17934,495,135,91,248,14,0,0,18219,17460,369,164,43,221,0,156,19,82,8,0,18424,16799,675,243,116,502,34,18424,16799,675,174,70,75,18,75,538,18182,17271,440,137,57,229,0,0,0,0,0,0,18429,17225,676,139,71,270,0,94,49,43,0,18520,17189,718,164,79,301,0,79,61,20,0,11223,3255,7483,10080,2593,7244,10293,2020,7607,10275,1645,8013,8969,2875,5150,8833,2089,6744,8813,2587,5928,8759,2079,6680,10291,2302,7567,11811,2532,9071,11789,2773,8464,10149,2443,7420,9126,1582,7287,9159,2944,5811,9062,2728,6334,9025,1723,7026,9017,2161,6549,9090,1840,7250,10408,2520,7670,11573,2509,8861
115,115,24843,18699,5389,284,266,331,25,0,0,24093,17470,5842,389,152,328,41,0,0,23901,16890,5940,335,223,667,29,23487,17123,5565,345,168,285,22,150,151,54,19,11,429,24222,16790,6325,325,283,481,13,17850,14348,3037,134,176,213,15,0,0,15653,13290,1866,204,77,237,20,101,61,74,4,0,17484,13200,3595,145,143,430,9,17484,13200,3595,96,106,66,1,30,390,15785,13326,2030,182,105,251,20,0,0,0,0,0,16157,12976,2585,188,199,321,0,146,190,63,0,15956,12691,2630,153,126,363,4,143,104,63,4,9906,2192,7303,9139,1774,7190,9089,1381,7224,9030,1091,7524,7882,1879,4898,7762,1443,6319,7750,1895,5596,7720,1476,6244,8950,1548,7055,9988,1797,8034,10275,1953,7819,8653,1705,6729,7710,1033,6466,7732,2154,5246,7619,1915,5704,7589,1191,6174,7587,1539,5790,7657,1454,6203,8759,1740,6856,9653,1688,7821
116,116,25843,24131,995,239,103,443,29,0,0,25178,22584,1530,532,226,462,14,0,0,23588,20786,1357,342,180,879,52,24625,22145,1450,399,222,462,20,240,100,182,17,9,482,24101,21439,1454,360,213,610,14,19697,18688,572,117,53,288,18,0,0,18516,17339,690,168,80,230,10,149,59,96,18,0,17900,16173,786,190,111,597,23,17900,16173,786,84,63,133,10,21,630,18234,17066,689,133,88,285,15,0,0,0,0,0,17780,16501,770,125,73,390,8,101,11,125,8,17379,15977,784,93,86,473,5,57,36,112,5,12201,3091,8577,10931,2383,8316,11002,1731,8609,10901,1555,8775,9036,2668,5315,8850,1747,7103,8896,2284,6285,8827,1816,7011,10575,1952,8187,11823,2052,9526,11754,2295,8879,10131,2057,7797,8887,1232,7388,8910,2680,5823,8787,2345,6442,8741,1415,7032,8737,1942,6441,8879,1510,7369,10187,2105,7862,11364,2046,9123
117,117,18616,16141,1270,420,574,251,15,0,0,22220,19703,1180,569,560,205,0,0,0,23087,18936,1830,675,823,759,37,21927,19071,1422,490,775,127,0,342,659,28,0,38,366,23523,20116,1283,683,823,216,15,13003,11534,751,235,353,159,5,0,0,15246,13877,542,361,393,80,0,313,379,29,0,0,16866,14193,1138,397,542,511,20,16866,14193,1138,272,444,71,5,27,716,14929,13211,797,290,539,62,0,0,0,0,0,0,16114,14383,765,333,496,165,0,274,405,34,0,17340,15694,603,284,623,177,0,213,395,30,0,9277,3808,5325,9426,3388,5823,10774,3988,5787,10640,3701,6326,10134,4898,4394,10023,4370,5653,10065,4254,5493,9985,4425,5560,11487,4867,6039,13741,6226,7195,13713,6102,6889,11987,5544,6023,11287,4765,6208,11322,6026,5004,11180,6118,5062,11196,4775,6157,11160,4868,5635,11420,5623,5533,12740,6045,6394,15327,7023,8031
118,118,24282,21821,2034,195,117,227,9,0,0,23467,20151,2659,172,223,297,21,0,0,23583,19805,2797,238,208,611,103,23278,20005,2689,153,171,287,17,66,141,79,5,39,254,23501,19892,2831,154,139,502,11,18649,17252,1147,73,66,147,8,0,0,17215,15885,877,78,145,257,8,70,118,76,12,0,17868,15502,1700,123,121,413,65,17868,15502,1700,19,46,50,9,27,515,16995,15690,953,61,86,231,8,0,0,0,0,0,17090,15585,1036,46,80,358,4,38,76,70,4,16908,15096,1341,32,60,375,0,24,56,117,0,12749,2277,9931,11735,1769,9749,11689,1350,9810,11621,1082,10118,9682,2073,6417,9526,1314,8212,9502,1790,7446,9447,1278,8169,11135,1447,9361,12375,1531,10657,12285,1779,9996,10643,1542,8871,9246,710,8286,9343,1994,6929,9210,1833,7377,9173,893,8043,9134,1240,7642,9233,1008,8225,10610,1516,8905,11550,1345,9992
119,119,23353,8395,13739,757,450,433,79,0,0,23712,7353,14908,809,546,379,57,0,0,23670,6274,15700,1118,426,1120,42,23607,7278,14897,992,547,602,26,518,395,37,26,24,428,23001,6745,14919,1207,454,901,63,15928,6890,8190,491,302,241,64,0,0,11423,5898,4755,472,197,91,0,392,189,64,20,0,16083,5135,9745,755,307,692,33,16083,5135,9745,612,248,60,5,31,247,11425,5601,4918,486,223,108,0,0,0,0,0,0,11929,5349,5706,409,221,84,0,344,184,10,0,11501,4722,5895,460,298,128,4,368,226,4,4,5296,2048,3091,4815,1792,2929,4279,1501,2506,4192,1155,2789,4064,1755,1738,4005,1627,2378,4005,1772,2086,3999,1687,2312,4392,1683,2511,5047,2077,2865,5011,2054,2672,3749,1511,2132,2875,920,1870,2899,1387,1397,2799,1229,1570,2846,990,1774,2846,1083,1626,2829,1054,1775,3758,1526,2150,4283,1601,2599
120,120,23601,21716,1377,219,114,196,21,0,0,23349,20891,1752,417,168,184,2,0,0,23310,20082,1958,439,213,536,58,23190,20614,1814,354,160,263,1,222,138,90,0,0,312,23270,20576,1957,368,95,359,33,18422,17283,817,108,84,137,13,0,0,17485,16485,628,108,150,141,0,96,134,81,4,0,17881,15784,1246,275,126,342,32,17881,15784,1246,219,76,30,3,39,484,17526,16295,818,102,129,195,0,0,0,0,0,0,17400,16165,782,136,62,244,0,114,52,75,0,17168,15602,963,194,53,334,5,162,29,55,5,12063,2510,9070,11297,1932,9083,11317,1388,9321,11235,1126,9630,9223,2297,5978,9082,1448,7634,9093,1757,7047,9071,1431,7640,10709,1606,8720,11793,1721,9873,11781,1860,9387,10167,1682,8235,8926,947,7700,8910,2142,6436,8849,1957,6892,8833,1121,7479,8821,1351,7202,8702,1209,7493,10181,1717,8268,11282,1625,9450
121,121,18102,14191,1922,1148,664,225,28,0,0,22782,17317,2889,2041,614,136,16,0,0,23004,16826,2596,1931,995,608,56,21705,16879,2106,2178,497,152,2,1716,359,23,0,0,625,22180,17085,2209,1992,826,407,0,12696,10393,1114,651,427,143,15,0,0,14629,12714,654,898,249,87,0,773,214,23,20,0,16169,12336,1527,1179,650,383,30,16169,12336,1527,1018,561,57,15,77,578,14187,12409,450,1147,235,70,0,0,0,0,0,0,14914,12714,750,1060,396,148,0,807,346,5,0,15495,12185,895,1673,602,164,0,1346,455,7,0,8265,3452,4673,8406,3168,5034,9415,3572,4895,9225,3167,5363,8759,4294,3741,8683,3974,4709,8726,3716,4752,8649,3905,4744,9973,4336,5096,11895,5564,6028,11892,5426,5817,10148,4724,5031,9251,3942,5028,9274,4917,4137,9181,4948,4233,9196,4031,4922,9149,4052,4562,9270,4689,4371,10706,5136,5297,12708,5959,6502
122,122,22496,12820,8672,515,327,369,23,0,0,22267,11753,9561,527,436,425,56,0,0,22931,11145,10213,591,560,685,46,21917,11091,9480,710,594,492,80,399,455,93,0,10,390,22448,11664,9326,834,573,396,70,15434,9740,5011,336,225,241,14,0,0,13182,9036,3577,246,167,133,0,223,163,62,10,0,16114,8645,6389,399,364,430,24,16114,8645,6389,321,293,76,0,42,348,13188,8607,3709,386,229,154,0,0,0,0,0,0,13511,8859,3735,407,278,199,0,392,281,60,0,13815,8252,4812,386,239,111,5,370,237,49,5,7016,1672,5079,6383,1447,4814,6748,1446,4969,6727,1124,5287,5656,1575,3217,5535,1346,4189,5585,1579,3823,5568,1372,4196,6643,1559,4833,7671,1935,5615,7612,1971,5318,6080,1459,4478,4921,749,4040,4950,1449,3281,4863,1236,3627,4884,834,3938,4900,944,3778,4904,996,3908,6116,1470,4544,6881,1466,5318
123,123,22300,10455,9889,885,1057,300,40,0,0,22173,9381,10236,1193,1314,232,58,0,0,22957,8627,11317,1556,1246,587,48,22329,9467,10331,1402,1153,426,90,1046,968,44,0,0,467,23513,8990,11720,1737,1181,417,96,15540,8341,5878,555,694,209,20,0,0,13065,7463,4626,361,455,147,0,300,415,51,30,0,16660,7133,7391,1051,879,415,38,16660,7133,7391,859,810,62,3,86,316,13672,7611,4717,646,614,188,0,0,0,0,0,0,14383,7472,5527,669,577,154,0,652,575,22,0,13376,6951,5043,642,513,216,19,582,511,28,19,6760,2267,4370,5789,1816,3857,6351,2153,3791,6292,1546,4417,5520,2224,2267,5371,2015,3356,5426,2307,2907,5418,2075,3343,6318,2284,3669,7288,2934,4191,7215,2854,3928,5672,2185,3316,4501,1265,3111,4527,2031,2349,4411,1840,2571,4467,1346,2995,4465,1470,2791,4478,1608,2870,5751,2216,3399,6781,2387,4256
124,124,25967,16638,8732,188,174,464,23,0,0,24485,14749,9155,322,85,241,53,0,0,23685,13171,9585,279,194,808,62,24050,14261,9091,207,213,332,73,91,142,44,0,2,419,23614,13715,9207,181,249,745,25,18149,12636,5155,70,117,289,12,0,0,14775,10845,3580,136,28,183,0,116,28,82,4,0,16874,10168,6054,165,106,557,32,16874,10168,6054,59,57,103,9,34,390,14785,10590,3730,120,103,250,0,0,0,0,0,0,14060,10410,3293,78,77,236,0,54,47,38,0,13377,9598,3243,85,92,364,4,54,51,83,4,9899,1846,7712,8650,1418,7089,8339,1289,6635,8201,916,6879,6621,1510,4194,6495,1123,5372,6534,1334,5026,6479,1120,5359,7830,1293,6248,8775,1462,7164,8688,1549,6712,7218,1306,5737,5889,590,5158,5938,1507,4187,5839,1215,4624,5853,722,4961,5855,871,4759,5845,894,4951,7142,1294,5722,7872,1203,6550
125,125,24347,9200,13410,951,694,404,50,0,0,23744,7492,14268,1217,692,230,53,0,0,23208,6657,14888,879,649,915,47,23401,7178,14294,1153,659,294,38,887,568,81,0,2,379,23403,6888,14778,1141,617,393,42,16548,7339,8026,587,481,248,30,0,0,11729,5938,4866,495,350,89,0,445,325,63,0,0,16107,5484,9381,585,483,612,24,16107,5484,9381,481,415,58,0,23,265,11788,5738,4961,704,320,82,0,0,0,0,0,0,12311,5543,5704,729,253,72,0,675,243,8,0,12350,4985,6151,693,341,164,4,632,333,33,4,5907,1602,4156,5595,1571,3947,5441,1691,3473,5115,1266,3501,4114,1477,2182,4019,1297,2722,4018,1374,2517,4020,1315,2705,4952,1582,3164,5731,1912,3714,5261,1833,3166,4349,1443,2794,3237,755,2382,3241,1189,1927,3202,1111,2091,3202,804,2298,3195,943,2118,3201,893,2308,4252,1351,2812,4980,1432,3465