ID,Label,T_10_CENS_Total,T_10_CENS_White,T_10_CENS_Hispanic,T_10_CENS_Black,T_10_CENS_Asian,T_10_CENS_Native,T_10_CENS_Pacific,T_10_CENS_BlackAlone,T_10_CENS_NativeAlone,T_19_ACS_Total,T_19_ACS_White,T_19_ACS_Hispanic,T_19_ACS_Black,T_19_ACS_Asian,T_19_ACS_Native,T_19_ACS_Pacific,T_19_ACS_BlackAlone,T_19_ACS_NativeAlone,T_20_CENS_Total,T_20_CENS_White,T_20_CENS_Hispanic,T_20_CENS_Black,T_20_CENS_Asian,T_20_CENS_Native,T_20_CENS_Pacific,T_20_ACS_Total,T_20_ACS_White,T_20_ACS_Hispanic,T_20_ACS_Black,T_20_ACS_Asian,T_20_ACS_Native,T_20_ACS_Pacific,T_20_ACS_BlackAlone,T_20_ACS_AsianAlone,T_20_ACS_NativeAlone,T_20_ACS_PacificAlone,T_20_ACS_TwoOrMore,T_22_ACS_Total,T_22_ACS_White,T_22_ACS_Hispanic,T_22_ACS_Black,T_22_ACS_Asian,T_22_ACS_Native,T_22_ACS_Pacific,V_10_VAP_Total,V_10_VAP_White,V_10_VAP_Hispanic,V_10_VAP_Black,V_10_VAP_Asian,V_10_VAP_Native,V_10_VAP_Pacific,V_10_VAP_BlackAlone,V_10_VAP_NativeAlone,V_19_CVAP_Total,V_19_CVAP_White,V_19_CVAP_Hispanic,V_19_CVAP_Black,V_19_CVAP_Asian,V_19_CVAP_Native,V_19_CVAP_Pacific,V_19_CVAP_BlackAlone,V_19_CVAP_AsianAlone,V_19_CVAP_NativeAlone,V_19_CVAP_PacificAlone,V_19_CVAP_OtherAlone,V_19_CVAP_TwoOrMore,V_20_VAP_Total,V_20_VAP_White,V_20_VAP_Hispanic,V_20_VAP_Black,V_20_VAP_Asian,V_20_VAP_Native,V_20_VAP_Pacific,V_20_VAP_NH_Total,V_20_VAP_NH_White,V_20_VAP_NH_Hispanic,V_20_VAP_NH_BlackAlone,V_20_VAP_NH_AsianAlone,V_20_VAP_NH_NativeAlone,V_20_VAP_NH_PacificAlone,V_20_VAP_NH_TwoOrMore,V_20_CVAP_Total,V_20_CVAP_White,V_20_CVAP_Hispanic,V_20_CVAP_Black,V_20_CVAP_Asian,V_20_CVAP_Native,V_20_CVAP_Pacific,V_20_CVAP_BlackAlone,V_20_CVAP_AsianAlone,V_20_CVAP_NativeAlone,V_20_CVAP_PacificAlone,V_22_CVAP_Total,V_22_CVAP_White,V_22_CVAP_Hispanic,V_22_CVAP_Black,V_22_CVAP_Asian,V_22_CVAP_Native,V_22_CVAP_Pacific,V_22_CVAP_BlackAlone,V_22_CVAP_AsianAlone,V_22_CVAP_NativeAlone,V_22_CVAP_PacificAlone,V_24_CVAP_Total,V_24_CVAP_White,V_24_CVAP_Hispanic,V_24_CVAP_Black,V_24_CVAP_Asian,V_24_CVAP_Native,V_24_CVAP_Pacific,V_24_CVAP_BlackAlone,V_24_CVAP_AsianAlone,V_24_CVAP_NativeAlone,V_24_CVAP_PacificAlone,E_08_PRES_Total,E_08_PRES_Dem,E_08_PRES_Rep,E_12_PRES_Total,E_12_PRES_Dem,E_12_PRES_Rep,E_14_SEN_Total,E_14_SEN_Dem,E_14_SEN_Rep,E_14_GOV_Total,E_14_GOV_Dem,E_14_GOV_Rep,E_16_PRES_Total,E_16_PRES_Dem,E_16_PRES_Rep,E_18_SEN_Total,E_18_SEN_Dem,E_18_SEN_Rep,E_18_GOV_Total,E_18_GOV_Dem,E_18_GOV_Rep,E_18_AG_Total,E_18_AG_Dem,E_18_AG_Rep,E_18_AUD_Total,E_18_AUD_Dem,E_18_AUD_Rep,E_18_SOS_Total,E_18_SOS_Dem,E_18_SOS_Rep,E_18_TREAS_Total,E_18_TREAS_Dem,E_18_TREAS_Rep,E_16-20_COMP_Total,E_16-20_COMP_Dem,E_16-20_COMP_Rep,E_20_PRES_Total,E_20_PRES_Dem,E_20_PRES_Rep,E_20_SEN_Total,E_20_SEN_Dem,E_20_SEN_Rep,E_24_PRES_Total,E_24_PRES_Dem,E_24_PRES_Rep,E_24_SEN_Total,E_24_SEN_Dem,E_24_SEN_Rep,E_24_CONG_Total,E_24_CONG_Dem,E_24_CONG_Rep
0,Un,0,0,0,0,0,0,0,0,0,0,0,0,0,0,0,0,0,0,0,0,0,0,0,0,0,0,0,0,0,0,0,0,0,0,0,0,0,0,0,0,0,0,0,0,0,0,0,0,0,0,0,0,0,0,0,0,0,0,0,0,0,0,0,0,0,0,0,0,0,0,0,0,0,0,0,0,0,0,0,0,0,0,0,0,0,0,0,0,0,0,0,0,0,0,0,0,0,0,0,0,0,0,0,1,0,0,0,0,0,0,0,0,0,0,0,0,0,0,0,0,0,0,0,0,0,0,0,0,0,0,0,0,0,0,0,0,0,0,0,0,0,0,0,0,0,0,0,0,0,0,0,0,0,0,0,0,0,0,0,0,0,0,0,0,0
1,BARN1,41201,38312,862,985,468,353,38,0,0,40498,37374,859,1186,705,294,76,0,0,42974,37132,1341,2070,763,518,41,39835,36352,1271,1195,641,296,81,794,518,76,8,718,42823,38371,1470,1066,834,445,33,34954,33108,547,569,309,230,28,0,0,33991,32533,410,516,276,240,10,432,246,175,10,35,0,37445,33268,916,1380,580,369,32,37445,33268,916,1071,413,52,14,1340,33792,31919,600,674,370,255,10,0,0,0,0,36811,34422,863,638,545,390,10,561,406,105,10,37590,34490,1251,861,807,215,9,605,633,8,9,26498,14722,11287,26183,14127,12056,19181,10316,8865,19580,8324,10368,26463,14216,10419,23381,12433,10216,23037,5556,17411,23340,14560,8775,22625,12767,8766,23057,15495,7008,22703,13864,8216,25654,13753,11420,29283,18025,10663,28992,17652,11159,29015,17244,11187,28824,15918,12873,28427,17190,11219
2,BARN2,41163,35464,1439,1967,714,584,64,0,0,41481,33841,2801,3200,883,338,158,0,0,45195,33100,2894,3418,1161,800,90,42167,33008,2661,3771,650,317,185,2983,365,139,98,2373,45796,33479,3355,4302,726,255,69,34083,30014,976,1285,500,379,47,0,0,30570,27362,826,1488,526,272,58,1239,432,135,58,69,0,37812,28841,2015,2395,841,613,80,37812,28841,2015,1719,678,166,21,3206,30628,27288,860,1534,464,274,94,0,0,0,0,32827,29326,1074,1690,439,194,10,1498,346,73,10,33553,30050,864,1824,379,479,4,1459,250,84,4,22287,12163,9706,22659,11791,10868,16071,8296,7775,16381,6543,9153,22947,11691,9683,19406,9768,9015,19116,4718,14347,19332,11485,7837,18815,9964,7859,19153,12272,6385,18933,11040,7380,21704,11157,10146,25034,14750,9851,24756,14478,10146,24528,13701,10289,24222,12667,11521,23921,13770,10126
3,BARN3,43161,38797,889,1457,656,1027,65,0,0,42936,37929,1110,1752,929,1178,35,0,0,44687,38420,1212,1849,885,1264,57,42943,38393,940,1493,824,1037,0,745,541,645,0,1289,45669,40132,1080,1813,1007,1270,52,35103,32119,577,968,434,692,40,0,0,35420,32650,705,852,272,784,0,673,254,729,0,146,0,38062,33665,791,1240,627,874,44,38062,33665,791,714,461,421,8,1521,35532,32871,633,983,276,731,0,0,0,0,0,37790,34747,583,1053,505,794,0,695,363,389,0,38433,35138,728,1013,625,861,5,735,369,344,5,24938,13687,10817,24354,12690,11664,18224,9460,8764,18620,7446,10461,26550,13701,11074,23230,11736,10717,22838,5454,17296,23179,13763,9410,22344,12258,8931,22831,14919,7344,22533,13447,8515,25780,13265,12015,29836,17729,11519,29461,17245,12074,30142,17392,12124,29784,15829,13911,29399,17675,11710
4,BARN4,36909,34659,666,735,339,342,15,0,0,36582,33694,745,1195,560,254,59,0,0,41777,37437,1191,1609,554,436,38,36595,33768,959,1156,533,335,53,653,452,28,7,431,41702,38036,933,1191,732,373,71,32078,30493,458,495,212,255,9,0,0,31110,29740,359,421,363,214,10,391,263,25,10,0,0,37201,33972,841,1136,400,355,24,37201,33972,841,814,283,55,0,982,31440,30305,357,261,300,194,4,0,0,0,0,36350,34810,398,588,353,180,0,323,253,40,0,36974,35018,714,676,340,193,0,409,258,33,0,27221,16822,9922,27039,16352,10687,19974,12021,7953,20295,10197,9349,27382,16579,8884,24495,15056,8800,24148,7712,16370,24411,16690,7708,23868,14740,7668,24149,16883,6475,23875,15831,7360,26704,16208,9989,30356,20851,8826,30112,20410,9575,30006,20423,8902,29793,19096,10673,29408,20040,9349
5,BARN5,42819,40434,665,573,646,387,49,0,0,41360,38279,920,861,787,293,0,0,0,43420,39046,1001,965,925,611,55,41465,37683,861,1008,1180,326,0,699,862,100,0,665,42572,39057,980,913,958,363,0,33272,31722,425,380,384,261,25,0,0,33594,32158,578,339,321,191,0,244,260,84,0,18,0,36054,32973,714,620,664,435,49,36054,32973,714,334,517,106,8,1104,33605,31857,574,440,567,277,0,0,0,0,0,34777,32953,708,413,473,273,0,340,405,112,0,34765,32944,724,390,472,242,0,238,351,87,0,24483,12391,11733,23889,11312,12577,17346,7980,9366,17724,6276,10724,25515,11731,12048,21564,9761,11080,21088,4656,16363,21509,11475,10025,20707,10259,9342,21184,12767,7888,20846,11224,9013,24232,11302,12444,28268,15242,12438,27961,14959,12821,27601,14155,12828,27276,13000,14238,26989,14544,12426
6,BDN,37336,32122,1507,1863,590,634,36,0,0,39119,33800,1276,2363,909,659,171,0,0,45798,35545,3115,3026,1151,877,142,39142,32070,2412,2945,919,808,299,1614,559,459,7,1462,45482,35936,3097,3259,1376,859,76,30570,26781,1069,1335,406,445,24,0,0,30435,27747,830,928,519,239,0,776,351,155,0,193,0,38543,30761,2245,2374,840,681,95,38543,30761,2245,1688,564,200,13,2253,30823,26615,1425,1478,525,480,0,0,0,0,0,34340,29867,1602,1848,442,344,15,1546,381,146,15,34828,30188,1562,2048,470,329,28,1734,367,104,28,23444,16465,6534,23926,16350,7576,15845,10638,5207,16093,9033,6406,25106,17058,6360,20392,13992,5671,20208,8293,11883,20279,15189,5087,19643,13352,4888,20113,15145,4177,19808,14342,4714,23416,15874,7068,27652,20552,6559,27276,20132,7023,26820,19135,7037,26450,18190,8232,26039,18966,7057
7,BERK1,44142,40957,1036,1143,828,350,46,0,0,42415,38061,1651,1489,1023,440,63,0,0,42503,37145,1557,1497,1058,913,41,42115,37620,1641,1296,1204,523,40,708,971,89,17,1031,42646,38103,1562,1181,1312,513,12,35905,33596,738,738,679,274,30,0,0,34695,32015,1133,696,555,265,14,564,469,71,14,47,0,35442,31423,1130,1015,853,720,28,35442,31423,1130,637,659,47,6,1385,34570,31895,1135,606,611,282,20,0,0,0,0,35115,32530,1097,534,694,249,10,395,478,32,10,36043,33143,989,689,951,261,5,490,712,42,5,21564,15970,5083,20532,15792,4740,12255,9108,3147,12601,8477,3523,21373,13384,6298,16982,11755,4695,16834,7651,9162,16730,12065,4624,16329,11428,3771,16646,12103,3781,16437,11762,3806,19422,12650,6323,22725,15480,6734,22210,15539,6479,22153,14143,7486,21784,14238,7530,20739,14052,0
8,BERK2,44737,38437,2225,3286,727,313,48,0,0,42767,35620,2891,3379,1015,279,36,0,0,43927,34186,3539,4439,900,806,37,42514,34846,3063,4093,1068,349,30,1759,719,30,30,2045,43730,34685,3690,4517,957,565,12,35251,31349,1356,1889,507,231,28,0,0,33720,29765,1518,1879,324,223,30,1315,259,49,30,10,0,35450,28979,2255,2771,661,629,21,35450,28979,2255,2073,527,63,5,1353,34045,29680,1718,1989,422,153,30,0,0,0,0,34730,29805,2033,2313,370,97,10,1629,280,22,10,34181,29170,2169,2196,387,172,0,1367,332,12,0,20535,15657,4401,19688,15642,4046,11055,8433,2622,11403,7559,3155,20202,13907,4771,16444,11970,3978,16289,7517,8755,16016,12132,3863,15509,11526,2915,15921,12146,3002,15647,11879,2973,18623,13017,5215,21942,16404,5017,21265,16208,4914,20771,14628,5658,20295,14666,5616,19426,13575,0
9,BERK3,42340,39532,1269,703,609,282,25,0,0,41243,37707,1457,959,777,212,20,0,0,42596,37932,1968,839,923,585,47,41298,37972,1533,865,590,225,7,694,502,60,7,335,42387,38467,1577,830,872,202,20,34439,32547,880,421,415,207,13,0,0,33510,31760,753,544,333,96,12,463,265,40,12,20,0,35876,32608,1366,515,638,441,30,35876,32608,1366,350,491,42,4,902,33620,31780,1016,477,223,112,12,0,0,0,0,35200,33015,1117,512,419,138,4,383,297,56,4,35072,33064,917,563,409,83,12,357,356,44,12,23940,17931,5392,22820,17406,5414,15187,11330,3857,15549,10171,4523,24042,16423,5770,20441,15067,4828,20305,9862,10414,20105,15375,4659,19588,14345,3905,19982,15186,3886,19658,14681,4008,22836,16003,6359,26708,19821,6313,26037,19514,6304,25750,18323,6661,24773,17899,6838,24378,15427,0
10,BRISTOL1,39749,36260,793,1143,1345,220,41,0,0,41439,35554,1855,2372,1985,204,4,0,0,42367,35661,1585,2214,2197,374,36,42060,35267,1945,2517,2754,249,4,1831,2299,11,0,664,42396,35553,1785,2345,2988,202,20,29937,27634,516,731,894,139,26,0,0,32089,28572,1121,1291,930,148,0,1096,841,15,0,10,0,33904,29192,1093,1536,1523,288,26,33904,29192,1093,1182,1371,25,1,883,32278,28555,1120,1278,1146,165,0,0,0,0,0,32608,28998,1039,1195,1264,106,0,959,1095,4,0,32865,29094,1012,1531,1068,64,0,1354,922,0,0,19798,10364,9108,21168,10741,10427,14103,7334,6769,14597,5243,8710,22223,11233,9148,18388,9174,8571,18113,4314,13757,18252,11537,6710,17522,10064,6480,17982,12081,5468,17641,10829,6330,21018,10862,9633,24916,14737,9557,24394,14173,10069,24341,13210,10412,23909,12107,11762,17710,16778,0
11,BRISTOL2,39950,33447,2602,1541,2093,291,65,0,0,41227,34116,2759,2260,1918,161,71,0,0,42780,32152,3885,3493,2418,702,63,41954,34774,2813,2430,1854,141,84,1739,1699,14,39,734,42965,34828,3436,2788,1647,272,57,30855,26492,1681,980,1484,220,48,0,0,31357,27547,1317,1241,1093,126,30,1160,1063,17,30,20,0,34170,26624,2682,2394,1788,510,44,34170,26624,2682,1773,1609,54,7,1166,31544,27665,1249,1367,1091,96,40,0,0,0,0,31823,27632,1771,1244,943,104,40,1127,874,0,40,32139,26707,2347,1611,1294,122,0,1414,1220,0,0,17224,9588,7262,17738,9797,7941,10655,5805,4850,10998,4485,6003,18817,9569,7877,14367,7575,6226,14256,4175,10068,14255,8882,5366,13777,7870,5047,14065,9005,4624,13865,8461,4967,17369,9196,7757,21505,12419,8514,21160,12519,8462,21237,11508,9183,20833,11256,9556,15597,15279,0
12,BRISTOL3,42605,36510,2048,2643,694,326,63,0,0,44490,34591,3574,3848,1248,189,57,0,0,45685,34055,3248,5880,1035,646,51,45394,34072,3893,4587,1220,301,116,2996,982,3,0,2266,46494,34245,3782,5597,1489,275,40,32753,28885,1229,1586,440,227,46,0,0,32810,28085,2033,1844,727,101,0,1667,695,6,0,16,0,36449,28455,2082,3917,757,445,40,36449,28455,2082,2546,617,72,11,1941,33467,28519,2201,1926,580,146,0,0,0,0,0,34497,28950,2050,2503,841,55,0,2174,792,2,0,34442,28095,2290,3266,566,187,4,2891,536,14,4,18423,10431,7644,19136,10973,8163,11549,6741,4808,12134,5225,6296,19686,10094,8176,15026,7674,6819,14778,3995,10736,14807,9214,5582,14187,8309,5119,14622,9576,4632,14409,8438,5635,17974,9379,8184,22194,12691,9008,21557,12580,8798,22163,11456,10207,21579,11114,10443,16551,14309,1995
13,BRISTOL4,39441,37385,648,515,607,211,49,0,0,42579,39581,970,715,806,154,200,0,0,42432,38060,1189,1033,1161,454,41,42673,39414,1133,662,1097,98,255,320,697,24,43,962,42534,38643,1632,1427,611,182,113,30307,28948,378,347,403,155,34,0,0,32857,31175,548,348,538,153,100,347,358,13,100,0,0,33936,30988,708,667,798,347,33,33936,30988,708,353,655,49,2,961,33567,31720,650,285,635,113,45,0,0,0,0,33838,31785,937,564,280,115,0,564,155,27,0,33628,31350,1110,518,299,198,0,451,228,4,0,20767,11128,9252,20594,10404,10190,12147,5960,6187,12425,4593,7255,22508,9911,10973,17337,8167,8642,17156,4346,12783,17161,9409,7740,16569,8545,7165,16938,9670,6856,16724,9058,7255,20806,9589,10760,25741,12840,12315,25173,12821,12132,26006,11899,13542,25557,11199,14330,17569,16897,0
14,BRISTOL5,41773,38875,1074,1054,442,243,52,0,0,42802,39101,1153,1629,410,126,66,0,0,44702,38594,1866,2260,744,630,54,42659,38942,1088,1495,534,221,98,1091,276,31,42,906,43362,38823,1346,1597,754,390,127,32912,31183,597,597,279,167,36,0,0,33957,32137,633,782,276,78,50,744,181,26,50,9,0,35466,31606,1079,1329,513,462,44,35466,31606,1079,819,365,35,4,1244,34003,32020,715,736,390,90,40,0,0,0,0,34469,32060,738,860,479,218,70,679,313,20,70,35025,31680,1583,996,513,189,0,740,430,6,0,21230,12634,8136,20905,12434,8471,12232,7242,4990,12613,5865,6201,22016,10376,10249,16330,8048,7729,16178,4249,11902,16175,9464,6704,15667,8813,6032,16029,9917,5719,15877,9148,6353,19874,9584,9881,24745,12518,11739,24062,12872,10924,24886,11308,13162,24396,10978,13405,16745,16428,0
15,BRISTOL6,42617,36454,2574,1968,1228,316,80,0,0,42895,34114,4028,3102,873,845,0,0,0,44424,33167,4953,4017,1279,616,62,43233,33446,4125,3958,1015,967,0,2176,870,1,0,2167,44582,33928,4568,4811,924,356,71,33877,30038,1472,1192,811,209,55,0,0,32499,27624,2394,1537,472,576,0,1201,390,3,0,85,0,35582,28130,3092,2509,946,435,41,35582,28130,3092,1540,791,73,3,1594,32227,26894,2281,1739,656,739,0,0,0,0,0,32938,27929,2170,1929,652,185,0,1672,581,0,0,32365,27083,1837,2129,966,258,0,2023,864,55,0,16220,11118,4750,15471,10780,4691,8891,5967,2924,9202,4996,3763,16129,9025,6196,11223,6426,4414,11128,3499,7601,11003,7129,3869,10613,6504,3426,10926,7309,3219,10701,6771,3564,13926,7685,5997,17507,9846,7347,16800,10137,6577,16649,8195,8117,16053,8257,7772,11288,11170,0
16,BRISTOL7,39353,31746,3579,2485,1209,363,99,0,0,39368,29209,4793,3704,889,909,43,0,0,41990,28176,6654,4411,1453,655,108,39360,27607,4775,4876,1386,1192,0,2562,1333,143,0,2734,40680,26473,5755,5450,1503,1100,0,30315,25786,2031,1369,792,218,68,0,0,26936,22070,2284,1484,475,680,0,1115,464,70,0,7,0,32573,23457,4265,2753,1043,477,81,32573,23457,4265,1463,928,72,9,1901,26878,21370,2351,1971,813,764,0,0,0,0,0,27506,21315,2778,2206,877,762,0,1472,851,95,0,27176,21212,2955,1858,1010,537,0,1151,968,10,0,12550,9397,2897,11488,9009,2479,6099,4446,1653,6254,3769,2094,11756,6998,4095,7029,4346,2431,6988,2505,4475,6883,4567,2281,6677,4292,1954,6837,4681,1897,6740,4528,1961,9336,5347,3802,12039,6473,5319,11446,7170,4217,11640,5431,5973,11129,5813,5295,8022,7930,0
17,BRISTOL8,39895,37347,1035,680,429,202,38,0,0,40969,36962,1809,888,568,385,89,0,0,42005,36750,2123,1416,646,498,60,40835,36447,1782,1181,735,167,75,373,616,9,0,1093,42962,37928,2134,1264,720,178,178,31750,30135,595,404,274,147,27,0,0,31974,30111,947,405,310,200,0,288,250,20,0,33,0,34357,30838,1349,858,450,364,39,34357,30838,1349,385,364,38,10,1065,32488,30189,1148,549,424,124,0,0,0,0,0,33795,31526,1111,475,438,84,0,243,407,20,0,33486,31046,1291,427,450,169,6,168,349,11,6,20169,12460,7299,18197,10919,7278,11611,6999,4612,11895,5626,5577,20786,9900,9720,15726,7532,7639,15473,4222,11222,15468,8727,6739,14933,8064,6002,15253,9061,5757,15112,8177,6535,18757,8889,9520,23045,11166,11444,22383,11729,10463,23749,10270,13032,23128,10156,12939,20197,12122,7898
18,BRISTOL9,42348,38007,1288,1437,915,258,55,0,0,42417,37370,1562,1768,1256,204,19,0,0,42184,35247,1998,2405,1224,368,40,42409,36218,2416,1764,1378,214,10,1178,950,0,0,1266,40676,33891,2440,1781,1614,439,94,34860,31575,897,1149,678,185,47,0,0,34322,30965,1089,1356,755,160,0,1099,635,8,0,26,0,35302,29861,1466,1950,954,272,31,35302,29861,1466,1116,829,39,4,1588,34139,30485,1522,1341,701,155,0,0,0,0,0,33314,29548,1369,1191,800,188,45,918,728,0,45,34113,29335,1853,1453,934,290,18,1071,819,5,18,20394,12998,7057,19683,12481,7202,11187,7245,3942,11390,5420,5383,20267,10610,8327,15596,8320,6770,15311,4676,10604,15424,9537,5878,14872,8725,5306,15222,9776,5015,15076,9010,5715,18234,9519,8346,21751,11742,9636,21225,12221,8867,22731,11049,11296,22221,10793,11408,21607,11586,10005
19,BRISTOL10,41197,38571,705,775,418,225,30,0,0,42678,38379,1585,703,912,240,21,0,0,42869,37978,1673,1357,604,506,44,43091,38800,1713,712,632,204,339,334,448,0,0,897,43619,39137,1366,1165,629,489,339,32729,30961,402,519,280,155,19,0,0,33960,32063,832,380,550,107,0,313,487,0,0,41,0,35090,31743,1063,865,429,347,29,35090,31743,1063,316,320,68,5,1210,34492,32575,832,363,423,61,145,0,0,0,0,35114,33099,675,475,381,229,140,373,369,63,140,35181,32936,816,521,336,252,162,436,305,63,162,23000,13577,8990,23070,13249,9821,14912,8794,6118,15278,6764,7717,23888,11752,10507,19630,9733,9284,19284,5002,14215,19443,11319,8116,18755,10197,7491,19158,11910,6740,18929,10389,8088,22448,11114,10887,26723,14423,11777,26162,14483,11493,26951,13524,12939,26566,12757,13785,26012,13932,12054
20,BRISTOL11,39381,23934,8272,4735,501,1335,159,0,0,40212,20156,11569,4806,871,289,89,0,0,43150,20145,13832,7249,583,1555,93,39476,19591,11661,5711,951,683,56,3178,679,41,18,1948,41232,19532,13065,6268,1021,1258,21,29829,19535,5236,3118,355,983,116,0,0,26455,17822,5187,2866,414,151,0,2471,354,18,0,79,0,32883,16949,9099,5112,420,1102,72,32883,16949,9099,1854,300,123,11,3099,25708,16643,5277,3113,337,202,0,0,0,0,0,26233,16203,5961,3352,267,292,0,2860,189,93,0,26265,15605,6294,3647,380,327,10,3042,235,69,10,11890,9142,2517,12418,9910,2508,5504,4354,1150,5615,3712,1530,11774,7886,3160,7646,5190,2145,7547,3685,3836,7544,5551,1986,7350,5195,1692,7493,5444,1669,7429,5310,1859,9731,6394,3137,12224,7828,4148,11905,8310,3502,11674,6316,5053,11290,6740,4516,11017,6753,4229
21,BRISTOL12,42720,39426,901,1321,607,253,41,0,0,43978,39007,1534,2169,445,366,162,0,0,45261,38862,1585,2597,862,586,70,44376,39469,1459,1754,488,467,126,1044,397,21,2,1525,45743,39753,1591,2049,563,472,193,32372,30275,533,829,384,179,33,0,0,33858,31143,855,1300,286,300,1,1035,276,1,1,10,0,35941,31514,1004,1734,637,420,49,35941,31514,1004,1030,488,37,10,1516,34478,31868,886,1145,327,346,2,0,0,0,0,35336,32089,894,1561,364,372,50,1404,358,85,50,35740,32541,862,1643,434,444,39,1325,374,105,39,20253,10125,9702,19350,9604,9746,13220,6621,6599,13675,4858,8050,22165,9390,10961,17646,7369,9675,17271,3929,13272,17399,9282,8109,16791,8303,7498,17219,10028,6694,17306,7270,9715,20639,9044,11058,25133,12045,12401,24522,12234,12015,25739,11214,13981,25137,10527,14583,18850,15039,3371
22,BRISTOL13,39932,27189,6543,3770,514,698,161,0,0,39137,24709,6602,4195,753,347,71,0,0,41840,24931,8983,5687,684,1114,81,39813,24393,7191,4569,712,588,79,2407,569,36,0,2583,42404,26349,8239,4589,818,739,164,30585,22302,3967,2441,359,474,122,0,0,27624,20865,3328,3063,252,181,15,2552,170,8,15,49,0,32556,21159,5612,3826,505,748,60,32556,21159,5612,1362,332,78,16,2778,27818,20989,3536,2923,290,269,10,0,0,0,0,29090,22480,3900,2247,329,241,20,1902,204,27,20,28458,21271,4047,2530,311,294,11,2121,176,40,11,14552,10925,3393,14734,11535,3199,7510,5824,1686,7704,4927,2352,14222,9131,4224,10317,6699,3179,10145,4481,5622,10149,7316,2824,9866,6763,2474,10058,7238,2403,10007,6929,2740,12360,7820,4279,14991,9460,5254,14565,9861,4574,14818,8290,6238,14354,8547,5773,14065,8675,5302
23,BRISTOL14,39986,36240,987,918,1599,245,39,0,0,40546,34560,2094,1217,2592,106,126,0,0,42242,35008,1741,1930,2744,476,48,40358,35194,1809,1005,2077,94,98,392,1776,4,0,949,42398,36137,1366,1657,2675,174,40,29842,27380,648,580,1040,175,29,0,0,29411,27030,763,632,850,39,0,483,761,8,0,70,0,33258,28386,1123,1215,1889,331,27,33258,28386,1123,923,1710,28,0,895,30098,28047,732,584,672,46,0,0,0,0,0,32161,29170,675,966,1234,102,0,834,1183,0,0,32664,29102,656,1370,1309,133,0,1169,1217,37,0,19447,9959,9139,19597,9490,10107,12584,6105,6479,12971,4396,7994,21048,10206,9064,16707,8445,7529,16537,4029,12490,16570,10258,6310,15949,8926,6076,16401,10579,5361,16136,9706,5971,19695,10010,9172,23956,13834,9532,23468,13309,10021,23363,12447,10234,23031,11685,11320,16883,16430,0
24,ESSEX1,43060,40974,754,436,588,266,28,0,0,46147,42975,1331,883,986,194,40,0,0,46005,41627,1431,781,946,566,28,46252,42725,1359,909,1074,233,14,337,734,16,14,996,45782,41292,1425,1025,986,200,20,33776,32452,443,264,377,189,22,0,0,36286,34670,737,312,416,73,20,262,306,20,20,50,0,37821,34772,921,528,633,440,20,37821,34772,921,310,449,51,5,1163,36113,34208,895,352,477,126,15,0,0,0,0,35685,33634,961,460,467,155,0,274,412,29,0,36541,34175,1200,509,492,124,4,244,368,12,4,24249,14714,9049,21137,12618,8519,17153,10198,6955,17640,7718,9147,25913,14789,9163,22507,13043,8536,22242,5964,16237,22426,15548,6873,21603,12854,7251,22135,15326,6086,21691,14313,6631,25267,14547,10151,29585,19116,9806,29269,18840,10266,28969,18138,10149,28606,16889,11689,22633,22264,0
25,ESSEX2,44806,42535,679,324,1027,202,26,0,0,47547,44052,1307,790,1281,132,17,0,0,46064,41960,1324,613,1245,469,34,47634,43836,1382,653,1780,147,22,311,1151,26,22,860,46111,42321,817,795,1691,69,0,33924,32531,402,204,606,140,15,0,0,35704,34258,600,333,431,75,15,204,310,35,15,0,0,36873,34133,856,349,821,353,23,36873,34133,856,167,670,16,1,862,36605,34420,709,312,996,94,20,0,0,0,0,35963,33953,468,393,1063,35,0,292,638,4,0,36214,34197,608,294,997,62,0,188,598,4,0,27129,14370,12290,26681,13357,13324,19823,10152,9671,20393,7458,12092,28778,15151,11056,24909,13022,10905,24455,5986,18415,24810,15942,8862,24005,12846,9112,24455,15717,8021,23982,14539,8744,27571,14702,12149,31565,19266,11472,31236,18804,12219,30977,18359,11776,30712,16632,14050,23863,23282,0
26,ESSEX3,40890,31112,7240,2042,792,370,57,0,0,42938,28545,11047,3252,982,341,199,0,0,46085,28787,12637,3518,1081,922,86,43430,28315,11427,3268,1095,460,342,1278,682,9,0,1582,46345,29389,12982,3676,655,511,197,31493,25211,4557,1360,549,259,42,0,0,31391,23551,5736,1304,519,119,0,1030,474,10,0,170,0,36268,24391,8489,2393,820,663,69,36268,24391,8489,1329,639,74,4,1069,31612,23520,5908,1192,605,174,0,0,0,0,0,33899,24802,6869,1461,447,186,0,1156,322,0,0,34086,24957,7126,1221,498,128,0,954,324,0,0,17064,10108,6591,17899,10531,7368,10996,6336,4660,11384,4835,5978,19026,10091,7405,14320,7870,5848,14090,4154,9884,14186,9322,4851,13761,7791,5012,14064,9248,4327,13819,8748,4490,16982,9381,7153,20497,12297,7671,20113,12574,7271,19625,10701,8484,19260,10657,8586,14259,14134,0
27,ESSEX4,37714,14556,21126,3363,966,669,157,0,0,39917,10581,27033,3420,666,394,41,0,0,42510,10824,28657,4982,925,1038,127,38685,10594,25690,3641,597,388,9,1001,483,0,0,669,41167,10782,27916,3842,831,557,12,27675,11923,14340,2373,698,462,102,0,0,23814,8958,13469,927,445,18,0,743,441,0,0,4,0,32146,9140,20820,3655,774,786,96,32146,9140,20820,992,593,31,4,411,23712,8845,13581,899,359,31,0,0,0,0,0,24588,8995,14258,812,380,30,0,609,366,0,0,24804,8546,14909,829,391,53,14,778,375,4,14,11670,8185,3308,12902,9415,3487,7650,5381,2269,8047,4682,3037,13958,9924,3441,9422,6561,2565,9295,3826,5435,9259,6930,2315,9031,6203,2310,9274,6852,1946,9092,6705,2056,11475,7649,3646,13810,9206,4345,13402,9495,3769,12323,6812,5228,11869,7697,4143,9605,9221,0
28,ESSEX5,44381,42087,1020,479,546,212,47,0,0,46521,43639,882,970,868,146,0,0,0,45791,41200,1779,838,787,476,64,46731,43489,1103,1034,761,165,0,579,611,23,0,636,45863,41982,1465,879,995,244,56,35793,34311,642,294,338,153,28,0,0,37100,35730,383,476,418,104,0,247,298,15,0,10,0,38101,34929,1143,512,555,348,41,38101,34929,1143,260,409,27,13,1059,37170,35780,511,442,295,116,0,0,0,0,0,36510,34895,649,414,388,130,0,204,324,24,0,36927,35131,945,357,412,68,5,215,333,0,5,25601,16321,8819,26220,16207,10013,18291,11309,6982,18905,8845,9209,27167,16451,8438,23045,14183,8029,22881,6628,16190,22969,16489,6469,22003,13366,6648,22574,15850,5847,22171,15146,6193,25825,15694,9486,29765,20361,8711,29378,20040,9154,28953,18978,9269,28502,17771,10695,23245,22710,0
29,ESSEX6,42093,38555,1447,956,893,229,56,0,0,44518,39214,2358,1688,1337,149,133,0,0,45176,38136,2859,1659,1526,541,62,44694,38789,2446,2333,1403,135,101,1106,1065,51,9,1164,44921,38167,2874,2407,1563,192,81,33892,31492,917,614,629,180,32,0,0,35193,32560,1268,678,592,88,8,508,489,4,8,12,0,37298,32377,1915,1058,1118,397,48,37298,32377,1915,722,913,24,11,1105,35023,32231,1267,848,562,100,8,0,0,0,0,34782,31653,1599,789,631,75,8,546,469,30,8,35552,32128,1445,1056,760,163,0,751,527,39,0,21561,12843,8340,22351,13034,9317,14924,9099,5825,15439,6680,8078,23239,13913,7315,19705,11895,6983,19456,5702,13738,19610,14092,5517,18886,11163,5348,19345,13614,5084,18981,13114,5280,22162,13429,8182,25762,17589,7592,25459,17358,7960,24481,16149,7700,24217,15132,9070,19328,19259,0
30,ESSEX7,41340,31377,6465,2694,1344,434,97,0,0,43240,31069,7708,3752,1502,437,236,0,0,44480,30477,8785,3739,1740,614,96,43279,30608,7951,3944,1734,330,238,2006,1132,54,0,1403,44466,30630,8474,4030,1877,558,111,33612,26931,4163,1800,988,310,69,0,0,34265,26790,4985,1520,714,195,0,1150,630,140,0,69,0,37321,27112,6255,2727,1336,473,59,37321,27112,6255,1427,1049,42,9,1184,34540,26609,5255,1737,733,119,0,0,0,0,0,35286,27125,5544,1596,837,132,0,1280,732,40,0,35323,26794,5632,1697,982,121,36,1255,811,27,36,19073,13080,5601,19791,13905,5886,12767,9180,3587,13241,7052,5528,21908,14950,5458,18618,13162,4763,18437,7660,10733,18519,14720,3790,17951,12486,3824,18335,13933,3554,18069,13815,3547,20849,14448,5919,24018,18023,5433,23712,18154,5368,23158,16536,5967,22786,16381,6387,18883,18677,0
31,ESSEX8,39980,35111,2464,1409,1062,210,36,0,0,42375,35459,3623,2228,1473,73,0,0,0,43329,34518,4670,2357,1471,426,47,42332,35531,3650,2185,1564,196,54,1191,1100,24,0,744,43007,35136,4148,2500,1385,407,0,30660,27412,1629,965,672,130,22,0,0,30577,27233,1731,840,707,68,0,817,649,30,0,0,0,34012,27906,3128,1716,1020,295,23,34012,27906,3128,1053,824,17,3,851,31119,27565,1772,802,657,100,0,0,0,0,0,31722,27961,1820,840,784,184,0,741,689,105,0,32125,27640,2168,1167,847,164,4,994,768,77,4,22745,14266,8118,23717,14135,9582,17215,10775,6440,17892,7314,10115,24248,15568,6956,21040,13156,7142,20947,5450,15461,21013,15469,5538,20081,12683,5702,20745,14441,5701,20340,14573,5245,23334,14556,8294,26713,19138,7027,26376,18587,7616,25204,17158,7391,24855,15748,9065,20439,20013,0
32,ESSEX9,42100,38300,1375,906,1250,198,23,0,0,44329,38515,3018,825,1831,109,0,0,0,44893,35690,3214,1871,2439,472,37,44528,38306,2916,1032,2006,100,19,822,1721,17,19,569,44807,36548,3565,1465,2129,135,25,33608,31006,913,590,888,136,14,0,0,34773,31773,1501,546,942,47,0,516,752,16,0,0,0,36705,30198,2151,1261,1774,346,30,36705,30198,2151,941,1626,43,5,1294,34358,30866,1556,848,1101,74,20,0,0,0,0,33533,29766,1715,1067,890,51,25,974,708,4,25,34058,29515,1657,1423,1287,113,35,1262,1111,7,35,22256,11703,10152,22929,11866,11063,16252,9422,6830,16876,6441,9758,24225,11475,11262,19255,9039,9548,18780,4353,14378,19036,11665,7364,18126,9479,7514,18861,12168,6295,18280,11109,6714,22192,10978,10758,26353,14395,11469,25708,14909,10547,25162,12599,12033,24507,12032,12453,16877,16565,0
33,ESSEX10,39074,17547,13531,6365,2797,640,120,0,0,42868,13228,20945,7788,3208,739,229,0,0,44399,13971,21095,7171,3122,1430,93,42576,13372,21349,7667,2705,1030,442,4422,2019,51,83,1035,45601,14410,21700,8199,3240,1115,377,28856,14747,8769,4134,1891,414,71,0,0,23386,11427,6648,3232,1851,119,50,2911,1752,45,50,70,0,33029,12003,14239,5131,2275,1004,65,33029,12003,14239,3482,2067,23,12,921,24424,11319,8247,3245,1363,80,45,0,0,0,0,26935,12374,9108,3678,1466,133,0,3441,1413,10,0,26327,11838,9536,3258,1322,171,56,3013,1242,41,56,12386,8549,3629,13787,10196,3591,8068,6007,2061,8420,4869,3196,14005,9473,3755,10126,6886,2889,10032,3960,6026,10029,7634,2383,9735,6477,2487,9984,7491,2066,9789,7352,2090,12248,8201,3807,14849,10408,4164,14565,10833,3621,13058,7794,4892,12751,8409,4301,10686,10252,0
34,ESSEX11,41815,19402,13568,6256,3684,589,153,0,0,41508,15609,16405,7682,3852,273,44,0,0,46082,15649,20004,7666,3833,1124,83,42434,16031,16700,8550,3781,592,258,5012,3190,91,0,1100,44388,16709,18022,8349,3117,877,281,31535,16617,8736,4189,2581,392,107,0,0,24254,13152,6059,2728,2163,97,0,2576,2099,30,0,44,0,34944,13686,13500,5586,2874,806,51,34944,13686,13500,3797,2690,34,4,969,25588,13520,6515,3388,2094,75,0,0,0,0,0,27431,14383,7586,3465,1901,134,0,3057,1740,9,0,28270,13602,8440,3466,2605,108,1,2906,2554,25,1,13509,9441,3810,14792,10895,3897,9072,6756,2316,9471,5491,3635,15097,10229,4088,11087,7608,3144,10999,4334,6632,10955,8389,2558,10592,7137,2647,10880,8179,2265,10649,7976,2297,13435,8970,4215,16493,11420,4761,16069,11857,4073,14669,8940,5361,14259,9321,4889,11816,11300,0
35,ESSEX12,42159,36384,3002,1406,932,170,51,0,0,43718,35103,4792,2571,747,309,20,0,0,45482,33974,5128,2734,1412,412,50,44373,35372,5789,2310,709,174,10,1633,484,120,0,916,45184,35220,6028,2161,922,559,0,34183,30245,1973,886,659,117,41,0,0,33392,28873,2600,1316,316,280,0,1156,266,180,0,30,0,37344,29204,3510,1855,1036,312,34,37344,29204,3510,1179,917,44,4,1721,33871,29115,3175,1024,383,174,0,0,0,0,0,34521,29494,3210,1030,576,239,0,892,413,55,0,34126,27472,3998,1467,925,183,0,1289,762,8,0,20612,12125,8156,19801,11612,8189,14638,9134,5504,15166,6476,7969,22499,11993,9099,17555,9192,7679,17310,4126,13100,17435,11527,5891,16861,9550,6061,17241,11672,5146,16926,11098,5388,20352,10884,9030,23942,13925,9588,23549,14493,8866,22759,11944,10339,22368,11691,10628,17223,16562,0
36,ESSEX13,43864,40826,1301,699,959,174,26,0,0,45841,41012,2461,1363,1168,258,34,0,0,45912,40220,2211,1247,1298,390,55,45195,40169,2617,1272,1334,215,33,640,894,22,0,740,45256,39964,2239,1277,1443,169,92,34737,32532,940,497,688,135,22,0,0,35956,32929,1624,394,687,222,0,323,619,4,0,104,0,37277,33193,1618,825,935,284,37,37277,33193,1618,594,794,25,2,856,35590,32753,1437,367,807,164,0,0,0,0,0,35595,32500,1132,623,1099,93,65,520,909,4,65,35611,32217,1379,860,1010,112,49,614,839,5,49,23439,12295,10784,25408,12478,12930,16968,9045,7923,17533,6169,10671,25697,12459,11348,21077,10008,10234,20676,4193,16383,20963,12893,8060,20178,10444,8141,20681,12916,7321,20244,12151,7606,23956,11795,11623,28068,15613,11890,27676,15606,11874,27533,14338,12565,27130,13134,13958,19859,19351,0
37,ESSEX14,42784,38822,1587,697,1613,180,20,0,0,45886,40801,2364,1396,1443,162,8,0,0,45425,38518,2705,1280,2025,419,52,47071,41344,2836,1393,1595,177,9,726,1161,0,0,984,45814,38817,2948,1092,1992,319,16,32246,29694,1005,447,1039,117,12,0,0,34594,31663,1514,616,773,67,0,494,604,10,0,10,0,35868,31193,1774,857,1387,310,35,35868,31193,1774,561,1194,32,11,900,35751,32234,1856,677,938,58,0,0,0,0,0,35114,31159,1968,574,1307,90,0,480,1014,0,0,35628,31524,1796,674,1460,177,0,579,1139,5,0,23935,12534,11001,23049,11035,12014,16853,8294,8559,17322,6036,10626,25317,13182,10204,21291,10963,9416,20971,4902,16020,21146,13424,7717,20315,11039,7889,20861,13375,6934,20458,12428,7454,24055,12681,10794,28139,17017,10405,27863,16623,11044,27100,15890,10494,26784,14707,12048,20377,20074,0
38,ESSEX15,40944,34502,3963,1256,1392,229,45,0,0,42408,32238,7083,1745,1569,216,51,0,0,44948,32997,7091,2660,1984,531,53,42957,31428,7655,2056,1669,158,51,1464,1332,10,0,1056,45024,31451,7839,2907,1955,693,10,31315,27117,2460,813,974,149,32,0,0,31412,26241,3279,900,864,85,0,851,719,20,0,35,0,35897,27698,4723,1798,1460,387,37,35897,27698,4723,1059,1288,39,8,867,32295,26690,3452,963,1053,79,0,0,0,0,0,34349,27370,3926,1589,1345,90,0,1481,1155,10,0,34324,26707,4635,1506,1404,128,0,1314,1274,5,0,19971,10473,9177,20984,10378,10606,13981,7275,6706,14403,5242,8587,22152,10469,10234,17498,8402,8361,17235,3937,13218,17363,10489,6866,16831,8769,7077,17245,10727,6081,16904,9971,6388,20464,10024,9966,24675,13313,10847,24159,13602,10272,24332,12221,11576,23899,11883,11975,17333,16804,0
39,ESSEX16,35996,14632,18426,2846,1835,546,128,0,0,38399,11871,23432,3133,1388,264,127,0,0,43728,11469,28223,4710,1849,760,156,38907,11314,24247,3399,1953,605,126,1087,1748,0,0,340,43282,11293,28320,4555,2042,571,82,26311,12232,11914,1972,1363,370,88,0,0,24894,10444,12672,897,804,89,0,858,764,0,0,3,0,33020,9944,19972,3497,1442,560,127,33020,9944,19972,1138,1272,25,5,450,24749,10044,12814,763,960,136,0,0,0,0,0,25791,10236,13477,1001,999,104,0,872,906,14,0,24678,8852,13587,893,1165,94,5,861,1146,14,5,11350,7651,3494,12253,8617,3636,7432,5226,2206,7718,4235,3184,13465,9281,3543,8836,5962,2551,8771,3255,5483,8719,6536,2175,8539,5688,2318,8713,6311,1909,8561,6232,1965,11246,7364,3701,14179,9410,4530,13829,9762,3941,13323,7287,5682,12875,8186,4656,10498,10054,0
40,ESSEX17,37788,12007,23313,3053,1494,703,162,0,0,39429,11217,25740,2354,1598,139,94,0,0,42269,10502,28376,4918,1803,1035,124,39506,10469,26297,2946,1814,183,41,743,1620,0,0,254,41600,10735,27879,3578,1798,451,28,26892,9604,15623,2097,1024,502,117,0,0,23076,8977,12990,323,757,24,0,312,692,5,0,30,0,31323,8642,20331,3600,1314,707,100,31323,8642,20331,672,1178,21,0,342,22561,8221,13095,290,904,38,0,0,0,0,0,23688,8514,13640,504,995,24,0,456,1008,1,0,23909,8379,14057,554,928,38,0,493,906,9,0,12007,8744,3104,13283,9662,3621,8044,5615,2429,8364,4890,3207,13910,10274,2977,9968,7124,2519,9899,4081,5789,9800,7558,2233,9502,6587,2293,9758,7320,1917,9580,7194,2036,11921,8199,3511,14214,10058,3889,13823,10059,3630,13004,7899,4762,12484,8391,4070,10009,9733,0
41,ESSEX18,40929,35276,1182,588,3833,131,27,0,0,45194,34774,2224,1689,6474,174,27,0,0,46086,35063,2378,1368,6612,261,46,46019,35110,3024,1553,6429,179,20,970,5690,9,0,1122,46463,35041,3451,1384,6085,246,25,29632,25935,741,376,2557,81,18,0,0,32018,26792,1059,729,3273,129,0,527,3120,9,0,43,0,35411,27890,1544,935,4527,196,32,35411,27890,1544,683,4246,12,4,879,33268,27568,1568,736,3284,126,0,0,0,0,0,34174,28455,1793,570,3226,122,0,428,3125,25,0,34813,29417,1343,846,3057,225,0,701,2897,41,0,22882,12003,10554,22598,10696,11902,16100,7892,8208,16521,5597,10436,24510,13212,9443,20850,10905,8923,20522,4807,15642,20708,13257,7443,19994,10882,7804,20441,13303,6660,20088,12324,7298,23640,12705,10323,27917,17385,9849,27625,16721,10663,26441,15601,10083,26076,14431,11600,19943,19479,0
42,FRANK1,43118,39821,1303,793,866,528,47,0,0,42507,38611,1524,988,940,506,210,0,0,42982,37186,2141,1174,1293,913,50,42393,38127,1664,875,1200,451,278,291,752,44,70,1402,43187,38458,1818,863,1346,566,111,35217,33008,836,495,596,386,29,0,0,34348,32276,904,442,331,352,0,315,158,128,0,54,0,36031,31758,1451,792,1007,696,27,36031,31758,1451,438,770,66,5,1350,34687,32373,952,451,504,274,0,0,0,0,0,35602,33036,1094,513,574,327,0,365,436,12,0,35108,32244,1344,550,599,320,14,438,514,9,14,23947,17827,5456,22685,17345,5340,16003,12083,3920,16319,9770,5071,24098,15867,5773,20590,14846,4974,20495,9504,10963,20490,15940,4541,19936,13692,4142,20342,15080,3672,20079,14520,3934,22891,15795,6435,26295,19356,6167,25972,19314,6313,25909,18168,6754,25606,17903,7666,24764,18952,0
43,FRANK2,42713,39709,1481,782,498,388,37,0,0,42899,39118,1956,1028,782,233,0,0,0,42851,37328,2281,1221,737,938,70,42883,38951,2029,1080,709,228,0,446,389,67,0,940,42781,38515,2075,997,819,270,35,33093,31334,791,422,325,287,18,0,0,33924,31857,936,525,338,210,0,425,253,63,0,70,0,34379,30749,1365,733,493,724,46,34379,30749,1365,401,337,56,8,1346,33698,31572,1060,537,337,181,0,0,0,0,0,33278,31132,1082,474,366,181,0,278,263,20,0,33661,31389,1158,540,264,209,4,332,192,16,4,19893,12480,6902,19031,12032,6999,13199,8029,5170,13596,6050,6356,20444,10220,8101,16557,9229,6571,16484,5088,11366,16472,10517,5949,16037,9146,5570,16314,10585,4900,16122,9920,5194,19043,10135,8279,22529,12870,8948,22141,12946,8655,23088,12306,10122,22732,11971,10731,21438,13820,0
44,HAMPDEN1,41167,38811,1005,588,528,330,36,0,0,41856,38315,1445,1248,861,272,4,0,0,42200,37053,2049,1078,786,918,84,41942,37722,1710,1368,864,205,22,820,764,8,0,861,42342,37505,1740,1553,886,554,22,31983,30564,548,312,342,241,18,0,0,32384,30283,915,543,468,80,0,494,399,4,0,90,0,33902,30471,1304,640,515,680,64,33902,30471,1304,390,396,89,18,1119,32027,29643,1055,705,487,83,0,0,0,0,0,33042,30400,1227,675,375,268,0,502,316,29,0,34052,31530,1095,791,314,238,0,588,295,14,0,20950,11068,9283,17784,9166,8618,13854,6837,7017,14408,4762,8239,21569,8783,10816,17333,7591,8798,17093,3559,13471,17197,9150,8041,16781,8035,7285,17083,9678,6720,16847,8912,7049,19995,8679,10714,23764,11488,11625,23359,11466,11537,23780,10669,12555,23493,10223,13240,22182,12311,0
45,HAMPDEN2,43015,38549,1712,1162,1613,155,43,0,0,44885,37632,3089,1847,2132,280,56,0,0,43507,35492,2994,1874,2646,547,45,44363,36955,3218,1705,2345,449,22,1484,2081,69,0,521,43191,36394,2975,1587,1955,520,47,32891,30003,1064,758,1035,108,32,0,0,34280,30082,1871,1075,1122,131,0,1003,965,35,0,37,0,34405,29077,1879,1240,1804,404,36,34405,29077,1879,865,1616,18,8,830,33646,29582,1668,1075,1172,122,0,0,0,0,0,33204,29449,1787,955,861,108,0,787,831,10,0,32125,28073,1600,1033,1107,86,0,796,1020,0,0,23975,13105,10415,23384,11948,11436,16867,8912,7955,17584,6003,9981,24551,12105,10567,20198,10308,9090,19969,4532,15371,20031,12213,7803,19257,10772,7219,19711,12368,6688,19352,11462,7090,22949,11511,10885,26955,15169,11132,26336,14736,11349,25836,13674,11527,25401,13023,12337,24448,15271,0
46,HAMPDEN3,44282,41606,1139,681,707,274,35,0,0,44569,40813,1790,944,947,218,12,0,0,43714,38663,2096,992,1071,710,51,44696,40600,1636,1045,1145,254,11,611,816,58,0,912,43737,39495,1992,1169,855,256,19,35058,33296,690,441,468,213,27,0,0,35532,33151,1006,711,466,205,0,565,378,74,0,12,0,35970,32337,1409,664,796,564,40,35970,32337,1409,404,620,52,6,1043,35858,33394,895,692,644,225,0,0,0,0,0,35264,32720,1081,707,552,198,0,556,427,55,0,35257,32748,1074,701,410,191,5,614,287,16,5,23058,11742,10694,22475,10981,11494,15822,7521,8301,16452,4842,9717,23859,9458,12557,19408,8227,10405,19124,3537,15519,19200,10010,9184,18550,8765,8467,18954,10359,7895,18635,9415,8287,22092,9093,12443,26011,11883,13533,25288,11483,13406,25644,10917,14153,25303,10477,14781,24219,12210,0
47,HAMPDEN4,43316,39046,2700,858,675,308,46,0,0,43865,38522,3361,901,1128,84,80,0,0,43505,36589,3549,1283,1231,705,54,43813,37767,3832,1170,1047,181,57,514,964,48,0,624,43198,36185,3668,1173,1958,247,36,34327,31496,1730,569,459,207,24,0,0,34826,31484,2210,602,463,66,0,393,402,35,0,15,0,35547,30636,2443,921,860,523,33,35547,30636,2443,526,692,57,8,1076,34640,30886,2392,824,397,81,0,0,0,0,0,33067,29326,2293,619,625,149,0,406,570,8,0,33811,30003,2461,442,605,242,10,249,527,31,10,19569,10548,8566,19783,10559,9224,13683,7137,6546,14267,4728,7904,21311,9336,10029,16937,7781,8517,16645,3643,12964,16741,9358,7374,16078,8160,6639,16519,9748,6032,16169,8793,6448,19576,8850,10110,23249,11616,10879,22706,11342,10869,22580,10815,11212,22274,10327,11931,21238,11842,0
48,HAMPDEN5,43968,20970,20825,2807,649,654,138,0,0,44774,18891,23378,3033,728,331,35,0,0,42158,17758,21437,3145,743,837,154,44560,18830,23544,2719,852,257,0,1159,486,31,0,477,42814,18592,22007,3539,772,439,15,32285,17938,12811,1730,455,422,87,0,0,32903,16140,15204,1127,337,96,0,977,312,55,0,4,0,32612,15636,14741,2128,575,640,107,32612,15636,14741,988,411,41,23,639,33026,15936,15407,1146,368,56,0,0,0,0,0,32036,16370,14080,1127,307,69,0,873,294,29,0,31622,15804,14201,1110,315,120,0,870,228,10,0,16628,11916,4351,17212,13253,3959,10594,7617,2977,11100,5869,4018,18296,12519,4605,13249,9096,3671,13111,5394,7691,13130,9818,3305,12781,8561,3042,13080,9150,2504,12833,9017,2730,15486,10130,5039,17939,12062,5516,17491,11920,5430,16143,10122,5524,15713,10323,5381,15116,10238,0
49,HAMPDEN6,43719,35581,4719,1816,1681,320,64,0,0,43442,33453,6075,1937,1915,456,247,0,0,44351,31406,7387,2704,2691,683,60,43585,32926,6642,1816,1949,455,292,988,1696,111,0,1183,44511,32788,7249,2266,2158,428,305,34011,28740,2806,1194,1212,237,50,0,0,33012,26394,4108,1028,1093,302,0,924,1027,75,0,95,0,35274,26147,4995,1903,1925,533,40,35274,26147,4995,1264,1600,48,6,1077,33009,26150,4555,1065,945,340,0,0,0,0,0,33879,26533,4985,1315,869,260,0,1121,793,70,0,33404,25477,5059,1567,1115,197,0,1360,1039,34,0,18164,10221,7488,17477,9839,7638,11663,6316,5347,12225,4176,6562,18426,8781,8161,14037,7005,6436,13871,3281,10563,13933,8344,5582,13474,7432,5099,13764,8512,4653,13504,7823,4935,16667,8125,8114,20233,10769,9060,19787,10625,8832,19347,9426,9433,18945,9443,9477,18171,10576,0
50,HAMPDEN7,41917,38224,1707,1044,729,257,47,0,0,42392,37876,2226,760,1409,245,4,0,0,42450,36450,2635,1385,1037,673,52,42612,37380,2755,999,1122,390,3,508,745,10,3,936,42354,36472,3141,1238,1228,565,59,32942,30274,1248,772,469,177,28,0,0,32825,30200,1348,422,694,144,4,273,594,33,4,15,0,34830,30482,1871,991,740,490,32,34830,30482,1871,664,558,19,6,1119,34140,30895,1714,626,698,212,4,0,0,0,0,34305,30640,2100,662,673,202,4,382,629,4,4,34358,30287,2448,867,508,195,0,616,454,37,0,21694,13593,7590,20994,12874,8120,14304,8680,5624,14778,6389,6824,22722,11775,9114,18749,10642,7338,18470,5929,12504,18553,12036,6509,18016,10634,5874,18361,12124,5326,18093,11287,5680,21380,11644,9195,25415,14767,10072,24823,14797,9734,25013,13778,10644,24642,13425,11191,23541,14922,0
51,HAMPDEN8,43045,35510,5083,1862,778,311,70,0,0,43294,32063,7772,2405,1190,235,69,0,0,43280,30343,8769,2902,1022,844,128,42781,31298,7679,2929,972,274,21,2266,781,19,0,728,42422,30173,8324,3070,1137,290,27,34599,29623,3169,1277,548,223,46,0,0,33930,26937,4756,1390,682,133,0,1233,556,24,0,40,0,35160,26137,5925,2011,750,617,105,35160,26137,5925,1282,568,65,25,1057,33663,26692,4375,1819,583,163,0,0,0,0,0,33491,25371,5470,1823,670,160,0,1599,482,4,0,33523,24299,6405,1637,868,326,4,1325,663,11,4,18621,11271,6831,18156,11418,6738,12524,7686,4838,12949,4795,6365,19384,9669,8145,14792,7942,6184,14634,3664,10897,14688,9456,5212,14397,8385,4899,14645,9547,4300,14402,8863,4571,17431,9006,7936,20856,11620,8682,20406,11646,8418,19859,10186,9171,19579,10308,9225,19042,11578,0
52,HAMPDEN9,40649,15975,16636,8562,865,715,125,0,0,41723,13921,19855,8991,1071,538,74,0,0,41809,11698,21430,9533,965,1155,179,41956,13310,20639,8961,1182,584,69,6067,977,3,0,835,42486,11696,22437,9617,1070,642,62,29432,13630,10384,5452,598,454,91,0,0,28935,11594,12119,4692,333,142,0,4442,308,4,0,99,0,31360,10256,14691,6611,695,823,144,31360,10256,14691,4835,522,52,12,834,28987,11067,12739,4364,655,160,0,0,0,0,0,29668,10094,14373,4491,663,79,0,4236,630,4,0,30488,9422,15775,4690,501,83,2,4465,410,0,2,14107,10685,3187,14463,11714,2749,8160,6240,1920,8580,4853,2742,14787,10755,3200,9826,7261,2213,9815,4272,5515,9721,7693,2008,9489,6804,1976,9723,7198,1635,9546,7178,1754,12263,8542,3480,14993,10681,4033,14554,10606,3810,14248,8930,4918,13868,9438,4394,13553,9748,0
53,HAMPDEN10,43567,8571,25908,9515,1654,855,230,0,0,42379,6746,26548,9344,1499,255,66,0,0,43623,6305,27666,10057,1806,1263,166,42571,6749,26803,9954,1337,323,75,7193,1045,115,0,494,42822,6901,27483,10374,1585,313,33,30067,7509,16332,6200,1126,574,135,0,0,28283,5744,17153,4737,535,108,0,4585,513,50,0,35,0,31379,5547,18830,6759,1361,860,110,31379,5547,18830,4887,1187,64,12,679,29026,5619,17831,4846,499,175,0,0,0,0,0,28940,5763,17642,4685,579,166,0,4410,554,59,0,29416,6115,16997,5184,1090,157,3,4764,999,35,3,10959,9164,1641,12571,11248,1323,6121,5100,1021,6634,4645,1395,12565,10649,1350,7348,6233,908,7327,4106,3193,7173,6169,975,6985,5521,926,7185,5555,778,7036,5797,822,9501,7448,1879,11593,8856,2525,11108,8680,2334,9982,6933,2807,9477,7239,2202,9229,7083,0
54,HAMPDEN11,42706,14478,12859,15985,891,703,145,0,0,43109,13116,16398,13956,1049,784,133,0,0,43931,12261,17244,14776,1217,955,161,42137,12167,16545,13598,1215,644,100,11079,1063,129,14,966,43357,11503,17857,14651,977,1029,79,31745,12853,7700,11293,627,474,99,0,0,31962,12003,10647,8414,557,424,8,8041,551,170,8,99,0,33986,11236,11471,11125,919,695,122,33986,11236,11471,9267,724,72,34,998,32260,11224,11483,8734,565,201,14,0,0,0,0,32345,10615,11984,9007,449,354,0,8621,373,100,0,31646,11183,11590,8192,538,149,13,7378,363,63,13,14316,11702,2402,14766,12520,2246,8342,6736,1606,8817,5818,2165,14586,11426,2441,10052,8042,1700,9990,4705,5254,9889,8253,1616,9638,7343,1607,9875,7808,1310,9687,7747,1403,12145,9120,2808,14435,11302,2902,14003,10977,2899,13701,9743,3590,13306,10009,3253,13033,9906,0
55,HAMPDEN12,42545,33797,3684,4150,1258,331,52,0,0,42671,29668,6864,5080,1661,286,103,0,0,43071,30086,6258,5037,1747,674,57,43202,30892,6349,5320,1500,367,140,3821,1046,0,0,1086,43316,29807,7480,5614,1486,459,121,33016,27349,2225,2704,828,216,35,0,0,32940,24845,4122,2899,928,178,0,2674,842,35,0,74,0,34461,25376,4127,3484,1287,514,39,34461,25376,4127,2676,1100,39,9,1011,33100,25486,3918,2805,810,125,0,0,0,0,0,33237,24730,4787,2817,809,92,15,2558,719,0,15,32975,24805,4000,3252,571,161,10,2916,461,5,10,22370,12770,9190,22440,12667,9773,15324,8722,6602,16090,5917,8461,22733,11660,9485,18267,9764,7899,18008,4328,13606,18088,11451,6622,17445,10198,6144,18012,11702,5546,17554,10823,5834,20973,10890,9605,24825,14240,10044,24196,13938,9949,24203,13161,10473,23868,12850,10968,23075,14494,0
56,HAMPSHIRE1,40869,35909,2119,1154,1544,352,47,0,0,41081,35527,2811,1075,1562,373,107,0,0,41850,34378,3029,1601,1992,697,78,41112,35318,2997,1146,1510,408,108,610,971,74,9,1099,40291,34303,2666,1233,1687,330,98,33959,30315,1451,828,1188,285,35,0,0,33597,30024,1841,613,854,168,10,485,611,58,10,123,0,35663,29867,2217,1249,1618,571,51,35663,29867,2217,764,1230,52,15,1344,33424,29862,1794,629,756,205,10,0,0,0,0,32758,29240,1640,783,761,241,4,571,625,81,4,34894,30391,2146,1005,1026,194,15,751,765,42,15,24107,18834,4699,22838,18487,4351,16961,13742,3219,17336,11687,4360,24651,18421,4265,22121,17674,3770,21965,12763,9184,21973,18595,3369,21352,15794,3008,21768,17019,2663,21542,16480,2877,23876,18449,4911,26653,21647,4371,26333,21583,4586,25714,20181,4444,25424,20278,5121,24707,20538,0
57,HAMPSHIRE2,41899,37615,1572,986,1630,267,36,0,0,42111,36637,2082,1535,1771,309,2,0,0,42573,35416,2845,1333,2149,635,61,42235,37538,1930,1226,1439,232,1,698,1150,9,0,812,41741,36194,2679,1364,1667,223,1,34416,31277,1018,711,1304,207,20,0,0,34672,31438,1191,935,968,128,0,737,713,35,0,46,0,36012,30606,1916,943,1800,495,50,36012,30606,1916,605,1556,42,10,1134,35240,32613,1105,660,778,94,0,0,0,0,0,34165,31205,1509,439,892,87,0,306,758,0,0,35387,31782,2134,573,742,100,8,452,640,5,8,22638,14952,7193,22153,14769,7384,15359,10139,5220,15879,7592,6650,23844,14272,7610,20374,13157,6406,20175,7620,12512,20229,14743,5477,19573,12779,4977,19997,14260,4436,19715,13420,4825,22676,14197,7883,26043,17768,7636,25603,17611,7670,25292,16565,7932,25012,16282,8709,23988,16174,0
58,HAMPSHIRE3,40977,30723,2821,2752,4871,383,55,0,0,43007,30556,3124,3250,6104,490,281,0,0,42486,26893,3977,3523,8132,599,98,43043,29763,3174,3411,6719,470,315,2115,5474,69,205,2204,36290,25019,2778,2966,5452,322,160,36506,27960,2187,2211,4214,290,47,0,0,34693,27352,2287,1678,2949,182,49,1304,2590,84,49,213,0,38389,24706,3245,3007,7396,496,71,38389,24706,3245,2051,6611,58,12,1544,34915,26652,2416,2018,3405,129,79,0,0,0,0,29480,22535,2183,1633,2851,105,44,1175,2314,12,44,34404,25612,2537,1892,4053,161,0,1505,3207,15,0,14696,12237,2101,16465,13747,2718,8947,7515,1432,9090,6587,1965,16845,13306,2057,12614,10641,1583,12495,7763,4717,12471,11020,1442,11954,9481,1259,12187,9941,1194,12074,9886,1262,13663,11086,2206,13928,11867,1732,13787,11926,1758,12668,10368,1797,12537,10434,2065,12162,10440,0
59,MIDDLE1,41443,39245,763,388,872,215,21,0,0,43804,40666,1203,581,1267,141,0,0,0,43291,37986,1662,944,1530,566,36,43226,39239,1426,678,1782,114,25,297,1258,0,0,937,42178,37060,1657,1326,1764,206,32,30849,29516,437,225,538,139,13,0,0,33643,31947,586,219,749,72,0,147,586,4,0,40,0,34083,30598,1025,556,1006,413,25,34083,30598,1025,341,746,31,5,1145,33123,31122,722,305,874,54,0,0,0,0,0,32384,29834,828,759,764,95,0,616,607,0,0,32874,30050,1057,766,952,80,0,660,838,0,0,23687,11746,11412,23709,11049,12660,16113,7734,8379,16555,5700,10044,24998,11413,11096,20522,9730,10007,20179,4419,15698,20399,11877,8512,19779,9751,8632,20197,12398,7192,19847,11211,7989,23336,11184,11405,27270,15033,11416,26910,14677,11738,27187,14425,12066,26882,13260,13595,19440,19022,0
60,MIDDLE2,38083,33014,580,300,4061,156,13,0,0,41886,34047,750,400,6501,295,2,0,0,42250,32011,1164,724,7528,394,42,42408,33175,1022,329,7554,320,1,236,6969,35,1,874,42523,32323,1251,438,7760,366,0,27584,24473,346,162,2504,93,6,0,0,29948,26129,554,66,3111,87,3,52,2873,0,3,15,0,32412,25571,716,431,5086,293,32,32412,25571,716,277,4842,32,10,832,29516,25117,565,83,3631,125,1,0,0,0,0,29416,25033,605,154,3511,218,0,100,3276,10,0,29688,24602,801,295,3913,141,4,187,3683,26,4,21838,11950,9549,22440,11532,10908,16267,8787,7480,16740,6345,9646,24335,13830,8334,20874,11859,8272,20588,5212,15324,20737,14003,6729,19996,11410,7378,20526,14387,5623,20079,13046,6437,23324,13360,9345,27047,17920,8334,26627,17313,9123,26018,16803,8454,25714,15539,10143,20416,20039,0
61,MIDDLE3,40656,36711,1400,743,1298,197,25,0,0,43078,38838,1803,504,1496,91,28,0,0,43677,35772,2268,1172,2018,453,18,43278,37249,1928,728,2367,107,28,453,1907,0,0,1159,43382,36125,1906,964,2862,573,22,30847,28220,901,460,864,138,18,0,0,31515,29485,783,370,820,49,0,350,690,0,0,15,0,34450,28898,1513,742,1437,328,14,34450,28898,1513,484,1248,17,4,1707,31050,28415,884,612,1069,70,0,0,0,0,0,31525,28315,950,515,1395,240,10,281,1140,35,10,32601,28836,1364,783,1332,160,17,425,1093,31,17,22197,13105,8599,21065,12223,8842,16386,9588,6798,16827,7333,8656,24489,14487,7743,21195,12932,7490,20946,6118,14750,21062,14863,6188,20424,12273,6711,20846,14862,5233,20530,13812,5971,23525,14133,8750,27095,18436,7922,26739,17999,8438,26410,17429,8185,26211,16559,9600,20538,20235,0
62,MIDDLE4,38759,29446,4028,1527,2194,256,74,0,0,41234,28703,6048,2447,2471,173,49,0,0,42106,25609,6504,2203,2840,685,41,40942,28791,5605,2431,2450,153,97,1720,2227,11,0,1011,42390,26353,6991,2755,2528,507,53,30434,23786,2692,1082,1606,173,48,0,0,26629,22115,2327,946,1189,77,0,769,1148,12,0,10,0,33740,21650,4506,1545,2219,536,28,33740,21650,4506,1054,2019,39,3,2667,27453,22749,2615,993,1082,75,0,0,0,0,0,27503,22322,3054,1089,984,120,0,877,724,45,0,27334,20977,3635,1481,1181,111,0,1193,855,21,0,16696,9859,6524,17578,10457,7121,11629,6903,4726,11907,5239,6047,18799,11260,6024,14915,8929,5402,14771,4277,10465,14815,10418,4390,14382,8836,4555,14643,10569,3589,14425,9804,4103,17097,10227,6440,19856,13283,6126,19556,13212,6188,19029,11832,6701,18742,11316,7401,14422,14179,0
63,MIDDLE5,39490,33573,1158,961,3563,154,45,0,0,43010,34034,1833,885,6196,60,38,0,0,43778,33083,2005,1298,6281,370,49,42641,33132,1651,1031,6856,120,42,715,5801,57,6,1208,43347,33637,1741,993,6621,113,39,29937,25922,736,665,2440,103,25,0,0,28930,25311,895,490,2139,52,4,450,2020,39,4,14,0,34033,26416,1353,913,4520,265,42,34033,26416,1353,660,4204,39,1,1035,29181,25571,819,498,2175,72,4,0,0,0,0,29797,25967,1007,481,2246,71,10,442,2081,55,10,29835,25576,1138,505,2447,91,0,451,2366,43,0,21703,14095,7222,22592,14412,8180,15936,10236,5700,16293,7927,7703,23857,16327,5684,20609,14061,5887,20465,6851,13591,20522,15891,4627,19540,13307,4925,20110,15558,3930,19797,14736,4470,22884,15341,7051,26174,19785,5793,25918,19048,6753,24963,18281,5946,24664,17042,7575,19698,19469,0
64,MIDDLE6,39434,21227,7613,3516,2682,344,86,0,0,42345,21746,10021,4652,3778,514,190,0,0,41819,17004,9869,4389,3168,850,59,41794,21108,10362,4528,4027,433,164,2779,3658,66,33,1606,41228,18236,10225,4612,3113,340,106,31375,17742,5245,2564,2138,248,76,0,0,24429,15474,4444,2363,1655,387,65,2042,1517,240,65,75,0,32867,14410,6983,3173,2644,671,40,32867,14410,6983,2287,2405,50,11,3332,24340,15861,4479,1946,1806,189,35,0,0,0,0,22567,14833,4067,2031,1531,66,25,1903,1413,3,25,20970,13860,3505,2020,1463,64,9,1839,1356,27,9,11269,7777,3267,11728,8384,3344,7536,5304,2232,7705,4364,3017,12877,9253,2726,10016,7187,2533,9910,4026,5856,9962,7835,2116,9705,6896,2178,9899,7778,1759,9783,7495,1968,11709,8185,3269,13886,10337,3244,13712,10441,3157,12012,8167,3501,11758,8131,3591,9733,9415,0
65,MIDDLE7,38056,30627,2052,1403,3209,172,38,0,0,39960,31440,2553,1811,3785,263,83,0,0,41772,28793,2994,2220,4911,399,39,41242,31459,2579,2236,4615,244,86,1792,4194,76,0,785,41695,28881,3622,2419,5255,201,0,29366,24115,1385,963,2271,119,32,0,0,29253,24697,1459,926,1979,181,0,855,1938,59,0,68,0,33264,23886,2097,1577,3566,298,34,33264,23886,2097,1170,3333,33,7,1695,30411,24833,1505,1421,2342,175,0,0,0,0,0,30018,23953,1912,1429,2403,90,0,1346,2295,72,0,29785,23384,2388,1519,2254,72,5,1389,2151,43,5,19704,12450,6926,18311,11528,6783,13381,8303,5078,13672,6504,6590,21115,13806,5857,17870,11624,5644,17775,5550,12205,17800,13410,4382,17154,11431,4648,17570,13335,3715,17310,12693,4158,20236,13003,6811,23635,16963,6163,23348,16602,6603,22589,15613,6384,22349,14868,7453,19535,16742,0
66,MIDDLE8,37771,35028,658,399,1513,109,16,0,0,41927,35987,1389,839,3676,92,27,0,0,43813,34944,1591,759,5373,303,38,42698,36381,1312,826,4051,118,23,511,3570,24,0,864,43690,35714,1338,830,5049,270,0,26835,25149,411,252,908,73,11,0,0,29514,26478,800,478,1619,48,0,448,1459,0,0,75,0,32510,26947,954,481,3338,198,22,32510,26947,954,334,3106,12,5,906,29547,26811,708,483,1492,49,0,0,0,0,0,30691,27538,780,351,1802,32,0,293,1576,0,0,30556,27011,942,298,2076,64,9,231,1786,0,9,22263,12576,9315,22633,12023,10610,16364,7923,8441,16664,6446,9596,23782,14171,7345,20642,12185,7761,20471,5250,15188,20540,14385,6147,19721,11966,6474,20237,14385,5269,19882,13296,6055,23038,13616,8800,26685,18426,7509,26361,17341,8852,26607,17807,7968,26390,16196,10162,23911,18425,0
67,MIDDLE9,40447,28856,4379,2616,4491,200,60,0,0,42277,29527,4278,3321,5592,267,16,0,0,43654,27850,5806,3348,5997,425,50,41681,28612,4505,3304,5822,367,17,2455,5236,32,5,808,42973,28270,5084,3572,6326,473,39,34248,25165,3250,1957,3773,145,53,0,0,30761,24761,1881,1618,2404,87,0,1395,2230,14,0,26,0,37021,24385,4261,2637,5140,349,42,37021,24385,4261,2288,4826,33,13,958,31143,24543,2050,1627,2860,155,9,0,0,0,0,32767,24877,2719,1845,3297,102,26,1623,3068,42,26,32878,23519,3018,2189,3921,236,42,2068,3419,149,42,17632,10943,6368,18426,11553,6873,12116,8040,4076,12532,6182,5828,19667,12496,5952,16315,10415,5281,16148,5800,10296,16137,11970,4159,15510,10042,4425,15907,11950,3393,15572,11162,3857,18418,11733,6307,21417,14826,6101,21084,14912,6059,19617,13163,6043,19378,12766,6612,14793,14793,0
68,MIDDLE10,38582,27225,4982,2240,3991,214,126,0,0,42012,27473,6064,2938,5420,504,34,0,0,42348,25772,6594,2996,5948,476,43,42904,27673,5902,3617,5723,328,48,2812,5043,46,25,1262,43896,27641,5778,3760,6223,331,58,32599,23814,3729,1680,3232,159,105,0,0,29589,22914,2596,1285,2657,75,0,1106,2462,41,0,34,0,35409,22700,4653,2311,4825,354,30,35409,22700,4653,1939,4527,46,8,1042,29973,22972,2151,1582,3023,77,15,0,0,0,0,30611,22877,2576,1715,3214,117,29,1390,2930,26,29,30103,21645,2428,2226,3440,91,41,1853,3040,27,41,15432,10369,4778,16226,11044,5182,10276,7360,2916,10620,5812,4290,17592,12129,4291,14485,10190,3763,14326,6075,8204,14308,11284,3007,13865,9663,3169,14177,11069,2538,13887,10567,2794,16237,11212,4666,18621,13737,4417,18299,13842,4351,17358,12202,4621,17055,11973,5061,13549,13403,0
69,MIDDLE11,42285,34115,1856,1333,4902,183,43,0,0,43910,32355,2346,1870,7287,169,22,0,0,44056,31589,2196,2075,7396,277,41,44026,32462,2274,1841,7379,221,34,1188,6298,53,0,1604,43799,32245,1678,1800,6931,313,126,33492,27561,1367,998,3498,129,36,0,0,31758,25456,1448,1269,3535,56,0,1042,3179,14,0,13,0,35424,26183,1568,1691,5358,191,34,35424,26183,1568,1318,4997,16,8,985,32315,26006,1445,1224,3557,38,0,0,0,0,0,32732,26509,1132,1280,3687,52,10,1081,3244,14,10,32924,25952,1308,1198,4291,119,12,1000,3722,34,12,21017,15979,4712,19734,14470,5264,15021,11499,3522,15486,9237,5426,22195,17520,3393,19248,14946,3641,19165,8806,10314,19140,16202,2919,18317,13744,3092,18760,15413,2526,18567,15202,2790,21076,16035,4663,23684,19595,3611,23377,19101,4168,22101,17606,3791,21645,16396,5167,18142,17574,0
70,MIDDLE12,44351,34674,1693,1589,6333,164,44,0,0,45063,32471,2316,2147,8208,203,46,0,0,46052,31499,2342,1853,9670,256,51,44739,32043,2008,1833,8785,177,45,1182,7411,24,6,1914,44987,31971,2011,1494,9101,319,31,34434,27584,1165,1222,4394,110,33,0,0,31539,24994,1243,988,4210,59,0,763,3927,0,0,68,0,35599,25368,1652,1289,6756,188,42,35599,25368,1652,898,6336,23,17,1090,31807,25018,1163,880,4712,77,4,0,0,0,0,31769,24942,1099,706,4871,69,4,536,4383,0,4,31463,24166,1085,597,5482,42,13,471,5043,4,13,23765,18041,5370,23573,17038,6535,17158,12874,4284,17675,10121,6829,25149,19715,3936,21966,16723,4518,21926,9329,12551,21830,18172,3645,20757,15325,3744,21325,17290,3237,21224,17317,3329,24029,17923,5676,27053,22155,4347,26710,21517,5091,24709,19383,4439,24233,17626,6526,20286,19738,0
71,MIDDLE13,39940,35053,1072,674,2815,98,37,0,0,42061,34745,1574,1036,4484,107,67,0,0,42742,33942,1882,1029,4524,304,54,42113,34507,1424,969,4800,96,57,586,4060,0,27,1333,42153,33780,1204,986,4999,205,40,28707,25601,664,445,1754,59,21,0,0,29732,25730,823,547,2533,75,10,444,2363,7,10,4,0,32444,26585,1198,661,3012,218,34,32444,26585,1198,384,2699,13,13,1168,29484,25557,761,604,2506,79,25,0,0,0,0,29819,25946,615,538,2609,116,25,447,2348,23,25,29916,25846,874,326,2567,192,24,287,2239,51,24,23885,15714,7813,24618,15240,9378,17588,11091,6497,18035,8575,8923,25322,17859,5532,22304,15361,6237,22162,7373,14756,22175,17101,5068,21297,13791,6061,21779,16547,4535,21429,15769,5105,24687,16703,7428,28377,21864,5792,28085,20712,7224,26921,20398,5681,26631,18748,7829,21626,21239,0
72,MIDDLE14,41242,34235,1249,1058,4540,135,32,0,0,43866,33622,2145,1233,6929,203,48,0,0,45428,33081,2099,1751,7483,374,35,44642,34457,2360,1961,5907,246,45,1495,5228,0,0,1079,44665,33215,2172,2141,6487,385,22,31151,26277,913,845,2950,99,22,0,0,31475,25995,1319,866,3147,116,0,775,2985,0,0,55,0,35337,26761,1448,1247,5135,268,32,35337,26761,1448,955,4817,14,9,1099,31519,26285,1412,881,2703,132,0,0,0,0,0,31090,25739,1290,871,2873,183,0,679,2718,12,0,31393,25602,1198,881,3455,188,0,790,3254,15,0,23346,14629,8330,23061,13676,9385,16692,10160,6532,17132,7870,8556,24697,16175,6461,21316,13957,6585,21114,6894,14172,21208,15772,5424,20574,12674,6647,20927,15516,4734,20589,14663,5308,23713,15326,7787,27284,19970,6628,26918,19265,7458,26219,18848,6593,25937,17625,8266,21036,20691,0
73,MIDDLE15,41351,31877,999,1088,7266,147,38,0,0,42999,29516,946,1204,11265,222,90,0,0,44393,27810,1614,1428,12673,262,50,42804,28562,1122,1354,11760,200,97,813,10701,7,0,1302,43498,27495,1186,1807,12242,213,0,31404,25180,644,686,4796,93,27,0,0,28827,22629,602,589,4905,40,0,428,4709,10,0,60,0,34031,22855,1056,971,8507,171,32,34031,22855,1056,721,8161,17,1,993,28380,22238,604,537,4797,64,0,0,0,0,0,29278,22189,691,881,5311,114,0,649,5098,2,0,29558,21616,1054,602,5995,255,3,479,5751,0,3,23093,15324,7432,23745,15347,8398,16736,11557,5179,17159,9050,7611,23647,16385,6018,20363,13880,5809,20095,7636,12434,20181,15441,4733,19291,12899,5079,19823,15166,4068,19445,14385,4572,22650,15320,6942,26073,19464,6101,25714,19053,6525,24442,17497,6065,23954,16618,7307,18629,18369,0
74,MIDDLE16,41525,28488,5375,2827,4812,236,68,0,0,43083,26432,6454,4218,6157,198,151,0,0,44714,24487,8099,4630,6631,572,50,42476,26894,6435,4336,5287,172,133,3452,4959,0,75,585,44151,26281,7628,4167,6421,396,105,31667,23158,3213,1782,3378,156,46,0,0,29855,21627,3398,1673,2985,111,32,1501,2900,55,32,45,0,34953,20740,5300,3190,4934,432,39,34953,20740,5300,2539,4682,37,14,1170,29770,21883,3382,2187,2206,43,18,0,0,0,0,31613,22279,3829,1974,3220,107,29,1849,3070,4,29,31997,21001,4862,2241,3651,61,0,2233,3444,0,0,16455,9710,6453,16873,9879,6994,10247,6134,4113,10705,4591,5557,17527,9829,6354,13165,7590,5022,12962,3671,9279,13034,9036,3996,12594,7225,4473,12925,9301,3133,12616,8620,3482,15633,8977,6275,18955,11763,6739,18362,11952,6299,17481,10057,7003,17017,10027,6959,13676,13147,0
75,MIDDLE17,41060,24556,6608,2715,6690,277,117,0,0,42811,24721,7123,3143,7238,581,111,0,0,44424,21104,9070,4253,8178,561,110,43305,24974,7439,4036,6678,610,201,2985,6003,419,62,1230,44187,24556,6345,4452,7955,333,86,31595,20376,4257,1828,4593,200,90,0,0,28795,19099,4013,1366,3844,374,25,1248,3774,337,25,39,0,34608,18035,6297,2875,5892,430,66,34608,18035,6297,2038,5618,44,12,1686,29298,19310,4322,1600,3547,400,60,0,0,0,0,30049,19542,3778,1832,4664,140,15,1792,4591,97,15,30364,18949,4573,1808,4726,184,0,1732,4572,3,0,13969,8803,4897,14350,9338,5012,9070,5964,3106,9429,4593,4408,15698,9659,4882,12006,7357,4130,11891,3912,7966,11889,8533,3356,11483,6816,3650,11782,8559,2609,11438,7992,2859,14014,8573,5139,16857,11019,5473,16200,10995,5097,15377,9232,5697,14858,9349,5473,12105,11475,0
76,MIDDLE18,39149,16481,6754,3155,12573,265,104,0,0,41495,16992,7052,3390,14379,536,29,0,0,42499,13908,8655,4736,14175,425,103,41682,17178,6647,4021,14419,568,47,2861,13559,193,9,1185,42581,15965,7090,5249,14436,428,75,29812,14154,4339,2162,8835,193,83,0,0,27175,13270,4351,1491,7798,196,15,1362,7654,153,15,25,0,33577,12330,6389,3367,10599,313,87,33577,12330,6389,2661,10213,17,24,1329,28202,14072,4065,1983,7814,169,14,0,0,0,0,28862,13911,4306,2247,8115,127,24,2096,7925,70,24,27965,13527,4167,2280,7867,47,8,2157,7694,2,8,9483,6555,2770,10896,7991,2905,5935,4290,1645,6256,3428,2467,12142,8480,2866,8005,5696,2043,7875,3101,4774,7764,5907,1857,7483,4907,1885,7730,5964,1333,7494,5602,1465,9889,6659,3034,12268,8348,3695,11463,8440,2966,11099,6926,3877,10355,7094,3234,8628,8240,0
77,MIDDLE19,40507,37621,786,500,1395,164,26,0,0,42002,37721,694,1125,2247,83,17,0,0,42310,36901,1332,1026,2182,341,56,41058,36655,695,1562,2085,32,35,1008,1609,0,0,1048,41101,35816,1239,1600,2173,129,16,30859,28964,492,307,939,100,18,0,0,32327,30065,428,480,1278,45,0,455,1123,0,0,4,0,34135,30287,878,668,1608,250,42,34135,30287,878,471,1458,12,12,866,31834,29641,410,571,1141,34,0,0,0,0,0,31916,29257,836,585,1180,55,0,471,1029,0,0,32041,29588,765,408,1168,108,0,299,934,12,0,21607,10620,10605,22796,10967,11829,15394,8301,7093,15853,5620,9513,23953,10764,11315,19575,8670,10070,19224,3948,15157,19428,11628,7786,18667,9650,7974,19187,12433,6363,18755,11166,7123,22404,10580,11262,26456,13984,11880,26082,14496,11382,25599,12676,12331,25185,11901,13245,18487,17987,0
78,MIDDLE20,41831,39072,810,389,1425,154,14,0,0,44688,40909,880,775,2048,253,22,0,0,44766,39569,1296,582,2476,293,26,44942,41068,670,1043,2113,290,21,555,1455,0,0,1109,44822,39173,1278,941,2876,213,63,31190,29313,565,283,934,106,8,0,0,33222,31385,481,295,976,40,0,263,936,0,0,67,0,34455,31019,818,357,1674,207,22,34455,31019,818,240,1502,29,1,705,33313,31218,435,406,1086,110,0,0,0,0,0,33186,30594,699,344,1407,53,0,343,1232,10,0,33710,30869,1026,197,1504,92,0,189,1271,7,0,24030,11494,12212,25375,11263,14112,17834,8710,9124,18451,5818,12050,26045,12427,11858,21807,10039,10969,21383,4232,17111,21624,12940,8681,20626,10352,8977,21316,13233,7691,20798,12007,8345,24666,11898,12229,28948,16003,12314,28364,15774,12389,28499,14873,13049,27996,13318,14660,19969,19721,0
79,MIDDLE21,41370,33363,1008,1345,5490,167,29,0,0,45656,32761,1449,2247,9084,219,111,0,0,44679,31501,1653,2040,8670,306,42,45937,33899,906,1470,9412,234,263,1140,8063,64,95,1649,44482,32220,1568,1507,8782,334,144,31866,26333,680,891,3841,122,15,0,0,31404,25572,960,732,4001,74,55,717,3638,45,55,40,0,35076,25722,1095,1392,6259,226,36,35076,25722,1095,1178,5976,22,2,888,32437,26904,573,452,4301,60,95,0,0,0,0,31825,25822,1018,685,4015,89,50,604,3661,25,50,33170,26864,1015,768,4319,129,7,561,4015,15,7,22259,12874,9027,21305,12048,9257,15990,9443,6547,16436,7170,8636,24042,14330,8043,19970,11785,7461,19654,5691,13891,19800,13758,6030,18954,11340,6432,19418,13795,5096,19068,12809,5752,22661,13488,8675,26563,17821,8139,26188,17516,8501,24740,15778,8148,24354,14801,9498,18944,18398,0
80,MIDDLE22,40243,35568,1035,1003,2428,203,42,0,0,43200,35321,1959,2457,3542,254,76,0,0,42119,33359,1782,1999,3963,385,28,43274,34496,2273,2497,3823,342,47,2166,3110,21,36,1017,41708,32267,2239,2830,4057,291,62,30902,27582,706,713,1745,146,30,0,0,32605,28655,1040,1154,1670,20,50,1104,1630,0,50,35,0,34364,27867,1296,1427,3064,291,22,34364,27867,1296,1226,2894,34,1,791,32505,28450,1265,1229,1450,54,35,0,0,0,0,31415,27095,1360,1458,1400,49,30,1413,1350,0,30,31521,27184,1471,719,1935,141,6,630,1834,0,6,19353,9700,9280,20032,9951,10081,13703,7190,6513,14093,5121,8248,22082,10100,10319,17772,8193,8795,17423,4012,13310,17646,10637,6987,17029,8621,7420,17401,11273,5692,17060,10138,6411,20590,9983,10099,24644,13328,10731,24245,13611,10399,23707,11743,11383,23278,11224,12020,16934,16276,0
81,MIDDLE23,40921,33561,1351,2396,3434,213,24,0,0,42651,32309,1861,2660,5761,358,27,0,0,43780,32688,1975,2362,5919,333,42,43629,31868,2174,3012,6387,356,0,2274,5333,0,0,1864,43822,32094,2255,2950,6261,241,10,32724,27405,887,1760,2492,141,13,0,0,30356,25500,1115,1484,2161,90,0,1242,1870,25,0,51,0,34853,26681,1415,1855,4242,255,34,34853,26681,1415,1485,3829,26,7,1169,31130,25211,1387,1993,2398,144,0,0,0,0,0,32089,25548,1555,2020,2803,92,5,1659,2406,13,5,32250,25940,1731,1384,2960,153,11,1123,2567,20,11,23863,16763,6701,24414,17328,7086,17857,13539,4318,18266,11330,6175,25264,18633,5075,22448,17019,4725,22137,10594,11503,22319,18584,3716,21405,15602,4049,21950,17835,3027,21576,17151,3552,24268,18021,5804,26957,21666,4786,26713,21604,5001,25818,20373,4649,25444,19865,5538,21290,21015,0
82,MIDDLE24,40268,32593,1345,1460,4781,226,38,0,0,43337,31796,2040,1683,7854,183,0,0,0,45306,31950,2225,1844,8579,345,45,43512,32243,2003,1562,7702,213,0,1076,6579,71,0,1470,45525,31873,2342,2040,8879,201,12,31035,25749,910,1013,3275,149,26,0,0,28758,23924,1072,925,2771,8,0,780,2406,4,0,60,0,35211,25874,1490,1318,5976,238,31,35211,25874,1490,1001,5519,12,5,1121,29182,24392,1124,748,2869,18,0,0,0,0,0,30417,24439,1434,1091,3354,87,3,941,2906,32,3,31005,24554,1353,1132,3797,60,23,993,3336,12,23,23161,16867,5846,23435,16725,6710,17187,13067,4120,17637,10776,6244,24388,18225,4437,22162,16958,4380,21906,10766,11096,21970,18299,3661,21062,15334,3929,21582,17472,3080,21214,16816,3536,23827,17850,5436,26501,21618,4294,26194,21296,4751,25107,20027,4137,24774,19433,5299,20549,20368,0
83,MIDDLE25,41372,28028,2581,3430,7315,321,69,0,0,43115,27433,3800,3768,8389,302,74,0,0,42902,25851,3511,3855,9254,429,126,44002,27242,3791,3795,9241,437,95,2679,7874,148,17,1989,42961,25932,3455,3900,9376,373,108,38157,26216,2258,2856,6763,275,63,0,0,32155,22765,2452,2225,4502,97,20,1949,3819,29,20,73,0,39162,23958,3053,3382,8405,349,96,39162,23958,3053,2582,7393,39,22,1834,31909,22696,2203,2209,4515,195,20,0,0,0,0,31449,21814,2394,2313,4652,129,14,2078,3858,50,14,30993,20985,2279,2518,4971,116,14,2204,4195,68,14,17892,16161,1440,19193,17357,1836,11900,10839,1061,12045,9712,1945,19243,17350,846,16556,15309,932,16400,11154,5227,16398,15515,877,15827,13386,911,16145,14196,830,15994,14255,938,17696,15759,1648,18964,17722,887,18776,17560,1163,17037,15328,981,16767,15323,1413,15046,14909,0
84,MIDDLE26,40858,23320,5180,6305,5612,389,99,0,0,46199,25906,7013,6131,7667,450,106,0,0,46024,24218,5956,6387,8557,616,109,46316,26607,6427,6172,7512,512,117,4832,6617,105,63,1276,46628,25570,5464,6745,8624,446,130,35175,21297,3944,4551,4884,295,81,0,0,31309,21219,2877,3291,3671,236,77,3014,3374,64,77,41,0,40038,22044,4624,4913,7515,454,84,40038,22044,4624,3874,6774,40,12,2057,32397,22014,2924,3673,3516,203,80,0,0,0,0,32961,21391,2944,4223,4151,162,94,3926,3752,4,94,32986,20919,3254,3860,4764,125,14,3491,4296,4,14,17105,14735,2036,17130,15114,2016,11380,10166,1214,11724,9125,2100,20246,17263,1723,17512,15535,1577,17320,11295,5995,17232,15859,1363,16682,13742,1383,17038,14662,1185,16816,14587,1343,19261,16455,2439,21780,19436,1931,21449,19337,2036,20646,17431,2277,20231,17650,2537,18085,17742,0
85,MIDDLE27,43310,32521,3044,2503,4462,326,76,0,0,45938,34140,3540,2373,5740,218,28,0,0,46067,32590,3724,2431,5979,410,46,46172,34375,3552,2155,5743,219,16,1400,4886,73,0,1418,45715,33134,3966,2056,5878,328,56,39142,30031,2466,2046,3918,248,61,0,0,35727,29657,1801,1298,2812,173,0,1164,2336,64,0,27,0,41575,29938,3065,2040,5349,330,38,41575,29938,3065,1466,4579,18,6,2028,35648,29572,1872,1332,2755,194,0,0,0,0,0,36138,29261,2128,1312,3215,218,7,1143,2596,32,7,36608,28671,2585,1608,3637,120,35,1299,3036,0,35,20566,17180,2928,21292,18537,2755,13858,12180,1678,14100,10589,2806,25261,21442,2163,22215,19729,1989,22025,14831,7138,21992,20266,1692,21371,17563,1718,21793,18814,1429,21541,18631,1684,23852,20452,2915,25927,23193,2172,25672,23270,2332,24358,20937,2207,24022,21176,2699,21778,21245,0
86,MIDDLE28,37057,20038,7625,5780,1920,297,86,0,0,40547,18077,10670,8571,4235,549,53,0,0,43564,14917,12137,7655,3618,623,53,40988,16949,11528,9450,4238,574,48,7072,3382,6,0,1408,43844,17288,12386,9497,4657,718,126,28683,16676,5214,3999,1388,190,69,0,0,22814,12192,4212,4335,2014,39,0,4204,1841,8,0,25,0,33997,12700,8673,5723,2821,487,40,33997,12700,8673,4673,2646,38,8,3128,23020,12473,3850,4878,1829,14,0,0,0,0,0,23272,12384,4359,4471,2079,50,47,4066,1864,0,47,23025,12281,4806,3488,2345,94,25,3028,2098,6,25,11389,7424,3738,12150,8782,3368,7765,6010,1755,8145,4676,3135,12526,8437,3497,9036,6249,2483,8977,3791,5155,8917,6929,1973,8580,6091,1997,8854,6905,1587,8664,6718,1638,10871,7422,3265,13124,9319,3600,12821,9871,2880,11053,6719,4007,10706,7150,3529,8344,7886,0
87,MIDDLE29,40592,29470,2236,4528,4239,271,64,0,0,45964,31779,3795,4530,5918,106,158,0,0,45413,29695,3307,5218,6329,427,69,44139,29733,3175,4187,6736,107,178,3578,5510,13,0,1772,44211,28227,3314,4746,7238,248,36,33757,25509,1601,3203,3321,191,49,0,0,32682,25531,1858,2612,2566,49,0,2446,2390,9,0,56,0,37954,25972,2462,3781,5043,317,56,37954,25972,2462,3176,4526,29,8,1397,31643,24644,1543,2604,2821,45,0,0,0,0,0,32129,24013,1729,3019,3332,38,0,2691,3054,0,0,33386,25041,1886,2797,3597,69,14,2430,3177,7,14,21014,16725,3938,22294,18010,4284,15089,12468,2621,15383,10711,4066,24452,19584,3353,20898,17314,2961,20709,11757,8905,20718,18165,2529,20038,15608,2645,20451,17127,2138,20191,16873,2417,22839,18332,4048,25295,21606,3178,25023,21552,3362,23644,19239,3422,23263,19314,3932,19995,19860,0
88,MIDDLE30,42541,35833,1668,1553,3064,186,35,0,0,44979,35876,2234,2663,3870,138,165,0,0,45739,34755,2595,2503,4031,405,39,45444,36005,2755,2048,4541,107,15,1324,4201,9,0,968,46556,35604,3029,2067,5131,291,17,33292,28509,1116,1058,2249,127,22,0,0,31902,27779,1138,1113,1740,64,0,983,1640,4,0,75,0,36677,28726,1773,1700,3059,289,22,36677,28726,1773,1371,2857,43,7,1367,32452,28061,1326,986,2104,85,0,0,0,0,0,33990,29235,1192,1068,2365,139,0,915,2186,45,0,34658,29837,1408,809,2328,135,56,665,2149,38,56,21376,11890,9123,21592,11883,9709,15184,9049,6135,15678,6631,8379,23688,13199,8939,19677,10884,7985,19351,5304,13993,19486,13274,6206,18632,10973,6529,19238,13650,5087,18712,12439,5756,22302,12616,9216,26247,16545,9187,25671,16498,9001,25369,15169,9618,24797,14246,10538,17751,17649,0
89,MIDDLE31,40200,35469,1003,778,2806,157,45,0,0,43243,36424,1200,976,4272,177,68,0,0,43423,33934,1681,1310,5445,303,31,43724,35789,1428,1190,4578,293,51,829,4014,135,0,1120,42886,33678,1607,1235,5296,325,6,30530,27443,645,493,1815,96,26,0,0,31420,28100,776,446,2011,80,0,413,1901,0,0,19,0,33716,27211,1117,906,3711,189,24,33716,27211,1117,657,3466,10,8,986,31354,27590,909,483,2171,165,0,0,0,0,0,30370,26210,793,724,2404,200,0,564,2275,52,0,30928,26193,924,897,2709,106,12,672,2514,40,12,22792,13164,9301,23598,13162,10436,17051,10425,6626,17544,7478,9534,23995,14089,8391,20656,11784,8059,20331,5665,14666,20445,14236,6209,19485,11778,6446,20139,14192,5424,19632,13132,5950,22887,13344,9083,26418,17283,8538,25870,17024,8692,24956,15626,8676,24347,14519,9799,17533,17241,0
90,MIDDLE32,41332,36705,1056,1363,1999,129,23,0,0,43797,36762,1448,2592,3017,81,32,0,0,45387,35951,2229,2139,3974,341,49,44030,35400,1905,2182,4166,60,34,1660,3698,7,0,1298,45377,35846,2145,1745,4689,172,22,32408,29079,726,961,1462,92,15,0,0,32698,28646,968,1446,1548,69,0,1231,1478,4,0,15,0,36321,29442,1566,1560,2961,254,35,36321,29442,1566,1205,2688,25,7,1125,32950,28298,1164,1196,2307,57,0,0,0,0,0,33722,29016,1373,1120,2189,70,0,840,1978,4,0,33993,29222,1415,825,2421,63,0,595,2120,4,0,23300,13819,9077,23741,14116,9625,17225,11242,5983,17716,8313,8710,25443,15769,7865,21511,13370,7381,21232,6928,14218,21368,15655,5699,20453,12940,6031,21132,15598,4859,20560,14525,5352,23987,15025,8437,27564,19332,7621,27066,19146,7783,26147,17815,7580,25621,16783,8779,19880,19300,0
91,MIDDLE33,40763,21094,3323,6369,9128,237,61,0,0,41172,19920,3273,7437,10116,170,109,0,0,45941,18237,4570,7773,12963,514,48,42132,19043,3871,7738,11250,133,91,6831,10861,51,0,973,46341,20579,4158,6902,13746,168,40,32788,17989,2316,4478,7269,175,51,0,0,24116,14563,1739,3498,4170,96,0,3320,4082,20,0,80,0,37915,15929,3451,5815,10754,386,37,37915,15929,3451,4949,10440,41,5,2156,24788,14487,2078,3814,4077,130,0,0,0,0,0,28379,16320,2244,3924,5666,66,0,3721,5474,15,0,28994,14650,2733,4184,7185,117,0,3891,7019,50,0,13510,9205,4032,13694,9884,3810,8946,6897,2049,9172,5304,3449,15116,10482,3775,11606,8291,2962,11485,5140,6300,11473,9044,2412,11166,7737,2550,11412,8858,2011,11223,8561,2196,13938,9812,3862,17219,12763,4139,16801,13190,3510,15210,10091,4510,14703,10455,4184,12057,11628,0
92,MIDDLE34,43669,30099,3814,4930,3889,313,84,0,0,46151,30472,5041,6223,5173,388,12,0,0,45795,28394,4582,5226,5929,520,76,45994,30542,5505,5815,4800,524,31,4174,4192,82,31,1318,46314,30393,5298,4482,5632,799,18,37277,26940,2733,3510,3262,239,62,0,0,34170,25710,2238,2806,3139,237,12,2586,2775,66,12,30,0,40035,25888,3499,4054,5172,399,71,40035,25888,3499,3262,4557,50,12,2056,34622,26244,2407,2858,2649,274,34,0,0,0,0,34217,26389,2522,2186,2704,246,15,1783,2346,75,15,34368,25865,2715,2359,3133,91,11,2151,2650,18,11,17598,13186,4056,18949,15083,3866,11622,9517,2105,11896,7992,3320,21148,16491,3381,17597,14335,2738,17475,9881,7548,17426,15197,2209,16946,13271,2276,17286,14412,1856,17066,14192,2098,19434,15309,3732,21661,17873,3338,21365,18060,3222,19883,15494,3533,19553,15677,3793,16934,16453,0
93,MIDDLE35,39815,26807,2525,4816,4817,224,70,0,0,40610,24555,3135,6354,6579,348,28,0,0,43365,24054,3779,5385,8037,408,61,40525,24484,3276,5167,7870,320,11,4090,7415,0,11,1055,43621,25357,3672,5762,8162,391,23,32364,22782,1761,3359,3756,173,47,0,0,27835,19876,1939,3274,2556,160,30,3057,2419,8,30,59,0,36285,21101,2796,4184,6522,315,51,36285,21101,2796,3479,6184,36,12,1871,29163,20397,2197,3041,3408,105,10,0,0,0,0,30916,21582,2151,3052,4086,108,20,2690,3955,0,20,30650,21273,2235,2612,4463,78,15,2218,4352,6,15,17102,10989,5813,17580,12026,5554,11982,8835,3147,12325,6971,4799,19458,12999,5294,15697,10787,4365,15527,6560,8897,15560,12151,3387,14992,10336,3608,15408,11909,2835,15097,11404,3088,17954,12214,5379,20957,15130,5410,20630,15593,4908,19414,13066,5702,18991,13111,5806,15202,14724,0
94,MIDDLE36,40749,36202,1414,1053,1944,155,29,0,0,43738,36506,2625,1798,2815,78,58,0,0,44997,34849,3018,2765,3373,442,43,43900,36323,2635,1779,2951,153,31,1263,2486,0,31,953,44662,36087,3442,1757,3017,214,20,31097,28142,853,646,1334,114,19,0,0,32910,28920,1650,614,1683,18,25,584,1543,0,25,0,0,35669,28695,1972,1752,2452,354,35,35669,28695,1972,1442,2278,17,3,996,33355,28985,1749,705,1834,45,30,0,0,0,0,33525,28400,2109,1053,1889,63,0,1023,1839,0,0,33658,28222,2192,1273,1855,90,0,1153,1730,0,0,20871,10171,10369,21384,9877,11507,14535,7171,7364,14977,4907,9412,22716,9706,11486,18412,7856,9668,18009,3432,14577,18265,10561,7704,17718,8538,8171,18174,11330,6439,17786,10146,7109,21216,9551,11232,25390,12740,12187,24886,12986,11796,24883,11656,12763,24444,11378,13066,17319,17319,0
95,MIDDLE37,40824,33426,1646,1671,3894,214,72,0,0,43705,33451,2207,2042,5647,503,65,0,0,43923,32328,2504,2318,5792,498,73,44010,33683,1971,2294,5823,274,60,1901,5267,73,12,1050,43891,32587,2970,2560,5533,503,25,30692,25467,1202,1367,2493,150,48,0,0,32107,26707,1169,1424,2517,364,20,1221,2244,55,20,19,0,34877,26370,1876,1875,4046,370,49,34877,26370,1876,1441,3735,48,8,1169,31966,26428,1213,1505,2697,142,10,0,0,0,0,31958,26136,1715,1262,2742,107,30,1110,2470,25,30,32402,25421,1904,1541,3262,151,43,1451,3043,34,43,20874,12951,7504,21911,13295,8616,15365,9333,6032,15756,7228,7747,23248,14546,6514,19911,12714,6461,19636,6575,13005,19779,14320,5456,19166,11940,5760,19571,14232,4624,19257,13333,5244,22206,14027,7547,25555,18149,6679,25266,17742,7250,24851,17290,6796,24574,16288,8249,19703,19386,0
96,NORFOLK1,41646,23694,1623,5042,11145,220,75,0,0,44099,21630,1761,6826,13565,274,46,0,0,45997,21475,2763,6942,14431,414,64,45497,22555,2417,6299,14185,367,58,5443,13507,41,0,1199,48094,22597,3156,7046,15366,323,98,34368,20612,1169,3629,8805,175,53,0,0,30462,18794,892,4080,6447,124,0,3981,6352,31,0,100,0,38746,19165,2092,5455,11692,310,52,38746,19165,2092,4495,11442,36,6,1111,32167,20059,1543,3620,6711,137,0,0,0,0,0,34969,20094,2223,4298,8086,180,0,4223,7940,11,0,35177,19995,2515,3723,8760,132,0,3507,8626,20,0,17989,10808,6854,16906,10731,6175,11707,7655,4052,12262,5807,5913,18668,12098,5716,15175,9413,5333,14959,5238,9652,15021,11144,3857,14459,9616,3939,14914,11657,2740,14560,10617,3395,17575,11153,6153,21237,14498,6353,20756,14552,6070,19736,12417,6808,19262,12131,7059,18049,14032,3808
97,NORFOLK2,42282,29307,1428,2403,8904,257,35,0,0,42109,25926,1353,2848,11737,89,138,0,0,45442,26142,2342,3467,12944,402,57,42222,24907,1858,3557,12025,209,126,2854,11348,125,107,859,44659,26544,2289,4284,11936,182,82,35106,25119,1037,1710,7007,178,26,0,0,30649,21824,797,1894,5964,65,50,1797,5757,25,50,35,0,38324,22856,1798,2649,10530,297,46,38324,22856,1798,1988,10227,51,6,1059,31051,21253,1317,2078,6214,135,40,0,0,0,0,32565,22237,1610,2524,6001,101,0,2335,5760,2,0,32942,22220,1959,2166,6324,127,4,1962,6147,2,4,18655,10862,7425,20143,12678,7465,12431,8067,4364,12986,6003,6359,19521,12184,6319,16336,9883,5929,15990,5580,10336,16065,11810,4241,15484,9958,4252,16017,12196,3102,15610,11094,3759,18507,11440,6728,21958,14608,6826,21405,14569,6656,20090,12352,7116,19683,11947,7663,19230,14170,5010
98,NORFOLK3,38909,29625,1290,2276,5123,231,49,0,0,40807,28488,1786,3232,7176,233,179,0,0,42353,26912,2340,3950,8049,421,72,40587,28289,2093,3413,6651,216,183,2430,6174,39,25,1220,42114,28895,2264,3894,6501,290,43,31323,24519,869,1542,3892,152,33,0,0,30385,23726,970,1942,3540,148,20,1713,3473,8,20,145,0,35173,23449,1656,2842,6313,301,57,35173,23449,1656,2186,6062,37,3,1300,30291,24057,1179,1804,3117,180,25,0,0,0,0,30492,24416,1323,2050,2666,178,40,1613,2595,32,40,30510,23005,1539,2016,3881,150,0,1896,3621,100,0,17862,10015,7531,17715,10494,7221,12428,7717,4711,12923,5590,6601,18685,10505,7001,15200,8285,6426,14874,4416,10381,15007,10260,4731,14544,8652,4985,14906,10837,3554,14603,9827,4266,17317,9847,7114,20363,12783,7137,19963,12819,7003,19391,11126,7716,19093,10798,8240,18669,12927,5709
99,NORFOLK4,38785,33747,1103,1660,1493,221,36,0,0,41793,33286,1565,3193,3455,87,0,0,0,42382,32040,1998,3228,3629,455,43,41743,33971,1525,2746,3127,85,0,2438,2931,26,0,598,41514,32582,1854,3061,3399,207,14,30948,27452,693,1103,1078,165,28,0,0,31568,27407,887,1669,1535,60,0,1565,1475,30,0,0,0,35149,27514,1402,2258,2771,348,33,35149,27514,1402,1703,2563,46,9,1369,31833,28092,905,1552,1155,55,0,0,0,0,0,31828,27529,1119,1427,1522,145,0,1210,1453,25,0,32994,28206,1170,1360,2062,74,4,1122,1943,9,4,19398,10408,8653,19934,11090,8844,13496,7760,5736,14021,5594,7639,20844,10888,8447,17352,8830,8007,16974,4690,12184,17147,11268,5865,16725,9651,6239,17057,12072,4542,16741,10976,5328,19847,10641,8765,23619,14164,8914,23306,13967,9198,22311,12287,9463,22078,11704,10317,21709,14410,7269
100,NORFOLK5,41211,34856,1136,1809,3078,211,67,0,0,42239,33389,933,2003,5698,289,1,0,0,44899,31234,2260,3051,7508,390,54,42474,31396,998,2506,7335,210,1,1961,6986,29,0,892,44437,31146,1485,2923,8747,131,2,31857,27501,722,1214,2146,153,42,0,0,30738,26044,486,1293,2824,110,0,1218,2795,0,0,0,0,35409,25604,1637,2176,5323,297,42,35409,25604,1637,1604,5129,39,11,1022,31216,24955,554,1651,3946,70,0,0,0,0,0,33165,25813,857,1697,4759,31,0,1552,4635,4,0,33054,24479,1159,1737,5498,93,68,1630,5367,6,68,21260,10770,10132,22579,11915,10664,15648,8921,6727,16420,6356,9388,23140,11950,9616,19028,9348,9127,18586,4789,13703,18714,12257,6443,18132,10839,6403,18605,13164,4976,18039,11617,5968,21430,11228,9754,24963,14495,9961,24376,14539,9660,23304,12202,10478,22928,11615,11253,22540,14640,7805
101,NORFOLK6,39277,31860,1195,3760,2112,207,52,0,0,43059,32497,1795,5142,3148,317,15,0,0,43702,29124,2477,7229,3639,396,41,43165,31251,1998,5893,3300,336,14,5030,2513,135,0,1519,43918,29957,2016,6871,3926,440,13,30443,25414,763,2511,1434,141,34,0,0,31937,25808,1045,3156,1668,116,0,2999,1554,48,0,160,0,34758,24299,1660,5254,2560,308,30,34758,24299,1660,4366,2341,30,11,1496,32204,25400,1308,3652,1563,81,0,0,0,0,0,32389,24714,1336,3829,2081,196,0,3649,1925,85,0,32383,23105,1527,4829,2609,138,90,4546,2481,68,90,20383,11235,8815,21287,11832,9455,13804,7996,5808,14370,5888,7876,21852,12528,7941,17957,9988,7394,17622,4975,12606,17758,12215,5540,17064,10679,5488,17581,12967,4172,17179,11559,5195,20478,11791,8293,24263,15548,8227,23727,15500,8103,23230,13899,8767,22768,13138,9604,22273,15189,7070
102,NORFOLK7,42172,24948,1861,11451,3704,338,94,0,0,42756,22589,2806,12864,4189,364,118,0,0,45247,22466,3477,14504,4646,507,65,42069,22012,3006,12727,4306,374,136,11370,3789,119,46,1156,43285,22016,3330,13755,4638,419,119,32613,20290,1270,8130,2677,246,66,0,0,30557,18084,1843,7660,2664,214,25,7423,2634,125,25,85,0,35624,18194,2415,11194,3555,399,52,35624,18194,2415,9675,3303,70,8,1448,29707,17450,1723,7653,2578,207,30,0,0,0,0,31068,17368,1922,8742,2772,168,20,8289,2694,49,20,31926,17536,2288,9286,2573,165,0,8818,2415,18,0,21500,13901,7311,19338,12487,6851,14484,9830,4654,15229,7930,6799,22488,15564,5676,18417,12378,5530,18148,6700,11401,18170,14142,4011,17407,12624,3923,17964,14383,3024,17513,13516,3560,21041,14256,6420,24935,18532,5951,24389,18219,6028,22997,16234,6151,22547,15346,7134,20199,17300,2459
103,NORFOLK8,41295,34245,1029,2809,3011,151,25,0,0,42851,32571,2474,2992,4652,351,9,0,0,44240,30739,1896,4678,5853,347,50,42952,32152,1810,3344,4832,351,10,3034,4114,74,0,1093,42381,30255,1412,3862,5674,259,23,30798,26168,634,1932,1899,102,20,0,0,30298,24762,1409,1806,2110,211,0,1769,2081,122,0,50,0,34132,24929,1185,3340,3889,252,31,34132,24929,1185,2739,3643,32,6,1185,30886,25110,1039,2012,2417,160,0,0,0,0,0,30302,23899,1002,2438,2709,165,0,2343,2430,90,0,30595,23239,1042,2647,3512,155,0,2389,3139,104,0,22915,13717,8820,24016,13999,10017,15849,9731,6118,16394,7099,8563,23908,14765,7491,19397,11642,7030,19154,5772,13340,19222,13753,5459,18447,11957,5338,18950,13914,4504,18664,13100,5096,22359,13698,8181,26631,18298,7774,26062,17911,7989,25038,16152,8199,24614,14989,9584,21793,17669,3777
104,NORFOLK9,42390,38548,1432,1230,1085,182,7,0,0,45197,39814,2087,2111,1342,121,19,0,0,46075,39823,1887,1855,1871,364,31,45441,39718,2066,2107,1712,114,13,1418,1163,57,0,766,46306,39580,2187,2516,2035,61,8,31636,28582,1217,1077,707,122,6,0,0,33127,29960,1348,1105,617,79,0,1004,497,39,0,6,0,35974,31473,1319,1454,1280,268,23,35974,31473,1319,1086,1099,28,12,815,33927,30395,1416,1105,909,88,0,0,0,0,0,35006,31025,1312,1203,1347,53,0,1076,1057,35,0,35280,31069,1146,1594,1314,84,11,1470,1017,5,11,22318,10934,10982,22447,10246,12201,16637,7643,8994,17212,5350,11078,24637,12036,10193,20831,9795,10240,20583,4352,16165,20680,12596,8074,19936,10476,8322,20425,13287,6681,20043,11671,7914,23708,11766,11275,28058,16398,10909,27776,15470,12154,27530,15053,11669,27365,13405,13921,20187,19005,630
105,NORFOLK10,41302,38016,809,722,1634,187,32,0,0,43436,38941,855,1198,2379,69,5,0,0,43328,37240,1554,1116,2551,331,48,43116,38030,1230,1227,2556,137,6,673,2230,5,6,896,42528,36339,1769,996,2972,316,0,29676,27610,473,491,1003,119,22,0,0,32059,29841,548,666,965,48,4,451,885,4,4,25,0,33672,29644,970,737,1710,227,30,33672,29644,970,572,1537,32,11,713,32210,29676,818,527,1134,84,4,0,0,0,0,32410,29286,961,516,1523,101,0,361,1264,8,0,32462,28740,1260,525,1780,140,0,417,1385,4,0,22001,11702,9914,23450,11894,11556,15520,7848,7672,16095,5717,9643,24016,12618,9189,19775,10180,8919,19610,4439,15087,19637,12608,7019,18826,10639,7043,19381,12998,5908,19028,11818,6691,22683,11996,10047,26775,16437,9617,26417,15717,10448,26352,15372,10294,25989,13908,12047,20353,17790,0
106,NORFOLK11,42281,37238,1612,1679,1687,158,24,0,0,44293,36180,2710,2352,2890,138,15,0,0,44825,36121,2680,2430,3117,324,38,44545,36220,2912,2502,3109,232,19,1674,2520,39,13,887,44439,35743,2620,2417,3114,226,77,32062,28626,1077,1179,1107,103,18,0,0,33105,28477,1604,1399,1530,103,10,1369,1432,41,10,0,0,35443,29239,1849,1798,2163,241,23,35443,29239,1849,1448,1937,15,6,764,33380,28598,1599,1344,1654,75,15,0,0,0,0,33120,28177,1610,1491,1638,71,20,1473,1399,14,20,33088,27952,1808,1442,1651,152,0,1342,1394,9,0,23072,12380,10285,24920,13287,11633,17240,9617,7623,18044,7079,10347,25561,14786,8819,21891,12199,8989,21565,5978,15526,21625,14864,6752,20594,12383,6911,21352,15356,5394,20831,13990,6264,24449,14084,9817,28456,18747,9043,27857,17897,9803,27079,16765,9451,26595,15401,11156,26079,17516,8532
107,NORFOLK12,40436,34414,1472,1895,2444,163,46,0,0,41610,33877,2763,2584,2665,206,48,0,0,44681,33786,2777,3368,3670,488,42,41636,33222,2499,3115,2674,235,68,2329,2398,18,0,766,44662,33930,3228,3246,3352,146,71,31656,27505,992,1248,1732,100,32,0,0,30031,25906,1526,1335,1104,187,0,1207,999,31,0,18,0,35549,27885,1909,2361,2586,362,34,35549,27885,1909,1904,2462,32,5,1013,29892,25507,1480,1743,1059,205,0,0,0,0,0,31154,26454,1626,1714,1283,101,0,1560,1102,29,0,31334,26070,1911,1983,1304,62,7,1824,1034,10,7,21006,11332,9303,21983,11683,10300,15393,8514,6879,15992,6182,9156,23339,12753,8814,19143,10197,8262,18813,4976,13747,18962,12798,6151,18179,10750,6397,18765,13440,4818,18323,12149,5735,21811,12105,9198,25775,16071,9055,25238,15871,9213,24186,14000,9495,23781,13031,10704,23360,15684,7650
108,NORFOLK13,40396,36382,799,521,2596,87,38,0,0,43426,36524,1311,1183,4383,100,6,0,0,44512,36428,1601,1046,4694,237,33,43991,36987,1218,1184,4341,49,0,1018,3690,16,0,979,44194,36649,1361,1037,4553,72,43,28702,26230,466,288,1645,52,23,0,0,30093,26469,900,580,2070,59,0,536,1945,20,0,4,0,32708,27551,944,660,3055,159,25,32708,27551,944,421,2814,12,5,796,30474,26929,791,648,2086,35,0,0,0,0,0,30648,26838,818,679,2325,52,0,646,2172,19,0,31201,27252,731,518,2556,128,30,436,2396,12,30,24163,15037,8827,24834,14115,10719,18044,10737,7307,18683,7932,10185,25584,17099,6356,22498,14448,7288,22403,6874,15486,22407,16792,5607,21403,13962,6091,22060,16612,4873,21660,15608,5579,24821,15989,8272,28344,21291,6386,28067,19469,8513,27281,19738,6611,26870,17412,9372,21655,21113,0
109,NORFOLK14,42509,34990,1544,1167,4750,148,42,0,0,44366,33837,2225,1402,6847,140,79,0,0,44885,32821,2364,1473,7633,249,70,44170,32905,2570,1656,7061,116,83,952,5925,0,22,1494,44745,32645,2606,1928,7100,300,57,30739,25440,1023,846,3397,97,28,0,0,30378,24851,1229,692,3484,64,25,615,3062,25,25,65,0,34025,25377,1618,1088,5416,167,49,34025,25377,1618,823,5014,18,15,895,29912,24171,1338,692,3576,33,25,0,0,0,0,30550,24361,1443,906,3725,88,0,738,3409,19,0,30905,23432,1733,994,4598,77,43,817,4046,16,43,22061,14081,7665,21117,12000,9117,16340,9473,6867,16791,6942,9415,23003,16059,5174,19757,12631,6301,19739,6029,13670,19721,14640,5066,18764,11937,5546,19345,14064,4749,19014,13426,5161,21957,14335,7118,25139,19113,5336,24850,17499,7235,23336,17045,5469,23016,14787,8177,17780,17546,0
110,NORFOLK15,41840,30582,2168,1647,7430,190,53,0,0,42407,29092,2894,1657,8813,434,87,0,0,45747,29824,3101,2030,10195,327,90,42679,28558,3000,2150,9223,497,106,1347,7363,29,5,2282,45338,30472,3010,2089,9945,459,56,35163,26347,1667,1236,5855,133,43,0,0,29456,22882,1648,860,3693,156,14,731,3287,24,14,243,0,37707,25419,2379,1542,7838,247,62,37707,25419,2379,1119,7207,32,4,1341,29694,22510,1934,1230,3660,173,4,0,0,0,0,31419,24144,1958,1158,3886,169,0,778,3409,15,0,31780,23771,1856,1227,4621,125,0,881,4127,6,0,19882,16507,3092,21223,17306,3917,12786,10749,2037,13009,9223,3364,20931,17873,1979,17907,15504,1943,17835,10301,7516,17814,16149,1658,17124,13991,1719,17501,15128,1528,17433,15305,1581,19705,16446,2936,22025,19588,2106,21806,19265,2479,19878,17027,2140,19535,16394,3066,16839,16344,0
111,PLY1,40819,38176,701,966,495,301,31,0,0,43446,40126,830,980,1029,405,0,0,0,44291,39786,1209,1264,748,526,41,44381,41255,1094,972,649,338,0,658,432,0,0,793,44251,40247,1195,946,1221,373,85,31507,29630,491,725,310,209,19,0,0,34939,32605,584,839,711,271,0,704,566,0,0,0,0,36331,33034,889,885,518,376,35,36331,33034,889,603,401,53,5,1031,35585,33413,729,792,495,215,0,0,0,0,0,35759,33471,836,676,507,251,0,580,382,15,0,37296,34872,1015,788,343,270,0,629,167,45,0,21392,11009,10063,19686,9861,9825,15883,7862,8021,16361,5969,9654,24509,11503,10986,20993,9791,10578,20599,4553,15963,20879,11834,9036,20354,10323,9038,20675,13087,7155,20387,11508,8410,23681,11428,11699,27875,15610,11576,27549,15242,12129,30483,16191,13642,30260,14694,15528,29892,15678,14202
112,PLY2,41038,36781,746,1638,359,472,46,0,0,42796,37736,1259,1511,685,687,156,0,0,42708,36634,1124,2058,592,809,47,43177,37981,799,1232,824,472,191,459,565,44,33,1477,42830,36860,814,1500,1164,717,216,32045,29150,435,1066,238,320,32,0,0,33744,31551,606,838,381,263,19,669,311,18,19,95,0,35057,30736,712,1416,430,597,28,35057,30736,712,605,277,95,5,1920,35012,32776,491,924,521,171,33,0,0,0,0,35378,32788,595,1005,629,206,0,726,480,18,0,36002,33354,529,1257,514,221,0,963,430,15,0,20367,10742,9236,21094,10965,10129,13397,6772,6625,13722,5035,7859,21796,9510,10558,17686,7811,9206,17343,3886,13381,17530,9364,8153,17010,8611,7432,17306,10457,6372,17129,8675,7992,20295,9154,10620,24125,12077,11435,23722,12298,11032,24894,11397,13045,24512,10750,13739,24021,11768,12194
113,PLY3,39992,38091,510,361,728,268,34,0,0,42593,40516,570,458,830,244,39,0,0,42737,39231,953,541,1161,326,25,42981,40781,461,469,1026,182,20,235,745,18,20,629,42589,39759,774,558,998,227,55,29959,28773,314,227,418,184,20,0,0,32120,30925,322,254,395,169,20,159,380,14,20,30,0,33068,30822,607,345,715,252,20,33068,30822,607,187,571,29,5,713,32620,31425,227,254,539,119,20,0,0,0,0,32160,30615,446,304,583,137,55,179,503,34,55,33208,31499,647,232,673,191,11,133,539,45,11,23871,13023,10513,24429,12299,12130,17610,9469,8141,18244,6832,10722,25969,15093,8795,22176,12101,9411,21881,5426,16402,22056,14948,7086,21199,12402,7590,21743,15071,6130,21284,13744,7056,24897,14055,10282,28978,19211,9084,28685,17572,10978,27845,17694,9330,27586,15539,11992,27115,18160,8929
114,PLY4,43098,41310,462,381,494,192,42,0,0,43829,41924,665,387,419,100,31,0,0,44500,41577,767,559,644,332,64,44590,42019,907,275,862,133,43,90,647,0,24,433,44391,41375,902,710,847,149,33,32136,30984,276,232,284,131,28,0,0,33680,32620,382,374,212,97,0,324,192,0,0,6,0,34857,32892,496,363,417,221,50,34857,32892,496,128,280,16,10,790,34766,33289,578,301,482,95,0,0,0,0,0,34419,32858,667,316,482,69,0,251,428,10,0,34540,33001,676,125,643,47,16,88,474,6,16,25914,13178,12344,27007,12887,14120,19202,9605,9597,19875,6907,12065,27767,13958,11656,23928,11444,11812,23361,5179,18138,23738,14706,9026,22944,12635,9074,23553,15923,7049,23014,13879,8570,26705,13499,12654,30992,18375,11983,30689,17310,13298,30501,17203,12645,30337,15112,15215,29830,17019,12808
115,PLY5,41697,39054,588,857,671,186,23,0,0,44059,41480,856,941,505,101,14,0,0,43779,38555,1129,1401,1149,378,25,43841,40666,955,846,999,290,19,444,693,0,6,680,43518,38875,1014,1251,1652,526,19,31032,29364,344,512,418,127,20,0,0,32652,31282,423,605,263,18,0,554,238,0,0,39,0,34003,30437,713,940,807,273,17,34003,30437,713,593,678,17,1,1140,32249,30762,458,453,429,85,0,0,0,0,0,32278,30260,479,681,568,208,4,553,497,55,4,32406,29686,1181,564,726,268,10,462,628,49,10,22572,10687,11504,23426,10743,12683,16234,7972,8262,16748,5510,10472,24537,11115,11557,20689,8639,11423,20216,3993,16123,20473,12033,8431,19722,10109,8639,20145,12987,6717,19724,11378,7909,23185,10678,11945,26885,14244,11954,26453,14014,12233,26339,12815,12892,26044,11637,14341,25534,13271,12235
116,PLY6,43577,41785,540,392,536,163,20,0,0,45237,42477,657,670,931,270,0,0,0,45859,42141,933,655,843,426,36,45422,42625,396,670,976,187,14,398,773,12,4,1038,46363,42425,952,577,984,253,17,31961,30876,295,244,296,118,10,0,0,34665,33184,316,437,485,227,0,346,455,10,0,0,0,35668,33231,573,429,531,299,24,35668,33231,573,249,400,33,4,962,35195,33846,277,450,496,160,0,0,0,0,0,36078,34535,548,242,515,210,0,192,406,15,0,36056,34668,502,230,450,209,0,187,342,9,0,24401,12092,11931,25670,11794,13876,17873,8563,9310,18390,6076,11569,26386,12429,11827,22336,9784,11886,21842,4561,17185,22132,12948,9176,21406,11122,9148,21853,13917,7448,21462,12136,8857,25309,12014,12702,29867,16533,12594,29448,15805,13505,29139,14971,13453,28885,13320,15514,28484,14808,13654
117,PLY7,40943,38129,713,950,620,230,18,0,0,42420,37987,973,1722,1329,127,0,0,0,43144,36724,1475,2216,999,510,57,42735,37960,996,2117,1319,113,0,1206,824,0,0,1392,43014,37856,1095,1972,935,288,26,30969,29086,435,600,426,165,15,0,0,31988,29837,621,743,699,84,0,544,460,0,0,0,0,34223,29716,989,1506,726,387,34,34223,29716,989,1044,589,43,9,1323,31669,29431,669,915,568,88,0,0,0,0,0,32618,30368,660,899,527,152,0,646,411,60,0,32993,29775,1264,1172,560,151,4,907,474,24,4,20637,10116,10158,19805,9756,10049,14308,7369,6939,14795,5127,8914,22733,9934,10953,18982,7623,10898,18417,4126,14238,18667,10954,7709,18028,9784,7357,18340,11880,5981,18016,10265,7288,21354,9770,11075,24945,12858,11463,24488,13125,11142,24742,11648,12544,24386,10858,13490,23957,13734,10203
118,PLY8,39946,35941,1085,1960,682,230,30,0,0,41621,36137,1361,2878,1173,186,15,0,0,43775,36023,1715,3750,1247,458,31,41787,36231,1118,3057,1165,133,17,2614,783,53,17,638,43655,36447,1338,3447,1711,107,78,31528,28414,840,1547,511,170,22,0,0,32875,29460,954,1606,670,138,15,1537,435,55,15,25,0,35594,29781,1272,2836,935,334,21,35594,29781,1272,2147,804,44,2,1237,33765,30000,813,2157,664,93,15,0,0,0,0,34510,30070,930,2630,818,66,0,2313,579,20,0,34575,29361,1259,2960,877,101,0,2672,702,36,0,18970,9225,9385,16929,8105,8824,12542,6288,6254,13064,4425,8038,20672,9045,10067,16615,7014,9098,16202,3513,12643,16349,9291,7055,15630,8359,6528,16094,10078,5627,15824,8423,7075,19298,8836,10013,23427,12060,10815,22810,12114,10477,23413,11129,11812,23029,10365,12656,20603,12124,8474
119,PLY9,42291,33664,1638,5009,1264,233,53,0,0,43820,31839,2439,7560,1326,292,6,0,0,45701,31177,2683,9166,1507,485,74,43849,30649,2983,8376,1298,261,114,7224,1050,50,0,968,45895,31814,3219,8505,1597,188,178,33256,27379,1081,3366,860,152,29,0,0,32865,26034,1609,4181,867,177,0,4026,765,58,0,39,0,36367,25997,1815,6476,1129,337,46,36367,25997,1815,4987,965,58,5,1894,32862,25327,1780,4812,818,113,0,0,0,0,0,35054,26922,1903,5207,941,132,0,4957,791,20,0,35106,26757,1810,5367,1095,118,0,5158,962,5,0,20635,10907,9409,20244,10491,9753,13674,7548,6126,14182,5609,7940,21750,11382,8836,17575,9119,7945,17230,4688,12487,17356,11108,6247,16735,10107,5877,17152,11643,5087,16883,10479,6021,20288,10939,8921,24302,14714,9057,23725,14616,8939,23418,13266,9629,22995,12604,10371,22529,14448,8071
120,PLY10,40110,18752,4104,13371,884,491,215,0,0,40483,13909,4668,17839,1041,487,73,0,0,44980,14264,5393,21568,1149,701,105,40438,13250,4833,18222,496,546,146,15402,347,273,52,2614,44689,13911,5121,22369,992,395,120,29845,15573,2645,8893,610,344,156,0,0,27787,12593,2825,11390,661,283,15,11227,651,165,15,47,0,34231,12387,3682,15277,836,503,81,34231,12387,3682,10451,687,77,8,4859,26219,11789,2437,11381,310,356,25,0,0,0,0,28971,12597,2695,12881,671,283,0,12584,621,60,0,28645,12352,2784,12343,947,326,9,11938,823,79,9,14667,10112,4313,15230,11134,4096,8932,6432,2500,9327,5414,3441,16024,10966,4274,11800,8030,3460,11645,5083,6546,11654,8982,2671,11364,8217,2688,11573,9158,2072,11431,8669,2474,14129,9772,4150,17155,12740,4158,16750,12860,3810,15754,10811,4610,15363,10982,4379,15040,11564,3474
121,PLY11,36989,11338,4191,16580,1064,427,274,0,0,38304,7633,4444,21603,519,159,30,0,0,42514,7483,5665,25150,988,595,103,38279,7104,4878,22729,801,474,14,18756,702,63,0,3201,41540,8001,5877,24269,715,517,4,26823,9641,2670,11004,764,288,186,0,0,21856,7773,2305,10967,447,235,0,10850,447,219,0,131,0,31727,6596,3859,17943,769,427,83,31727,6596,3859,11485,652,66,12,6291,21757,6498,2405,11613,586,352,0,0,0,0,0,24399,7764,2929,12663,446,281,0,12441,446,127,0,24650,6684,2664,14207,527,228,8,13912,525,35,8,11327,8671,2513,12013,9942,2071,6538,5237,1301,6831,4814,1761,12286,9774,2080,8412,6732,1503,8287,4524,3754,8273,7003,1270,8120,6583,1235,8236,6995,989,8174,6829,1166,10448,8232,2102,13043,10740,2125,12610,10659,1903,11367,8647,2464,11028,8839,2187,10662,8789,1872
122,PLY12,42261,39517,623,899,548,310,35,0,0,45254,41966,1283,1160,508,222,0,0,0,45091,40316,1096,1323,717,548,52,45324,41527,1629,1232,422,291,0,562,194,54,0,1034,45007,40623,1279,1000,632,200,108,32828,30996,384,555,348,228,25,0,0,35265,33752,680,515,223,137,0,352,143,44,0,0,0,36605,33358,677,826,504,408,42,36605,33358,677,429,352,61,8,1313,35756,33848,874,549,248,244,0,0,0,0,0,35934,33998,636,507,496,171,70,344,310,8,70,36651,34655,574,656,413,228,58,394,202,0,58,21977,11170,10424,22277,11135,11142,15614,7854,7760,16131,5791,9463,24489,11122,11488,20763,9371,10728,20337,4425,15818,20555,11961,8588,19942,10413,8482,20376,12962,6901,20057,11244,8305,23462,11089,11825,27632,14898,12041,27220,14789,12208,28453,14021,13861,28153,12826,15300,27746,14182,13450
123,SUFFOLK1,40508,15051,21419,2333,1654,489,114,0,0,47274,16011,26718,12275,2432,499,148,0,0,43066,15760,21700,2910,2307,900,73,47804,16329,27019,11485,2478,520,102,1252,2092,38,77,720,45357,15658,24681,9072,2325,689,134,31483,13018,15380,1617,1275,332,83,0,0,22770,13205,7035,1148,1204,40,80,895,1157,30,80,53,0,34826,14039,16256,2186,1979,695,52,34826,14039,16256,1136,1706,28,8,1162,23559,13924,7050,1204,1179,54,80,0,0,0,0,23805,13630,7320,1388,1222,79,40,1154,1034,10,40,23170,13703,6844,1241,1144,115,0,1076,886,4,0,9169,6149,2866,10346,7723,2623,6361,4972,1389,6955,3959,2620,12667,9123,2831,9818,7378,2148,9800,4731,5025,9566,7907,1642,9219,6686,1731,9544,7462,1404,9310,7354,1516,11822,8617,2970,14834,11243,3300,14388,11395,2895,14029,9582,3886,13614,9788,3773,11400,10825,0
124,SUFFOLK2,35359,23953,3528,2251,5714,236,68,0,0,41480,25617,5898,3460,7244,425,103,0,0,43532,25719,5138,3326,9158,430,66,42654,26810,4897,3789,7858,368,116,2551,6927,26,0,1349,42639,25935,5232,3668,8258,428,130,31728,22163,2704,1635,5227,193,58,0,0,29291,21133,2884,1754,3168,212,13,1602,2843,29,13,166,0,38658,23265,4177,2560,8399,356,55,38658,23265,4177,1836,7732,53,12,1296,30451,22110,2705,1891,3356,152,0,0,0,0,0,30070,21234,2939,1694,3721,131,20,1562,3347,23,20,31150,21035,2892,2221,4549,213,22,1987,4087,5,22,13575,9696,3668,13876,9808,4068,8949,6647,2302,9478,5166,4002,15950,11982,2821,13509,10127,2878,13496,5634,7825,13439,11392,2033,12815,9422,2355,13206,10850,1824,12921,10372,2130,15285,11235,3698,17897,14451,3043,17533,13874,3565,15877,12034,3264,15540,11250,4244,12824,12275,0
125,SUFFOLK3,32715,22083,1567,1531,7514,127,31,0,0,37496,24201,2716,1853,8573,201,69,0,0,43113,27530,2882,2286,10148,298,47,37753,24290,2920,2047,8481,296,161,1513,7806,89,29,959,38228,24057,3168,2179,8596,290,93,30455,21121,1388,1306,6586,117,28,0,0,29575,21855,1794,1299,4464,192,0,1157,4231,84,0,49,0,39943,26119,2500,1944,9056,242,37,39943,26119,2500,1483,8531,26,18,1047,29985,21821,1866,1424,4629,221,0,0,0,0,0,30194,21683,2020,1418,4891,198,0,1218,4513,35,0,31222,21876,2156,1542,5404,92,16,1422,5003,13,16,12811,9536,3088,13713,9561,4152,8012,5670,2342,8934,4698,3948,15852,12061,2681,13940,10525,2940,14022,5615,8376,13529,11173,2347,12869,9439,2523,13243,10533,2241,13039,10307,2429,15577,11360,3880,18354,14763,3207,17866,13990,3791,17289,13091,3654,16863,12171,4648,15424,12889,2290
126,SUFFOLK4,34070,26586,3473,2553,1822,183,56,0,0,41492,31685,4332,3347,2840,119,33,0,0,43333,33330,4194,2971,3043,340,72,41501,31595,4219,3524,3103,132,48,1918,2691,1,0,998,41842,32270,3750,3052,3460,166,75,29560,24326,2290,1668,1462,141,40,0,0,34320,28654,2429,1421,1680,51,0,1377,1501,3,0,85,0,38770,30990,3063,2115,2658,252,60,38770,30990,3063,1222,2290,27,6,967,34407,28375,2298,1466,2132,37,0,0,0,0,0,35340,29023,2215,1376,2497,75,0,1138,2186,0,0,37199,30467,2563,1369,2562,106,30,1014,2243,4,30,15912,9413,6251,17016,10278,6738,10179,6660,3519,11219,4977,5838,21060,13858,5641,17391,11045,5701,17311,5631,11607,17124,13086,4004,16446,11227,4084,16920,13271,3151,16403,12206,3694,20180,12918,6773,24470,17448,6461,23801,16416,7243,22758,14142,7906,22280,12872,9348,21755,15611,6103
127,SUFFOLK5,43088,2210,11042,26382,1794,734,343,0,0,47934,3501,13433,32233,2175,594,77,0,0,45983,2845,13748,28287,2411,945,111,46365,3457,12930,31602,1787,560,128,25478,1650,154,0,2091,45539,3908,13361,30515,1759,1244,96,30576,1979,7247,18455,1302,484,247,0,0,28432,3140,7067,16832,1214,148,0,16697,1212,79,0,66,0,34169,2466,9420,20871,1891,716,89,34169,2466,9420,14227,1692,94,10,4291,27459,2693,6475,16797,1044,200,0,0,0,0,0,27569,3172,6276,16552,810,258,0,16379,805,116,0,27205,2842,6534,16134,829,408,0,15897,816,189,0,13790,13099,585,15226,14673,553,7522,7091,431,8323,7298,782,15825,14722,650,10665,9939,528,10531,6604,3897,10274,9637,607,9865,8639,661,10138,8949,443,9973,9104,496,13043,11521,1375,15830,14208,1409,15298,14030,1206,12903,10581,1927,12478,11060,1381,11596,11284,67
128,SUFFOLK6,41138,3092,9089,29846,934,670,225,0,0,49851,3700,12212,36537,1633,688,2,0,0,44758,3457,12204,30434,1570,902,139,52453,4466,11924,38251,1994,621,22,32393,1721,86,0,1560,49900,4378,12486,35434,1860,654,88,29701,2706,5847,21546,686,437,164,0,0,30007,3181,6264,19707,624,263,0,19442,620,112,0,113,0,33410,2989,8232,22786,1163,664,115,33410,2989,8232,18664,946,94,7,1944,31997,3665,6475,20916,725,224,0,0,0,0,0,31227,3750,6171,20151,879,415,0,19418,829,143,0,30905,3972,6427,18913,1209,224,17,18178,1153,45,17,15131,14291,730,16596,15918,678,8909,8409,500,9680,8393,1001,17241,15991,771,12479,11595,645,12293,7549,4718,12099,11396,671,11645,10276,796,11950,10704,468,11783,10831,553,14875,13179,1544,17863,16386,1285,17393,16165,1175,14953,12703,1859,14621,13062,1515,13644,13381,0
129,SUFFOLK7,40380,12893,8327,17430,3082,719,113,0,0,43207,12971,9964,16950,4701,701,161,0,0,44897,13235,10125,17337,5904,790,93,42533,13023,9257,17176,4094,697,143,14851,3583,365,15,1228,40198,10943,9236,17105,4560,535,64,33708,12679,5744,13214,2881,534,81,0,0,32231,12320,6178,11129,2165,403,8,10685,1969,248,8,144,0,38535,12775,7547,13655,5575,654,77,38535,12775,7547,10899,5065,65,10,1731,32873,12527,5829,11790,2145,458,17,0,0,0,0,31407,10576,6077,11914,2532,281,19,11349,2206,65,19,32357,11237,6218,11352,3260,268,24,10820,2726,55,24,11681,11117,462,13032,12491,541,6137,5828,309,6679,5814,624,12913,11880,511,9254,8737,345,9125,5897,3206,8933,8530,387,8564,7536,469,8844,7791,332,8635,7903,369,10836,9687,1009,12618,11631,839,12261,11444,766,10325,8635,1263,10016,8946,1042,9345,9170,0
130,SUFFOLK8,41796,30971,2831,2531,5438,206,45,0,0,43706,30346,4136,2322,6819,215,236,0,0,45531,30661,3605,2835,8023,362,72,43818,30091,4440,2293,6983,217,162,1450,6046,69,86,1484,40712,28037,3801,2442,6112,187,120,39632,29540,2592,2269,5173,187,43,0,0,34709,26138,2956,1610,3643,144,150,1460,3154,68,150,60,0,42993,29175,3267,2566,7566,302,54,42993,29175,3267,1919,6789,26,25,1534,34217,26204,2715,1653,3459,176,88,0,0,0,0,32464,24478,2659,1860,3357,111,69,1428,2880,29,69,33333,25069,2832,1825,3590,58,4,1459,3117,0,4,16555,12743,3560,17006,11892,5114,9736,6838,2898,10111,5332,4419,18534,14625,2517,14972,11427,3004,14992,6436,8522,14865,12373,2472,14284,10403,2707,14614,11624,2370,14451,11464,2584,16707,12508,3782,18601,15595,2554,18302,14605,3622,16897,13531,2764,16552,12385,4103,15295,12974,2107
131,SUFFOLK9,39079,18020,7338,10020,4442,409,98,0,0,41002,18570,8178,10360,4776,340,78,0,0,41820,18851,8119,9990,5784,511,94,42363,18299,8622,9732,6185,484,60,7786,5716,140,37,1108,41411,18053,8664,9584,5684,757,165,33346,16855,5355,7632,3907,313,81,0,0,31117,16438,5101,6687,2626,168,50,6468,2563,72,50,75,0,35933,17326,6172,7802,5148,360,79,35933,17326,6172,6053,4706,51,15,1298,31838,16465,5260,6419,3649,279,35,0,0,0,0,31643,16441,5267,6196,3536,311,125,5889,3307,129,125,31937,17610,4394,6210,3518,305,36,5881,3194,95,36,15608,13604,1821,16961,14342,2619,9724,8218,1506,10314,7260,2698,18711,16174,1612,15173,13012,1738,15141,7738,7365,14904,13414,1474,14248,11520,1684,14668,12420,1373,14419,12418,1558,17055,13992,2771,19465,17162,1972,18978,16485,2424,17455,14390,2515,16965,13763,3142,15009,14224,331
132,SUFFOLK10,43990,34243,3288,2793,3773,275,49,0,0,47663,35802,4133,3081,4606,414,27,0,0,44990,32708,4181,3504,4427,422,66,48055,35988,4332,3225,4604,308,33,1944,3539,68,0,2033,45042,33017,3908,2794,4840,251,27,35437,28456,2364,2015,2606,201,36,0,0,35293,28407,2544,1822,2124,303,0,1661,1786,79,0,90,0,36610,27451,3109,2623,3240,347,47,36610,27451,3109,1843,2919,30,4,1049,35195,28625,2544,1688,2141,242,0,0,0,0,0,33012,26626,2621,1326,2276,136,17,1180,1912,44,17,33241,26819,2521,1301,2451,126,17,1151,2085,28,17,23168,15354,7437,23818,16205,7613,17363,12627,4736,18405,10039,7657,25508,17910,6068,22318,15589,6168,22038,9290,12644,22096,17623,4449,21002,14560,4684,21783,17475,2980,21240,16513,3830,24362,16854,7053,27392,20540,6307,26980,20212,6645,26296,18940,6533,25843,18070,7677,24471,19780,4544
133,SUFFOLK11,38530,10571,22687,4099,1515,671,143,0,0,43262,9767,27912,15917,1972,172,5,0,0,44674,9532,28069,5055,1809,1189,76,43558,9340,28354,15772,1903,212,8,2506,1687,2,8,1351,43073,9384,27867,13950,1611,426,8,28791,9263,15706,2838,1153,475,98,0,0,20188,8140,9008,2087,830,76,0,1792,759,2,0,10,0,34031,8448,20088,3724,1537,914,55,34031,8448,20088,2561,1315,54,7,986,20928,7853,9897,2219,929,63,0,0,0,0,0,21628,8019,10270,2385,900,90,8,1765,858,0,8,21366,7247,10125,3048,804,80,4,2417,763,0,4,8836,6589,2088,9097,7381,1716,5277,4223,1054,5640,3695,1738,10602,8276,1923,7392,5784,1407,7297,3712,3583,7174,5962,1212,6930,5247,1260,7153,5673,1018,6995,5691,1061,9230,6973,2137,11793,9041,2575,11226,9088,2094,9766,6441,3002,9256,6772,2480,7317,7267,0
134,SUFFOLK12,40704,7870,4089,28342,1353,558,125,0,0,47537,8487,6626,32409,2051,856,20,0,0,42832,8123,6119,28078,1954,686,74,47109,8672,7532,31475,1537,821,40,27399,1139,123,0,1652,45855,8161,6938,30989,1616,722,83,30894,6485,2644,21286,975,395,87,0,0,31487,7017,3413,19877,1033,408,0,19209,1003,79,0,62,0,33672,6689,4252,22159,1477,530,62,33672,6689,4252,19372,1215,92,16,1654,31095,7025,4091,19111,848,474,0,0,0,0,0,31288,6751,3549,19920,956,381,0,19059,885,0,0,32357,6759,3732,20544,1150,353,0,19898,1075,71,0,18499,16444,1916,19720,17700,2020,12007,10806,1201,12891,10377,2163,19971,17742,1519,16153,14360,1497,16016,8645,7332,15775,14508,1238,15174,12964,1417,15633,13881,878,15311,13737,1064,18362,15544,2608,21395,19136,1990,20917,18848,2002,19016,16212,2333,18598,16112,2448,17052,16561,227
135,SUFFOLK13,41099,17880,4376,10140,8178,408,150,0,0,43043,18957,5288,10062,8920,306,70,0,0,42877,18384,5243,9597,9872,478,85,43319,19842,5409,10285,8561,304,145,7778,7999,81,0,1795,43008,18806,6308,11543,7648,471,129,32508,15392,3035,7329,6254,297,127,0,0,30701,16103,2838,6676,4921,95,0,6523,4798,50,0,51,0,35580,16321,3867,7347,8013,381,76,35580,16321,3867,5309,7658,59,15,1756,31586,17326,3074,6469,4365,164,0,0,0,0,0,31687,16561,3460,6666,4424,334,0,6351,4306,243,0,31966,16561,3346,6579,5107,307,33,6260,5026,168,33,15718,10921,4603,17078,12903,4175,10560,8132,2428,11572,6971,4153,18100,13277,3796,14559,10298,3837,14466,6312,8101,14277,11409,2837,13692,9758,2878,14120,11302,1990,13740,10644,2419,16672,11541,4801,19690,14002,5287,19082,13985,4981,17422,11567,5273,16925,11506,5360,15789,13248,2360
136,SUFFOLK14,42747,14954,10501,17300,1286,564,142,0,0,50931,15396,13948,22237,1773,437,75,0,0,45402,13841,12025,19555,1754,744,90,50846,16068,14229,21763,1975,419,38,17892,1313,22,0,1163,48987,16101,11814,21910,2249,415,116,32191,12967,7048,11978,936,369,105,0,0,34457,12591,8115,12621,960,153,0,12430,853,6,0,60,0,35833,11977,8843,14692,1416,576,76,35833,11977,8843,12230,1152,59,13,1216,35047,13063,8654,12335,1037,63,0,0,0,0,0,34040,12949,7420,12516,1024,103,0,12134,901,16,0,33727,13055,8041,11630,900,250,0,11224,791,69,0,18135,13905,4007,19669,16042,3627,12595,10375,2220,13611,9457,3687,21183,16999,3258,17536,14187,2979,17327,8977,8309,17167,14844,2303,16512,13047,2424,17005,14297,1582,16640,14076,1922,19636,15344,4002,22595,18540,3706,22064,18496,3470,20403,15636,4181,19979,15855,4060,17167,16529,37
137,SUFFOLK15,40469,19450,10853,8401,3065,604,117,0,0,44933,21998,11188,9188,4342,215,20,0,0,45012,21253,10364,8473,5916,712,118,46162,22781,10444,9341,5299,352,20,6735,4298,28,0,1583,45617,21961,11138,9774,4915,760,15,33979,17925,7878,6395,2589,474,89,0,0,33438,19187,6682,5290,2165,61,0,4893,1934,24,0,65,0,38648,19286,8093,6669,5195,578,96,38648,19286,8093,4795,4605,43,11,1503,34023,19800,5992,5326,2696,74,0,0,0,0,0,33303,19640,6063,4851,2472,129,3,4607,2097,40,3,34406,20506,5934,5384,2377,158,30,4953,2075,27,30,18679,16817,1498,19337,17900,1437,12438,11466,972,13097,10728,1766,21502,19245,1090,18697,17352,992,18581,13018,5523,18390,17378,991,17671,14809,1039,18068,15087,819,17857,15726,956,20339,18084,1910,22649,20785,1407,22267,20726,1479,20151,17420,1718,19759,17872,1771,18192,17528,368
138,SUFFOLK16,36623,24410,7586,2076,2129,244,47,0,0,37879,22167,10983,3326,1973,252,16,0,0,42361,20392,14109,3235,2672,657,50,37007,21197,11842,2954,1549,408,16,1666,1340,28,0,446,41613,21473,13650,3207,2973,410,0,29045,20513,5141,1436,1583,174,36,0,0,23885,17058,4307,1570,828,127,0,1460,783,44,0,15,0,33497,17281,10216,2319,2109,538,47,33497,17281,10216,1587,1919,27,8,1644,22611,16348,4291,1100,605,131,0,0,0,0,0,24941,17160,5217,1213,1273,95,0,1109,1217,0,0,23833,16267,4814,1600,945,78,0,1389,895,13,0,12636,7199,5190,13386,8354,5032,8320,5698,2622,8747,4024,4350,14681,8293,5721,10213,5773,4106,10077,3349,6690,9943,6751,3185,9556,5630,3382,9903,6702,2873,9588,6389,2906,12443,7161,5080,15289,9094,5964,14582,9663,4771,13485,6546,6583,12763,6956,5755,9042,8676,0
139,SUFFOLK17,42848,28819,3922,2346,7370,237,73,0,0,41970,26187,4742,2710,8093,368,45,0,0,45427,26501,4891,3149,10309,474,76,42104,25654,4745,2707,8989,298,89,1754,8191,63,49,1275,41174,24490,4471,2852,9042,420,74,39388,27207,3224,1951,6588,211,63,0,0,30662,22537,2612,1599,3565,205,13,1363,3276,124,13,127,0,41299,24679,4014,2579,9464,397,66,41299,24679,4014,1779,8802,24,14,1576,31061,22347,2779,1585,4126,167,40,0,0,0,0,30666,21451,2852,1850,4374,122,45,1526,4048,65,45,29832,20328,2720,2010,4534,157,35,1696,4179,55,35,15019,11945,2765,15317,12258,3059,7771,6213,1558,8158,5255,2472,18082,14772,2032,15235,12955,1818,15177,9191,5939,15007,13333,1651,14566,11475,1686,14875,12482,1416,14727,12326,1645,16926,13810,2710,19188,16357,2300,18890,16279,2532,16809,13536,2326,16509,13641,2778,14463,14028,0
140,SUFFOLK18,43270,27252,4334,2743,8558,295,72,0,0,42622,25990,5525,2925,8400,289,112,0,0,42815,24416,4785,3156,9639,430,107,42166,25774,4502,3253,8562,299,114,2373,7610,45,64,1325,38936,23355,4181,3496,7634,440,103,40469,26179,3626,2304,7978,252,60,0,0,32630,22671,3485,1819,4381,185,36,1640,3997,92,36,78,0,39748,23130,4034,2783,9059,357,101,39748,23130,4034,2033,8368,66,50,1539,32739,22530,3105,2130,4470,237,55,0,0,0,0,30503,20811,2634,2389,4309,144,45,2234,3657,24,45,31768,20989,2387,3060,5103,116,12,2625,4260,30,12,11349,8644,2447,11558,8801,2757,5924,4624,1300,6304,3801,2168,12704,9912,1763,10417,8425,1640,10379,5700,4651,10222,8771,1438,9890,7477,1424,10150,8407,1127,9979,8088,1367,11670,9099,2258,13329,10959,1987,13038,10849,2122,11572,8923,2078,11322,8954,2323,9593,9266,0
141,SUFFOLK19,37919,28002,6391,1717,1487,303,34,0,0,39836,26761,9483,2438,1434,298,52,0,0,44698,26800,12118,2654,1926,623,60,39934,25709,10713,2730,1116,301,58,1329,953,0,0,758,43466,24557,14682,2511,1717,953,15,30821,23622,4561,1220,1144,228,20,0,0,26504,20631,4089,902,695,94,0,762,638,0,0,60,0,36468,22967,9029,1948,1609,456,46,36468,22967,9029,1189,1374,37,10,1300,27329,20765,4847,1074,593,93,0,0,0,0,0,28875,20589,6481,898,660,244,0,834,586,65,0,28198,20712,5448,1091,693,263,5,997,677,155,5,15384,9286,5810,14718,9273,5445,10544,7283,3261,10964,5151,5290,17437,10137,6332,13110,7737,4932,12912,4057,8800,12947,9225,3709,12412,7667,3929,12844,9208,3190,12500,8750,3328,15512,9291,5937,18797,12115,6345,18095,12445,5524,17038,9542,7003,16502,9539,6917,12023,11635,0
142,WOR1,40815,38186,912,626,1010,158,18,0,0,43862,40365,1607,773,1132,84,16,0,0,45666,40063,1988,1242,1450,548,55,44228,40385,1641,1333,902,224,23,970,586,0,16,610,45615,41177,1806,1052,1279,220,91,30523,28915,564,375,597,113,12,0,0,33285,31110,960,523,627,59,4,474,564,10,4,4,0,35249,31525,1235,784,989,406,39,35249,31525,1235,582,804,37,6,912,33350,31065,1025,653,499,74,10,0,0,0,0,34080,31640,1095,347,820,97,35,303,555,24,35,34349,31858,970,359,861,170,36,284,540,27,36,23516,11932,11080,23164,10962,12202,17281,7953,9328,17863,5891,11090,25623,11981,11216,21863,10277,10677,21636,4640,16910,21707,12579,9118,20940,10765,8801,21494,13240,7613,21086,12131,8230,24751,11827,12146,29160,15963,12385,28776,15592,12600,29199,15258,13243,28950,14138,14797,26817,17933,0
143,WOR2,41078,37145,1954,1105,758,312,30,0,0,42271,36910,2521,1486,1228,346,0,0,0,42608,35809,3189,1754,886,791,61,42365,36683,2639,1469,1550,373,15,561,1414,28,0,979,42587,36772,2519,1640,1311,430,13,31734,29165,1243,706,492,209,12,0,0,32548,29517,1553,757,505,232,0,571,475,35,0,10,0,34150,29506,2048,1186,664,573,49,34150,29506,2048,753,469,64,12,1159,32495,29245,1810,686,543,199,0,0,0,0,0,33430,30142,1593,760,729,181,0,456,670,29,0,33199,29012,1916,1274,756,200,5,772,569,27,5,18290,10178,7640,17346,9454,7892,12037,6405,5632,12379,4750,6780,19072,8381,8686,15219,7083,7338,15076,3163,11855,15161,8703,6453,14783,7316,6361,15040,9125,5375,14838,8376,5785,17759,8256,8874,21310,10939,9699,20950,11155,9251,21451,10216,10687,21238,9756,11451,16718,14202,0
144,WOR3,42725,29755,8791,2779,1770,344,48,0,0,43567,27758,12000,3088,1307,576,182,0,0,44935,25354,12893,4609,1963,997,108,43758,26891,12233,3977,1083,612,81,2362,852,66,0,1250,44955,27041,12882,4359,1146,578,38,32998,24796,5421,1689,1201,225,36,0,0,31930,22831,6618,1402,736,181,0,1199,676,79,0,119,0,35047,21605,8599,3131,1407,734,76,35047,21605,8599,2014,1198,61,14,1321,32434,22371,7202,1796,779,187,0,0,0,0,0,33766,22719,7986,1891,821,255,0,1493,540,34,0,33064,21664,8372,1916,839,193,4,1498,601,12,4,15397,9207,5864,16078,9574,6504,9476,5458,4018,9905,4065,5163,16859,9316,6187,12691,6948,5235,12534,3456,9029,12596,8166,4428,12252,6908,4509,12466,8265,3651,12282,7873,3909,15085,8290,6400,18185,10852,6856,17903,10980,6665,17490,9534,7494,17240,9459,7734,13457,12932,0
145,WOR4,40759,30745,5900,2563,1390,273,57,0,0,41606,28820,7676,3559,1716,445,55,0,0,43782,28039,8268,4079,1799,617,51,41581,29052,7140,3391,1691,282,34,2192,1164,54,0,1703,43620,30873,6071,3782,2137,387,65,31480,24789,3880,1661,948,185,35,0,0,30590,23345,4600,1567,776,159,0,1372,717,60,0,100,0,34876,23877,5610,2782,1302,467,34,34876,23877,5610,2063,1082,34,9,1555,30830,23915,4330,1622,774,139,0,0,0,0,0,33345,26260,3775,2047,1064,132,0,1777,904,45,0,33101,26045,4194,1553,1090,219,0,1393,883,16,0,18116,10063,7709,19088,10163,8925,12012,6453,5559,12501,4724,7029,19612,9840,8199,15267,7676,6951,15062,3593,11404,15147,9309,5834,14659,7869,5918,15024,9671,4851,14730,9010,5214,17922,9181,8241,21525,12344,8592,21150,12330,8451,20502,10955,9059,20281,10625,9641,19167,12286,0
146,WOR5,44309,42016,1026,582,423,381,38,0,0,45572,41947,1809,786,952,269,79,0,0,44743,39529,2323,1052,678,841,55,45523,41577,1708,1048,988,335,56,620,687,15,7,794,44615,40564,1893,1233,496,474,16,34043,32696,551,287,272,265,27,0,0,36000,34071,935,312,558,114,4,279,415,14,4,30,0,36065,32661,1457,583,444,634,34,36065,32661,1457,314,310,57,5,1151,36102,33791,1037,484,610,175,0,0,0,0,0,35535,33501,1130,429,217,238,0,325,98,19,0,36639,34369,1230,467,380,173,4,313,334,10,4,22573,11291,10719,22793,11197,11596,15708,7588,8120,16278,5472,9751,23566,9298,12086,18859,7853,10106,18642,3773,14781,18775,9785,8984,18248,8382,8534,18603,10447,7451,18352,9540,7927,21812,9254,11897,25879,12192,12965,25461,12488,12441,26018,11432,14035,25766,10761,14972,24181,13552,0
147,WOR6,40740,34034,5165,929,653,333,34,0,0,41608,32835,6623,1335,1003,407,41,0,0,42768,31390,8546,1546,891,743,60,42291,34040,6479,1444,760,155,64,674,398,0,0,688,42792,32231,7531,2289,1010,384,131,31338,27065,3247,582,429,234,22,0,0,32167,27008,3951,396,586,171,0,346,487,14,0,28,0,33966,25952,5958,1018,652,542,49,33966,25952,5958,530,480,78,9,827,32694,27716,4060,462,404,51,0,0,0,0,0,33036,26588,4840,827,633,111,0,703,471,15,0,32962,26112,5038,1021,654,88,4,847,522,15,4,18251,9888,7940,17770,9642,8128,11323,5726,5597,11722,4103,6951,19301,8485,9180,14394,6331,7394,14257,2955,11266,14264,7764,6489,13842,6622,6231,14157,8153,5478,13921,7568,5771,17292,7730,9081,21059,10334,10200,20680,10471,9942,21149,9562,11094,20833,9123,11687,19144,11724,0
148,WOR7,42172,39401,1069,635,842,240,32,0,0,43998,39922,1695,1072,1005,294,91,0,0,43358,37188,2187,1388,1509,620,33,43067,39006,1822,946,1044,303,124,552,791,20,84,779,43511,38686,1819,892,1392,383,49,33011,31233,620,388,575,170,21,0,0,33853,31712,880,505,543,186,20,396,521,14,20,31,0,34988,30771,1372,852,1079,453,25,34988,30771,1372,578,930,21,5,1117,32849,30703,847,441,561,217,35,0,0,0,0,33288,30585,1119,423,885,255,25,279,748,15,25,33257,30121,1321,537,910,283,0,360,718,11,0,21596,11222,9870,22028,11160,10868,14746,7318,7428,15281,5146,9377,23088,10253,10871,18701,8335,9444,18594,3587,14955,18594,10672,7914,17909,9171,7632,18365,11339,6559,18048,10405,6985,21613,9956,11057,25744,13351,11699,25289,13471,11497,25404,12357,12468,25091,11566,13509,23996,14784,0
149,WOR8,41805,39092,899,657,929,199,21,0,0,43392,40148,1146,894,828,283,0,0,0,43160,37973,1641,1041,1258,535,38,43929,39092,1311,1509,757,252,0,930,481,27,0,1954,43399,37943,1910,1281,879,217,56,31472,29770,548,369,591,155,14,0,0,32751,30963,727,423,417,219,0,373,324,40,0,0,0,34355,30818,1048,639,854,389,27,34355,30818,1048,391,684,40,6,1078,33095,31166,707,649,292,193,0,0,0,0,0,33113,30902,1000,540,434,154,0,335,340,0,0,33457,31015,1069,559,481,159,0,274,397,9,0,21052,10808,9806,21308,10629,10679,13915,6671,7244,14397,4910,8719,22593,9890,10716,17886,7971,9214,17736,3694,13993,17769,9958,7786,17170,8527,7539,17623,10634,6529,17320,9592,7146,21017,9580,10853,25426,13017,11685,25033,12993,11728,25553,12187,12799,25230,11281,13888,19941,16279,0
150,WOR9,40973,37266,1015,564,1933,201,38,0,0,43219,35608,2491,2090,2884,301,290,0,0,43999,36826,1969,1156,2841,484,40,43615,35563,2788,1819,3300,274,219,1187,2157,45,31,1676,43990,35976,3037,1617,2867,234,35,30282,28021,610,333,1181,133,20,0,0,31785,27820,1445,1077,1165,148,19,1018,965,45,19,90,0,34350,29497,1297,721,1937,373,33,34350,29497,1297,483,1777,22,5,1082,32520,28170,1630,998,1475,144,29,0,0,0,0,32900,28705,1675,866,1470,170,10,702,1160,65,10,33470,29496,1613,596,1591,156,4,448,1339,46,4,20565,10414,9723,19631,9565,10066,14321,6493,7828,14866,4888,9315,22991,11093,9678,19187,9373,9024,19013,4008,14974,19029,11396,7632,18272,9687,7351,18823,11808,6496,18461,10834,7026,21931,10940,10374,25981,15032,10243,25620,14683,10675,25793,14110,10923,25496,13081,12385,24482,15431,0
151,WOR10,39749,34296,2515,931,1006,195,33,0,0,40945,32679,4249,1307,1069,230,21,0,0,42624,30968,4182,1477,1179,605,48,41038,32578,3967,1670,1041,333,33,1052,862,27,0,1150,42461,32612,3922,2186,1138,774,0,30173,26456,1665,607,666,132,24,0,0,27825,25195,1564,499,478,55,0,394,443,20,0,50,0,33364,25225,2743,976,907,412,38,33364,25225,2743,570,753,23,1,2535,28145,25425,1465,619,534,94,0,0,0,0,0,28460,25535,1390,825,703,43,0,725,543,0,0,28262,24372,2213,747,835,57,16,636,674,45,16,18826,10433,8050,18151,9701,8450,13346,7010,6336,13906,5203,8075,20563,10659,8306,16099,8178,7343,15971,3598,12321,15897,10050,5835,15218,8444,5787,15743,10518,4841,15395,9465,5493,18743,9748,8539,22299,13052,8703,21949,13005,8757,21440,11612,9247,21068,10843,10184,15186,14726,0
152,WOR11,37452,28951,1011,900,6164,120,16,0,0,39467,27300,1866,1794,8398,174,45,0,0,41843,25996,1802,1395,11311,335,35,40632,26864,2127,1505,10406,139,13,643,9900,54,0,826,42244,26294,2111,2114,11137,105,19,27727,21998,674,628,4091,82,12,0,0,25756,20954,1010,775,2890,90,0,740,2850,47,0,21,0,32129,21335,1163,933,7657,237,23,32129,21335,1163,749,7409,20,4,1133,25861,20843,1160,582,3228,75,0,0,0,0,0,26835,21151,1292,1081,3228,65,0,1012,3175,51,0,27095,21246,1161,833,3812,31,0,758,3683,0,0,19026,10831,7863,17799,9662,8137,13850,7290,6560,14432,5110,8841,19969,11289,7108,17257,9652,6997,17313,3985,13315,17217,11434,5780,16430,9723,5825,16848,11590,4895,16569,10857,5294,19508,10939,8122,22893,14842,7521,22623,14437,8037,21464,12812,7850,21203,12355,8822,20677,13507,0
153,WOR12,40229,34748,2865,1461,1006,254,29,0,0,41470,35320,3667,1397,1209,202,17,0,0,43699,34487,4260,1792,1566,644,136,41287,35719,3274,1109,1124,265,13,646,846,8,13,618,43816,37076,3692,1051,1446,391,17,31072,27250,1968,1063,644,183,19,0,0,31095,27278,2362,731,682,43,15,681,556,6,15,10,0,35075,28386,3084,1381,1096,476,94,35075,28386,3084,925,898,47,5,1369,31657,28069,2161,585,812,72,15,0,0,0,0,34032,30228,2294,523,886,181,0,469,772,24,0,34418,30107,2715,695,693,180,0,639,549,15,0,21060,11009,9586,22055,11214,10841,15538,7726,7812,15951,5903,9283,23105,11492,9374,19278,9562,8921,19054,4373,14601,19167,11495,7664,18560,9740,7507,18989,12093,6274,18621,10998,6920,21894,11056,10171,25687,14857,10008,25318,14530,10465,25360,14087,10547,24992,13058,11873,21322,16922,0
154,WOR13,41139,31309,4162,3452,2283,328,59,0,0,40607,29552,3696,4178,3154,384,108,0,0,45196,30638,5854,5254,3100,654,55,42900,31440,4673,4240,2801,369,88,3014,2525,80,61,1037,46186,31526,5738,5459,3167,692,107,33339,26487,2779,2303,1699,228,35,0,0,31927,25439,2198,2393,1560,135,53,2195,1440,67,53,151,0,37931,27001,4293,3784,2499,477,41,37931,27001,4293,3000,2283,48,6,1059,33485,26981,2695,2049,1655,176,41,0,0,0,0,35412,27465,3471,2411,1952,166,53,2166,1627,8,53,35635,27110,3674,2860,1705,141,36,2665,1317,0,36,17257,11359,5543,17419,11335,6084,11198,7202,3996,11681,5794,5319,17941,11390,5211,14373,9235,4595,14364,4860,9458,14217,10323,3886,13731,8874,3825,14111,10270,3182,13946,9960,3406,16580,10431,5748,19611,13480,5680,19227,13374,5666,18583,12054,5951,18208,11778,6370,17722,13120,0
155,WOR14,39162,26475,6493,5059,1446,343,43,0,0,41270,24668,8140,7083,2173,420,50,0,0,42751,24426,8234,7250,2332,665,94,40924,24500,7766,6932,2501,406,64,4991,2149,8,2,1396,44459,26430,8734,6728,2576,366,84,30353,22085,3975,3288,1021,241,32,0,0,30282,20559,5386,3193,972,188,0,2958,894,8,0,20,0,33866,21200,5459,4843,1778,475,67,33866,21200,5459,4047,1548,53,9,1115,30423,20453,5074,3299,1202,210,1,0,0,0,0,32864,22391,5555,3181,1450,155,7,2916,1303,8,7,32121,21683,5385,3465,1414,167,4,3219,1308,10,4,16505,10436,5761,17241,11065,6176,10723,6551,4172,11145,5266,5286,17398,10669,5405,13753,8376,4838,13699,4363,9295,13667,9462,4192,13236,8259,4073,13549,9656,3326,13298,9115,3613,16066,9713,5964,19216,12724,6030,18902,12683,6003,18200,11259,6398,17873,10990,6826,17383,12376,0
156,WOR15,37439,17303,11597,6132,2728,553,106,0,0,38325,16299,12575,6626,3094,634,33,0,0,44060,16103,15100,8669,3708,1006,89,36904,15194,13076,5808,3401,483,14,4577,2903,175,7,814,41642,16279,14903,7643,3567,548,92,28758,15075,7515,4117,2074,396,69,0,0,25797,13628,7737,2593,1531,274,4,2493,1513,261,4,26,0,34736,14335,10636,6089,3119,747,66,34736,14335,10636,4676,2840,82,16,1578,24515,12720,7621,2329,1619,231,4,0,0,0,0,26012,13435,7965,2535,1765,229,15,2259,1481,74,15,25514,12437,7795,2829,2004,203,5,2467,1746,30,5,9500,6942,2336,9841,7697,2144,5042,3758,1284,5265,3175,1830,10448,7481,2300,7137,5258,1624,7122,3388,3715,7055,5513,1532,6860,4857,1470,7032,5352,1232,6947,5303,1298,9057,6362,2504,11574,8217,3080,11272,8373,2811,10177,6516,3316,9913,6773,3101,9554,7290,0
157,WOR16,37779,23322,6790,5539,2343,398,77,0,0,39545,21908,8085,6892,2814,418,110,0,0,44842,21514,10290,9269,3136,667,64,39349,21101,8693,7428,2370,522,121,6033,2152,195,10,944,43110,22520,9475,8938,2056,589,109,29497,19911,4303,3556,1710,260,57,0,0,28123,18262,4763,3129,1811,148,16,2948,1687,83,16,41,0,35664,19111,7131,6245,2524,481,43,35664,19111,7131,5300,2299,50,4,1311,28523,17917,5363,3475,1498,157,32,0,0,0,0,30783,19364,5670,4246,1339,153,4,3804,1185,0,4,31308,18761,6218,4532,1681,106,0,4055,1568,0,0,11840,7675,3921,12108,8246,3862,7101,4716,2385,7435,3719,3322,13082,8238,3979,9445,6065,3003,9413,3539,5853,9368,6713,2647,9136,5946,2586,9348,6784,2164,9200,6532,2279,11563,7224,4082,14255,9260,4686,13952,9531,4284,13030,7578,5076,12799,7880,4884,12362,8826,0
158,WOR17,38740,21190,9428,4985,3592,522,113,0,0,39093,21208,9238,4947,4301,444,50,0,0,43094,19327,12297,7214,4505,977,98,38584,19864,9698,5392,4020,547,41,3914,3716,60,32,1067,41680,19926,12133,5464,4931,553,95,29824,17934,6192,3229,2648,364,71,0,0,28611,18179,5720,2186,2320,135,23,2011,2182,47,23,80,0,34483,16962,8829,5208,3598,735,68,34483,16962,8829,3794,3373,57,6,1151,28063,17237,5855,2557,2224,181,27,0,0,0,0,29635,17546,6783,2517,2583,231,26,2122,2343,49,26,30150,17398,6904,3153,2530,251,4,2734,2288,44,4,12555,8365,3931,12883,8989,3894,7689,5135,2554,7983,4150,3379,13689,8684,4007,10055,6451,3238,10058,3948,6086,9968,7092,2862,9691,6245,2782,9933,7063,2378,9790,6827,2510,12105,7498,4318,14676,9275,5060,14364,9553,4660,13211,7584,5239,12951,7822,5085,12435,8787,0
159,WOR18,44426,40831,1760,941,629,369,53,0,0,45153,39431,3034,1704,942,182,15,0,0,46086,38937,3563,1644,851,777,38,46098,39982,3287,1723,838,237,8,1015,624,21,8,1065,46145,39198,3983,2020,614,381,9,33718,31581,1017,515,400,237,31,0,0,34391,31355,1668,639,540,173,15,575,514,25,15,0,0,37019,32245,2219,1025,611,588,24,37019,32245,2219,717,482,56,5,1113,35565,32345,1760,841,460,153,10,0,0,0,0,35786,32130,2239,776,445,162,0,593,373,94,0,36754,32568,2810,717,581,148,5,482,445,20,5,21144,10246,10402,20812,9665,11147,14416,6467,7949,14918,4543,9580,23200,9367,11887,18240,7377,9986,18075,3316,14703,18114,9382,8723,17484,7990,8341,17909,10041,7335,17608,9102,7839,21527,9037,11892,26037,12358,13013,25654,12415,12930,26266,11563,14159,26011,10702,15298,24573,13820,0
160,WOR19,38524,31209,1267,631,5188,187,28,0,0,40157,29862,1913,1050,7060,201,15,0,0,42059,29305,2064,1168,8010,382,40,39754,29144,1970,1856,6715,277,6,1316,6186,61,0,944,41860,29630,2190,1711,7337,145,23,28134,23316,813,411,3434,103,19,0,0,26648,22558,656,639,2663,109,0,605,2619,48,0,52,0,32216,23446,1384,801,5446,292,32,32216,23446,1384,544,5235,28,8,1203,26463,22315,661,751,2387,177,0,0,0,0,0,28112,23509,924,690,2709,104,0,626,2603,3,0,27829,23306,1165,589,2628,90,14,496,2347,4,14,20251,11709,8165,21843,11905,9938,14616,7759,6857,14952,5793,8606,22181,13441,6804,18238,10846,6776,18130,4991,13083,18136,12579,5553,17597,10719,5784,17928,12424,5017,17879,11913,5475,20666,12403,7718,23885,16655,6557,23607,15908,7546,22976,15381,6764,22772,14349,8367,21933,15909,0