ID,Label,T_10_CENS_Total,T_10_CENS_White,T_10_CENS_Hispanic,T_10_CENS_Black,T_10_CENS_Asian,T_10_CENS_Native,T_10_CENS_Pacific,T_10_CENS_BlackAlone,T_10_CENS_NativeAlone,T_19_ACS_Total,T_19_ACS_White,T_19_ACS_Hispanic,T_19_ACS_Black,T_19_ACS_Asian,T_19_ACS_Native,T_19_ACS_Pacific,T_19_ACS_BlackAlone,T_19_ACS_NativeAlone,T_20_CENS_Total,T_20_CENS_White,T_20_CENS_Hispanic,T_20_CENS_Black,T_20_CENS_Asian,T_20_CENS_Native,T_20_CENS_Pacific,T_20_ACS_Total,T_20_ACS_White,T_20_ACS_Hispanic,T_20_ACS_Black,T_20_ACS_Asian,T_20_ACS_Native,T_20_ACS_Pacific,T_20_ACS_BlackAlone,T_20_ACS_AsianAlone,T_20_ACS_NativeAlone,T_20_ACS_PacificAlone,T_20_ACS_TwoOrMore,T_22_ACS_Total,T_22_ACS_White,T_22_ACS_Hispanic,T_22_ACS_Black,T_22_ACS_Asian,T_22_ACS_Native,T_22_ACS_Pacific,V_10_VAP_Total,V_10_VAP_White,V_10_VAP_Hispanic,V_10_VAP_Black,V_10_VAP_Asian,V_10_VAP_Native,V_10_VAP_Pacific,V_10_VAP_BlackAlone,V_10_VAP_NativeAlone,V_19_CVAP_Total,V_19_CVAP_White,V_19_CVAP_Hispanic,V_19_CVAP_Black,V_19_CVAP_Asian,V_19_CVAP_Native,V_19_CVAP_Pacific,V_19_CVAP_BlackAlone,V_19_CVAP_AsianAlone,V_19_CVAP_NativeAlone,V_19_CVAP_PacificAlone,V_19_CVAP_OtherAlone,V_19_CVAP_TwoOrMore,V_20_VAP_Total,V_20_VAP_White,V_20_VAP_Hispanic,V_20_VAP_Black,V_20_VAP_Asian,V_20_VAP_Native,V_20_VAP_Pacific,V_20_VAP_NH_Total,V_20_VAP_NH_White,V_20_VAP_NH_Hispanic,V_20_VAP_NH_BlackAlone,V_20_VAP_NH_AsianAlone,V_20_VAP_NH_NativeAlone,V_20_VAP_NH_PacificAlone,V_20_VAP_NH_TwoOrMore,V_20_CVAP_Total,V_20_CVAP_White,V_20_CVAP_Hispanic,V_20_CVAP_Black,V_20_CVAP_Asian,V_20_CVAP_Native,V_20_CVAP_Pacific,V_20_CVAP_BlackAlone,V_20_CVAP_AsianAlone,V_20_CVAP_NativeAlone,V_20_CVAP_PacificAlone,V_22_CVAP_Total,V_22_CVAP_White,V_22_CVAP_Hispanic,V_22_CVAP_Black,V_22_CVAP_Asian,V_22_CVAP_Native,V_22_CVAP_Pacific,V_22_CVAP_BlackAlone,V_22_CVAP_AsianAlone,V_22_CVAP_NativeAlone,V_22_CVAP_PacificAlone,V_24_CVAP_Total,V_24_CVAP_White,V_24_CVAP_Hispanic,V_24_CVAP_Black,V_24_CVAP_Asian,V_24_CVAP_Native,V_24_CVAP_Pacific,V_24_CVAP_BlackAlone,V_24_CVAP_AsianAlone,V_24_CVAP_NativeAlone,V_24_CVAP_PacificAlone,E_08_PRES_Total,E_08_PRES_Dem,E_08_PRES_Rep,E_12_PRES_Total,E_12_PRES_Dem,E_12_PRES_Rep,E_14_SEN_Total,E_14_SEN_Dem,E_14_SEN_Rep,E_14_GOV_Total,E_14_GOV_Dem,E_14_GOV_Rep,E_14_AG_Total,E_14_AG_Dem,E_14_AG_Rep,E_16_PRES_Total,E_16_PRES_Dem,E_16_PRES_Rep,E_18_SEN_Total,E_18_SEN_Dem,E_18_SEN_Rep,E_18_SEN_SPEC_Total,E_18_SEN_SPEC_Dem,E_18_SEN_SPEC_Rep,E_18_GOV_Total,E_18_GOV_Dem,E_18_GOV_Rep,E_18_AG_Total,E_18_AG_Dem,E_18_AG_Rep,E_18_AUD_Total,E_18_AUD_Dem,E_18_AUD_Rep,E_18_SOS_Total,E_18_SOS_Dem,E_18_SOS_Rep,E_16-20_COMP_Total,E_16-20_COMP_Dem,E_16-20_COMP_Rep,E_20_PRES_Total,E_20_PRES_Dem,E_20_PRES_Rep,E_20_SEN_Total,E_20_SEN_Dem,E_20_SEN_Rep,E_16-22_COMP_Total,E_16-22_COMP_Dem,E_16-22_COMP_Rep,E_22_GOV_Total,E_22_GOV_Dem,E_22_GOV_Rep,E_22_AG_Total,E_22_AG_Dem,E_22_AG_Rep,E_22_AUD_Total,E_22_AUD_Dem,E_22_AUD_Rep,E_22_SOS_Total,E_22_SOS_Dem,E_22_SOS_Rep,E_22_CONG_Total,E_22_CONG_Dem,E_22_CONG_Rep,E_20-24_COMP_Total,E_20-24_COMP_Dem,E_20-24_COMP_Rep,E_24_PRES_Total,E_24_PRES_Dem,E_24_PRES_Rep,E_24_SEN_Total,E_24_SEN_Dem,E_24_SEN_Rep,E_24_CONG_Total,E_24_CONG_Dem,E_24_CONG_Rep
0,Un,0,0,0,0,0,0,0,0,0,0,0,0,0,0,0,0,0,0,0,0,0,0,0,0,0,0,0,0,0,0,0,0,0,0,0,0,0,0,0,0,0,0,0,0,0,0,0,0,0,0,0,0,0,0,0,0,0,0,0,0,0,0,0,0,0,0,0,0,0,0,0,0,0,0,0,0,0,0,0,0,0,0,0,0,0,0,0,0,0,0,0,0,0,0,0,0,0,0,0,0,0,0,0,0,0,0,0,0,0,0,0,0,0,0,0,0,0,0,0,0,0,0,0,0,0,0,0,0,0,0,0,0,0,0,0,0,0,0,0,0,0,0,0,0,0,0,0,0,0,0,0,0,0,0,0,0,0,0,0,0,0,0,0,0,0,0,0,0,0,0,0,0,0,0,0,0,0,0,0,0,0,0,0,0,0,0,0,0,0
1,1A,43550,40949,902,384,634,774,19,0,0,43227,39826,1203,658,764,904,29,0,0,42570,38247,1382,583,794,1371,77,42994,39387,1294,652,798,921,18,390,595,560,0,745,42497,38404,1377,710,795,906,0,32925,31453,487,171,378,466,9,0,0,32720,30980,571,249,391,534,20,193,365,340,20,22,0,32733,30050,822,329,491,846,48,32733,30050,822,188,399,291,18,869,32540,30760,638,231,393,518,0,0,0,0,0,32325,30265,734,276,456,583,0,238,440,322,0,32066,29759,983,347,446,512,15,199,436,137,15,22162,10294,10987,20383,8988,11395,16571,7788,7854,15980,7257,8115,15921,0,0,21721,6051,14008,18320,8288,9407,18196,7047,10371,18223,6619,10945,17899,6309,10785,17902,6280,10583,17970,6582,10793,20201,6949,12423,23450,7057,15864,23115,7501,14018,20174,6449,13035,17955,4912,12377,17700,5006,12686,17642,4775,11989,17688,5329,12349,17857,4369,12385,21204,6662,14035,23411,6620,16344,23003,8958,13377,22846,6226,16597
2,1B,43679,39737,2114,469,359,1190,31,0,0,43087,37897,2565,1135,477,1262,44,0,0,42605,36810,2406,1290,430,1631,77,42958,37413,2636,1220,483,1345,23,786,338,593,5,976,42591,36657,2672,1284,444,1415,91,33231,30943,1181,243,232,696,15,0,0,32114,29330,1294,515,223,760,8,446,191,537,8,32,0,32267,28748,1397,753,275,1018,41,32267,28748,1397,634,144,402,0,864,32118,29114,1523,509,206,767,4,0,0,0,0,31808,28720,1550,402,274,832,8,355,236,440,8,31378,28326,1501,495,238,828,5,302,173,303,5,21833,11433,9566,19989,9726,10263,14106,7249,6125,13604,6829,6324,13596,0,0,20483,6723,12112,16680,8448,7721,16544,7285,8533,16529,6837,9073,16235,6494,8933,16241,6453,8768,16280,6764,8880,18692,7363,10500,21772,7747,13587,21328,8060,11668,18358,6832,10876,15436,4952,9919,15210,4965,10235,15118,4746,9657,15116,5226,9878,15351,4435,9990,19194,6963,11759,21402,7021,13931,20974,8816,11551,20705,6658,14029
3,2A,41758,31379,618,537,463,9117,24,0,0,43074,31220,1030,1112,473,10044,39,0,0,42871,30297,1067,951,573,10141,47,43396,31680,878,1021,602,9778,54,370,250,7766,36,2405,43399,31188,1015,1030,530,10023,54,31469,25196,329,241,304,5511,16,0,0,32080,25338,476,321,137,5783,14,270,90,4952,14,4,0,32340,24491,685,585,382,6137,34,32340,24491,685,410,221,5172,4,1279,32142,25514,437,301,221,5711,10,0,0,0,0,32258,25239,519,356,247,5868,45,256,157,4780,45,32662,25377,578,426,294,5948,21,256,166,4895,21,21034,11276,9200,20071,10974,9097,14445,7679,6050,13850,7275,6123,13892,0,0,20063,7894,10236,16555,8837,7028,16526,7937,7670,16488,8028,7753,16371,7390,7974,16338,7444,7675,16295,7886,7837,18837,8569,9150,22308,10380,11394,21941,9029,10598,18840,8414,9465,16358,7193,8473,16271,7150,9097,16120,6486,8626,16167,7617,8533,16312,7297,8989,20294,9244,10354,22772,10378,11966,22456,11193,10472,22244,10253,11975
4,2B,41349,29235,656,253,206,11449,22,0,0,42231,29129,1030,540,446,11772,60,0,0,42590,28720,681,419,261,12569,72,42509,28664,1327,571,448,11905,64,163,253,8371,10,3337,42072,28421,1455,508,561,11580,85,30693,23380,266,85,115,6984,9,0,0,31204,23588,493,228,247,6708,31,117,195,5632,31,46,0,31919,23420,364,209,147,7642,34,31919,23420,364,54,89,6163,7,1710,31590,23625,636,240,217,6843,22,0,0,0,0,31327,23401,698,222,211,6769,20,93,162,5067,20,31123,23597,540,163,184,6617,9,43,128,4852,9,20947,10355,9969,20060,10066,9994,15191,7480,6960,14637,7049,7093,14681,0,0,20168,7026,11690,17723,8509,8525,17629,7440,9234,17645,7548,9392,17467,6853,9580,17436,6862,9298,17462,7394,9486,19641,7875,10875,22996,8967,13588,22673,8321,12612,19796,7650,11420,17947,6504,10764,17819,6368,11437,17708,5927,10855,17713,6883,10824,17879,6515,11348,21161,8070,12576,23184,8466,14340,22838,9528,12659,22609,8357,14239
5,3A,43805,40792,396,284,223,2176,41,0,0,42746,39085,563,361,205,2609,39,0,0,42417,37934,611,524,328,2667,66,42580,37809,677,347,264,2351,17,224,174,1658,2,1146,42014,37859,810,457,322,2251,36,35849,33894,222,157,150,1456,19,0,0,35407,33011,340,213,95,1751,20,150,72,1177,20,26,0,35341,32203,372,360,220,1856,34,35341,32203,372,220,149,1152,6,1139,35605,33287,414,236,101,1581,8,0,0,0,0,35026,32668,453,257,118,1513,8,144,87,1033,8,34933,32577,524,266,160,1365,0,149,82,888,0,26571,14868,10774,24674,13943,10731,20634,12068,7554,19833,11631,7577,20146,0,0,24706,10364,12348,21908,12506,8654,21826,11284,9547,21814,11274,9728,21564,10394,10070,21473,10434,9533,21428,10885,9757,23770,11466,11259,27037,12476,14003,26480,11967,12784,23839,11253,11701,21774,10370,10560,21662,9996,11654,21522,9554,10789,21623,10643,10963,21836,10007,11806,24882,11786,12467,26653,12106,13986,26244,13577,11922,26218,11746,14452
6,3B,40848,38946,445,464,353,692,31,0,0,41965,39529,742,559,353,807,29,0,0,42337,39034,533,543,516,1166,47,41635,39032,814,492,492,755,14,295,223,330,13,928,42181,39225,545,674,596,945,19,31793,30458,293,331,219,524,18,0,0,32573,31156,385,314,181,508,16,306,155,315,16,8,0,33397,31127,340,352,329,833,28,33397,31127,340,228,206,284,6,1132,32165,30655,394,372,238,458,6,0,0,0,0,32860,31208,324,380,307,630,0,310,232,381,0,33087,31338,402,279,331,718,5,203,249,352,5,24158,14678,8957,23832,14505,9327,17392,10522,6327,16936,10025,6491,17054,0,0,24428,11694,10793,21907,13652,7745,21797,12219,8806,21818,12145,9014,21525,11297,9279,21461,11227,8870,21286,11677,8930,23857,12715,10186,27193,14087,12588,26712,13410,11713,23773,12540,10422,21432,11482,9235,21304,10914,10366,21029,10245,9669,21175,11535,9626,21471,11083,10359,25134,13259,11245,27264,13936,12809,26878,15531,10683,26955,13431,13502
7,4A,37321,32932,1523,1071,995,938,47,0,0,39952,33800,1972,2378,1090,849,69,0,0,42472,33710,2272,3542,1076,1855,72,41351,34622,1969,2652,1253,1006,133,2220,788,612,100,1036,42400,34720,2117,3550,1115,1361,145,29544,26685,914,632,781,571,28,0,0,29914,26845,1017,1012,431,602,50,937,300,481,50,20,0,32226,26776,1347,2022,788,1160,49,32226,26776,1347,1764,583,533,13,1144,30740,27405,969,1055,528,661,100,0,0,0,0,31560,27577,1159,1418,589,698,110,1066,409,392,110,32199,27766,1208,1920,523,737,29,1562,390,292,29,18100,10629,7102,17600,10117,7483,10677,6347,3886,10281,5925,4011,10271,0,0,18153,8954,7313,14838,9659,4543,14746,8689,5217,14747,8426,5551,14539,8021,5555,14490,7751,5474,14482,8324,5538,16792,9405,6288,19623,11270,7827,19179,10099,6992,16312,9201,6201,13234,7638,5031,13104,7567,5527,13022,7090,5136,12998,7706,5276,13157,7023,5317,17421,9980,6749,20058,11294,8271,19558,11983,6783,19211,10561,8621
8,4B,39035,36517,740,318,301,1251,34,0,0,42045,38183,1229,581,406,1726,57,0,0,42530,37941,1111,655,406,2236,76,41108,37287,1282,583,338,1496,38,365,239,766,24,936,42247,38364,1305,547,516,1388,54,29127,27716,375,119,181,765,21,0,0,31049,28958,704,169,220,963,13,130,123,688,13,16,0,31956,29288,598,333,243,1284,46,31956,29288,598,224,145,513,10,1106,30737,28763,813,263,177,813,10,0,0,0,0,31448,29414,778,275,249,784,4,208,197,382,4,31683,29525,776,277,253,856,0,217,175,394,0,20805,10340,9834,20710,9400,11310,13876,6946,6290,13497,6253,6810,13397,0,0,21024,7139,12241,18049,9306,8079,17904,7915,9123,17928,7449,9766,17647,7243,9461,17588,7074,9318,17548,7348,9494,20188,8178,11049,23688,9089,14063,23200,8834,12541,20012,7885,11336,17307,6417,10269,17179,6359,10807,16670,5831,9987,17004,6531,10453,17246,5751,10497,21443,8331,12521,23916,8744,14669,23534,10286,12615,23267,8179,15068
9,5A,40992,39184,472,251,173,963,23,0,0,41980,39443,846,382,308,1069,33,0,0,42553,39113,764,428,302,1591,54,42363,39195,878,406,359,1297,50,229,210,661,5,1173,42814,38992,1041,636,405,1319,50,31642,30595,258,101,95,605,13,0,0,32389,31049,314,176,156,703,12,135,141,461,12,28,0,32998,30910,411,207,204,989,26,32998,30910,411,90,120,351,7,1046,32677,31137,312,199,197,781,8,0,0,0,0,33208,31428,429,254,158,861,0,191,98,388,0,34058,32387,329,285,147,874,9,163,68,257,9,23022,9334,13011,21978,8558,13420,17159,7097,9165,16663,6619,9545,16785,0,0,22636,6085,15081,19710,8037,11056,19663,6717,12098,19685,6755,12239,19434,6050,12423,19375,6179,12093,19410,6391,12383,21993,7046,14084,25693,7741,17459,25358,7541,16235,22496,6969,14811,21074,6270,14069,20960,6096,14851,20826,5763,14132,20852,6783,14062,20967,5772,14495,24448,7502,16380,27219,7869,18871,26848,9314,16873,26596,7596,18978
10,5B,41991,39424,1532,423,249,451,61,0,0,41421,38330,1903,581,237,529,10,0,0,42849,38447,2549,636,319,777,106,41610,37834,1977,590,239,678,7,251,176,164,7,1170,42891,38424,2237,530,226,493,60,31815,30414,814,185,133,279,42,0,0,30856,29653,574,244,126,298,4,145,87,176,4,6,0,32343,29639,1520,366,189,506,65,32343,29639,1520,152,122,117,51,673,30965,29586,671,240,130,391,4,0,0,0,0,31880,30472,715,259,141,364,48,129,91,92,48,32464,30573,1112,296,110,313,43,241,43,64,43,21341,8822,11788,19823,7873,11950,15204,6481,7932,14786,5891,8367,14803,0,0,20822,4908,14625,16831,6589,9799,16778,5326,10820,16786,5301,10965,16636,4620,11227,16575,4899,10836,16545,4958,10987,19398,5535,13143,23131,5929,16784,22816,5918,15291,20033,5436,13979,18687,4700,13290,18580,4581,13987,18469,4312,13255,18469,5362,13095,18567,4178,13486,21645,5684,15435,24167,5565,18183,23722,7548,15482,23540,5580,17946
11,6A,41193,39519,373,283,226,855,22,0,0,42186,39994,635,363,255,1087,13,0,0,42298,39257,457,414,339,1341,39,42967,40408,588,421,191,1113,47,150,117,372,35,1165,43404,39965,643,582,316,1214,34,32861,31904,216,110,131,512,9,0,0,33959,32563,405,138,149,742,0,79,126,284,0,14,0,34125,32248,264,211,191,812,24,34125,32248,264,117,112,303,3,978,34594,33192,371,176,148,750,35,0,0,0,0,34966,33389,408,276,185,705,14,165,65,322,14,35338,33906,323,309,189,600,16,184,98,285,16,24038,11405,11971,23314,10935,12379,18930,9326,8918,18396,8925,9023,18502,0,0,24071,8199,14180,21506,10479,10361,21418,8830,11639,21434,8886,11798,21185,7735,12261,21043,8048,11615,21066,8389,11935,23384,9101,13307,26474,9802,16200,26180,9444,15186,23638,9021,13832,22041,8364,12967,21924,7832,14082,21747,7502,13181,21548,8756,12784,22028,7961,14057,25299,9538,15185,27805,10041,17284,27416,11508,15233,27234,9639,17579
12,6B,39303,37453,481,468,297,667,26,0,0,39939,37730,484,727,388,624,3,0,0,42265,38737,702,700,497,1167,50,40466,38126,661,757,370,549,3,470,218,351,0,630,42225,39509,826,653,367,590,12,29665,28591,273,217,194,407,20,0,0,30492,29308,284,297,230,337,0,249,189,218,0,16,0,32621,30422,437,334,333,757,28,32621,30422,437,209,216,288,12,935,30964,29673,380,317,230,336,0,0,0,0,0,32602,31149,487,290,198,436,0,197,190,226,0,33764,32087,560,351,164,519,5,122,143,248,5,21240,9676,11063,20473,8985,11488,15888,7063,8139,15346,6599,8289,15524,0,0,21830,6847,13276,19051,8726,9580,18963,7201,10756,18981,7367,10772,18808,6498,11138,18673,6619,10622,18676,6996,10951,21160,7758,12328,24553,8784,15238,24168,8206,14003,21374,7764,12727,19549,7116,11730,19392,6762,12617,19218,6255,11839,18793,7447,11335,19486,6871,12603,23034,8376,13961,25616,9012,16118,25142,10277,14045,24849,8879,15956
13,7A,43346,41316,403,373,203,1142,25,0,0,43069,39533,759,831,499,1570,80,0,0,42472,38682,619,654,304,1818,69,42628,39060,647,758,641,1400,108,421,406,800,17,1222,42575,39061,569,886,295,1257,52,34211,32985,233,155,123,745,14,0,0,33315,31336,536,291,247,895,4,238,222,543,4,31,0,33798,31391,361,336,207,1164,43,33798,31391,361,211,116,388,10,1250,33533,31865,406,235,273,745,19,0,0,0,0,34309,32630,346,363,194,771,10,226,84,442,10,34566,32936,290,399,176,671,31,318,108,227,31,24278,14511,8967,22572,13696,8876,17913,11084,6095,17361,10714,6147,17602,0,0,22772,9328,11563,20237,11629,7775,20141,10271,8665,20132,10314,8872,19893,9316,9218,19781,9519,8573,19728,9978,8889,21911,10236,10532,24697,10529,13630,24280,10217,12250,21762,9776,11079,19357,8520,9959,19216,8181,11020,19040,7835,9974,19052,8914,10126,19339,8170,11164,22690,9861,12211,24637,9891,14238,24281,11410,12199,24186,9731,14429
14,7B,43314,41164,379,523,277,1073,41,0,0,42718,40724,307,571,304,940,27,0,0,42258,38730,568,769,339,1608,31,42834,40352,263,606,357,1084,26,281,134,469,16,1090,42684,40179,316,546,367,1143,33,34546,33251,213,250,173,689,16,0,0,34594,33291,133,287,179,672,21,170,131,398,21,44,0,33902,31650,323,430,204,1049,17,33902,31650,323,289,124,451,3,983,34502,33023,122,311,229,809,16,0,0,0,0,33983,32547,143,262,224,871,8,185,142,538,8,33776,32255,232,244,166,832,6,118,75,469,6,25576,16573,8155,24158,15580,8578,19341,11996,6348,18762,11952,6285,18970,0,0,23705,10617,11158,20852,12711,7422,20767,11470,8236,20771,11549,8409,20542,10515,8793,20463,10622,8187,20249,11077,8379,22481,11384,10032,25207,11722,12866,24724,11288,11605,22291,10878,10519,19932,9500,9503,19841,9345,10468,19641,8837,9494,19746,10062,9667,19954,8919,11005,23085,10986,11442,24841,10997,13285,24587,12891,10979,24589,10657,13916
15,8A,41286,36030,688,1866,653,2332,34,0,0,40308,34841,812,1980,895,2068,56,0,0,42553,34806,1004,2679,825,3195,83,40527,34865,1030,1958,721,2293,20,1106,479,1015,0,2005,40796,34971,1200,1780,772,2230,29,33077,29788,390,955,484,1536,28,0,0,31893,28754,351,1064,408,1208,0,859,306,742,0,102,0,34860,29698,623,1520,630,2181,53,34860,29698,623,1148,437,1124,13,1719,32129,28724,471,1102,327,1451,0,0,0,0,0,33175,29616,699,980,380,1430,0,703,256,736,0,33752,30040,782,1055,362,1477,17,741,260,673,17,23224,16350,6320,21429,15449,5980,13869,9768,3620,13349,9294,3692,13615,0,0,20925,12401,6550,18635,13583,4245,18585,12578,4896,18588,12638,5035,18404,11855,5249,18315,11635,4964,18180,12409,4996,20319,13309,5717,23156,15548,6964,22635,13920,6303,19842,13087,5673,16988,11541,4611,16906,11534,5340,16743,10572,4791,16851,11959,4879,17005,11704,5277,20846,13968,6018,22905,15242,7150,22558,15932,5739,22560,15052,7476
16,8B,43410,39685,605,1132,1055,1119,43,0,0,43716,39291,1123,1342,1124,1017,64,0,0,42602,36796,1035,1787,1290,1424,81,43680,39029,1087,1536,1150,969,93,995,697,328,30,1516,44417,39179,1195,1673,1352,982,84,36008,33496,404,625,823,730,29,0,0,35999,33210,648,696,729,735,14,568,478,373,14,9,0,35093,30702,792,1396,961,1029,57,35093,30702,792,1113,748,385,12,1221,36011,33151,595,708,777,691,14,0,0,0,0,36336,33216,591,858,789,742,4,738,578,344,4,35725,32664,487,799,929,705,0,642,727,242,0,27912,18656,8712,26308,17646,8662,17599,11873,5221,16999,11336,5270,17094,0,0,26692,16022,7917,23760,17517,5381,23652,16216,6421,23660,16382,6454,23312,15298,6785,23158,14939,6410,23076,15723,6522,24859,16729,6804,26256,18340,7262,25757,16759,7022,23908,16289,6471,20601,14622,5199,20478,14473,5971,20187,13439,5555,20351,14971,5355,20616,14795,5771,24238,16950,6460,26432,18470,7309,25907,19057,5973,25838,18025,7775
17,9A,41723,38939,1365,519,353,615,55,0,0,41222,37579,1648,998,457,659,24,0,0,42345,37424,1912,1128,533,1215,70,41409,37335,1799,1189,611,794,27,633,239,335,0,1050,42853,38286,1902,1154,517,934,68,32311,30706,774,250,216,380,34,0,0,31506,29700,733,424,192,451,0,387,120,267,0,33,0,32761,29809,1168,576,333,715,47,32761,29809,1168,450,218,267,16,782,31768,29695,799,592,242,493,0,0,0,0,0,32880,30551,922,468,293,613,15,294,156,217,15,32711,30258,971,622,273,521,20,385,215,181,20,23248,10522,11898,21541,9245,12296,16107,7484,7835,15620,6928,8230,15590,0,0,22152,6901,13565,18716,9022,9096,18620,7739,10091,18598,7301,10604,18361,6806,10670,18294,6808,10399,18342,7058,10577,20767,7783,12099,23986,8466,15048,23545,8398,13471,20779,7541,12481,18609,6306,11561,18423,6195,12203,18316,5801,11551,18311,6526,11769,18535,5508,11791,21713,7925,13211,23533,8125,14893,23084,9899,12473,22776,7500,15249
18,9B,40182,39031,475,201,151,375,17,0,0,41316,39697,656,350,166,448,10,0,0,42467,39843,957,337,250,687,30,41421,39700,767,273,137,498,7,113,59,155,0,595,42065,39650,906,363,248,490,11,31678,31032,269,64,89,245,7,0,0,32310,31519,309,169,117,282,4,148,82,131,4,5,0,33460,31879,559,164,143,427,19,33460,31879,559,96,82,108,5,654,32409,31567,394,96,76,304,0,0,0,0,0,33123,32026,497,197,145,322,0,153,120,95,0,32863,31959,399,101,125,280,0,40,83,59,0,24072,10045,13251,22801,8941,13860,16723,7062,8882,16337,6379,9471,16285,0,0,24231,6503,16072,20479,8774,11193,20401,7338,12379,20416,7019,12825,20186,6401,12965,20115,6655,12489,20164,6702,12754,23098,7484,14790,27278,8222,18567,26880,8157,17147,23711,7387,15602,22005,6389,14961,21889,6223,15653,21744,5921,14992,21733,6805,14909,21898,5757,15038,25542,7931,17080,28093,8176,19409,27684,10307,16729,27494,7626,19813
19,10A,43009,39834,518,336,224,2229,43,0,0,42525,39099,825,585,275,1861,16,0,0,42950,38645,708,514,298,2500,43,42261,38808,721,567,344,1893,14,112,166,1277,8,1058,42747,38956,786,506,378,1996,11,33432,31617,289,137,126,1298,23,0,0,33411,31519,348,271,192,1115,10,171,132,819,10,9,0,33940,31287,410,223,187,1566,23,33940,31287,410,112,110,1061,4,890,33259,31446,349,174,171,1161,10,0,0,0,0,33634,31706,394,193,155,1232,12,84,99,874,12,33952,31910,449,255,180,1086,22,138,142,810,22,23220,10377,12158,22101,9913,12188,17531,8480,8223,16954,7596,8780,17008,0,0,22992,6449,15104,19410,8595,10210,19346,6960,11497,19359,6933,11738,19128,6018,12018,18965,6308,11388,18947,6605,11641,21681,7145,13653,25350,7630,17306,24851,7350,15608,22042,6982,14343,20249,6057,13502,20128,5841,14275,19973,5483,13465,19760,6674,13073,20148,5695,13966,23626,7307,15735,26376,7617,18305,25896,9387,15659,25635,7513,18088
20,10B,40763,39675,383,196,175,344,26,0,0,41991,39963,876,314,393,579,17,0,0,42869,40617,649,318,305,662,26,42233,40238,720,335,378,597,24,143,195,93,17,747,43262,41001,815,445,350,499,34,29710,29096,212,91,96,223,10,0,0,30506,29504,338,144,201,360,4,113,124,99,4,0,0,31640,30264,389,155,180,422,24,31640,30264,389,69,102,101,5,646,30814,29676,347,149,242,450,10,0,0,0,0,31805,30496,445,293,240,390,14,168,96,96,14,32532,31146,469,263,254,362,9,142,120,71,9,20888,7977,12150,20166,7432,12734,15143,6314,7984,14630,5528,8528,14640,0,0,21899,4387,16124,17633,6454,10595,17542,5141,11596,17589,5151,11828,17354,4382,11986,17213,4630,11413,17267,4802,11762,20469,5188,14423,24836,5373,18950,24336,5495,17123,21101,5006,15373,19439,4307,14454,19319,4120,15185,19137,3869,14358,19173,4867,14297,19320,4099,14956,23148,5249,17324,26140,5257,20460,25579,7045,17766,25304,5252,20031
21,11A,41773,37115,561,732,301,3247,34,0,0,42082,36973,732,1003,368,3297,22,0,0,42546,36247,716,931,407,4002,83,42154,36981,737,1355,384,2968,27,982,255,1882,10,1296,42519,37081,793,1080,425,3355,30,31928,28829,331,571,176,2066,17,0,0,32415,29062,424,663,150,2139,4,594,95,1567,4,23,0,33113,28840,445,676,270,2607,59,33113,28840,445,587,146,1794,12,1218,32450,29135,384,932,170,1881,4,0,0,0,0,32946,29434,424,776,233,2137,8,697,99,1260,8,33275,29733,505,815,224,2043,0,753,96,1028,0,21657,13452,7647,20886,13211,7675,16196,10072,5436,15614,9514,5587,15867,0,0,21294,9818,9612,19169,11835,6729,19086,10616,7560,19054,10506,7796,18819,9677,8055,18746,9756,7573,18701,10206,7766,20792,10783,9013,23886,11743,11588,23400,11158,10548,20709,10455,9434,18625,9196,8611,18525,8921,9580,18317,8353,8809,18436,9500,8925,18657,8928,9708,22108,10958,10489,24482,11516,12427,24002,12891,10314,23894,11209,12658
22,11B,43326,39498,950,1224,332,1464,33,0,0,42635,38256,1096,1523,469,1501,45,0,0,42604,37256,1012,1335,596,2096,72,42676,38197,1133,1587,459,1436,25,1095,299,813,16,1042,42903,38180,1192,1514,574,1477,10,33598,30787,655,1017,199,1003,20,0,0,33869,30730,764,1117,220,961,8,991,145,616,8,68,0,33850,30055,648,1057,361,1413,43,33850,30055,648,932,258,825,1,1058,34124,31060,773,1128,210,895,14,0,0,0,0,34113,31088,781,1040,238,913,10,899,193,472,10,34587,31555,637,1061,253,1010,20,929,212,570,20,21289,9780,10769,20017,9358,10659,15157,7423,6974,14657,6821,7316,14845,0,0,20302,6230,12513,16915,7960,8323,16854,6522,9403,16861,6593,9478,16648,5789,9698,16545,5906,9278,16646,6350,9545,19379,6795,11585,23348,7378,15474,22892,6887,13981,19732,6653,12287,17900,5864,11308,17797,5589,12194,17590,5092,11300,17654,6316,11326,17846,5523,12311,21611,7003,13994,24389,7287,16681,23829,8923,14118,23591,7258,16314
23,12A,42453,40573,974,334,267,384,18,0,0,42297,39199,1591,695,421,477,130,0,0,42355,38314,2202,558,387,783,167,42158,38843,1722,637,430,516,152,302,339,211,81,625,42353,38411,1985,815,322,635,149,32943,31765,587,166,191,270,10,0,0,32172,30789,569,268,172,368,14,211,164,201,14,28,0,32575,30114,1344,287,232,522,91,32575,30114,1344,162,163,143,75,514,31968,30461,670,229,230,429,19,0,0,0,0,31900,30240,689,294,244,508,14,201,218,216,14,31681,29758,856,282,226,526,0,232,183,286,0,23709,11510,11293,22390,10609,11781,17517,9084,7636,17008,8210,8212,16991,0,0,22568,7260,13649,18850,9461,8849,18774,7655,10293,18781,7579,10616,18511,6665,10877,18381,6939,10317,18445,7070,10634,20677,7685,12202,23597,7724,15430,23275,7809,14177,20838,7365,12860,18778,6102,12143,18609,5926,12669,18524,5592,12188,18569,6790,11762,18690,5403,12384,21681,7367,13879,23760,7279,16019,23438,9759,13053,23267,6742,16495
24,12B,39954,37826,1334,332,266,227,24,0,0,41400,38675,1619,454,334,391,15,0,0,42869,38944,2297,559,371,559,40,41814,38849,1711,335,444,401,185,124,134,131,116,715,43278,39871,1790,393,446,463,183,30751,29579,745,140,148,145,14,0,0,31482,30194,610,316,132,251,0,217,36,175,0,1,0,33214,30823,1334,280,241,389,30,33214,30823,1334,174,166,77,12,588,32030,30506,671,203,266,254,115,0,0,0,0,33429,31683,891,241,188,299,120,161,94,142,120,33912,32389,789,187,154,223,72,143,77,58,72,21691,9141,12051,21175,8473,12702,15492,6674,8183,15128,5891,8768,15069,0,0,22434,6078,14850,18372,8317,9574,18326,6479,11169,18331,6509,11311,18128,5640,11629,18055,5919,11161,18044,6064,11327,20956,6962,13213,24780,7744,16548,24403,7544,15417,21491,6930,13903,19810,6131,13131,19663,5867,13779,19482,5436,13327,19567,6805,12746,19702,5368,13444,23137,7506,15090,25584,7718,17405,25097,9999,14363,24834,6878,17907
25,13A,42613,40432,1094,347,559,199,42,0,0,44784,42181,1272,755,483,164,102,0,0,42773,39493,1382,845,424,435,22,44982,42212,1225,727,425,139,80,533,278,47,0,382,42562,39956,994,870,330,275,34,32666,31310,636,200,391,120,25,0,0,34035,32907,448,381,163,109,0,285,136,34,0,16,0,33141,31078,847,472,318,269,10,33141,31078,847,349,239,52,0,506,33935,32769,484,362,177,90,0,0,0,0,0,32522,31368,505,299,175,161,18,235,138,26,18,33002,31537,634,304,428,142,24,183,180,20,24,23548,9866,13047,22826,9086,13740,15458,6693,8037,15038,5936,8623,15012,0,0,23964,6444,15872,20155,8908,10643,20074,7116,12160,20071,7068,12380,19850,6188,12667,19688,6333,12123,19890,6420,12792,22296,7213,14186,25423,7440,17481,25022,7249,16160,22589,6928,14910,20746,5993,14159,20631,5571,15045,20338,5239,14160,20468,6666,13788,20613,5249,14712,23967,7198,16181,26416,7414,18518,25956,9427,15794,25721,6627,19076
26,13B,38582,36654,536,533,667,220,36,0,0,41509,38280,899,917,1366,155,4,0,0,42977,38543,1111,1229,1146,692,50,42554,38759,1109,805,1470,489,6,442,1047,12,0,1173,42973,38930,1071,900,1506,530,47,28020,26985,272,241,384,144,24,0,0,30268,28754,422,392,640,76,0,335,561,15,0,4,0,31699,29047,663,637,715,434,25,31699,29047,663,470,579,97,7,768,30813,29214,439,392,658,141,0,0,0,0,0,31013,29252,383,523,660,208,19,448,367,43,19,31529,29331,503,861,575,208,11,796,342,30,11,19849,8651,10749,20276,8464,11812,13618,5966,7074,13305,5461,7384,13255,0,0,21640,6466,13520,18551,8599,9328,18460,7097,10481,18499,7121,10711,18219,6264,10903,18050,6314,10415,18272,6539,10997,20779,7586,12167,24309,8853,14871,23840,8157,13660,20821,7543,12404,18532,6825,11097,18407,6441,11946,18175,5963,11217,18289,7259,11013,18455,6287,11999,22392,8265,13398,24993,8963,15486,24518,10376,13321,24231,8337,15875
27,14A,40241,34168,1084,3082,1672,399,51,0,0,43341,32032,1473,7544,1978,383,135,0,0,42844,28514,2028,9765,1802,765,74,43913,31268,1504,8714,2185,392,108,7786,1780,77,0,1358,44505,29937,2124,10235,1942,377,75,32446,28505,645,1796,1333,243,31,0,0,30843,26595,574,2280,1082,194,0,2060,843,87,0,129,0,32637,23857,1334,5387,1495,544,48,32637,23857,1334,4997,1317,116,21,898,31403,26385,699,2974,1125,190,0,0,0,0,0,31829,25597,939,4033,1084,154,7,3747,823,24,7,31197,24174,959,4667,1075,176,40,4240,854,10,40,20678,10704,9472,19501,10004,9497,11996,6042,5422,11469,5553,5549,11522,0,0,19593,8106,9548,15719,8739,6230,15668,7698,7065,15692,7775,7216,15523,7065,7386,15356,6990,7047,15434,7439,7354,17568,8378,8100,19865,9784,9516,19416,8891,8734,17244,8278,8065,14504,7094,6847,14468,7017,7439,14109,6218,7029,14243,7351,6875,14384,6735,7621,17864,8670,8546,19959,9074,10364,19122,10097,8315,18698,8480,10182
28,14B,40710,34229,965,3535,1551,594,36,0,0,41068,32370,1323,5309,1377,835,7,0,0,42432,30457,1808,7547,1631,1007,97,40502,30620,1438,6660,1152,834,1,5216,878,302,0,1988,40897,29891,1631,7268,1702,985,2,32656,28353,607,2183,1153,422,28,0,0,31541,26870,746,2634,758,544,0,2371,654,226,0,50,0,33308,25905,1193,4267,1202,694,60,33308,25905,1193,3832,954,184,24,1090,30949,26124,856,2952,525,501,0,0,0,0,0,30678,25273,874,3219,774,370,0,2967,637,118,0,30713,24546,1480,3500,692,395,7,2858,658,174,7,20270,10416,9288,19193,10136,9057,13140,7059,5512,12633,6443,5761,12729,0,0,19687,8165,9618,16211,9150,6309,16182,8093,7152,16169,8117,7303,16017,7333,7486,15911,7425,7069,15987,7857,7360,18289,8873,8250,21129,10661,9793,20758,9678,8940,17848,8733,8143,14835,7369,6813,14783,7359,7409,14577,6648,6956,14618,7866,6738,14780,7159,7590,18671,9301,8620,20820,9960,10296,20160,10822,8519,19772,9420,10323
29,15A,44432,40028,2069,858,890,724,40,0,0,43151,37511,2412,1257,1312,776,50,0,0,42462,35973,2448,1417,1527,1068,49,43003,37159,2493,1286,1445,749,53,847,1325,303,2,851,42566,36468,2650,1325,1557,894,18,33972,31350,1170,482,593,434,19,0,0,31773,29371,893,500,479,507,8,470,445,306,8,61,0,32259,28334,1427,817,948,664,21,32259,28334,1427,660,856,305,3,627,31581,29131,877,539,532,526,8,0,0,0,0,31327,28533,998,598,716,512,0,531,676,263,0,31061,28255,826,646,779,526,16,473,734,324,16,23245,11361,10985,21723,10189,11534,15703,7707,7307,15354,7056,7759,15396,0,0,21822,6866,13148,18073,9191,8333,18005,7344,9852,18027,7455,9977,17817,6468,10404,17785,6616,10115,17789,7004,10029,19999,7569,11594,22990,8024,14506,22702,7841,13407,20007,7227,12107,17702,5826,11341,17583,5789,11787,17527,5364,11399,17496,6565,10924,17624,5122,11589,20886,7362,13033,22905,7341,15046,22631,9591,12382,22474,6825,15627
30,15B,43029,39837,1205,256,780,1082,21,0,0,41533,37852,1648,439,755,996,118,0,0,42391,38101,1679,446,737,1461,46,41515,37732,1687,479,756,1036,117,276,562,701,0,532,42518,38312,1861,548,768,1105,113,33110,31425,617,115,395,609,11,0,0,31755,29788,785,203,323,593,0,191,296,494,0,106,0,32665,30169,934,212,410,861,19,32665,30169,934,122,338,527,2,535,31721,29701,791,208,367,600,0,0,0,0,0,32437,30190,879,254,406,630,4,169,375,455,4,32245,29844,942,337,440,620,20,189,353,429,20,22301,9405,12075,21736,8887,12849,15351,6857,7718,14997,5992,8348,14977,0,0,22015,5863,14200,18590,8592,9384,18487,6703,10860,18556,7359,10569,18269,5790,11363,18131,5853,10993,18229,6200,11129,20534,7054,12555,23607,7385,15715,23327,7392,14495,20590,6750,13119,18633,5857,12303,18472,5531,12928,18360,4994,12575,18377,6246,12122,18596,4936,12982,21631,7056,14101,23602,7142,15985,23284,9246,13405,23214,6239,16959
31,16A,43731,40546,2297,276,214,349,122,0,0,42181,37801,2921,425,340,532,228,0,0,42682,37353,3355,472,313,754,330,42149,37669,2903,465,352,564,209,296,265,362,160,434,42955,37888,3193,527,433,557,246,33278,31554,1226,118,126,208,66,0,0,31416,29687,1033,198,169,331,14,166,129,251,14,55,0,32739,29558,1937,239,189,498,197,32739,29558,1937,138,107,122,178,626,31440,29543,1112,239,202,310,10,0,0,0,0,31994,29874,1355,213,252,305,4,171,187,135,4,31359,29110,1465,237,244,255,27,162,208,104,27,22818,10978,10849,21196,9978,11218,16205,8196,7159,15789,7384,7741,15856,0,0,21593,6252,13651,18166,9201,8376,18077,7121,10027,18087,7096,10261,17836,6068,10699,17762,6315,10179,17804,6595,10407,20021,7128,12020,23200,7239,15461,22813,7361,13881,20039,6801,12552,17844,5619,11611,17741,5428,12303,17632,5059,11652,17702,6414,11277,17758,4802,11984,21000,6914,13571,22948,6800,15702,22621,9128,12811,22454,6344,16086
32,16B,41052,34812,4689,1125,278,296,34,0,0,41466,32923,5177,2587,541,397,2,0,0,42613,32242,5885,2897,720,697,71,41607,32669,5353,2723,584,386,2,2210,343,102,0,898,42533,32763,5699,3022,667,395,0,31143,27617,2628,621,162,162,20,0,0,29386,26320,1962,772,160,154,0,627,140,67,0,4,0,31965,25882,3517,1529,442,459,33,31965,25882,3517,1413,387,82,17,600,29702,26175,2220,977,179,177,0,0,0,0,0,30164,26408,2161,1115,269,212,0,964,197,99,0,30425,26161,2629,1189,285,153,7,896,196,75,7,21309,9766,11033,20464,9468,10996,16201,7927,7670,15835,7287,8098,15854,0,0,21100,7044,12380,18121,9088,8350,18039,7299,9805,18063,7266,10130,17792,6349,10452,17723,6551,9897,17802,6901,10159,19903,7634,11343,22659,8203,13973,22282,7867,12963,19805,7403,11657,17671,6251,10902,17568,6020,11542,17443,5517,11131,17375,6813,10557,17577,5392,11232,20723,7518,12700,22575,7605,14534,22223,9259,12376,21929,6885,15028
33,17A,41842,39064,1796,349,419,244,34,0,0,41003,37580,2099,528,502,385,62,0,0,42325,37975,2421,523,482,642,70,40861,37087,2454,566,461,393,75,226,281,133,0,574,41411,37494,2531,458,554,341,91,30870,29388,944,153,243,149,13,0,0,30831,29476,763,180,143,212,15,142,112,86,15,43,0,32278,29649,1412,268,299,383,42,32278,29649,1412,165,193,78,22,703,30580,29147,838,237,114,216,0,0,0,0,0,31247,29629,921,219,185,224,0,141,136,63,0,31593,29699,1048,253,222,185,0,169,153,10,0,22190,8595,12827,20915,8076,12839,14897,6141,7967,14517,5444,8479,14678,0,0,21932,5726,14228,18006,7952,9496,17931,6143,10920,17927,6155,11082,17727,5232,11453,17635,5431,10959,17723,5674,11279,20556,6552,12995,24415,7301,16478,24066,6997,15287,21054,6594,13632,19327,5956,12815,19231,5602,13616,19030,5082,13001,19118,6462,12644,19219,5031,13168,22565,7033,14909,24660,7265,16875,24337,9169,14383,24092,6674,17394
34,17B,40392,37576,1768,293,591,229,22,0,0,41904,38312,2245,657,470,288,19,0,0,42501,37828,2446,677,780,598,52,41494,37527,2667,600,455,257,22,400,212,90,0,565,42838,38741,2566,486,664,309,42,29564,28079,931,125,319,135,11,0,0,30601,29086,743,342,265,167,0,215,183,98,0,51,0,31874,29141,1433,322,467,356,42,31874,29141,1433,221,348,58,13,610,30317,28750,933,281,230,128,0,0,0,0,0,31982,30148,1029,268,349,131,10,152,270,31,10,32390,30134,1262,201,477,142,9,175,415,19,9,21417,7850,12875,21180,7676,13504,15534,6062,8656,15140,5262,9215,15122,0,0,22119,5825,14510,18973,8537,9876,18892,6554,11519,18915,6659,11550,18672,5503,12000,18512,5743,11465,18571,5965,11723,21281,6945,13358,25206,7852,16811,24875,7435,15711,21900,6982,14156,20650,6456,13626,20466,6029,14426,20203,5451,13658,20347,7022,13307,20463,5703,14116,23722,7635,15467,26037,8068,17435,25642,9986,14873,25288,7380,17888
35,18A,39585,36278,1436,999,678,283,19,0,0,42642,38023,1807,1812,879,342,90,0,0,42815,36486,2145,2479,910,630,53,42496,37718,1941,1844,874,369,87,963,554,20,9,1281,43032,37545,1979,2080,947,420,99,30809,28747,868,558,479,177,13,0,0,32018,30047,619,809,361,119,0,704,313,12,0,85,0,32935,28914,1349,1422,667,458,38,32935,28914,1349,1273,545,127,14,665,31926,29764,824,741,364,142,0,0,0,0,0,32628,29962,1120,764,442,222,0,591,349,104,0,32423,29262,1202,1289,438,183,0,1149,401,98,0,22144,12042,9544,21457,11645,9812,13978,7650,5643,13586,7095,5914,13692,0,0,22022,9491,10387,19149,11607,6807,19066,9913,8069,19147,11084,7507,18753,8869,8506,18666,8889,8174,18782,9540,8182,20962,10694,9131,23640,11846,11185,23309,11023,10381,20888,10489,9465,18824,9705,8596,18654,9270,9360,18493,8551,9006,18519,9708,8789,18742,8970,9010,22084,11092,10299,24341,11736,12054,23944,12934,10246,23596,11022,12529
36,18B,38885,34411,1081,1890,1313,307,37,0,0,39286,32939,1757,2777,1728,251,49,0,0,42684,33112,2434,4175,2120,717,82,40618,33922,1656,3109,1846,233,54,2597,1412,119,4,919,41941,34601,1939,3193,1895,323,112,32258,29179,715,1175,1027,204,26,0,0,30839,27679,1000,1213,725,171,0,1047,554,124,0,44,0,34851,27907,1785,2766,1740,527,53,34851,27907,1785,2360,1474,123,13,1054,31742,28497,941,1321,755,205,0,0,0,0,0,32984,29221,1264,1332,890,215,0,1127,818,69,0,34618,29998,1564,1398,1325,175,0,1136,1051,49,0,21026,12232,8237,19955,11680,8275,10951,6367,4048,10463,5994,4118,10682,0,0,19772,9577,7951,16254,10428,4877,16148,9285,5614,16271,10319,5259,15858,8620,5893,15754,8452,5588,15882,9297,5764,18112,10224,6508,20620,12029,7982,20114,10398,7122,17569,9913,6531,14500,8673,5326,14326,8430,5884,14228,7699,5594,14237,8717,5511,14432,8072,5522,18388,10465,7092,20728,11341,8883,20158,11915,7364,19824,10784,9003
37,19A,41398,34987,3437,2031,685,364,40,0,0,42210,34118,3527,3826,753,543,34,0,0,42300,32606,3982,4094,715,776,94,42655,34195,3653,3868,856,548,34,3448,596,139,25,572,42754,33461,4032,4347,562,611,50,31215,27161,1996,1420,425,271,20,0,0,30371,27259,1094,1426,275,299,29,1383,261,200,29,25,0,32467,26372,2402,2477,491,573,80,32467,26372,2402,2322,338,203,0,757,30975,27724,1301,1399,267,257,29,0,0,0,0,31384,27609,1626,1523,268,269,40,1501,183,124,40,32031,27155,2135,2122,301,254,21,2022,205,144,21,19390,9084,9737,18917,8964,9953,12886,6434,5835,12495,5755,6255,12535,0,0,19472,6511,11388,16478,8281,7549,16425,6806,8731,16441,7046,8695,16253,5963,9211,16139,6142,8740,16109,6388,8946,18454,7217,10259,21551,8055,13000,21114,7463,11713,18495,7063,10629,16475,6171,9736,16383,5874,10497,16208,5356,9977,16195,6585,9600,16356,5567,9972,19582,7346,11634,21482,7490,13554,21059,9027,11389,20751,7243,13426
38,19B,41869,36509,2972,1635,492,379,21,0,0,41693,35465,3567,1860,721,326,37,0,0,42572,35055,3986,2097,661,690,79,41556,35327,3445,1815,601,531,32,1386,256,360,4,782,42580,35945,3649,1855,626,502,45,31080,27966,1707,898,294,274,19,0,0,30348,27476,1399,914,320,235,0,835,276,171,0,10,0,32114,27588,2382,1099,419,505,45,32114,27588,2382,955,298,150,14,683,30172,27311,1359,836,304,382,0,0,0,0,0,31126,27965,1656,807,330,373,0,678,173,188,0,31505,28048,1821,900,468,208,4,750,395,114,4,21750,9860,11262,20684,9599,11085,13989,6511,6825,13630,5931,7234,13687,0,0,21239,7010,12273,17849,9068,8128,17790,7231,9612,17841,7742,9475,17294,6264,9938,17256,6583,9374,17506,6844,9798,19999,7889,11004,23326,8934,13738,22778,8314,12414,20189,7910,11340,18159,7253,10255,17995,6821,11166,17819,6220,10596,17899,7705,10184,18060,6554,10624,21205,8349,12130,22875,8636,13730,22461,10114,11540,22144,8062,14065
39,20A,41985,39046,1255,641,375,793,47,0,0,41874,38365,1523,798,369,971,21,0,0,42559,37939,1739,995,497,1168,75,41710,37775,1631,839,394,921,13,538,284,376,0,773,42299,38258,1553,821,442,965,113,32414,30741,715,286,223,475,29,0,0,32258,30687,400,400,218,549,0,324,209,332,0,8,0,33472,30615,1066,522,302,750,36,33472,30615,1066,370,214,353,20,750,32073,30486,466,333,278,545,0,0,0,0,0,32778,31087,568,342,228,570,0,245,179,349,0,32604,30781,701,369,260,467,4,221,158,264,4,23677,11991,11045,22835,11647,11188,15974,8051,7183,15585,7432,7680,15633,0,0,22716,8940,11820,20805,11594,8419,20689,9580,10057,20715,9852,9985,20422,8591,10508,20336,8694,10066,20395,8898,10532,22504,10088,11252,25561,11117,13749,25268,10440,13009,22561,10035,11606,20655,9297,10693,20474,8772,11683,20287,8002,11270,20367,9793,10557,20478,8361,11121,23761,10580,12528,25712,11017,14160,25335,12747,11895,24984,10514,14447
40,20B,40831,38806,1125,291,441,202,35,0,0,41886,39373,978,559,838,131,31,0,0,42198,38811,1422,505,615,576,30,41825,39379,1082,507,717,133,4,253,573,35,0,481,42657,39829,1138,534,815,217,12,30247,29112,623,133,263,128,20,0,0,31009,29697,375,289,510,82,20,175,477,28,20,8,0,31845,29766,850,216,402,380,13,31845,29766,850,153,302,37,5,659,31106,30068,432,201,374,109,0,0,0,0,0,31958,30775,502,149,436,145,0,50,366,65,0,32242,30851,604,101,500,126,0,59,457,40,0,22924,10049,12174,21511,9577,11934,15090,6522,7638,14710,5721,8465,14708,0,0,22690,6923,13707,19416,9136,9681,19367,7670,10929,19403,8106,10734,19097,6690,11420,19039,6867,10951,19108,7084,11179,21785,8096,12740,25455,8782,16138,24979,8616,14706,22072,7972,13313,20438,7385,12477,20285,7021,13251,20127,6443,12864,20179,7555,12605,20332,6844,12763,23740,8534,14624,26185,8846,16824,25780,10602,14422,25504,8320,17164
41,21A,43789,41242,1271,339,621,405,37,0,0,42201,38572,1899,662,744,540,8,0,0,42463,38080,2268,540,796,832,75,41882,37945,2166,542,848,460,55,131,672,245,4,681,42087,37518,2343,716,886,562,80,33236,31843,651,146,393,239,22,0,0,31128,29719,616,264,244,342,0,157,219,192,0,16,0,32371,29705,1320,288,527,503,48,32371,29705,1320,151,431,132,15,572,30951,29250,774,255,453,348,0,0,0,0,0,30947,29121,905,215,490,294,4,80,444,109,4,30607,28538,950,292,565,302,19,122,493,109,19,23213,10096,12077,21944,9060,12884,16322,6605,8452,15877,6258,8866,15814,0,0,22278,5801,14831,18220,7522,10149,18088,6272,11045,18170,6781,10930,17834,5830,11321,17815,5795,11086,17897,6053,11122,20264,6398,13128,23512,6515,16584,23092,6336,15230,20418,5906,13870,18336,4705,13055,18121,4817,13289,18054,4452,12923,18013,5124,12879,18218,4370,13100,21476,6106,14889,23479,6296,16731,23056,7978,14381,22839,5863,16953
42,21B,42062,32230,7058,1012,1633,319,49,0,0,41527,29312,8781,1345,2128,201,70,0,0,42865,28207,10584,1513,1980,1086,166,41483,29097,8696,1595,2470,203,147,863,1699,73,71,1002,42856,29038,9613,1833,2324,663,101,31728,25848,4104,632,1064,168,35,0,0,27445,23696,2217,542,911,56,0,496,859,24,0,26,0,31716,22950,6223,850,1249,713,102,31716,22950,6223,743,1100,81,75,474,27443,23471,2421,460,831,92,0,0,0,0,0,28680,23759,2960,664,916,270,0,622,780,45,0,27973,22554,3610,612,846,218,10,568,745,42,10,19784,9482,9568,18425,8568,9857,13698,6469,6396,13349,6122,6708,13428,0,0,18866,6174,11334,15925,7862,7483,15789,6532,8417,15858,7077,8232,15557,5791,8794,15507,5895,8545,15618,6311,8596,17251,6662,9795,19385,6760,12207,18933,6499,10868,16811,6119,10062,14335,4774,9059,14226,4696,9519,14137,4268,9181,14143,5170,8960,14278,4310,9356,17080,6057,10565,18528,6042,12121,18137,7613,9948,18012,5574,12433
43,22A,43907,41151,2051,310,276,193,23,0,0,43047,39538,2516,572,335,183,29,0,0,42483,37817,3018,567,387,629,61,42351,38481,2803,479,323,268,58,192,172,73,18,588,42380,37971,3006,490,333,280,102,33882,32312,1177,122,168,125,15,0,0,32884,31170,1159,216,207,113,8,132,158,47,8,20,0,32930,30097,1809,266,244,400,35,32930,30097,1809,157,136,69,7,594,32425,30543,1230,232,207,210,8,0,0,0,0,32374,30301,1400,280,182,203,4,167,134,45,4,31481,29459,1432,289,152,105,0,178,134,23,0,23198,10111,12262,22520,9566,12954,15962,7050,7982,15523,6370,8506,15578,0,0,22090,6420,13926,18449,8641,9164,18380,7010,10421,18432,7694,10153,18090,5853,11055,18025,6049,10606,18141,6379,10805,20552,7448,12189,23686,7880,15286,23326,7936,13664,20393,7096,12542,17978,6063,11392,17814,5779,12025,17739,5272,11632,17722,6328,11385,17925,5571,11696,21332,7418,13357,23146,7415,15246,22847,9287,12858,22695,6747,15929
44,22B,40434,37744,1661,304,467,265,26,0,0,41795,38132,2213,557,659,245,26,0,0,42297,37813,2339,692,507,711,57,42254,38565,2355,488,578,249,33,342,228,82,2,638,42895,38861,2151,844,557,359,57,29853,28386,894,139,264,157,18,0,0,30971,29364,770,353,277,193,8,335,202,61,8,3,0,31926,29234,1365,351,302,470,42,31926,29234,1365,253,201,91,24,688,31513,29897,899,276,278,176,4,0,0,0,0,31938,30298,785,406,256,225,0,330,149,112,0,32063,30299,856,420,216,250,0,330,91,75,0,21824,9971,11225,21173,9563,11610,14212,6703,6853,13838,6053,7196,13917,0,0,22071,6726,13589,19018,9350,9002,18902,7468,10431,18916,8019,10232,18608,6441,10986,18492,6699,10486,18550,6982,10673,21207,7791,12431,25045,8424,16062,24602,7981,14701,21506,7574,13105,19609,6757,12243,19436,6301,13125,19230,5866,12339,19233,7137,12088,19528,6309,12374,23219,8018,14553,25903,8369,17040,25411,10313,14239,25432,9542,15211
45,23A,43434,39219,3213,423,419,264,34,0,0,41872,36482,3450,709,1020,401,31,0,0,42672,35845,3763,871,1409,622,54,42024,36399,3615,700,1143,370,83,377,849,55,1,717,42353,36136,3813,839,1252,590,58,33726,31344,1810,180,272,147,21,0,0,31396,29189,1411,313,299,223,3,224,224,70,3,28,0,33103,28975,2259,414,840,440,37,33103,28975,2259,298,747,77,4,684,31448,29155,1435,337,354,199,2,0,0,0,0,31941,29037,1764,368,530,294,10,286,375,63,10,32515,29041,2081,344,770,228,24,308,674,33,24,24409,12934,10640,22847,12195,10652,17013,8857,7272,16556,8115,7780,16570,0,0,22503,7737,13011,19513,10230,8503,19376,8392,9858,19460,9010,9766,19038,7277,10541,18911,7478,9924,19095,7937,10222,21044,8616,11441,23596,8842,14247,23167,8758,12519,20785,8187,11799,18374,6958,10807,18241,6707,11528,18033,6033,11063,18130,7090,11027,18335,6477,11106,21414,8312,12539,23533,8346,14781,23076,10342,11992,22862,7891,14958
46,23B,41668,35243,4330,1112,828,258,63,0,0,41917,33237,4799,1728,1762,239,340,0,0,42316,31806,5260,2026,2335,626,306,41811,32712,4990,1843,2071,286,51,1465,1928,54,47,619,42417,31941,5464,1945,2443,366,207,31237,27669,2408,515,536,142,41,0,0,28985,26551,1282,641,371,164,1,580,287,35,1,46,0,31634,25410,3031,1115,1433,404,178,31634,25410,3031,953,1329,51,159,618,28909,26290,1305,592,591,151,2,0,0,0,0,29533,25842,1777,847,874,164,20,658,734,12,20,29479,25141,1940,940,1262,132,74,653,1166,18,74,20807,12619,7534,19383,12020,7363,12811,7263,4913,12434,6586,5362,12520,0,0,18990,7981,9468,15883,9124,6114,15819,7932,6975,15851,8361,6913,15555,7040,7437,15530,7293,6965,15590,7708,7173,17751,8504,8343,20716,9504,10760,20217,9056,9262,17605,8274,8583,15258,7058,7675,15134,6936,8190,15051,6293,7865,15056,7173,7873,15261,7406,7351,18487,8597,9297,20296,8827,11074,19872,10069,9009,19698,8339,11349
47,24A,37704,35534,1208,341,474,187,40,0,0,40082,37286,1437,519,701,188,16,0,0,42300,37955,1752,688,1016,601,48,40433,37340,1459,427,961,213,18,116,722,80,4,601,42204,38194,1760,554,1138,311,39,26969,25831,634,133,272,94,23,0,0,28352,27230,582,202,235,120,4,140,211,55,4,16,0,31058,28479,1020,339,624,360,29,31058,28479,1020,236,469,44,7,739,29021,27645,701,211,409,85,4,0,0,0,0,30413,28718,726,302,564,166,0,163,473,53,0,31076,29013,857,520,584,147,0,325,459,8,0,19813,8716,10550,19746,8847,10899,14313,6148,7275,13875,5277,8094,13825,0,0,21232,6755,12427,18484,8967,8918,18423,7443,10192,18454,7918,9953,18118,6473,10624,18035,6614,10117,18070,6863,10328,20789,8118,11629,24709,9437,14647,24246,9091,13263,20978,8121,11990,18976,7482,11001,18768,7092,11672,18645,6517,11358,18646,7334,11303,18903,7034,11259,22816,8999,13172,25527,9610,15343,25128,11182,13180,24866,8943,15904
48,24B,36175,28869,2029,2596,2593,224,27,0,0,39575,30498,2744,3144,3132,217,26,0,0,42322,31200,3278,3579,3505,575,66,40743,31311,3101,2580,3396,143,0,2051,2978,43,0,1068,41362,32017,2472,2781,3374,168,0,26763,22488,1161,1358,1660,144,16,0,0,27338,23597,817,1389,1469,64,0,1358,1370,48,0,0,0,32116,25090,1974,2088,2384,370,52,32116,25090,1974,1830,2140,35,8,946,27807,23985,854,1262,1599,50,0,0,0,0,0,29347,24959,908,1554,1720,122,0,1370,1555,24,0,29952,24547,1146,1936,2083,149,8,1663,1901,27,8,18848,9708,8800,19343,10009,9334,13188,6469,6182,12840,6015,6477,12698,0,0,20733,9763,8964,18890,11261,7094,18849,10018,8182,18863,10462,7927,18443,8997,8578,18298,9025,8130,18489,9456,8304,20664,11059,8616,23888,13518,9815,23197,12351,9289,20323,11149,8342,17712,10232,7117,17567,9765,7795,17409,9264,7583,17457,10074,7376,17675,9925,7306,21382,12187,8586,23220,13276,9375,22782,13955,8149,22446,12289,10139
49,25A,35687,28961,986,2178,3369,206,46,0,0,38670,29872,949,3438,4404,83,0,0,0,42869,31101,1912,4443,4659,615,48,38983,30031,1220,3599,4119,107,9,2878,2945,22,0,1851,41535,30501,1784,4857,4059,206,20,25558,21624,568,1117,2120,124,25,0,0,26853,22997,474,1427,1880,58,0,1143,1613,30,0,4,0,31681,24348,1204,2432,3122,412,32,31681,24348,1204,2201,2858,86,11,872,27153,22996,790,1409,1892,48,0,0,0,0,0,28618,23290,1095,1983,2099,97,0,1653,1934,8,0,30320,24193,1309,2463,2159,118,0,2224,1943,32,0,18585,9374,8844,18717,9441,9276,12281,5894,5893,11946,5487,6137,11716,0,0,20478,9563,8731,18323,10974,6867,18288,9767,7930,18300,10094,7755,17867,8613,8442,17723,8604,7995,17907,9135,8051,20307,10833,8485,23739,13429,9764,23149,12300,9325,20202,11027,8344,17940,10211,7337,17789,9741,8039,17639,9179,7917,17654,9969,7677,17887,9867,7531,21804,12331,8837,24358,13763,9892,23888,14481,8682,23528,12817,10689
50,25B,41345,32776,2598,3155,2623,395,53,0,0,43044,32056,3191,4253,2987,645,195,0,0,42321,30378,2993,4711,3392,777,86,43409,31101,2882,5478,3237,636,205,4797,2642,294,112,1533,44239,31276,3336,5259,3651,442,205,32824,27141,1680,1976,1832,286,41,0,0,31244,26352,1183,1931,1211,350,105,1778,972,175,105,77,0,34088,25848,2026,2963,2572,548,68,34088,25848,2026,2611,2281,144,29,1030,31983,26089,1310,2292,1672,414,115,0,0,0,0,32844,26469,1424,2469,1964,320,105,2311,1739,136,105,32664,25541,1805,2856,2050,310,0,2644,1751,103,0,21269,11867,8923,20964,12285,8679,13228,7465,5199,12815,7011,5427,12673,0,0,20514,10844,7437,17881,11636,5534,17829,10614,6354,17857,11066,6139,17460,9577,6773,17321,9501,6382,17475,10185,6457,19662,11647,6826,22489,14033,7833,21755,12718,7169,19062,11581,6517,15964,10233,5267,15842,10031,5803,15701,9474,5607,15754,10262,5488,15944,9968,5422,19668,12389,6594,21304,13413,7293,20791,13872,6164,20443,12687,7732
51,26A,44219,41298,762,814,1123,254,21,0,0,43361,39590,1321,1061,1066,524,17,0,0,42169,37636,1331,1357,1061,547,48,43320,39404,1288,1085,1203,573,11,576,1015,161,0,854,42334,38053,1393,1168,1191,575,58,36305,34290,513,476,834,189,13,0,0,35392,33587,615,448,409,242,0,385,366,155,0,109,0,34909,31733,931,811,815,420,37,34909,31733,931,589,650,70,0,861,35465,33512,600,467,587,252,0,0,0,0,0,34764,32559,715,442,752,288,8,229,579,102,8,34829,32384,817,640,751,246,0,406,529,87,0,24454,14609,9232,23017,13372,9645,13399,7136,5503,12868,6848,5639,12958,0,0,22497,10252,9992,18372,10648,6753,18270,9827,7365,18344,10532,7098,17943,9232,7569,17843,9068,7281,18023,9742,7508,20363,10514,8634,23107,11910,10660,22419,10587,9673,20050,10141,8908,17288,8756,7969,17121,8606,8504,17086,8060,8232,17040,8848,8179,17231,8345,8142,21064,10562,9835,23664,11542,11614,23061,11846,10485,22679,10960,11706
52,26B,42612,41524,369,327,265,177,11,0,0,42558,40891,619,555,292,205,21,0,0,42834,40627,652,445,348,497,27,42640,40496,655,499,498,229,26,296,239,34,2,847,42728,40346,738,500,472,257,16,32457,31867,222,130,134,115,7,0,0,32320,31554,254,289,92,136,8,266,73,46,8,16,0,32813,31444,424,214,191,352,21,32813,31444,424,125,128,44,6,581,32221,31390,292,223,129,172,4,0,0,0,0,32484,31503,367,253,165,218,0,151,120,56,0,32528,31580,324,242,222,104,6,104,175,16,6,23753,12483,10511,22262,11633,10629,17193,8494,7443,16586,7715,8267,16583,0,0,23151,8391,12877,19956,10092,9097,19824,8803,10081,19938,9476,9852,19576,7811,10705,19516,7906,10317,19533,8243,10487,22016,9255,11748,25184,9855,14754,24742,9649,13210,21892,8895,12149,19525,7774,11176,19320,7599,11711,19284,6937,11443,19227,7792,11422,19500,7478,11343,23125,9258,13272,25438,9603,15336,24982,10826,13410,24776,8954,15807
53,27A,38457,36557,705,501,450,300,29,0,0,41213,38495,1124,817,441,475,28,0,0,42685,38405,1130,1123,810,762,69,42447,40172,836,775,350,416,12,503,174,101,0,635,43448,40175,1116,1030,581,445,15,26568,25604,349,217,237,182,13,0,0,29722,28379,511,379,193,256,0,260,163,135,0,26,0,31375,28754,639,705,465,497,43,31375,28754,639,579,319,152,1,829,30820,29572,504,381,154,193,0,0,0,0,0,31639,29802,687,583,305,241,0,501,173,88,0,31886,29964,731,517,458,153,0,416,358,28,0,20014,7560,12024,20001,7370,12631,13676,5032,8001,13307,4537,8318,13396,0,0,21731,5390,14541,17418,6715,10133,17369,5598,10944,17371,5654,10979,17196,4829,11277,17073,5074,10696,17176,5339,11040,20432,6090,13268,24924,7283,17045,24418,6726,15650,21012,6167,13958,18953,5581,12707,18867,5277,13584,18682,4921,12722,18333,5932,12388,18914,5304,13531,23070,6839,15468,25904,7388,18011,25393,8698,15705,25217,7006,18160
54,27B,39857,38017,585,381,436,514,23,0,0,41616,39203,784,450,760,418,39,0,0,42907,39053,1004,603,695,1050,39,42374,39148,984,616,1098,415,56,276,485,105,0,1331,42946,39292,1096,688,793,530,25,28296,27312,311,161,231,303,15,0,0,29936,28856,363,211,271,209,0,146,191,78,0,27,0,31724,29412,555,291,392,697,23,31724,29412,555,165,267,129,6,1093,30720,29463,314,321,319,247,0,0,0,0,0,31469,30041,417,338,248,349,0,183,151,67,0,32789,30987,584,269,524,404,0,94,374,116,0,20530,7893,12122,20143,7494,12649,12874,4886,7421,12512,4462,7613,12510,0,0,21249,4960,14663,16920,6519,9650,16852,5190,10633,16870,5329,10751,16703,4542,11013,16533,4741,10365,16558,5020,10821,19994,5665,13196,24623,6654,17446,24091,6126,15626,20502,5691,13869,18288,5085,12514,18142,4795,13334,17982,4375,12448,17794,5348,12432,18226,4854,13334,22744,6302,15660,26132,6845,18837,25443,8248,16194,25076,6645,18405
55,28A,39084,37125,665,440,483,468,32,0,0,39994,37431,891,633,622,539,9,0,0,42711,38807,974,707,818,933,57,40142,37293,1016,642,657,563,5,222,599,105,5,906,42359,38810,1212,729,927,656,0,28690,27604,351,205,270,288,18,0,0,30287,28852,490,310,309,303,0,161,280,86,0,43,0,32372,29968,557,369,489,630,35,32372,29968,557,241,388,168,11,919,30152,28827,386,301,291,340,0,0,0,0,0,32005,30345,378,432,429,388,0,290,365,122,0,33201,31172,576,418,569,445,5,232,487,128,5,20456,8730,11168,20152,8502,11650,14141,6275,7218,13666,5796,7422,13802,0,0,21509,6000,13749,17946,7961,9205,17875,6415,10409,17880,6493,10547,17705,5578,10802,17596,5832,10199,17574,6211,10636,20709,6826,12648,24974,7645,16686,24528,7237,14867,21142,6817,13290,19163,6188,12111,19042,5897,13131,18819,5380,12023,18886,6673,12201,19087,5947,13128,23460,7455,15160,26901,8044,18337,26322,9569,15823,25988,8030,17933
56,28B,40019,38273,590,347,480,359,37,0,0,42045,39636,927,355,718,501,41,0,0,42233,38372,1072,562,858,888,45,42480,39803,952,412,854,493,41,83,550,177,8,905,42641,39351,1075,579,939,625,64,29481,28495,333,165,260,242,16,0,0,31831,30457,508,116,374,305,8,90,336,133,8,75,0,32165,29850,610,287,497,573,16,32165,29850,610,145,394,109,1,982,32083,30582,615,144,421,287,8,0,0,0,0,32376,30688,653,125,479,307,8,50,408,129,8,32926,30934,715,273,659,285,21,76,586,115,21,22481,9831,12106,21938,9578,12360,15725,6982,8130,15272,6495,8279,15348,0,0,23198,7324,13933,19867,9473,9609,19806,7715,11028,19813,7947,11018,19520,6718,11375,19128,6817,10631,19498,7637,11063,22382,8248,12878,26496,9346,16489,25848,8674,14891,22499,8178,13306,19959,7367,11887,19792,6832,12951,19616,6423,11956,19608,7685,11914,19885,7061,12811,24255,8701,14800,27129,9308,17316,26626,10616,15229,26370,9051,17295
57,29A,39305,37623,767,353,384,232,21,0,0,41373,38810,1287,573,430,321,24,0,0,43001,39592,1149,657,585,607,25,41992,39486,1249,360,634,324,19,216,338,136,0,527,42958,39889,1121,408,534,526,2,28502,27603,425,154,179,156,10,0,0,30042,28930,517,171,239,141,0,118,110,53,0,61,0,31766,29668,705,329,329,406,11,31766,29668,705,188,211,75,4,799,30617,29381,690,122,227,192,0,0,0,0,0,31304,29975,633,125,224,379,0,65,128,72,0,32691,31369,555,208,207,363,0,60,143,48,0,21536,8634,12339,21603,8382,13221,15029,5881,8460,14609,5362,8726,14660,0,0,22263,6287,14071,19322,8583,10062,19242,6713,11515,19261,6874,11572,19013,5911,11896,18810,6001,11277,18742,6327,11562,21845,7324,13395,26089,8426,17040,25605,7807,15743,22542,7411,14216,21220,6905,13697,21006,6364,14627,20732,5961,13538,20860,7420,13423,21094,6411,14572,24745,8100,15898,27756,8706,18475,27133,10389,15828,26940,8095,18823
58,29B,39752,37075,1263,644,479,345,24,0,0,42079,39161,1416,674,574,256,37,0,0,42733,37978,1879,1029,817,743,38,42627,39124,1626,776,830,327,44,366,481,93,0,934,43514,39178,1972,689,1303,461,59,28295,26839,699,288,264,226,14,0,0,30620,29082,542,379,412,192,15,228,291,57,15,0,0,31472,28600,1096,520,512,498,21,31472,28600,1096,337,364,74,10,883,31306,29495,637,439,481,231,25,0,0,0,0,31505,29522,878,227,616,182,30,128,502,39,30,31575,29378,996,273,643,248,0,150,524,86,0,20493,8751,11254,20243,8337,11906,13600,5633,7361,13166,5161,7561,13238,0,0,20903,6385,12744,17588,8309,8599,17502,6657,9864,17528,6804,9927,17259,5883,10166,17124,5979,9689,17140,6328,9919,20106,7279,11669,23947,8472,14840,23427,7748,13596,20332,7283,12119,18268,6545,11045,18147,6220,11906,17872,5612,11123,17971,6953,11001,18156,6138,11908,22244,7982,13490,25305,8823,15916,24631,10040,13688,24313,8064,16208
59,30A,35374,32628,740,843,965,235,37,0,0,40700,36983,848,1417,1137,328,6,0,0,42966,37387,1209,2024,1327,630,72,40764,36616,802,2065,766,298,8,1738,687,10,8,696,43330,37976,927,2549,929,158,11,23676,22169,394,396,569,140,16,0,0,27128,25210,383,721,567,190,4,721,492,21,4,40,0,29329,26163,668,1059,774,382,38,29329,26163,668,873,640,57,14,832,27382,25206,418,1024,532,181,10,0,0,0,0,29893,27239,515,1464,571,110,4,1174,516,30,4,31617,28449,550,1725,733,113,0,1450,657,56,0,18995,7266,11394,19129,7054,12075,12665,4526,7665,12352,4167,7829,12186,0,0,20819,6082,12892,17686,7919,9233,17599,6293,10489,17622,6480,10505,17323,5412,10853,17067,5569,10240,17089,5921,10415,20458,7205,12229,25110,9155,15378,24523,8170,14483,21509,7617,13014,20693,7551,12482,20493,6857,13616,20118,6230,12708,20298,7800,12489,20556,6954,13536,24470,8964,14750,28400,10425,17385,27700,11621,15199,27305,9403,17871
60,30B,37570,34632,971,889,789,392,35,0,0,39665,35904,1096,1341,830,506,28,0,0,42801,36969,1495,1841,1240,858,65,41016,37033,1323,1064,797,441,27,796,658,173,0,716,43537,37986,1412,1977,661,807,104,26691,24975,613,458,453,230,19,0,0,28516,26748,433,617,390,323,0,560,358,183,0,17,0,31656,27945,945,1135,756,593,42,31656,27945,945,960,609,159,8,956,29476,27730,526,461,442,299,0,0,0,0,0,32449,29772,741,959,414,418,0,675,393,147,0,33299,30054,887,1231,724,350,0,981,719,55,0,19395,7781,11239,20522,7929,12593,13903,5393,7991,13561,5034,8098,13511,0,0,21600,6458,13361,18207,8129,9502,18131,6525,10702,18161,6701,10765,17922,5713,11124,17780,6042,10448,17786,6258,10796,20959,7356,12543,25416,8957,15880,24853,8200,14674,21589,7637,13072,19905,7344,12001,19746,6718,13021,19501,6338,12091,19346,7499,11840,19808,6768,12987,23989,8696,14563,27372,9812,17016,26738,11110,14788,26335,9027,17274
61,31A,38750,35334,884,1131,1123,386,21,0,0,42692,37570,1639,1700,1731,332,0,0,0,42896,35718,1416,2759,1792,886,51,43018,37701,1248,1938,1762,381,24,1456,1423,85,2,1053,42888,36878,850,2662,1733,396,68,27653,25765,477,568,632,242,15,0,0,31260,28758,680,700,860,236,0,596,800,87,0,15,0,32012,27672,832,1506,1091,592,35,32012,27672,832,1301,864,119,5,1108,31491,28753,517,976,959,245,4,0,0,0,0,31781,28733,469,1290,990,225,14,1025,845,61,14,32074,28788,509,1531,964,221,18,1199,826,27,18,21501,8711,12361,22103,9079,13024,14340,5808,8034,14010,5476,8179,14101,0,0,22993,7767,13169,19391,9401,9289,19348,7818,10566,19352,7974,10590,19193,6967,11028,19081,7288,10299,18978,7515,10654,22101,8718,12176,26242,10590,15022,25747,9503,13946,22235,8784,12449,19749,8061,11103,19618,7427,12184,19470,7061,11253,19550,8359,11175,19633,7547,12046,23977,9715,13458,26586,10733,15302,26056,11916,13226,25684,10056,15589
62,31B,39411,37190,592,435,857,365,39,0,0,41677,38664,665,636,1360,457,0,0,0,42967,38226,1024,819,1602,873,56,42692,39164,823,639,1669,427,0,312,1098,166,0,1050,42752,38946,830,654,1585,466,52,28927,27677,325,210,477,242,20,0,0,31479,30031,311,221,639,281,0,161,541,175,0,19,0,32603,29641,619,435,946,592,40,32603,29641,619,279,751,115,13,1086,32439,30599,418,213,932,234,0,0,0,0,0,32680,30889,376,240,873,215,4,199,687,62,4,33510,31218,471,342,1109,233,6,289,802,37,6,22810,9057,13233,22295,8899,13396,15017,5866,8569,14616,5392,8779,14728,0,0,23482,6782,14825,20011,8562,10724,19923,6935,12002,19951,7029,12068,19757,5985,12483,19620,6321,11678,19512,6627,11982,22792,7589,13979,27135,8979,17510,26618,8154,16207,23166,7708,14461,21068,7123,13218,20892,6553,14327,20705,6092,13250,20802,7466,13319,20966,6610,14313,25114,8372,15925,27891,9019,18308,27309,10408,15998,26919,8462,18416
63,32A,35508,30952,844,1240,2194,325,28,0,0,40342,32971,1304,1996,3646,553,48,0,0,42983,33341,1730,3164,3645,907,51,40487,32349,1459,3000,3207,579,71,2450,2622,222,0,1316,42805,33836,1423,2744,4189,442,91,25927,23252,456,639,1364,216,20,0,0,28685,24990,509,800,2058,309,20,651,1871,179,20,10,0,31672,25861,1014,1665,2320,574,39,31672,25861,1014,1469,2101,116,2,982,28781,24807,584,1497,1615,322,30,0,0,0,0,30386,25839,535,1450,2289,271,40,1301,2044,119,40,32104,26086,537,2765,2514,179,1,2596,2390,52,1,19894,8972,10516,20882,9516,11366,13447,5941,7053,13152,5569,7232,13223,0,0,21820,8387,11528,18947,10002,8303,18881,8425,9581,18917,8568,9587,18742,7575,9980,18632,7833,9344,18551,8145,9587,21382,9373,10858,25288,11465,13221,24782,10275,12528,21628,9611,11081,19577,9053,9947,19474,8437,11015,19274,7844,10310,19354,9264,10071,19462,8523,10905,23617,10730,12067,26650,11942,13848,26133,13227,11877,25716,11177,14489
64,32B,36383,29631,1354,1612,3371,560,38,0,0,39303,30072,2186,2830,3797,717,76,0,0,42976,31270,2624,3434,4611,997,64,40329,30412,2498,2922,4102,863,85,2292,3589,308,3,1202,43539,32500,2261,3756,4287,900,51,26806,22766,763,807,2160,349,26,0,0,27939,23147,847,1220,2292,388,0,1001,2173,233,0,49,0,31960,24621,1584,1966,3036,669,34,31960,24621,1584,1658,2809,152,10,1041,29029,23773,1015,1235,2407,489,0,0,0,0,0,31436,25526,1160,1717,2506,473,0,1503,2397,145,0,31845,25412,1329,2195,2273,441,0,2018,2129,150,0,19444,9930,9076,19616,10113,9503,12637,6173,6005,12329,5846,6106,12430,0,0,21040,9204,9899,18348,10691,7005,18291,9125,8261,18342,9274,8276,18197,8266,8692,18023,8435,8143,18026,8918,8321,20756,10207,9337,24713,12653,11411,24213,11185,10807,20676,10275,9418,17971,9261,8164,17858,8608,9228,17699,7999,8610,17793,9462,8312,17892,8636,9226,22193,11141,10198,24525,11950,11692,23989,13147,9879,23532,11236,12244
65,33A,37882,35040,797,712,1055,312,58,0,0,41287,37049,1468,1291,1321,314,98,0,0,42707,37142,1418,1348,1655,825,44,41663,36907,1276,1353,1763,499,94,923,1522,84,20,784,42388,37004,1692,1675,1598,589,53,27591,26032,422,323,608,198,38,0,0,30840,28729,718,496,695,119,22,422,619,58,22,60,0,31880,28580,826,702,976,530,26,31880,28580,826,520,833,75,3,925,31077,28794,549,527,965,190,20,0,0,0,0,31410,29117,709,518,870,219,0,393,827,34,0,32127,29597,632,651,970,261,10,582,936,37,10,21971,10058,11538,22510,9886,12624,15895,6968,8392,15542,6480,8627,15483,0,0,23366,9113,12215,21211,11446,9079,21146,9197,11012,21120,9597,10789,20696,8074,11321,20582,8401,10724,20669,8933,10854,23220,10274,11819,26912,12214,14077,26320,11157,13440,23350,10491,11950,21378,9962,10825,21181,9077,12093,20943,8596,11270,21091,10184,10898,21218,9595,11613,25081,11435,12931,27687,12516,14584,27142,13680,12543,26686,11905,14753
66,33B,40564,37275,839,1304,686,528,13,0,0,42459,37901,1276,1554,1014,830,19,0,0,42335,36940,1248,1780,1151,952,113,42545,37858,1440,1537,996,781,16,1322,472,302,5,1081,41796,36273,1885,1931,1089,628,12,31245,28839,540,1077,403,428,6,0,0,32998,29975,735,1084,575,646,3,980,386,338,3,0,0,33715,29903,767,1364,720,712,95,33715,29903,767,1205,458,275,12,1000,33484,30256,869,1154,580,643,0,0,0,0,0,32662,29177,1003,1339,622,485,0,1192,455,207,0,32434,29216,988,1212,540,437,14,1084,381,204,14,24257,12551,11250,24022,12205,11817,17823,9194,8085,17416,8639,8356,17442,0,0,24822,11642,10972,22695,13749,8254,22684,11525,10231,22631,11783,10037,22108,10304,10452,22073,10650,9934,22228,11208,10115,24398,12573,10659,27510,14572,12336,27024,13396,11958,24457,12853,10680,22544,12258,9718,22332,11445,10876,22126,10827,10200,22280,12488,9787,22380,12122,10244,25595,13634,11290,27324,14549,12179,27004,15576,10688,26600,14248,12323
67,34A,36861,32711,1019,1585,1318,309,35,0,0,41571,35329,1478,2814,1926,275,21,0,0,42169,34488,1729,2959,2031,672,60,42623,36913,1430,2811,1141,279,19,2448,988,31,0,761,42845,35533,955,3150,2222,399,26,26334,23946,571,840,816,182,24,0,0,29017,26885,447,1050,539,101,0,984,434,18,0,30,0,31441,26748,1045,1697,1290,445,43,31441,26748,1045,1492,1122,96,5,807,30220,27967,449,1211,478,143,0,0,0,0,0,30479,27555,313,1443,884,239,0,1344,727,55,0,30593,26855,995,1639,867,144,4,1532,718,48,4,20557,8896,11303,20941,8850,12091,14221,5920,7795,13854,5497,7974,13760,0,0,21626,8451,11209,19688,10704,8429,19621,8652,10160,19601,8752,10137,19387,7620,10647,19190,7937,9883,19234,8269,10106,22121,9878,11099,26539,12578,13313,26031,11182,12848,22764,10481,11344,21514,10469,10447,21337,9504,11811,21010,9010,10991,21226,10740,10474,21391,10509,10874,25727,12377,12548,29728,14647,14397,29200,15812,12445,28625,13861,14736
68,34B,36569,23178,1204,6194,5783,426,41,0,0,37345,21169,858,7980,7291,245,144,0,0,42869,22225,2252,9607,8137,736,82,36014,20044,931,7263,7534,178,63,6230,6727,44,51,1930,40028,21184,1552,8707,8037,464,64,26235,18111,689,3569,3693,243,30,0,0,25652,17048,463,3554,4320,100,40,3210,4176,45,40,135,0,31546,18243,1432,5942,5393,485,63,31546,18243,1432,5446,5098,115,3,1058,25036,16548,491,3119,4616,138,25,0,0,0,0,28052,17381,866,4162,5297,234,0,3739,5058,55,0,28024,17315,1155,5032,4178,280,8,4712,4098,65,8,20257,11254,8678,20332,11679,8653,13203,7167,5625,12938,6797,5840,12883,0,0,20743,11494,7592,18803,12472,5671,18731,11069,6775,18692,11166,6822,18524,10280,7196,18392,10317,6721,18428,10845,6798,20594,12218,7289,23681,14765,8368,23148,13036,8126,19985,12055,7040,16923,10598,5796,16808,10044,6741,16588,9395,6243,16705,10820,5861,16871,10668,6188,20936,12895,7296,22836,14218,7959,22262,14714,6749,21799,13669,8091
69,35A,41224,35206,1428,2568,1457,719,42,0,0,42619,35575,1163,4190,1300,649,31,0,0,42891,32645,1939,4465,2547,1224,59,42101,34379,1396,4005,2016,729,16,3080,1250,175,16,1766,42726,32985,1715,4843,2665,997,142,31423,27883,857,1378,884,481,25,0,0,31979,28394,483,1895,746,399,14,1642,641,138,14,73,0,33472,27050,1220,2604,1623,805,35,33472,27050,1220,2211,1422,209,13,1247,31745,27606,695,1985,1109,360,4,0,0,0,0,32524,27235,791,2513,1447,487,15,2047,1220,234,15,32200,26258,1147,2626,1537,496,16,2087,1258,228,16,22555,11328,10682,22036,11460,10576,13899,6923,6367,13487,6522,6530,13690,0,0,21757,9245,10342,18220,10337,7080,18179,8956,8071,18188,9115,8140,18058,8150,8506,17962,8301,7886,17882,8785,8205,20633,9935,9275,24075,12157,11211,23535,10578,10315,20350,9962,9218,17375,8929,7724,17264,8541,8707,17148,7802,7962,17212,9310,7884,17284,8974,8290,21489,10841,9727,23612,11923,11104,23146,12856,9347,22639,11774,10828
70,35B,41268,35299,1284,2610,1681,645,38,0,0,41365,33562,1680,4058,1823,333,69,0,0,42517,31369,1923,5166,2954,1031,57,41981,33508,1931,3795,2522,344,19,2705,2121,123,0,1584,42690,32475,2213,4635,2873,704,2,30667,27275,723,1363,1029,358,23,0,0,31088,27069,818,1854,1076,190,40,1592,979,113,40,28,0,32389,25529,1195,2965,1874,685,39,32389,25529,1195,2551,1654,161,7,1177,31536,26953,993,1651,1649,219,15,0,0,0,0,31802,26278,1166,1954,1951,519,0,1680,1838,149,0,32105,25407,1260,2246,2624,537,0,1943,2355,164,0,23030,11234,11371,22466,11314,11152,14071,6800,6733,13699,6381,6920,13835,0,0,22019,9269,10665,18405,10575,7122,18342,9020,8312,18384,9242,8277,18217,8280,8684,18141,8461,8139,18056,8900,8338,20765,10064,9383,24142,12308,11211,23648,10735,10357,20415,9957,9366,17244,8663,7950,17105,8170,8912,16967,7545,8171,17049,8969,8065,17143,8594,8534,21477,10740,9849,23596,11778,11166,23173,12784,9462,22708,11506,11162
71,36A,40695,37043,779,891,1671,386,36,0,0,43536,39495,806,949,1841,628,14,0,0,42948,36888,1234,1514,2196,720,61,43780,39412,771,1117,1799,578,0,723,1276,159,0,1245,42819,38043,972,1128,2035,454,0,30056,27739,448,644,974,267,18,0,0,33010,30710,396,542,907,426,0,473,862,205,0,29,0,33080,29119,745,965,1428,519,54,33080,29119,745,807,1192,185,3,930,33257,31072,361,586,836,405,0,0,0,0,0,32416,29911,442,680,1084,265,0,526,1009,134,0,32200,28858,665,803,1505,322,0,625,1375,129,0,24581,11365,12791,24653,10956,13697,17501,7614,9350,17145,7171,9568,17032,0,0,25052,10680,12079,22966,13083,9302,22850,10745,11180,22887,11002,11165,22473,9358,11814,22307,9741,11083,22281,10285,11137,24907,11861,11853,28306,14159,13451,27853,12827,13291,24968,12129,11873,22963,11563,10834,22754,10484,12255,22450,9908,11431,22668,11794,10857,22841,10956,11866,26408,13104,12583,28568,14232,13647,28117,15363,11993,27703,13122,14553
72,36B,40993,35828,1233,1499,2213,481,55,0,0,44256,37503,2079,1988,2721,202,16,0,0,42879,34141,2142,2614,3178,820,49,44672,37263,2674,2294,2508,210,32,1845,1636,11,0,1244,42675,34201,2987,2248,3159,308,83,32101,29092,718,745,1339,296,29,0,0,33642,30195,887,971,1486,110,0,902,1215,24,0,8,0,34224,28616,1280,1535,2116,547,36,34224,28616,1280,1224,1915,89,8,986,34045,30304,1251,1116,1294,96,0,0,0,0,0,32011,27730,1252,921,1955,169,0,650,1543,8,0,32098,27205,1227,1277,2045,217,8,803,1766,59,8,25698,13612,11589,25060,13492,11568,17558,9250,7706,17153,8691,7971,17129,0,0,25091,12438,10298,22194,14035,7465,22127,12035,8999,22149,12317,8983,21697,10772,9409,21575,11027,8828,21744,11814,8955,24090,13173,9585,27046,15531,10888,26515,13944,10470,23881,13276,9579,21523,12335,8572,21216,11468,9725,20962,10667,8961,21155,12647,8470,21342,12337,8983,24669,14016,9884,26215,14989,10649,25692,15868,9063,25085,14717,10345
73,37A,37249,33008,802,1056,2248,212,52,0,0,42428,36401,790,2072,2818,472,5,0,0,42851,34791,1313,2062,3785,562,36,43060,36852,522,2872,2671,365,29,2381,2154,41,0,1075,43647,35959,557,3159,3435,406,45,26306,23826,450,558,1369,125,19,0,0,28976,26513,228,652,1312,222,0,610,1209,108,0,28,0,31409,26335,780,1223,2435,386,20,31409,26335,780,1015,2214,52,3,915,28804,26596,147,708,1129,165,0,0,0,0,0,29586,26661,208,991,1542,132,0,943,1462,44,0,30482,27003,276,1179,1748,162,18,1131,1659,14,18,21905,8622,12970,22964,8775,14189,16057,5786,9873,15818,5466,10066,15649,0,0,23885,9336,12486,21866,11522,9874,21807,9318,11844,21797,9282,11940,21508,8194,12367,21273,8202,11899,21398,8812,11838,23995,10549,12442,27763,13277,13888,27311,11691,14135,24348,11076,12437,22796,10872,11425,22553,9758,12781,22206,9112,12285,22430,10911,11498,22710,10785,11914,26259,12415,13160,28854,13987,14108,28396,14945,12604,28031,12844,15161
74,37B,38559,33404,1043,2034,1830,320,53,0,0,43529,36759,1213,2737,2624,492,15,0,0,42986,33790,1680,3562,2992,752,55,44062,37096,1259,3285,2258,447,15,2426,1732,159,0,1330,43533,34809,1339,3881,3048,564,18,29504,26398,625,1084,1221,205,33,0,0,32782,29595,548,1147,1250,284,0,963,1164,130,0,50,0,33721,27798,1075,2013,2092,516,33,33721,27798,1075,1727,1848,111,9,995,33367,29965,611,1441,1173,238,0,0,0,0,0,32716,28682,631,1629,1522,253,0,1564,1399,80,0,33283,28643,808,2062,1610,146,14,1987,1420,25,14,24668,11894,12381,24725,11873,12852,16461,7695,8265,16141,7259,8504,16053,0,0,25148,11782,10993,22652,13775,8256,22622,11800,9982,22595,11874,9951,22285,10598,10450,22079,10654,9903,22195,11304,9983,24802,13035,10520,28391,15895,11777,27877,14284,11730,24745,13363,10362,22337,12726,9031,22112,11768,10327,21815,10992,9790,22013,12962,9036,22267,12636,9618,25939,14555,10602,27748,15898,11142,27263,16756,9627,26821,15016,11785
75,38A,38767,17967,3456,11991,5245,561,94,0,0,42061,16128,3526,15728,7582,457,133,0,0,42860,14883,4111,15970,7596,863,83,42919,15817,3038,15872,8548,289,94,14546,7774,50,13,1471,43317,14756,3647,16522,8036,646,66,27728,14853,1997,7337,3383,343,67,0,0,26386,13379,843,7498,4271,205,4,7189,4201,106,4,180,0,31316,12858,2551,10412,5088,604,42,31316,12858,2551,9681,4873,130,1,1086,27383,13365,618,8182,5016,125,10,0,0,0,0,28164,13111,984,8587,5215,232,0,7855,5161,79,0,27539,11930,1259,8098,5957,279,0,7381,5777,139,0,16566,10477,5818,17518,11592,5926,9887,6070,3466,9655,5829,3574,9643,0,0,17080,10734,5093,14217,9973,3545,14168,9091,4175,14127,9169,4205,14039,8710,4455,13891,8491,4122,13930,9055,4193,16023,10358,4664,18758,12687,5624,18149,10933,5103,15142,9875,4463,11435,7533,3456,11336,7400,3924,11190,6654,3747,11245,7699,3541,11375,7614,3752,15350,10084,4600,16578,10939,5254,15979,11041,4209,15572,10509,5032
76,38B,38387,17254,3357,11297,6319,609,64,0,0,39585,15082,4711,12232,7379,313,106,0,0,42883,13805,5321,14237,9063,1234,75,40060,14177,4350,14454,7101,361,80,13258,6646,107,80,1366,42403,13900,5439,15995,6753,691,24,27754,14931,1974,6774,3861,384,44,0,0,24208,12877,1267,5682,4222,147,0,5454,4141,65,0,69,0,31000,12330,3365,9109,5719,828,56,31000,12330,3365,8284,5432,209,10,1232,24315,11963,1274,6709,4102,189,0,0,0,0,0,25355,12448,1539,6966,3940,312,0,6485,3844,84,0,25362,10931,2012,7715,4316,353,0,6935,4280,94,0,16952,11184,5428,17036,12118,4918,9597,6332,2890,9308,6040,3003,9412,0,0,16229,10714,4246,13588,9920,2876,13524,9191,3342,13492,9284,3383,13464,8894,3645,13329,8626,3352,13307,9269,3387,15318,10425,3817,17934,12830,4658,17380,10885,4220,14406,9880,3652,10813,7542,2759,10736,7479,3235,10588,6680,2949,10663,7771,2869,10679,6988,3634,14683,10227,3730,15927,11256,4260,15355,11265,3284,14925,10367,4465
77,39A,38806,28210,3142,4661,2215,982,51,0,0,39875,25121,4766,6917,2579,1063,164,0,0,42355,24614,5158,8236,3246,1367,67,40137,24336,5165,7391,2544,1040,68,6278,2222,320,59,1718,42739,24553,6370,8098,3018,1009,31,29996,23629,1818,2566,1480,621,40,0,0,27861,21038,1419,3357,1411,590,20,2968,1261,345,20,77,0,32703,21192,3257,5125,2247,936,41,32703,21192,3257,4580,2020,260,15,1208,27934,20430,1585,3634,1533,664,40,0,0,0,0,29691,21052,1986,4451,1539,545,0,4104,1314,243,0,29857,20810,2066,4374,1839,509,6,4119,1660,223,6,20590,11976,8120,19936,12357,7579,12647,7531,4569,12268,7186,4669,12426,0,0,19466,10621,6965,16787,11178,4748,16710,10104,5531,16730,10302,5542,16593,9431,5937,16502,9325,5499,16465,10038,5583,18672,11168,6225,21554,13647,7309,21035,11880,6823,17958,10874,6057,14616,9154,4906,14518,8808,5695,14379,8067,5171,14468,9472,4980,14363,7717,6544,18448,11385,6224,19745,12105,6918,19269,12708,5683,18766,10737,7867
78,39B,37876,28172,2599,4310,2367,704,68,0,0,39869,26702,3182,6960,2442,931,34,0,0,42253,25836,3882,8331,3270,1130,57,39531,26196,2855,7052,2403,931,37,6348,2188,432,8,1083,41417,25199,3450,9140,3215,494,96,29833,23740,1555,2477,1716,443,42,0,0,28006,21941,1033,3410,1161,448,8,3209,1108,288,8,43,0,32694,21908,2495,5119,2423,765,43,32694,21908,2495,4634,2162,231,14,1134,28605,21801,1042,3739,1479,493,8,0,0,0,0,29757,21316,1515,4891,1774,172,4,4601,1610,59,4,30362,21206,1729,5239,1858,217,0,4725,1624,78,0,21630,12864,8263,23503,14591,8912,14670,8944,5185,14268,8547,5237,14311,0,0,21440,13158,6192,19467,14117,4600,19374,12847,5492,19402,13118,5526,19149,12047,5894,18984,11861,5569,19069,12678,5510,20948,13968,5770,23412,16584,6253,22877,14822,6191,20068,13639,5476,16694,11749,4423,16578,11411,5139,16313,10556,4691,16470,12025,4425,16460,10824,5541,20381,14144,5468,21584,14915,5941,21060,15340,4861,20433,13684,6633
79,40A,39732,33448,1319,1713,2969,399,36,0,0,42531,34275,1870,2561,3332,620,145,0,0,42860,32099,2610,2935,4318,787,85,43649,34606,1777,2623,4160,619,47,1516,3923,84,28,1607,43156,32591,2188,3856,3851,798,20,31607,27580,783,970,2030,266,24,0,0,31665,27703,663,1305,1696,255,35,966,1598,48,35,19,0,33184,26319,1568,1715,2909,515,54,33184,26319,1568,1419,2661,81,28,1013,32380,28378,515,1327,1851,257,15,0,0,0,0,31653,26848,678,1818,2021,275,0,1448,1860,87,0,30735,25542,1017,1604,2299,257,4,1469,2063,39,4,24988,12982,11537,24695,13200,11495,17469,9336,7570,17117,8897,7745,17085,0,0,24437,12744,9213,21717,14071,7048,21674,12303,8478,21691,12578,8435,21249,11125,8931,21127,11231,8501,21299,11971,8438,23348,13431,8697,25786,15856,9242,25268,14283,9325,22904,13572,8355,20222,12637,7088,19981,11749,8214,19721,11067,7631,19942,12858,7065,20091,12512,7559,23438,14384,8342,25064,15525,8803,24492,16197,7475,23836,14926,8873
80,40B,39259,31877,1564,2425,3146,455,47,0,0,41937,32494,1601,3118,4527,602,89,0,0,42183,31035,2004,3654,4736,788,40,41324,31479,1758,3574,4129,722,87,2587,3220,147,6,2072,41338,30423,1786,4086,4370,600,15,31541,26796,985,1453,2111,283,33,0,0,31798,27346,800,1439,1763,395,0,1226,1558,206,0,105,0,34062,26496,1335,2311,3284,550,28,34062,26496,1335,1959,3000,111,13,1044,31491,26646,909,1650,1890,286,4,0,0,0,0,31546,26128,936,2090,2003,391,15,1873,1809,163,15,31312,25039,1145,2147,2553,286,14,1893,2426,110,14,24551,14052,10044,23663,13936,9727,17543,10371,6671,17188,9951,6791,17081,0,0,24112,14127,7574,22536,15718,6219,22477,14138,7511,22471,14423,7432,21993,12897,7920,21887,12863,7631,22038,13736,7404,23931,15218,7539,26462,17830,8021,26040,16323,8136,23551,15381,7209,21152,14448,6172,20929,13763,7130,20593,12948,6534,20815,14724,6067,21016,14413,6569,24215,16273,7239,25598,17409,7524,25124,17867,6427,24602,16888,7663
81,41A,36359,32375,1070,805,1864,310,46,0,0,39367,34902,1439,1147,1827,125,16,0,0,42351,34863,2093,1491,2858,713,40,39871,36049,1374,695,1619,129,12,424,1408,14,1,570,43538,37279,1478,2304,1949,320,62,26434,24135,622,421,1104,189,28,0,0,28580,26430,453,561,1079,76,0,532,966,12,0,0,0,31630,26960,1220,856,1821,476,21,31630,26960,1220,646,1629,102,7,936,28994,27017,481,340,1039,85,0,0,0,0,0,31699,28263,721,1154,1290,158,32,941,1197,40,32,32920,29112,833,996,1623,194,17,654,1497,47,17,22201,10804,10960,22446,10592,11854,16556,7648,8394,16203,7133,8658,16110,0,0,23715,10359,11321,22191,12839,8748,22154,10626,10710,22168,10922,10565,21685,9415,11048,21591,9695,10540,21769,10307,10642,24291,11842,11345,28278,14428,13250,27839,13079,13160,24873,12346,11644,23719,12183,11001,23494,11158,12316,23298,10712,11625,23450,12375,11061,23602,12037,11331,27451,13955,12795,30918,15763,14467,30480,17090,12559,30130,15844,14020
82,41B,41508,36956,1527,1573,1147,471,52,0,0,41992,36431,1791,1882,1370,499,116,0,0,42393,34653,2207,2620,1871,953,63,43068,36834,1716,2672,1033,530,88,1761,794,176,69,1531,42553,35654,2046,2034,1598,803,88,30465,27909,821,824,671,292,35,0,0,31679,28517,987,1028,830,182,89,842,713,111,89,47,0,32207,27517,1313,1437,1159,587,38,32207,27517,1313,1185,958,141,15,996,32395,29000,981,1388,712,212,70,0,0,0,0,32151,28631,1040,1237,768,340,50,1124,668,119,50,32627,28072,1561,1429,1103,365,28,1349,1028,159,28,22972,11904,10534,22426,11498,10928,14288,7255,6438,13854,6779,6667,13900,0,0,22285,9480,10664,19331,11314,7260,19277,9404,8830,19260,9687,8674,18969,8478,9127,18845,8653,8546,18955,9125,8823,21691,10476,9896,25400,12453,12237,24991,11344,11406,21726,10547,10122,19304,9631,9054,19183,9055,10108,18938,8386,9405,18772,9767,8991,19292,9262,9239,23126,11328,10978,25145,12059,12553,24724,13319,10554,24645,12983,10982
83,42A,33785,28115,855,1697,2949,225,30,0,0,40700,30230,1730,2734,5797,400,12,0,0,42509,30897,1338,2535,7094,492,38,41202,30234,1416,2505,6807,333,9,1316,6320,141,0,1594,41779,30389,1754,2333,6853,171,42,24647,21177,498,1010,1843,148,16,0,0,27332,23000,652,1121,2373,166,0,1014,2307,90,0,20,0,30532,23401,795,1419,4468,330,26,30532,23401,795,1174,4209,45,1,817,27828,23135,670,1221,2637,142,0,0,0,0,0,28240,23012,963,1205,2961,52,4,851,2735,14,4,28198,23126,623,1250,2981,169,7,895,2676,71,7,19990,9986,9751,20779,9973,10806,14813,6960,7553,14611,6621,7764,14456,0,0,21883,11402,8598,20712,13231,7110,20656,11306,8803,20628,11296,8901,20339,10130,9355,20166,10093,9052,20289,10815,8841,22506,12683,8973,25911,15713,9658,25618,14265,10215,22574,13157,8717,20886,12796,7679,20682,11609,9051,20423,11013,8740,20617,12771,7835,20846,12616,8214,24071,14433,9037,25816,15627,9367,25561,16603,8215,25178,14721,10433
84,42B,39506,32202,1265,2703,3171,304,40,0,0,41740,32250,2030,3359,3853,472,52,0,0,42547,31666,1827,3862,4503,626,69,42096,31577,2489,3152,4206,614,116,2063,3303,111,41,2051,41774,30972,1989,3877,4166,482,171,30503,25795,770,1641,2149,194,22,0,0,30957,26351,818,1941,1501,251,24,1727,1304,79,24,89,0,33531,26119,1211,2518,3127,439,49,33531,26119,1211,2182,2869,75,17,971,31043,26502,837,1518,1682,366,44,0,0,0,0,31248,26282,890,1860,1829,288,40,1659,1528,104,40,30180,25065,1075,1714,1995,353,16,1413,1705,144,16,24021,12795,10849,24068,12619,11449,16265,8264,7580,15992,7816,7854,15825,0,0,24244,13038,8943,22197,14533,7143,22150,12626,8753,22102,12657,8791,21795,11439,9252,21625,11408,8928,21712,12253,8682,23932,13920,8894,26878,16807,9470,26491,15069,9778,23460,14072,8496,20623,12974,7244,20426,12050,8354,20207,11411,7992,20379,13109,7256,20595,12978,7607,24065,14913,8483,25192,15965,8568,24884,16611,7500,24511,15138,9341
85,43A,40263,29457,2659,5982,1904,660,75,0,0,40684,28053,2685,7878,1836,473,84,0,0,42830,27056,3521,8938,2440,998,41,40406,27489,2848,7975,1913,441,81,6972,1303,105,10,1559,42084,28113,2309,9113,2255,685,234,31486,24760,1561,3613,1328,398,50,0,0,29532,23342,981,3903,944,249,20,3648,874,91,20,85,0,33686,23246,2221,5776,1727,697,35,33686,23246,2221,5164,1519,164,10,1202,29432,23201,1181,3798,910,204,10,0,0,0,0,31194,23586,1121,4926,1215,224,10,4636,957,67,10,29956,21622,2032,4707,1220,319,0,4369,988,96,0,22868,13390,8989,22412,13811,8601,14633,8752,5286,14215,8261,5546,14241,0,0,21882,12715,7057,19482,13426,5200,19440,12052,6185,19451,12242,6223,19270,11274,6596,19088,11060,6165,19082,11924,6179,21167,13207,6601,23815,15742,7397,23241,13728,7240,20397,13060,6277,17092,11570,4955,16922,11107,5789,16630,10106,5350,16807,11732,5064,16768,9896,6772,20931,13798,6326,22632,15190,6814,22049,15516,5675,21310,12935,8205
86,43B,38950,31162,1388,4491,1739,472,39,0,0,41784,32089,2393,5051,2064,512,24,0,0,42476,31419,2202,5710,2225,927,65,41858,30605,2392,6532,2130,594,22,5237,1368,198,0,1981,41362,30670,2208,5651,2357,712,7,30818,25822,842,2798,1186,295,30,0,0,32608,26977,1008,3369,886,265,0,2892,692,114,0,119,0,34640,27033,1504,3777,1584,674,48,34640,27033,1504,3180,1263,117,3,1346,32895,25867,1081,4552,985,322,0,0,0,0,0,32243,26472,1156,3135,1002,386,0,2830,778,108,0,31462,25134,1452,3203,1304,263,5,2973,954,68,5,25331,16353,8497,24662,16237,8425,17419,11473,5424,16974,10964,5572,16996,0,0,24682,16209,6346,23534,17799,5012,23499,16316,6186,23454,16488,6155,23225,15226,6629,23061,14935,6379,23103,16076,6146,25065,17479,6343,27977,20499,6785,27537,18555,7032,24443,17505,5967,21712,16314,4849,21526,15673,5831,21295,14760,5430,21473,16525,4935,21227,14040,6976,25182,18500,5940,26458,19785,6044,26058,20162,5095,25183,16803,8097
87,44A,38693,27837,2288,3580,4852,490,71,0,0,41376,25914,3296,5432,6687,731,47,0,0,42823,24022,3570,5641,8938,1008,92,41732,25330,3006,5311,8112,605,26,3775,7278,122,0,2150,42237,24162,3494,4409,9297,868,26,30012,23329,1365,2092,3050,312,44,0,0,30772,22445,1380,3122,3507,360,0,2740,3363,113,0,35,0,33256,21007,2260,3441,5971,662,56,33256,21007,2260,2957,5704,118,7,1104,30658,21881,1184,2542,4714,214,0,0,0,0,0,30578,21297,1444,2172,5194,357,0,1838,4900,106,0,29693,19913,710,2583,6013,378,4,2342,5744,126,4,21446,12772,8243,21209,13034,8175,14085,8293,5239,13724,7849,5449,13732,0,0,21057,11904,7297,18123,12195,5131,18055,10837,6078,18055,11105,6124,17740,10007,6442,17589,10027,5958,17698,10852,6031,20057,12086,6741,23136,14532,8074,22492,12774,7455,19491,11841,6639,16224,10006,5589,15945,9562,6368,15733,8668,5795,15918,10333,5568,16134,9925,6185,20032,12275,6939,21568,13135,7870,20867,13674,6253,20420,12658,7728
88,44B,39383,30987,2008,2923,3289,467,65,0,0,41571,28523,2925,5038,4719,762,31,0,0,42217,26630,3645,5338,5856,906,81,41519,27259,3482,5705,4975,1090,20,4441,4537,86,0,1632,41739,26384,3348,5097,6457,934,76,30130,25223,1171,1553,2003,281,37,0,0,31241,24061,1433,2635,2725,314,0,2260,2613,94,0,70,0,32851,22999,2269,3166,3701,656,58,32851,22999,2269,2739,3519,142,11,1057,31095,23087,1907,2940,2809,279,0,0,0,0,0,30970,22541,1644,2648,3662,442,0,2204,3530,79,0,30850,22097,2102,2335,3842,502,14,2004,3719,214,14,22253,12612,9161,21982,12784,9198,13968,7770,5631,13574,7244,5885,13606,0,0,22034,11185,8835,18276,11819,5758,18218,10166,6983,18217,10501,6926,17923,9232,7347,17757,9420,6813,17888,10037,6926,20501,11396,7814,23670,13665,9381,23008,11986,8655,19949,11235,7683,16603,9706,6252,16434,9150,7271,16143,8344,6580,16267,9944,6313,16435,9693,6725,20645,11840,7989,22419,12828,9093,21746,13626,7271,21220,12414,8787
89,45A,39221,36908,823,561,759,210,35,0,0,42320,39712,825,378,1106,300,114,0,0,42943,38622,1341,800,1265,720,38,42975,39384,1140,583,1461,337,66,378,980,76,8,910,42479,38094,999,817,1365,645,57,29383,27988,478,308,470,134,21,0,0,32221,30776,310,190,620,194,19,149,534,16,19,110,0,33083,30356,835,452,786,475,25,33083,30356,835,260,594,58,0,872,32441,30744,485,218,741,175,10,0,0,0,0,31339,29602,416,266,657,357,10,175,501,69,10,31422,29501,573,300,717,296,5,173,572,63,5,24852,11198,13180,25111,10500,14611,18197,7454,10193,17784,6982,10424,17696,0,0,25819,10752,12708,23776,12994,10172,23708,10705,12161,23650,10671,12259,23375,9486,12666,23163,9434,12243,23264,10137,12262,25906,11950,12786,29800,14749,14380,29357,13080,14512,26167,12441,12773,24364,12058,11719,24129,10962,13145,23773,10262,12411,24066,12218,11841,24322,12256,12060,27754,13582,13455,29712,14756,14257,29325,15825,12730,29053,14207,14831
90,45B,39200,35152,901,1527,1468,252,18,0,0,43142,37696,567,2136,2592,111,8,0,0,42996,36156,1436,2019,2600,465,55,44368,39038,881,1604,2818,150,9,1267,2350,46,9,776,43478,37487,1373,1264,3383,225,0,30861,28249,570,906,1012,166,13,0,0,32119,29962,350,1285,475,34,4,1082,431,16,4,4,0,34400,29811,925,1304,1762,340,33,34400,29811,925,1050,1531,43,3,923,33751,31451,434,1036,761,67,10,0,0,0,0,32773,30413,612,691,933,72,0,632,758,24,0,31830,28964,790,782,1045,136,5,679,877,61,5,26615,14745,11501,26652,14106,12546,19614,10228,8997,19277,9859,9068,19204,0,0,27027,15067,9604,25695,17308,7892,25657,15122,9830,25603,15048,9950,25303,13494,10575,25145,13560,10254,25224,14572,9841,27209,16298,9821,30005,19317,10122,29678,17523,10685,26760,16547,9354,24215,15612,8156,24096,14414,9661,23809,13808,9187,24041,15825,8197,24224,15779,8424,27470,17421,9434,28606,18415,9504,28398,19283,8435,28156,17757,10370
91,46A,38298,31023,1688,3397,1888,451,76,0,0,41215,33410,1865,3274,2278,321,125,0,0,42479,32263,2313,4554,2477,827,91,40864,32808,2185,2714,2385,354,87,2293,1802,207,34,1227,41566,32312,2150,3284,2565,524,31,31358,26476,1078,2119,1437,298,51,0,0,32063,27965,803,1841,1049,227,85,1698,903,161,85,55,0,35332,27945,1622,3089,1918,587,75,35332,27945,1622,2618,1580,172,23,1169,32097,27655,1254,1595,1211,283,43,0,0,0,0,32685,27876,1208,1695,1474,363,14,1396,1128,117,14,32964,27996,1456,1787,1418,289,5,1286,1026,35,5,24753,17017,7274,24082,16466,7616,15576,10710,4429,15135,10256,4493,15249,0,0,24687,16969,5501,23040,17989,4280,23003,16708,5323,22979,16883,5275,22655,15536,5759,22550,15296,5513,22573,16551,5170,24560,17787,5512,27340,20711,5960,26795,18624,6235,23811,17585,5231,20695,15902,4279,20470,15280,5165,20033,14212,4797,20344,16068,4268,20102,13559,6305,24423,18334,5360,25922,19540,5744,25464,19947,4721,24591,16387,7871
92,46B,38845,30535,1899,3686,2548,423,48,0,0,40685,30297,2381,4623,3126,427,240,0,0,42292,31240,2290,4990,2957,733,58,41337,30682,2034,4859,3453,372,238,4371,2860,124,0,1237,42317,31477,2111,5495,3236,466,280,30295,24874,1127,2299,1838,260,26,0,0,29372,24895,829,2345,927,306,0,2207,818,183,0,99,0,33739,26317,1479,3188,2092,525,40,33739,26317,1479,2723,1784,97,9,1174,30628,25848,969,2261,1234,180,0,0,0,0,0,31976,26913,988,2491,1186,244,0,2116,1042,58,0,32781,27418,1036,2823,1152,271,0,2388,917,28,0,22983,13926,8687,23208,13896,9312,16088,9347,6347,15729,8979,6413,15695,0,0,23504,14592,6810,22326,16115,5593,22248,14439,7011,22229,14587,6929,21980,13341,7433,21672,13096,7181,21834,14298,6792,23809,15732,6960,26808,18953,7227,26344,16873,7757,23257,15763,6598,20449,14405,5586,20279,13601,6652,19964,12788,6294,20194,14606,5568,20246,13943,6251,24027,16696,6654,25472,17995,6789,25116,18333,5968,24610,16536,7994
93,47A,41284,32191,1818,3337,3813,392,52,0,0,41408,31278,2082,3214,4721,511,47,0,0,42231,29210,2387,4485,5365,791,83,41844,31562,2266,3295,4489,688,60,2589,3743,87,44,1455,43432,31682,2658,4056,4815,495,57,30724,25020,1081,2032,2450,255,34,0,0,30230,25018,1109,1629,2239,175,25,1439,2061,73,25,70,0,32506,24119,1480,2731,3538,510,52,32506,24119,1480,2389,3271,70,12,1066,30764,25485,1156,1624,2159,245,40,0,0,0,0,32499,26269,1238,2254,2521,175,4,2111,2452,24,4,31178,24646,1347,2303,2612,189,99,2030,2501,23,99,23486,13086,10003,23490,13006,10484,15662,8460,6739,15331,8045,6925,15275,0,0,23435,12668,8759,20739,13667,6495,20694,11944,7888,20673,12238,7777,20325,10869,8294,20176,10984,7831,20345,11746,7815,22726,13313,8300,25929,16032,9322,25421,14415,9235,22317,13357,8067,19308,12039,6760,19180,11347,7813,18886,10672,7239,19045,12261,6772,19187,11886,7288,23103,14131,8263,24654,15135,8904,24231,15850,7544,23741,14740,8977
94,47B,30329,24121,1041,1824,3245,210,36,0,0,38220,29078,1556,2963,4653,250,0,0,0,42625,30388,1879,3513,6014,590,59,38990,28535,1930,2892,5468,117,0,2717,4888,15,0,894,41880,30817,1447,2300,6666,236,0,20372,16672,579,1047,2004,121,25,0,0,24857,20534,802,1445,1998,54,0,1320,1847,24,0,45,0,30058,22498,1148,2044,3814,366,26,30058,22498,1148,1753,3580,72,6,914,25504,20335,987,1513,2608,54,0,0,0,0,0,28119,22501,952,1279,3292,109,0,1084,3232,49,0,30730,22889,1278,2322,4110,115,0,2148,3994,44,0,16212,8002,8004,17791,8350,9441,12090,5483,6342,11904,5262,6443,11789,0,0,20258,10139,8478,18904,11786,6762,18867,9945,8345,18872,10124,8315,18468,8925,8748,18402,9128,8367,18551,9719,8312,21236,11530,8895,25765,14901,10346,25328,13302,10696,21753,12093,8963,20201,11643,8155,20072,10719,9338,19821,10215,8893,19963,11647,8302,20073,11391,8583,24221,13819,9781,27232,15793,10724,26800,16590,9415,26354,15350,10846
95,48A,34861,32090,1025,591,1035,190,15,0,0,40285,36784,1325,877,1117,141,47,0,0,42724,37703,1482,1174,1573,528,36,40498,36999,1089,947,1144,166,35,546,867,75,0,752,43063,38045,1189,1501,1492,306,140,24080,22525,559,273,619,111,7,0,0,28023,26457,714,250,489,90,0,176,402,26,0,19,0,30283,27337,856,612,995,299,23,30283,27337,856,453,813,44,1,716,28100,26713,601,271,405,119,0,0,0,0,0,30661,28327,776,770,533,168,20,535,390,43,20,32105,29637,845,821,426,184,50,355,316,29,50,18230,7283,10628,19788,7587,12201,14249,5457,8328,13938,5017,8529,13698,0,0,21456,7772,11702,20120,10360,9219,20013,8265,10972,20034,8411,10938,19727,7236,11425,19497,7270,10904,19527,7728,11025,22301,9366,11892,26640,11792,14201,26253,10617,13992,23053,9887,12332,22123,9785,11831,21914,8922,12979,21450,8324,12073,21685,10008,11659,21933,9108,12798,25691,11307,13690,28963,12799,15449,28481,13930,13712,28064,11533,16502
96,48B,37445,32780,2079,834,1620,225,20,0,0,41009,34419,2529,1451,2581,351,58,0,0,42903,34550,3128,1572,2772,603,49,42516,35567,2465,1558,2754,388,56,1035,2173,105,6,1127,42614,35037,2938,1539,2626,315,31,26263,23514,1202,420,1024,148,13,0,0,29333,26216,954,715,1280,134,0,635,1180,97,0,30,0,32017,26847,1931,850,1781,397,39,32017,26847,1931,670,1576,70,10,823,30621,27378,1023,870,1130,172,0,0,0,0,0,30561,27258,1138,698,1276,207,0,453,1166,88,0,31358,27451,1469,823,1443,181,0,613,1244,56,0,21316,9687,11301,21720,9429,12291,15266,6284,8579,14954,5926,8706,14790,0,0,23246,10593,10401,21238,12425,8292,21155,10369,10070,21151,10442,10053,20874,9258,10547,20658,9185,10134,20690,9773,10126,23245,11698,10447,26707,14511,11573,26367,12846,11805,23233,12009,10321,21070,11296,9309,20924,10320,10587,20589,9690,10034,20757,11341,9406,20875,10484,10371,24600,13034,10869,26436,14243,11498,26098,14974,10402,25660,12700,12941
97,49A,40355,35060,1014,2175,1978,255,37,0,0,41791,34269,1126,3504,2535,379,112,0,0,42615,33693,1766,3315,2979,593,70,42691,33319,1021,3947,3223,406,128,3161,2442,28,0,1996,42553,32770,1237,4074,3655,379,79,30918,27750,610,1170,1274,145,23,0,0,31308,27616,556,1562,1304,182,0,1400,1130,8,0,94,0,33498,27744,1185,1874,2040,431,44,33498,27744,1185,1567,1762,43,12,1081,31910,27503,557,1758,1708,251,0,0,0,0,0,31545,26653,665,1944,1931,325,0,1820,1559,34,0,31282,26482,710,1863,1804,372,0,1742,1381,21,0,26446,14309,11732,26204,14060,12144,19636,10330,8788,19236,9904,8908,19125,0,0,26751,14762,9589,24525,16365,7562,24475,14435,9204,24421,14408,9278,24151,12989,9875,23950,12951,9510,24035,13931,9252,26169,15616,9363,28801,18401,9726,28424,16745,10093,25607,15768,8908,22771,14657,7621,22554,13688,8850,22309,12978,8419,22549,14897,7639,22745,14689,8044,26193,16602,8888,27537,17704,9076,27174,18394,7966,26792,16878,9885
98,49B,40204,31201,1305,2684,4872,255,43,0,0,42829,29476,2262,3762,6975,310,17,0,0,42719,28544,2004,3524,8022,524,36,41993,28274,2515,2938,7449,226,15,2679,6433,89,0,1352,41461,27950,2378,2863,7429,337,41,29398,23709,790,1499,3304,155,19,0,0,27769,23246,766,1589,2014,164,0,1451,1924,25,0,15,0,32693,23365,1300,2080,5476,361,28,32693,23365,1300,1829,5190,43,0,852,26978,22303,736,1340,2578,99,0,0,0,0,0,27826,22556,876,1395,2838,148,0,1199,2619,35,0,29002,22796,1118,1458,3388,187,0,1146,3174,14,0,22881,11528,11033,23098,11009,12089,16608,7584,8631,16290,7250,8717,15963,0,0,23042,12044,8988,21128,13557,7132,21092,11577,8900,21030,11595,8909,20753,10519,9391,20494,10209,9205,20653,11045,8987,22767,12931,8909,25574,15720,9305,25156,14143,9705,22454,13181,8492,20014,12313,7256,19832,11308,8507,19504,10739,8118,19770,12434,7324,19971,12171,7785,23236,14100,8531,24631,15216,8709,24278,15941,7673,23846,14333,9487
99,50A,36877,31148,1001,1586,2985,226,27,0,0,39952,32628,1169,1684,4195,205,9,0,0,42333,32418,1802,2354,4976,503,39,40893,33320,1497,1767,3656,179,9,1476,3073,77,0,1336,41297,33184,1398,1804,4060,247,38,28117,24365,601,950,2096,148,15,0,0,28405,25418,547,848,1369,141,0,716,1160,73,0,51,0,32902,26248,1130,1554,3392,325,24,32902,26248,1130,1281,3140,58,5,914,29463,26519,630,932,1173,152,0,0,0,0,0,30410,27131,610,1020,1510,105,0,937,1268,54,0,30678,26848,670,1123,1769,158,0,908,1575,31,0,24048,13606,10140,23625,12968,10657,18069,9744,8030,17819,9578,7967,17614,0,0,24388,14761,7659,23654,16617,6626,23610,14682,8343,23571,14736,8371,23226,13313,8947,22969,13218,8694,23097,14086,8392,24964,15941,8133,27700,19001,8175,27351,17254,8956,24585,16163,7691,22393,15267,6694,22181,14076,8089,21832,13537,7610,22078,15405,6660,22116,14213,7804,25521,17218,7737,26983,18510,7717,26668,19180,6786,25951,16290,9550
100,50B,40348,34338,1290,2240,2283,346,44,0,0,41290,33584,1712,3625,2147,642,227,0,0,42547,32834,2106,3570,3148,709,68,40534,31578,1616,4090,2789,592,165,2648,1976,113,1,2227,41927,33072,1736,4221,2503,549,216,32720,28761,807,1350,1630,231,28,0,0,31150,27830,465,1360,1054,294,4,1107,1001,117,4,143,0,34360,27763,1384,2182,2278,509,40,34360,27763,1384,1841,2026,178,18,990,30754,26591,460,1671,1341,289,4,0,0,0,0,32377,27668,801,1973,1205,310,4,1728,1129,103,4,31637,26419,835,2179,1433,304,0,1881,1272,83,0,27051,14543,12085,26772,14363,12409,19192,10154,8522,18811,9765,8648,18824,0,0,26521,14508,9620,24504,16223,7678,24451,14246,9318,24412,14462,9216,24133,12957,9879,23962,12907,9547,23991,13835,9303,26051,15490,9337,28638,18302,9694,28206,16503,9918,25613,15700,8944,23055,14790,7752,22861,13884,8952,22641,13168,8488,22809,15077,7720,22977,14744,8216,26141,16521,8881,27250,17528,9047,26896,18129,7963,26561,16654,9879
101,51A,40656,25873,7167,4630,2624,810,64,0,0,42175,25717,7086,6082,3039,846,72,0,0,42586,25145,7667,5777,3138,1406,95,42328,25569,7719,6195,2318,1111,70,4878,2011,119,21,1772,43065,26543,7429,5670,2736,980,33,31886,22304,4283,3052,1947,501,44,0,0,29079,22281,1552,3488,1348,358,15,3100,1223,95,15,45,0,34062,21944,4983,3913,2480,964,76,34062,21944,4983,3233,2160,233,14,1295,30041,22266,2432,3723,1039,416,20,0,0,0,0,30701,23087,2649,3460,1019,376,15,3203,931,76,15,30968,22569,3216,3535,1001,502,0,3302,972,159,0,21672,14243,7035,21229,14619,6610,13940,9265,4208,13499,8916,4232,13605,0,0,21536,14151,5413,19779,15052,3987,19733,13775,4922,19716,14011,4824,19542,12975,5288,19382,12783,4912,19410,13601,4951,21310,14935,5173,23983,17621,5723,23570,15807,5742,20464,14609,4904,17169,12681,3938,17058,12359,4682,16805,11427,4319,16955,12956,3977,16872,11089,5640,20901,15211,4990,22194,16247,5385,21787,16520,4503,21170,14260,6756
102,51B,39376,26992,4180,4924,3078,582,95,0,0,41050,25441,5871,6287,2791,801,41,0,0,42947,25061,6474,7001,3577,1189,69,41120,24365,5864,6497,3014,770,27,5548,2577,162,7,1590,43461,25043,5906,7747,3372,1067,27,31202,23216,2535,2933,2285,369,57,0,0,29353,21927,1648,3526,1859,339,10,3305,1801,111,10,53,0,34236,22117,4129,4420,2783,836,50,34236,22117,4129,3807,2510,188,20,1262,29263,21821,1862,3313,1876,383,4,0,0,0,0,31284,22283,2444,3729,2217,577,0,3398,2073,203,0,30529,20571,2882,4445,2157,424,0,3617,2042,173,0,21574,12531,8543,21222,12860,8362,13485,7783,5224,13160,7441,5359,13226,0,0,21263,11857,7537,18973,12795,5397,18925,11503,6397,18935,11686,6385,18758,10656,6779,18617,10565,6418,18620,11294,6415,20699,12538,6910,23427,14989,7849,22925,13168,7523,19886,12223,6678,16588,10460,5505,16450,10152,6280,16207,9345,5815,16333,10763,5554,16472,10575,5873,20462,12863,6798,22006,13886,7480,21480,14453,6161,21025,13523,7463
103,52A,39816,30268,2092,3829,3435,397,85,0,0,42577,28107,2888,7589,3724,482,147,0,0,42994,28108,3163,6671,4285,834,86,41673,27078,2894,7386,4090,413,116,6472,3570,63,88,1416,43241,28093,3167,7693,4198,346,24,30559,24526,1286,2177,2382,256,54,0,0,30016,22907,1119,3663,1886,242,100,3340,1766,69,100,118,0,34031,23936,2099,4142,3187,582,54,34031,23936,2099,3656,2901,118,13,1138,29626,22445,1242,3426,2233,238,90,0,0,0,0,31279,23928,1279,3578,2382,132,0,3210,2136,22,0,31924,23097,1664,4438,2555,122,11,3968,2275,6,11,23338,12965,9943,23264,12933,10331,15096,8161,6468,14718,7749,6599,14745,0,0,22770,12162,8467,20203,13270,6237,20147,11816,7423,20146,11930,7355,19939,10809,7881,19836,10788,7485,19919,11590,7512,22230,13017,7941,25369,15788,8905,24959,14128,8727,21725,13010,7691,18556,11610,6428,18472,11093,7351,18318,10502,6875,17941,11560,6348,18574,11334,6612,22431,13814,7820,23849,14780,8434,23390,15475,7021,23301,15108,7655
104,52B,40514,33856,1511,2025,2954,319,35,0,0,40409,33271,1374,2250,3389,237,59,0,0,42343,32452,2059,2967,4122,588,65,41129,32669,1272,3173,3807,331,86,1958,3443,69,0,1695,42526,32737,1475,3466,4245,365,190,30048,25938,881,1137,1941,197,21,0,0,29997,26327,780,1295,1469,90,0,1167,1322,30,0,35,0,32848,26457,1324,1727,2786,396,41,32848,26457,1324,1427,2553,58,5,901,29975,25974,682,1811,1401,128,0,0,0,0,0,31023,26266,811,1825,1844,139,0,1207,1718,60,0,30615,25052,1042,2182,2087,114,4,1516,1922,64,4,24879,13445,10997,25151,13447,11704,18932,9730,8715,18569,9405,8749,18445,0,0,25753,13998,9277,23975,16094,7335,23925,13949,9254,23918,14117,9165,23574,12514,9809,23418,12593,9408,23574,13469,9249,25612,15207,9235,28446,18025,9737,28180,16510,10145,25336,15482,8919,22971,14684,7795,22790,13557,9210,22570,13038,8654,22284,14575,7683,22949,14178,8185,26120,16416,9019,27353,17445,9217,27107,18291,8010,27055,17682,8959
105,53A,39906,31828,4230,2174,1474,467,74,0,0,42029,31849,5746,2718,1977,341,57,0,0,42491,30698,5230,3622,2132,974,80,42514,32214,6241,2303,1754,363,63,1511,1429,60,0,1016,42690,32290,5454,2694,1943,503,98,30433,25479,2530,1261,957,300,47,0,0,30994,26177,2156,1517,957,151,0,1214,953,43,0,112,0,33593,25719,3447,2272,1480,698,48,33593,25719,3447,1845,1279,126,20,1040,31455,26760,2169,1264,977,166,0,0,0,0,0,32517,26818,2629,1589,1077,260,0,1372,888,62,0,32839,26660,3205,1507,1110,277,14,1230,803,113,14,23273,12814,9979,22831,12530,10301,16136,8466,7164,15759,8132,7236,15728,0,0,23486,12104,9336,21181,13543,6954,21135,11623,8572,21142,11936,8452,20862,10575,8941,20700,10793,8396,20814,11515,8471,23068,12912,8967,26150,15430,10120,25706,13856,9965,22723,12946,8853,20023,11732,7808,19838,10948,8867,19637,10438,8261,19225,11726,7475,20014,11300,8004,23721,13862,9149,25611,15142,9893,25137,16109,8250,25051,15550,8923
106,53B,40274,32643,4127,2092,1140,595,72,0,0,40642,30691,4664,2650,1968,1022,102,0,0,42507,29747,5557,3695,2305,1306,75,39578,29494,4539,2835,1961,866,13,1635,1722,121,0,1867,41736,29998,5843,3425,2297,611,109,30658,26272,2400,1051,680,375,51,0,0,29697,24885,1978,1222,1064,450,0,886,998,138,0,118,0,32434,24496,3455,2089,1410,854,52,32434,24496,3455,1660,1240,174,22,1222,29381,24233,2219,1251,1083,457,0,0,0,0,0,31304,25026,2914,1639,1207,328,25,1431,1132,90,25,32094,25455,3174,1670,1288,268,35,1575,1214,34,35,21560,12503,8419,21010,12588,8422,13410,7755,4990,12931,7185,5259,13142,0,0,21064,10209,8573,18039,11325,5674,17998,9721,6946,17979,10171,6657,17704,8966,7026,17615,9082,6439,17742,9900,6769,20150,10860,7733,23348,13064,9583,22931,11438,8822,19912,10865,7825,17278,9824,6724,17099,9410,7667,16950,8643,7006,16704,10009,6652,17252,9417,6816,21200,11791,8466,23619,13054,9987,23062,14010,8026,22921,13935,8200
107,54A,36624,27229,3137,1879,3895,653,51,0,0,39216,27009,3447,3600,4330,965,30,0,0,42992,27222,4633,4657,5496,1045,91,40315,27254,3445,4255,4910,937,290,2994,4093,158,0,2173,42768,27336,4283,4280,5942,1090,313,25628,19932,1853,1001,2490,447,31,0,0,26406,20542,1168,1656,2391,502,0,1557,2207,134,0,180,0,31006,20789,2976,2672,3799,705,53,31006,20789,2976,2388,3557,306,8,870,26934,20957,1119,1673,2665,335,0,0,0,0,0,28373,21299,1839,1429,3247,438,8,1095,3138,158,8,30632,21859,1870,2701,3656,454,9,2208,3411,264,9,16722,8254,8158,17625,8454,9171,10601,4832,5348,10322,4508,5487,10377,0,0,18767,8171,8794,16253,9362,6128,16181,7952,7262,16177,8099,7267,16023,7205,7655,15816,7196,7143,15936,7765,7367,18411,9107,8168,21944,11559,9800,21503,10237,9378,18371,9298,8176,16026,8501,7031,15902,7946,7941,15730,7354,7442,15439,8429,6996,16001,8190,7195,20046,10423,8921,22872,11671,10632,22297,12660,8797,22124,12216,9279
108,54B,36636,32631,1244,665,1412,787,41,0,0,42251,36498,1975,996,2141,745,64,0,0,42898,35286,1918,1606,2335,1476,74,42283,35666,2093,1631,1908,956,42,826,1406,290,1,1854,43379,36281,2051,1819,1924,995,18,25909,23615,676,335,841,467,21,0,0,29464,26793,786,377,1052,383,4,282,1009,226,4,81,0,31631,26976,1132,853,1524,898,43,31631,26976,1132,662,1355,488,20,850,30245,26787,1177,697,939,583,4,0,0,0,0,30840,27656,816,885,824,509,4,587,720,193,4,31232,27597,1064,800,1254,529,4,544,1081,350,4,20096,8184,11522,20913,8360,12553,13935,5489,7958,13536,4987,8168,13592,0,0,22240,7817,12490,19701,9884,9154,19633,8028,10696,19628,8180,10714,19391,7010,11240,19269,7138,10678,19367,7763,10812,22149,9057,11987,26334,11372,14397,25943,10073,13955,22564,9389,12273,20813,9007,11260,20600,8215,12364,20365,7623,11741,20086,8925,11145,20752,8594,11456,24551,10533,13306,27112,11624,14899,26614,12911,12923,26545,12493,13401
109,55A,36742,28388,2088,2674,3306,418,133,0,0,41082,30837,1954,4148,3729,365,109,0,0,42831,29403,2948,5327,4234,756,109,41933,30820,2670,4226,3859,530,41,3346,3100,38,0,1807,42829,29789,3024,5802,3550,451,16,25553,20609,1248,1361,2145,212,70,0,0,28060,23170,549,1839,2204,254,0,1705,2055,49,0,65,0,31402,23019,1850,2831,3033,512,71,31402,23019,1850,2500,2799,130,33,938,29160,23775,762,1837,2418,287,0,0,0,0,0,30240,23955,1030,2614,2228,336,0,2270,2035,94,0,30207,23757,1296,2827,1978,333,6,2425,1717,43,6,19446,9337,9785,21399,10144,11255,12844,5850,6573,12521,5517,6678,12513,0,0,21270,9907,9343,19345,11451,7240,19274,9830,8562,19291,9952,8590,19027,8915,8977,18848,8792,8582,18968,9498,8671,21330,10961,9201,24814,13524,10636,24353,11986,10437,21081,11049,9082,18466,10038,7925,18335,9378,8937,18130,8793,8389,17765,9857,7887,18437,9680,8175,22219,11937,9525,23987,12914,10368,23506,13814,8862,23395,13276,9548
110,55B,39191,29345,2987,4539,2137,462,70,0,0,39951,27883,3614,6621,2171,297,94,0,0,42359,25947,5448,7652,2632,808,99,39844,27233,4096,6716,2324,323,135,5369,1701,34,0,1382,41386,27809,4042,7318,2330,473,16,30047,24055,1806,2546,1477,273,39,0,0,29217,23466,1320,3079,1193,116,0,2653,1034,25,0,57,0,32888,22299,3453,4613,1918,564,66,32888,22299,3453,4121,1661,92,18,1119,29242,23057,1409,3119,1295,167,0,0,0,0,0,31313,23569,1700,4168,1516,329,0,3626,1377,73,0,31622,23240,1951,4439,1588,275,6,3818,1465,80,6,21423,11415,9640,21393,11514,9879,13880,7078,6366,13539,6738,6458,13585,0,0,21352,10942,8567,18320,11521,6160,18283,10187,7219,18298,10393,7168,18100,9357,7577,17989,9273,7316,18082,10048,7304,20261,11389,7737,22978,13804,8621,22590,12285,8333,19539,11213,7431,16089,9516,6095,15994,9164,6821,15840,8456,6501,15487,9447,6017,16074,9231,6277,19864,11719,7436,21054,12433,8049,20572,13156,6648,20398,12798,7083
111,56A,36914,29278,2125,2940,2403,396,51,0,0,39752,28622,3020,4983,3139,514,9,0,0,42750,29269,3927,5071,3541,757,89,41573,28454,2984,6129,4061,783,63,4385,2928,57,0,2551,42815,28659,3587,7354,3401,720,45,27581,23065,1189,1563,1592,247,34,0,0,28025,23007,896,2265,1558,282,0,2157,1458,61,0,35,0,32571,23931,2452,2974,2470,541,62,32571,23931,2452,2540,2199,125,10,1161,29583,23119,1037,2793,2154,433,0,0,0,0,0,29664,23241,1245,2988,1786,337,0,2814,1493,22,0,30362,23015,1222,3702,2143,239,19,3117,1712,8,19,21939,11459,10108,21054,11201,9853,14077,7185,6498,13737,6839,6570,13762,0,0,21940,11127,8809,19863,12644,6572,19798,11119,7828,19806,11247,7790,19578,10043,8329,19471,10220,7792,19611,10953,7923,21751,12257,8322,24914,14988,9286,24497,13508,9115,21210,12274,8018,18137,10991,6702,18019,10413,7591,17881,9810,7240,17450,10913,6508,18143,10656,6916,22048,13177,8147,23580,14129,8781,23160,15004,7401,23107,14640,7981
112,56B,36354,31392,1070,1382,2292,293,60,0,0,39831,33753,1273,1963,2675,282,44,0,0,42333,33185,2073,2878,3371,694,56,39866,34028,1269,1716,2537,275,35,1375,1991,18,0,1159,41531,34878,1450,1643,3053,381,29,25754,22894,582,726,1400,166,34,0,0,27532,24979,573,676,1132,161,0,637,1022,37,0,25,0,30756,25174,1230,1587,2174,440,40,30756,25174,1230,1263,1952,71,7,901,28123,25536,464,764,1180,116,0,0,0,0,0,29410,26275,847,631,1471,105,0,483,1283,29,0,30770,26630,807,1169,1851,142,22,931,1625,16,22,20918,10362,10191,22053,10817,11236,14879,7174,7276,14585,6814,7418,14536,0,0,22828,10891,9842,21144,12959,7641,21090,11123,9228,21097,11276,9162,20820,9845,9848,20676,10093,9214,20828,10649,9417,23168,12267,9824,26847,14985,11230,26481,13599,11246,23335,12657,9803,21534,12207,8817,21348,11331,9989,21146,10765,9481,20839,12139,8672,21529,11836,9094,25128,14004,10408,27505,15356,11416,27086,16483,9782,27007,15933,10590
113,57A,34761,31492,984,854,1207,256,40,0,0,40119,35634,1106,1448,1553,253,1,0,0,42321,35581,2049,1671,2070,612,49,40415,35638,1488,1442,1572,276,28,988,1089,93,0,1019,42502,35209,2289,2541,2032,363,31,24123,22271,526,448,708,154,24,0,0,27829,25969,406,517,791,165,0,375,656,60,0,10,0,30379,26368,1190,906,1232,409,30,30379,26368,1190,718,1028,74,6,860,28180,25978,633,692,730,147,0,0,0,0,0,30076,26601,1095,1066,1086,117,0,988,992,23,0,30908,27110,1279,1135,1171,179,0,1066,977,13,0,19179,7657,11209,20144,7718,12426,13916,5218,8297,13624,4920,8405,13563,0,0,22085,7649,12695,19644,9531,9573,19574,7768,11114,19611,7976,11005,19373,6806,11584,19180,6984,10982,19335,7452,11229,22058,8747,12367,26130,10808,14811,25737,9712,14494,22590,9064,12770,21147,8706,11996,20989,7962,13013,20719,7479,12422,20283,8609,11656,21127,8353,12162,24765,10204,13931,27525,11390,15543,27038,12595,13690,26964,12027,14409
114,57B,35233,30680,1154,1295,1896,280,33,0,0,39226,32291,2260,1162,3363,463,118,0,0,42406,33061,2300,2612,3463,634,41,40566,33925,1463,1592,3144,513,170,1038,2505,121,45,1381,43371,34984,1840,2398,3481,589,115,23773,21140,632,675,1185,165,20,0,0,26827,23353,1135,430,1629,171,35,365,1494,53,35,70,0,30163,24531,1369,1432,2172,411,25,30163,24531,1369,1160,1939,94,5,913,28256,24978,650,699,1560,191,45,0,0,0,0,30405,26544,835,946,1620,271,0,701,1530,138,0,31748,26320,1309,2159,1607,261,5,1886,1499,146,5,18994,8519,10165,19772,8557,11215,12986,5354,7221,12683,5047,7327,12630,0,0,20906,8423,10610,19058,10401,8070,18994,8721,9519,19010,8840,9460,18755,7686,9974,18568,7809,9364,18742,8401,9607,21422,9907,10436,25698,12796,12306,25250,11383,12156,21926,10454,10616,20489,10283,9690,20301,9436,10847,20065,8900,10244,19611,10087,9496,20458,9912,9957,24330,12038,11566,27391,13631,13073,26916,14733,11344,26831,14334,12023
115,58A,39759,35852,2054,544,1144,246,60,0,0,42221,37176,2365,829,1630,387,100,0,0,42949,35672,3296,1143,1592,746,46,42167,36912,2267,1122,1530,521,103,473,1110,209,5,1195,42543,37046,2328,1074,1743,481,118,30147,27535,1249,337,894,156,35,0,0,31586,29116,1037,338,869,185,4,255,661,109,4,57,0,33403,28103,2337,757,1309,431,28,33403,28103,2337,592,1136,96,7,808,31541,28952,981,492,848,223,4,0,0,0,0,31953,29131,955,501,1087,200,4,323,850,71,4,32033,28965,1294,494,1057,176,7,337,880,52,7,21924,12137,9329,21872,11961,9911,15020,8426,6084,14598,7932,6264,14556,0,0,22817,10947,10118,20740,12733,7399,20667,11265,8584,20641,11381,8572,20389,10258,9004,20325,10604,8457,20315,10908,8595,22469,11870,9598,25423,13269,11589,25100,12488,10984,22635,11972,9857,21032,11308,9114,20893,10945,9938,20750,10570,9295,20671,11727,8930,21054,11185,9241,24117,12769,10684,26421,13728,12106,25989,14808,10363,25895,14474,10808
116,58B,38940,35524,1069,868,1277,361,38,0,0,41654,37923,1164,976,990,697,13,0,0,42496,36465,1583,1697,1715,702,53,42017,37588,1691,1488,963,345,11,938,615,109,0,907,42673,37817,1712,1528,1085,431,3,27304,25435,563,410,741,203,22,0,0,29509,27414,651,427,422,495,1,348,371,333,1,71,0,30894,27271,951,858,1108,437,37,30894,27271,951,679,899,95,7,901,29378,27155,923,692,332,237,0,0,0,0,0,29739,27301,973,744,455,254,2,562,350,88,2,30596,27788,1116,818,646,147,27,603,476,13,27,20762,9256,11029,21317,9254,12063,13601,5786,7199,13249,5362,7463,13258,0,0,22332,7703,12651,19151,9801,8705,19064,8043,10083,19076,8187,10101,18859,7008,10571,18709,7325,9894,18856,7705,10296,21321,8645,11550,24607,9998,14041,24201,9196,13216,21425,8670,11886,19361,7943,10861,19175,7305,11853,19061,6937,11098,18738,8111,10602,19347,7675,10905,23149,9423,13037,26014,10235,15211,25555,11836,12928,25444,11467,13287
117,59A,38323,13951,2919,15845,5126,1442,77,0,0,41180,13865,3936,17284,5498,1773,20,0,0,42430,13062,5139,18024,5270,2106,83,42637,13608,4632,17425,6422,1676,40,15131,6017,433,0,2697,43398,13720,5780,17169,5784,2024,87,26256,12067,1716,9218,2820,852,46,0,0,26872,11947,1175,10236,2715,789,0,9769,2689,420,0,128,0,29983,11501,3225,11099,3346,1323,61,29983,11501,3225,9875,3117,463,17,1575,28234,11806,2176,10047,3488,645,0,0,0,0,0,28509,11945,2680,9867,3055,746,0,9252,3000,374,0,27867,12273,2333,9560,2744,762,0,8696,2710,348,0,17569,14314,2932,17550,15037,2513,8999,7247,1396,8654,6943,1465,8810,0,0,16013,12471,2193,13767,11111,1621,13702,10696,1851,13698,10882,1851,13662,10609,1976,13514,9946,1831,13510,10934,1877,15336,11914,2092,17706,14499,2621,17166,11954,2370,14442,11338,2023,11060,8904,1532,10973,9115,1827,10717,7834,1622,10831,9185,1620,10834,8409,2309,14569,11538,2145,15506,12438,2584,14944,12196,1986,14620,11517,2950
118,59B,31289,10891,2189,14243,3722,1087,70,0,0,41259,16128,2762,16820,4882,1400,93,0,0,42494,18581,3066,15948,4138,1444,80,42591,17822,2998,16955,4564,1459,96,15251,3881,617,21,1945,43431,19248,3220,16817,4026,1320,100,23384,10269,1365,9164,2331,675,40,0,0,28406,15125,1073,8838,2450,751,20,8399,2246,525,20,203,0,33705,17668,2159,10156,3081,973,59,33705,17668,2159,9246,2768,357,14,1372,29473,16516,1156,8937,1973,663,19,0,0,0,0,31097,17789,1374,9335,1949,539,5,8821,1651,286,5,32479,19234,1378,9155,2126,614,5,8613,1762,178,5,15362,13160,1964,15984,13567,2417,9883,8025,1574,9533,7748,1550,9514,0,0,18106,14620,2065,17179,14577,1804,17103,13918,2312,17043,14053,2252,16935,13523,2457,16709,12774,2451,16691,13828,2234,18873,15368,2414,22304,18898,2890,21700,16510,3089,18619,15303,2435,16320,13744,2049,16227,13489,2716,15852,12404,2452,16052,13836,2200,15899,12336,3359,20022,16501,2754,22100,18292,3159,21455,18077,2571,20924,16137,4554
119,60A,40171,27498,4228,5577,2006,1579,58,0,0,42110,30018,3917,5082,2413,1018,78,0,0,42800,29498,4217,5708,2284,1391,65,42597,29899,3547,5804,2619,1102,79,4583,1844,382,0,2238,42385,29467,3546,6128,2552,1334,67,32666,24307,2835,3281,1548,1053,45,0,0,32689,26434,1483,2833,1259,599,0,2471,935,284,0,80,0,36139,26561,2990,3730,1847,1096,52,36139,26561,2990,3138,1407,307,15,1579,33773,26491,1485,3705,1443,727,0,0,0,0,0,34142,26822,1448,3830,1462,704,9,2954,1073,246,9,34301,26504,1492,4000,1763,624,13,3243,1243,195,13,22131,16957,4529,22193,17914,4279,14977,11972,2428,14201,11228,2422,14530,0,0,23872,18058,3406,22754,19321,2434,22655,18544,2957,22636,18784,2848,22422,17772,3190,22217,17247,3008,22229,18322,2886,24037,19453,3154,26547,22402,3471,26086,20437,3534,23348,19186,3034,20537,17463,2341,20378,17390,2957,20003,16119,2583,20257,17810,2430,20169,16408,3568,23678,19747,3053,24508,20372,3291,23960,20415,2664,23493,18935,4348
120,60B,31682,19980,1017,6240,4189,435,58,0,0,39913,23523,1690,7914,6213,872,56,0,0,42169,23824,2122,8431,7275,652,69,39317,23342,1522,7579,6290,779,61,6897,5543,406,0,1493,39495,22629,2271,8382,5581,655,96,29162,19610,862,4416,4026,338,50,0,0,31049,22406,1256,3863,2780,604,0,3499,2210,423,0,182,0,38283,23032,1896,5878,6962,551,50,38283,23032,1896,5224,6299,189,13,1517,30918,22355,1204,3749,2792,652,0,0,0,0,0,31355,21646,1648,4745,2592,469,8,4397,2076,320,8,32985,21366,1920,5706,3227,501,8,5049,2333,236,8,14622,11423,2825,15141,11827,3314,7751,6015,1399,7247,5670,1314,7152,0,0,16833,12977,2205,14391,12299,1385,14297,11871,1772,14267,12038,1636,14059,11501,1791,13800,10881,1793,13871,11587,1674,14753,12157,1686,14821,12900,1550,14153,11216,1565,13527,11264,1480,10553,8950,991,10475,9293,1165,9901,8043,1088,10167,9083,1064,10378,8904,1390,12674,10616,1475,13523,10931,2032,12596,10430,1565,12491,10264,2134
121,61A,36802,27396,1459,5208,2397,649,87,0,0,38508,28587,1658,5676,2077,680,46,0,0,42219,29060,2425,6895,2938,1070,88,39357,29169,1766,5430,2500,780,32,4607,2018,365,10,1398,41463,29517,2329,6268,2665,1556,17,33170,25478,1183,4134,2042,538,73,0,0,33334,26322,1270,3928,1248,471,19,3488,934,238,19,106,0,38275,27193,2099,5609,2533,869,69,38275,27193,2099,4854,2015,302,18,1567,33872,26453,1353,3983,1456,506,10,0,0,0,0,36189,27419,1822,4639,1734,649,10,4154,1376,334,10,35766,26424,2343,4806,1715,528,16,4263,1371,239,16,23179,18548,4178,22401,17930,4471,14245,11378,2508,13730,10912,2491,13783,0,0,23669,18807,2968,22384,19222,2404,22324,18489,3019,22250,18579,2996,21997,17567,3267,21740,16966,3345,21819,18102,2976,23611,19447,3034,25966,22245,3142,25496,20250,3381,22426,18737,2737,18644,16045,1924,18482,15869,2581,18233,15021,2239,18412,16411,1985,18124,14559,3192,22725,19288,2660,24199,20711,2713,23624,20597,2221,22928,18422,4168
122,61B,37702,32848,1222,1807,1574,438,57,0,0,41878,35981,1571,2264,2050,363,78,0,0,42825,35373,1946,2294,2279,665,65,42011,34564,2028,2787,1988,358,79,1848,1253,74,0,1618,43966,36337,2622,2484,2052,444,28,30659,27379,841,1170,1047,304,43,0,0,33122,29518,878,1390,1075,193,1,1106,766,65,1,120,0,35272,29790,1444,1674,1631,538,45,35272,29790,1444,1214,1210,93,17,1374,33752,29174,1493,1784,1063,174,0,0,0,0,0,35089,30098,1806,1794,1119,201,0,1421,858,32,0,34310,28859,2015,1812,1332,220,0,1411,1040,17,0,26778,21589,4726,25802,20631,5171,19015,15257,3376,18505,14764,3327,18375,0,0,28120,22737,3289,26895,23539,2699,26863,22519,3556,26751,22596,3473,26468,21258,3887,26185,20699,3954,26296,22022,3475,27977,23513,3383,30081,26352,3183,29729,24546,3719,27218,23292,3064,24429,21582,2326,24292,20984,3273,23921,20106,2885,24209,21832,2365,23689,19272,4021,27429,23927,2865,28338,25062,2517,27929,25092,2171,26968,21798,4707
123,62A,40388,18320,8869,10832,1647,1808,89,0,0,41237,19041,7971,11779,1876,1338,236,0,0,42714,18446,8075,13407,1803,1966,78,41613,18825,7392,12658,1669,1336,141,10780,1139,312,29,2549,39919,19222,6389,12135,1205,1345,136,32547,17096,6015,7512,1319,1228,65,0,0,27442,17565,1925,6093,1144,615,75,5463,924,287,75,103,0,34851,17247,5744,9352,1556,1535,47,34851,17247,5744,8456,1155,506,12,1550,28891,17792,2133,7200,1193,736,34,0,0,0,0,29030,18294,2511,6709,881,709,44,6041,656,353,44,30906,17906,2732,8437,1217,803,4,7565,898,370,4,18060,15890,1720,18216,16483,1733,10393,9175,875,9836,8660,858,9926,0,0,18627,15697,1339,17880,15945,965,17768,15655,1157,17708,15750,1098,17714,15411,1229,17383,14689,1206,17413,15576,1140,18607,16230,1248,20239,18310,1440,19543,16304,1401,16847,14783,1146,12397,10976,787,12430,11438,969,11951,10227,868,12131,11261,851,12228,10834,1268,15959,14007,1198,15996,13629,1591,15227,13419,1049,15288,13354,1832
124,62B,41499,17137,10927,10064,1527,3222,98,0,0,44957,19738,10793,11800,1962,2385,40,0,0,42527,18067,9932,10816,1666,3213,93,44890,19817,10574,11317,1772,2572,18,9931,1108,1193,0,1865,42931,18867,10541,10441,1411,2818,33,30145,14639,6792,6418,1056,1889,65,0,0,26600,16590,2127,5834,977,962,0,5435,846,778,0,150,0,31703,15422,6363,7224,1204,2126,64,31703,15422,6363,6431,907,1012,20,1373,26616,17036,2152,5463,884,1061,0,0,0,0,0,26603,16317,2748,5675,770,1225,4,5235,532,805,4,25870,16070,2493,5390,844,1210,17,4885,604,822,17,17921,15569,2002,18406,16355,2051,12386,10806,1229,11825,10303,1210,12014,0,0,19056,15985,1392,18333,16423,1131,18241,16023,1411,18253,16223,1349,18172,15778,1534,17959,15094,1488,17947,15979,1355,19097,16642,1460,20621,18557,1629,20162,16911,1652,17964,15753,1377,14858,13257,1100,14830,13429,1375,14470,12384,1239,14637,13460,1155,14645,12756,1767,17645,15506,1461,17981,15490,1735,17464,15422,1328,17385,14987,2251
125,63A,39904,27802,4064,5340,1619,1708,70,0,0,41399,27963,3384,7425,1782,1168,93,0,0,42332,27501,4102,7666,1804,1567,85,41250,28014,3351,7176,1834,1103,88,6275,1257,447,25,1696,42015,28521,2855,7546,2121,1127,42,32436,24216,2520,3611,1214,1156,49,0,0,31153,24145,1155,4088,968,700,0,3843,768,388,0,81,0,34257,23743,2785,5359,1316,1148,52,34257,23743,2785,4714,1004,446,10,1417,31732,24495,1342,4189,1064,690,0,0,0,0,0,32193,24940,1193,4239,1201,640,0,3814,966,185,0,33757,25228,1913,4682,1248,554,0,4125,869,162,0,24046,19767,3715,23790,20364,3426,17629,15112,2054,16923,14380,2096,17160,0,0,24995,20502,2470,24286,21524,1993,24229,20967,2414,24169,21094,2397,24037,20305,2623,23810,19771,2547,23832,20654,2372,25200,21614,2482,27019,23920,2572,26604,22391,2727,24500,21272,2312,22042,19685,1782,21927,19574,2330,21551,18527,2031,21765,19894,1851,21569,18358,2965,24656,21705,2276,25486,22367,2354,24882,22335,1853,24422,20795,3396
126,63B,39546,31317,2454,4060,1245,829,46,0,0,42119,33680,2079,4114,1756,675,0,0,0,42292,33119,2660,3779,1770,927,72,42421,34425,2295,3817,1299,922,15,2948,794,363,0,1464,41941,34506,1945,3804,1178,509,69,30930,25701,1460,2600,824,511,28,0,0,31330,26762,753,2469,908,421,0,2235,723,239,0,79,0,32769,26702,1696,2461,1140,651,56,32769,26702,1696,1996,811,146,8,1294,31423,27211,808,2137,645,482,0,0,0,0,0,31312,27183,890,2175,686,261,4,1847,595,63,4,31650,27201,1080,1956,1071,254,25,1310,866,57,25,25999,19910,5622,25687,20204,5483,19030,14995,3537,18541,14522,3554,18550,0,0,26383,20561,3817,25260,21675,2917,25205,20612,3749,25143,20732,3694,24913,19511,4143,24681,19064,4048,24735,20222,3686,26349,21520,3745,28441,24157,3743,28090,22495,4085,26166,21748,3561,24519,21148,2852,24336,20480,3822,24022,19550,3426,24249,21356,2875,23928,18861,4701,26835,22800,3405,28002,24207,3141,27709,24317,2719,26854,21317,5161
127,64A,40781,33368,1511,3935,1771,535,77,0,0,38968,32552,1614,2825,1778,567,27,0,0,42372,33808,2055,3335,2318,735,89,39444,32700,1699,2798,2024,418,40,2038,1387,127,5,1399,40452,33055,1825,3193,2039,833,92,34160,28771,1069,2800,1293,383,50,0,0,31989,27755,1241,1707,952,335,4,1322,760,101,4,78,0,36079,29581,1553,2404,1787,518,53,36079,29581,1553,1945,1387,114,26,1253,32244,28106,1190,1642,1007,230,5,0,0,0,0,33452,28562,1314,1928,1134,450,3,1462,792,72,3,34182,28654,1548,2195,1397,428,0,1636,1026,39,0,26755,20742,5487,25777,19964,5813,17918,13843,3660,17400,13325,3658,17422,0,0,25686,19689,3762,24227,20272,3141,24156,19338,3896,24063,19594,3765,23593,18200,4111,23380,17825,3996,23632,19057,3762,24951,20094,3680,26236,22238,3468,25766,20498,3764,24180,19871,3372,21738,18439,2715,21502,18110,3360,21246,17083,3004,21497,18736,2738,21647,18503,3097,24402,20421,3262,25807,21658,3362,25274,21590,2908,24713,20978,3682
128,64B,39430,31957,1930,3620,1680,451,51,0,0,41560,32389,1978,5022,1835,445,22,0,0,42650,32086,2328,5149,2229,881,75,41637,31779,1906,5381,2060,965,13,4426,1565,76,0,1834,42784,32567,1782,5823,1870,915,30,31639,26515,1263,2541,1082,321,34,0,0,30620,26388,811,2323,804,251,0,2071,656,56,0,44,0,34879,27217,1620,3718,1567,662,56,34879,27217,1620,3260,1250,157,19,1209,31452,26318,842,2640,1067,457,0,0,0,0,0,32552,27332,1021,2607,1023,470,0,2158,816,33,0,32396,26352,1134,2595,1673,558,0,2188,1350,28,0,24857,17712,6693,24642,17962,6680,18230,13126,4611,17734,12648,4630,17718,0,0,25466,18640,4673,24498,19982,3792,24449,18756,4795,24414,18973,4775,23874,17346,5151,23769,17298,4922,23965,18433,4682,25464,19631,4699,27668,22273,4802,27106,20522,5065,24870,19553,4411,22430,18265,3616,22165,17597,4534,21852,16600,4011,22131,18505,3602,22298,18182,4070,25490,20420,4365,27059,21864,4508,26526,22042,3664,26074,21175,4847
129,65A,39517,12872,3417,13622,9490,1196,127,0,0,43138,13059,3635,14229,11851,1219,101,0,0,42216,11692,3836,15799,10493,1393,102,42480,13623,3671,13524,11060,1591,74,11091,10606,281,6,2396,42846,13904,3431,15234,10264,1589,78,27289,11023,2093,8328,5602,725,68,0,0,26061,11202,1013,7606,5715,478,13,7185,5601,277,13,93,0,29767,10166,2550,9686,6884,895,65,29767,10166,2550,8805,6653,222,12,1194,26520,11358,1438,7763,5345,375,8,0,0,0,0,27931,11904,1708,8411,5292,318,28,7851,5101,89,28,27750,11984,2133,8550,4304,438,18,8124,4038,160,18,16022,13062,2636,16101,13842,2259,8759,7169,1230,8293,6775,1247,8397,0,0,15579,12391,1979,13750,11379,1449,13639,10938,1626,13578,11107,1684,13369,10637,1773,13229,10120,1610,13328,11013,1650,14952,11850,2027,17153,13839,2958,16304,11796,2293,13792,10960,1963,10157,8142,1470,10021,8284,1712,9755,7115,1537,9882,8263,1604,10097,8150,1919,13467,10566,2205,14105,10752,2895,13263,10625,1976,12879,10149,2696
130,65B,38500,22687,7285,5754,2623,1123,61,0,0,39409,22780,7612,5685,3445,919,18,0,0,42608,23775,7376,7531,3173,1648,81,39795,23045,7011,5609,3999,947,24,4069,3358,287,1,1903,41648,24971,6769,5557,3788,1191,19,29856,19780,4600,3549,1619,715,38,0,0,28838,19786,3758,2998,1843,385,0,2718,1617,224,0,127,0,34074,20990,5109,4979,2228,1149,64,34074,20990,5109,4225,1959,330,12,1278,29518,19930,4112,2856,2149,373,1,0,0,0,0,31119,22000,3408,2999,2152,424,1,2528,1849,160,1,32515,22585,3389,3650,2254,602,0,3014,1970,157,0,19131,13810,4865,18823,14225,4598,12186,8867,2894,11740,8444,2948,11876,0,0,19781,13725,4115,18224,14190,3074,18150,13260,3688,18168,13546,3637,17854,12512,3902,17799,12287,3621,17891,13389,3641,19569,14264,3955,21991,16789,4638,21427,14685,4350,18707,13862,3787,15589,11919,3068,15428,11827,3571,15218,10690,3143,15324,12201,3103,15506,11937,3317,19213,14414,3967,20738,15589,4489,20212,15667,3659,19867,15391,4280
131,66A,39047,29484,1593,3803,3870,589,58,0,0,41890,30231,1792,4913,4539,482,96,0,0,42166,28784,2166,5996,4365,930,91,42735,30702,1918,4933,4938,465,201,3649,3716,76,84,2369,41876,30704,2187,4351,4391,753,77,32372,25299,1088,2717,2993,426,42,0,0,31606,25752,1090,2800,1682,276,35,2387,1408,103,35,42,0,35129,25118,1554,4216,3434,697,68,35129,25118,1554,3696,3044,232,12,1335,33058,26452,1211,2797,2243,207,72,0,0,0,0,33080,26491,1354,2659,2089,287,19,2266,1476,49,19,33714,25728,1492,3633,2402,242,0,3064,1698,83,0,23905,17562,5853,22981,17454,5527,15940,12019,3431,15453,11489,3507,15529,0,0,23235,17311,3870,21847,18018,3049,21805,17115,3779,21603,17243,3690,21230,16092,3969,21158,15785,3900,21313,16829,3693,22946,18019,3794,25169,20523,4041,24693,18959,4131,22410,17875,3597,19811,16309,2944,19628,16068,3526,19361,15033,3246,19534,16560,2952,19723,16343,3339,22800,18477,3597,23988,19472,3754,23430,19463,3135,22912,18856,3993
132,66B,39579,16435,4244,8135,10611,1099,81,0,0,42749,15883,4484,8984,12967,1439,408,0,0,42184,14499,4142,8916,14164,1283,77,43962,15890,4580,9128,13956,1538,86,8056,13183,706,9,1508,42697,16541,3642,7630,14552,1145,54,27383,13762,2580,4710,6085,653,48,0,0,25800,13110,1839,5011,5184,544,10,4711,5052,348,10,125,0,29692,12426,2637,5494,8611,872,48,29692,12426,2637,4812,8361,221,6,1096,26636,13202,1911,4985,5865,626,10,0,0,0,0,27178,13543,1853,4362,6812,512,15,4103,6725,402,15,25489,12420,1549,4037,6883,242,33,3656,6794,169,33,16137,12179,3618,15981,12790,3191,9436,7083,1973,9078,6779,2002,9109,0,0,15800,11878,2691,13852,11117,1928,13746,10512,2247,13632,10645,2247,13371,9911,2435,13293,9659,2211,13396,10440,2265,15224,11471,2696,17684,13478,3777,16930,11738,3005,14485,10952,2680,11465,8800,2080,11277,8689,2562,11071,7806,2221,11208,8967,2217,11434,8645,2765,14608,10913,2979,15673,11362,3858,14804,11405,2626,14598,10766,3795
133,67A,36799,15051,4836,6333,10270,1144,100,0,0,41713,13309,5203,7554,15810,821,31,0,0,42235,11812,5734,7665,16551,1342,98,41226,12735,4771,8312,15361,646,41,5867,14992,244,0,2590,41586,12465,5288,8823,15125,1242,105,24873,12640,2778,3422,5689,673,49,0,0,24649,11269,1680,3531,7718,327,0,3170,7690,137,0,132,0,29013,10138,3605,4572,10143,947,59,29013,10138,3605,3909,9953,281,7,1016,24382,10947,1338,4034,7697,349,0,0,0,0,0,24208,10841,1354,3790,7765,288,0,3212,7726,120,0,24760,10485,1643,3587,8534,350,0,2887,8451,159,0,14486,10517,3652,14219,11013,3206,7331,5296,1709,6971,4928,1808,7032,0,0,14016,9799,3010,11247,8479,1915,11144,7853,2241,11105,8032,2298,10819,7409,2375,10803,7255,2138,10858,7983,2251,12940,9002,2815,15549,11042,4064,14680,9183,3132,12134,8420,2808,8739,6015,2163,8535,5981,2540,8320,5031,2205,8435,6124,2293,8802,5764,3025,12279,8348,3166,13467,8905,4247,12574,8959,2836,12415,8138,4247
134,67B,37768,17304,4874,7929,7436,996,82,0,0,42582,15642,4555,10066,11953,1074,167,0,0,42814,14451,5352,9224,13367,1250,99,42633,14423,4479,10597,12615,849,53,9163,11978,247,0,1892,42978,14009,4490,12102,12285,784,169,26771,14698,2902,4608,4272,585,53,0,0,25831,13116,1668,4989,5476,405,0,4559,5377,138,0,205,0,30654,12688,3463,5767,8192,871,76,30654,12688,3463,5111,7940,216,3,1122,25568,12630,1627,4726,6098,373,0,0,0,0,0,27043,12605,1921,5957,6144,295,10,5463,6003,126,10,27526,12850,2072,5734,6523,281,14,5273,6419,130,14,16316,11727,4235,15844,12072,3772,8719,6223,2140,8391,5919,2209,8469,0,0,15521,10823,3428,13042,9962,2209,12961,9275,2592,12865,9390,2624,12619,8742,2768,12586,8546,2488,12636,9386,2580,14643,10344,3154,17257,12531,4320,16498,10571,3579,13884,9833,3149,10653,7580,2447,10466,7545,2905,10218,6540,2481,10333,7755,2565,10606,7450,3139,14118,9886,3471,15317,10519,4411,14492,10571,3149,14302,9851,4415