ID,Label,T_10_CENS_Total,T_10_CENS_White,T_10_CENS_Hispanic,T_10_CENS_Black,T_10_CENS_Asian,T_10_CENS_Native,T_10_CENS_Pacific,T_10_CENS_BlackAlone,T_10_CENS_NativeAlone,T_19_ACS_Total,T_19_ACS_White,T_19_ACS_Hispanic,T_19_ACS_Black,T_19_ACS_Asian,T_19_ACS_Native,T_19_ACS_Pacific,T_19_ACS_BlackAlone,T_19_ACS_NativeAlone,T_20_CENS_Total,T_20_CENS_White,T_20_CENS_Hispanic,T_20_CENS_Black,T_20_CENS_Asian,T_20_CENS_Native,T_20_CENS_Pacific,T_20_ACS_Total,T_20_ACS_White,T_20_ACS_Hispanic,T_20_ACS_Black,T_20_ACS_Asian,T_20_ACS_Native,T_20_ACS_Pacific,T_20_ACS_BlackAlone,T_20_ACS_AsianAlone,T_20_ACS_NativeAlone,T_20_ACS_PacificAlone,T_20_ACS_OtherAlone,T_20_ACS_TwoOrMore,T_22_ACS_Total,T_22_ACS_White,T_22_ACS_Hispanic,T_22_ACS_Black,T_22_ACS_Asian,T_22_ACS_Native,T_22_ACS_Pacific,V_10_VAP_Total,V_10_VAP_White,V_10_VAP_Hispanic,V_10_VAP_Black,V_10_VAP_Asian,V_10_VAP_Native,V_10_VAP_Pacific,V_10_VAP_BlackAlone,V_10_VAP_NativeAlone,V_19_CVAP_Total,V_19_CVAP_White,V_19_CVAP_Hispanic,V_19_CVAP_Black,V_19_CVAP_Asian,V_19_CVAP_Native,V_19_CVAP_Pacific,V_19_CVAP_BlackAlone,V_19_CVAP_AsianAlone,V_19_CVAP_NativeAlone,V_19_CVAP_OtherAlone,V_19_CVAP_TwoOrMore,V_20_VAP_Total,V_20_VAP_White,V_20_VAP_Hispanic,V_20_VAP_Black,V_20_VAP_Asian,V_20_VAP_Native,V_20_VAP_Pacific,V_20_VAP_NH_Total,V_20_VAP_NH_White,V_20_VAP_NH_Hispanic,V_20_VAP_NH_BlackAlone,V_20_VAP_NH_AsianAlone,V_20_VAP_NH_NativeAlone,V_20_VAP_NH_PacificAlone,V_20_VAP_NH_OtherAlone,V_20_VAP_NH_TwoOrMore,V_20_CVAP_Total,V_20_CVAP_White,V_20_CVAP_Hispanic,V_20_CVAP_Black,V_20_CVAP_Asian,V_20_CVAP_Native,V_20_CVAP_Pacific,V_20_CVAP_BlackAlone,V_20_CVAP_AsianAlone,V_20_CVAP_NativeAlone,V_20_CVAP_PacificAlone,V_20_CVAP_OtherAlone,V_22_CVAP_Total,V_22_CVAP_White,V_22_CVAP_Hispanic,V_22_CVAP_Black,V_22_CVAP_Asian,V_22_CVAP_Native,V_22_CVAP_Pacific,V_22_CVAP_BlackAlone,V_22_CVAP_AsianAlone,V_22_CVAP_NativeAlone,V_22_CVAP_PacificAlone,V_24_CVAP_Total,V_24_CVAP_White,V_24_CVAP_Hispanic,V_24_CVAP_Black,V_24_CVAP_Asian,V_24_CVAP_Native,V_24_CVAP_Pacific,V_24_CVAP_BlackAlone,V_24_CVAP_AsianAlone,V_24_CVAP_NativeAlone,V_24_CVAP_PacificAlone,E_08_PRES_Total,E_08_PRES_Dem,E_08_PRES_Rep,E_12_PRES_Total,E_12_PRES_Dem,E_12_PRES_Rep,E_16_PRES_Total,E_16_PRES_Dem,E_16_PRES_Rep,E_16_SEN_Total,E_16_SEN_Dem,E_16_SEN_Rep,E_16_GOV_Total,E_16_GOV_Dem,E_16_GOV_Rep,E_16_AG_Total,E_16_AG_Dem,E_16_AG_Rep,E_16_LTG_Total,E_16_LTG_Dem,E_16_LTG_Rep,E_18_SEN_Total,E_18_SEN_Dem,E_18_SEN_Rep,E_16-20_COMP_Total,E_16-20_COMP_Dem,E_16-20_COMP_Rep,E_20_PRES_Total,E_20_PRES_Dem,E_20_PRES_Rep,E_20_GOV_Total,E_20_GOV_Dem,E_20_GOV_Rep,E_20_AG_Total,E_20_AG_Dem,E_20_AG_Rep,E_20_LTG_Total,E_20_LTG_Dem,E_20_LTG_Rep,E_20_SOS_Total,E_20_SOS_Dem,E_20_SOS_Rep,E_20_TREAS_Total,E_20_TREAS_Dem,E_20_TREAS_Rep,E_18-24_COMP_Total,E_18-24_COMP_Dem,E_18-24_COMP_Rep,E_24_PRES_Total,E_24_PRES_Dem,E_24_PRES_Rep,E_24_SEN_Total,E_24_SEN_Dem,E_24_SEN_Rep,E_24_GOV_Total,E_24_GOV_Dem,E_24_GOV_Rep,E_24_AG_Total,E_24_AG_Dem,E_24_AG_Rep,E_24_LTG_Total,E_24_LTG_Dem,E_24_LTG_Rep,E_24_SOS_Total,E_24_SOS_Dem,E_24_SOS_Rep,E_24_TREAS_Total,E_24_TREAS_Dem,E_24_TREAS_Rep,E_24_CONG_Total,E_24_CONG_Dem,E_24_CONG_Rep
0,Un,0,0,0,0,0,0,0,0,0,0,0,0,0,0,0,0,0,0,0,0,0,0,0,0,0,0,0,0,0,0,0,0,0,0,0,0,0,0,0,0,0,0,0,0,0,0,0,0,0,0,0,0,0,0,0,0,0,0,0,0,0,0,0,0,0,0,0,0,0,0,0,0,0,0,0,0,0,0,0,0,0,0,0,0,0,0,0,0,0,0,0,0,0,0,0,0,0,0,0,0,0,0,0,0,0,0,0,0,0,0,0,0,0,0,0,0,0,0,0,0,0,0,0,0,0,0,0,0,0,0,0,0,0,0,0,0,0,0,0,0,0,0,0,0,0,0,0,0,0,0,0,0,0,0,0,0,0,0,0,0,0,0,0,0,0,0,0,0,0,0,0,0,0,0,0,0,0,0,0,0,0,0,0,0,0,0,0,0
1,1,40705,38816,432,715,494,265,19,0,0,38636,36346,609,878,493,289,48,0,0,36931,34116,657,620,596,758,51,38329,35925,629,876,485,284,55,674,406,154,29,64,448,36903,34522,639,707,512,259,29,32635,31148,305,600,396,197,13,0,0,31050,29575,374,737,164,239,4,661,136,139,18,0,29079,27027,436,443,462,535,26,29079,27027,436,348,366,59,1,61,781,30870,29360,344,706,267,236,4,0,0,0,0,0,29590,28165,419,573,271,195,4,508,213,82,4,28917,27489,486,542,157,236,12,477,122,49,12,19446,7530,11262,16500,5280,11220,17546,4022,12670,17428,5824,10851,17461,5975,10991,17067,5216,11851,17148,5314,10986,14384,4386,9426,16734,4131,12147,18280,4368,13621,18168,4284,13538,17620,3656,13489,17708,3942,13308,17852,3189,14169,17659,3744,13481,17184,4059,12822,18046,4176,13694,17813,4464,12937,17781,3895,13554,17400,3528,13544,17438,3939,12849,17395,4002,12969,17352,3931,12734,17791,3611,13784
2,2,39246,37874,572,263,159,394,31,0,0,37841,35926,747,392,209,592,53,0,0,37183,34722,698,387,276,897,84,37659,35646,852,490,251,455,39,211,195,143,13,20,579,37344,35086,910,473,280,601,37,29458,28616,352,133,90,270,15,0,0,28345,27385,298,210,86,344,18,151,66,158,31,0,28187,26523,439,229,178,646,55,28187,26523,439,140,101,111,21,38,814,28170,27170,377,256,104,289,14,0,0,0,0,0,28070,26880,500,273,126,423,14,200,94,98,14,27927,26721,392,254,157,381,5,211,95,42,5,18516,6508,11142,15843,4643,11200,17148,3117,13234,17179,5482,10706,17194,5387,11259,16919,4339,12580,16942,4692,11357,14229,3562,10088,16272,3162,12630,17960,3254,14487,17851,3327,14145,17434,2822,14127,17446,3061,13971,17607,2528,14569,17370,2944,13966,17020,3124,13639,17982,3097,14735,17832,3627,13813,17780,3118,14329,17462,2717,14392,17483,3044,13749,17480,3149,13950,17413,3056,13563,17695,2673,14593
3,3,39378,35999,1827,629,637,343,45,0,0,38362,34182,1700,1243,891,341,71,0,0,37874,32238,1970,1833,971,858,60,38277,33816,1793,1541,886,282,30,1152,621,63,21,69,749,37792,33093,1934,1468,956,382,29,31119,28706,1219,442,536,240,35,0,0,29661,27695,786,490,315,283,49,368,222,121,23,0,30275,26143,1374,1254,805,679,25,30275,26143,1374,1060,634,66,9,47,942,29502,27475,866,579,358,197,4,0,0,0,0,0,29216,26996,989,571,391,256,15,467,228,91,15,28675,26425,1087,400,401,303,0,297,272,69,0,18327,7897,9795,15337,5719,9618,15972,4459,10753,15902,5594,9698,15927,5706,9814,15476,4879,10597,15571,5206,9645,13311,4397,8528,15183,4377,10429,16182,4641,11283,16102,4398,11460,15767,4073,11342,15831,4216,11272,15907,3606,11933,15750,4066,11342,15367,4068,11035,16075,4170,11734,15925,4195,11325,15832,3690,11805,15547,3657,11588,15576,3906,11128,15583,3918,11311,15568,3778,11115,15767,3518,11917
4,4,39269,37936,377,545,152,265,25,0,0,38192,36422,492,872,201,202,66,0,0,37294,35332,450,563,218,702,48,38109,36210,566,800,309,219,116,541,141,102,40,2,499,37323,35229,537,748,430,298,114,29488,28628,229,336,97,183,18,0,0,28669,27644,223,561,70,141,34,466,66,59,19,0,28186,26867,291,305,143,513,31,28186,26867,291,173,71,55,2,29,698,28681,27632,282,457,118,133,39,0,0,0,0,0,28023,27005,302,400,131,188,14,374,79,42,14,27949,26927,214,506,89,262,4,414,37,13,4,18564,7142,10716,16718,6027,10691,17752,3536,13527,17543,5481,11291,17602,5841,11316,16893,4768,12125,17158,5129,11202,14625,3690,10161,16594,3393,12770,18182,3525,14390,18016,3253,14503,17287,3086,13751,17447,3129,13900,17588,2348,14785,17350,3064,13895,16774,3059,13418,17764,3246,14349,17431,3246,13716,17374,2774,14252,16871,2704,13793,16965,3078,13213,16895,3184,13192,16864,3137,12851,17306,2581,14396
5,5,38948,36030,489,1904,250,299,49,0,0,38842,35528,637,1923,336,305,146,0,0,38880,34643,612,2073,334,931,76,38830,35335,626,2038,340,328,64,1413,217,107,41,70,1021,38881,35236,274,2503,302,350,34,29682,27833,298,1192,162,207,30,0,0,29685,27835,268,1206,160,192,29,1027,146,119,35,0,30014,27196,405,1277,210,699,44,30014,27196,405,1079,142,70,20,81,1021,29740,27820,264,1251,151,227,39,0,0,0,0,0,29960,27850,126,1606,180,225,10,1377,120,52,10,29742,27818,212,1303,153,226,0,1126,107,42,0,17774,6744,10692,16824,5701,11123,18171,4132,13388,18053,5878,11459,18115,5868,11855,17619,5284,12335,17789,5599,11437,15143,4221,10420,17820,4406,12986,19007,4407,14311,18915,4231,14433,18475,3982,14056,18609,4021,14205,18681,3265,14875,18505,4022,14074,18046,4051,13675,18930,4186,14566,18701,4213,14046,18647,3832,14447,18323,3691,14242,18456,3731,14091,18330,4140,13629,18298,3954,13460,18569,3550,14655
6,6,38512,35232,542,2196,238,380,30,0,0,37737,33951,733,2334,350,361,23,0,0,37644,32990,789,2305,358,1000,43,37567,33670,719,2418,359,422,15,1714,268,226,4,104,866,37577,33478,757,2344,431,388,64,29400,27153,313,1537,154,269,20,0,0,28913,26561,388,1587,149,244,4,1511,113,166,18,0,29267,25971,497,1632,221,745,28,29267,25971,497,1423,136,90,11,78,1061,28850,26407,434,1616,154,274,4,0,0,0,0,0,28925,26442,434,1563,159,308,8,1406,77,96,8,28812,26182,487,1521,276,272,8,1374,131,26,8,17146,6289,10399,15185,4808,10377,16741,3627,12393,16728,5579,10316,16746,5486,10809,16407,4780,11627,16557,5101,10670,14490,4102,9864,16243,3909,11841,17342,3951,13074,17267,3906,12934,16952,3462,13009,17084,3426,13251,17089,3088,13467,16955,3529,12989,16758,3804,12651,17570,3873,13525,17390,4173,12817,17379,3632,13427,17100,3389,13366,17080,3692,12666,17080,3819,12832,17070,3628,12722,17159,3455,13315
7,7,41038,39210,549,862,155,276,37,0,0,39929,37535,740,1139,249,339,41,0,0,38608,35722,724,815,276,925,43,39552,37110,766,1132,202,471,27,563,163,130,12,37,769,38267,35706,835,1149,270,373,37,31371,30208,302,542,108,212,23,0,0,30607,29182,435,614,108,249,10,436,104,147,8,0,30076,28049,417,554,164,718,26,30076,28049,417,418,107,90,11,48,936,30561,28948,482,704,102,359,16,0,0,0,0,0,29587,27967,526,703,136,294,12,601,94,95,12,29337,27615,621,669,121,234,13,607,68,55,13,19195,7409,11131,17007,5590,11417,18217,3718,13761,18128,6309,10971,18116,6178,11443,17728,4868,12860,17830,5375,11523,15243,4290,10415,17553,3968,13154,19140,3955,14957,19013,3919,14769,18542,3443,14682,18607,3585,14622,18723,3060,15229,18483,3591,14551,18156,3839,14032,19258,3845,15240,19015,4513,14073,18941,3734,14847,18559,3335,14826,18548,3762,13995,18631,3729,14486,18518,3729,13720,18875,3154,15324
8,8,34932,32670,900,649,341,438,40,0,0,38886,35615,820,1227,920,389,32,0,0,38420,34102,1378,961,497,1224,70,38808,35741,654,1158,836,491,54,561,311,96,37,5,1393,39066,35599,975,1222,608,568,54,26023,24620,524,388,221,314,24,0,0,28571,26877,412,703,332,219,4,580,241,61,25,0,29131,26225,857,571,345,911,44,29131,26225,857,429,205,125,20,82,1188,29248,27692,409,466,251,296,10,0,0,0,0,0,28875,27229,473,446,259,326,15,299,169,39,15,30304,28489,626,546,177,328,0,419,122,27,0,18761,7995,10416,17887,6872,11015,19085,5509,12576,19107,7826,10268,19112,7437,11093,18676,6210,12466,18803,6861,11000,16566,6197,9762,20026,6569,12791,22157,6937,14825,22095,7041,14524,21542,6056,14805,21605,6477,14489,21751,5810,15226,21534,6263,14586,21300,6779,14097,22569,6923,15326,22359,7528,14352,22285,6840,15010,21929,6255,15208,21955,6485,14579,21942,6755,14660,21886,6521,14415,22130,6225,15335
9,9,38643,35718,631,1749,207,373,36,0,0,38111,34601,986,1777,310,598,191,0,0,37840,34304,842,1181,314,1043,42,37390,34162,993,1627,319,435,126,1305,172,85,12,9,650,38057,34513,922,1601,307,587,72,29993,27620,412,1569,123,257,25,0,0,29862,27156,691,1474,132,428,35,1338,44,148,22,0,29117,26552,526,931,208,757,21,29117,26552,526,798,139,98,0,46,958,29165,26650,687,1346,205,323,10,0,0,0,0,0,29575,27181,550,1212,225,447,0,1110,197,92,0,28904,26869,533,1009,195,355,0,856,186,50,0,17548,6668,10325,15737,5025,10712,17555,3811,12860,17499,6114,10537,17549,6009,11119,17161,5232,11929,17212,5219,11010,14532,4447,9486,17017,4215,12287,18510,4282,13921,18444,4320,13708,17990,3681,13710,18032,3904,13536,18170,3222,14353,17959,3840,13659,17731,4202,13184,18833,4262,14336,18615,4716,13445,18542,4093,14011,18166,3728,14046,18163,4061,13127,18134,4299,13287,18109,4067,13056,18503,3733,14269
10,10,41050,33876,2588,3785,404,513,193,0,0,40094,31483,3718,3690,651,685,311,0,0,37451,28898,2849,3600,691,1215,266,38783,30146,3448,3567,763,600,332,2454,542,115,161,12,1898,36834,27655,3551,3560,1139,1038,193,31165,26476,1577,2516,280,343,120,0,0,29470,24888,1598,2472,87,348,15,2039,48,104,66,0,29023,23243,1879,2404,432,906,164,29023,23243,1879,1992,344,128,134,82,1221,29104,24315,1606,2463,262,369,25,0,0,0,0,0,27681,22807,1622,2448,302,512,4,2215,266,107,4,27615,22561,1497,2423,376,470,278,2103,255,89,278,15914,8171,7349,13737,6812,6925,14066,5399,7657,14090,6913,6379,14058,6569,6933,13716,6430,7286,13789,6051,6630,11855,5626,5677,13725,5956,7229,14481,6288,7892,14342,6099,7820,14038,5358,7825,14064,5766,7580,14161,4883,8544,13994,5489,7945,13344,5648,7361,13668,5724,7711,13514,5781,7310,13439,5382,7644,13266,5199,7625,13271,5386,7185,13243,5531,7287,13221,5352,7219,13493,5140,7998
11,11,39461,34714,1933,1986,516,393,64,0,0,39776,34287,1907,2478,817,327,231,0,0,38745,31517,2567,2560,779,1072,319,40579,34721,2083,2652,813,399,305,1589,620,163,142,13,1264,39472,33262,2133,2945,697,396,220,30365,27261,1211,1254,372,287,42,0,0,30202,26968,902,1591,387,250,89,1407,371,174,14,0,30341,25431,1702,1616,561,812,189,30341,25431,1702,1264,417,115,132,59,1221,30871,27239,1135,1705,432,272,140,0,0,0,0,0,30121,26455,1301,1574,450,260,50,1401,434,109,50,28827,25314,1448,1486,193,227,4,1291,145,60,4,18348,9017,8914,15972,7158,8814,16777,5465,10314,16773,7384,8554,16775,7167,9040,16370,6781,9589,16412,6501,8801,14195,5880,7682,16067,5840,9611,16607,5804,10475,16517,5752,10277,16079,4876,10272,16151,5301,9978,16282,4295,11159,16072,5039,10419,15840,5532,9951,16385,5590,10555,16217,5842,9970,16100,5218,10475,15823,4954,10490,15868,5241,9928,15865,5446,10004,15846,5219,9927,16105,4918,10784
12,12,31196,25555,1604,2608,1046,413,160,0,0,35525,28653,2220,3054,1165,576,159,0,0,38147,27999,2744,4477,1407,1128,342,36140,28725,2588,2973,1372,529,153,2499,1104,41,21,55,1106,38726,29297,3386,3827,1321,655,115,23113,19544,970,1584,709,290,105,0,0,25935,22356,1164,1733,330,275,14,1679,264,61,79,0,28566,21884,1742,2796,1005,837,189,28566,21884,1742,2475,777,118,145,120,1305,26743,22498,1469,1822,566,334,24,0,0,0,0,0,28970,23582,1982,2255,792,394,55,2145,701,52,55,29743,23734,2060,2377,953,350,33,2088,741,46,33,16186,7590,8392,15948,7042,8906,16700,7446,8199,16783,8577,7401,16854,8175,8092,16513,7233,9280,16626,7433,8188,15295,7774,7051,17632,8640,8390,19219,9896,8907,19142,9519,9220,18782,8670,9552,18945,9082,9336,18964,8551,9804,18871,8777,9482,18630,9480,8730,19448,10117,9063,19415,10328,8597,19339,9527,9413,19077,9256,9331,19076,9294,9060,19044,9532,9036,19076,9137,9204,19136,9017,9675
13,13,35145,31993,1211,1015,603,365,53,0,0,37847,33415,1393,1613,618,541,392,0,0,38797,33342,1686,1493,848,1083,127,37690,33194,1254,1712,588,526,456,850,353,73,433,96,1426,37542,32206,1582,1856,826,501,465,26528,24524,724,650,391,251,30,0,0,28201,25724,787,1007,196,394,88,866,140,64,19,0,29721,25949,1078,1008,581,778,83,29721,25949,1078,788,421,96,48,124,1217,27530,25284,678,840,257,326,122,0,0,0,0,0,27536,24659,996,1126,412,307,132,804,327,42,132,29468,26227,1235,1300,362,393,0,914,233,48,0,18838,7945,10483,18080,6807,11273,19329,5797,12460,19381,7951,10499,19463,7883,11011,19097,6498,12599,19202,6978,11250,16888,6518,9842,20211,6839,12757,22268,7376,14504,22303,7222,14596,21891,6504,14690,21998,6886,14490,22109,6178,15229,21934,6596,14789,21605,7169,14040,22857,7401,15140,22862,7899,14501,22703,7187,15135,22372,6689,15249,22462,6926,14847,22396,7044,14891,22361,6844,14723,22577,6524,15555
14,14,31671,25934,1762,2527,1101,411,191,0,0,35914,27394,2621,3703,2004,676,215,0,0,38371,28061,2915,4266,1735,1060,471,37560,28397,2837,4125,2002,798,176,3451,1454,26,8,61,1329,39003,30116,2334,4140,1964,642,279,24393,20490,1147,1704,765,305,110,0,0,26987,21449,1724,2416,1104,265,9,2295,935,26,55,0,29667,22548,1933,2907,1185,790,294,29667,22548,1933,2523,955,115,237,86,1270,28742,22924,1793,2634,1039,260,1,0,0,0,0,0,29802,24482,1505,2365,1011,334,5,2124,779,14,5,30115,23971,1847,2875,1185,448,0,2241,926,12,0,16516,7900,8432,15192,6864,8328,17601,7963,8623,17612,9073,7754,17709,8807,8376,17385,7746,9639,17450,8011,8489,16348,8568,7278,19129,9629,8890,21272,11260,9589,21221,10926,9850,20842,9992,10274,20975,10442,9944,20988,9824,10518,20897,9996,10305,20274,10652,9184,21202,11332,9518,21137,11518,9134,21117,10833,9867,20819,10494,9816,20835,10527,9511,20844,10813,9533,20836,10413,9678,20927,10198,10246
15,15,34910,28087,2596,2731,979,561,248,0,0,38705,29370,3259,4067,716,1104,540,0,0,38417,27467,3362,4518,1428,1430,471,39847,30771,2940,4047,635,1356,483,2897,345,291,403,29,2174,38823,29064,2841,5061,827,911,451,27059,22743,1589,1656,654,404,139,0,0,29888,24245,1850,2695,368,492,195,2279,260,215,72,0,30262,22812,2229,2947,1014,1039,264,30262,22812,2229,2494,800,134,223,140,1430,30431,25478,1548,2233,314,714,120,0,0,0,0,0,29590,24457,1198,2789,425,558,70,2395,358,206,70,29363,23956,1706,2436,685,501,28,2166,620,157,28,17616,9111,8256,15751,7820,7931,16799,7772,7958,16907,9132,6867,16880,8712,7508,16561,7822,8739,16610,8120,7483,14876,8015,6351,17326,8961,7738,18697,10050,8263,18556,9767,8316,18236,8970,8609,18286,9359,8284,18301,8680,8871,18197,9121,8390,17845,9425,7986,18592,9807,8484,18457,10001,7917,18402,9587,8381,18184,9153,8494,18207,9339,8099,18211,9472,8223,18195,9249,8165,18258,9622,8063
16,16,30046,24637,1894,2399,906,353,109,0,0,32803,26735,2440,2766,740,515,0,0,0,37066,27490,2939,4050,1439,1087,188,33967,26637,2710,3427,839,584,212,2479,631,35,205,11,1259,39147,29526,3282,4541,1161,895,217,22156,18829,1159,1386,586,241,71,0,0,24135,20523,1398,1587,386,228,0,1534,270,27,0,0,27586,21345,1903,2479,974,797,112,27586,21345,1903,2134,738,96,74,78,1218,24317,20149,1602,1940,538,190,0,0,0,0,0,0,27837,22483,1970,2356,760,320,30,2225,632,10,30,27410,21683,2108,2455,711,373,95,2304,492,48,95,15386,7390,7832,13984,6301,7683,15190,6446,7833,15246,7707,6861,15210,7289,7473,14939,6387,8552,14937,6690,7487,13837,7096,6344,15478,7380,7611,16502,8063,8114,16395,7944,8130,15983,7032,8438,16088,7440,8217,16089,6801,8730,15980,7119,8355,18342,8962,8966,20100,9892,9874,19979,10166,9259,19955,9450,10119,19655,9084,10074,19672,9348,9625,19702,9452,9778,19637,9173,9780,19740,9563,9649
17,17,33405,27085,2409,2621,911,495,133,0,0,34477,25889,3184,3542,1888,462,75,0,0,38465,27061,3672,4786,1504,1324,248,34738,25825,3973,3340,1647,277,131,2625,1155,38,49,23,1050,37541,27665,4481,3380,1733,504,115,24055,20272,1429,1459,585,320,89,0,0,24960,19897,1838,1882,940,253,0,1726,808,95,132,0,28720,21334,2338,2946,992,913,132,28720,21334,2338,2530,776,130,97,94,1421,26083,20373,2517,1988,817,149,4,0,0,0,0,0,28672,21754,3161,2250,1121,166,29,2169,872,22,29,29548,21960,3363,2975,843,310,43,2685,672,22,43,15246,8180,6822,14318,7240,7078,15701,6929,7697,15732,8465,6342,15727,7983,7136,15406,7256,8150,15413,7447,6909,13782,7270,6036,16726,8373,7723,18669,9636,8668,18548,9403,8669,18161,8598,8918,18199,8900,8660,18211,8261,9211,18095,8627,8825,17113,8496,8217,17834,8728,8802,17657,8963,8169,17606,8394,8813,17322,8049,8820,17351,8148,8476,17354,8376,8543,17320,8159,8509,17472,8229,8719
18,18,32622,24299,2866,3264,1792,493,222,0,0,34359,24631,3178,4364,1949,666,103,0,0,37053,24076,3988,5443,2279,1286,368,35463,24793,3072,5157,2047,834,174,3623,1767,200,0,27,1976,37177,25796,3628,5440,2016,627,230,25631,20137,1828,2086,1233,358,133,0,0,26493,20707,1542,2482,1113,495,0,2347,1015,233,180,0,29545,20505,2669,3605,1658,981,233,29545,20505,2669,3144,1366,158,185,115,1403,27402,21236,1312,3010,1137,587,0,0,0,0,0,0,29234,22335,1779,3413,1117,510,135,2714,778,177,135,28655,21321,1844,3392,1441,397,220,2653,1160,69,220,15609,8813,6555,19101,9665,9436,14337,7590,5865,14456,8528,5049,14421,8212,5605,14178,7677,6501,14217,7613,5568,13057,7818,4734,15429,8872,5954,17273,10307,6557,17042,9879,6687,16713,9153,6859,16804,9590,6578,16781,8974,7033,16689,9191,6776,15586,9271,5888,15967,9488,6133,15837,9697,5625,15793,9336,6066,15574,8959,6152,15618,9055,5828,15616,9222,5875,15607,8987,5884,15652,9346,5747
19,19,35880,12061,15838,5850,2077,701,135,0,0,35068,11972,14667,6223,1922,579,9,0,0,36904,11265,16404,5749,2973,1321,157,35686,12408,15029,6024,1707,600,49,5337,1641,211,49,109,897,35221,12222,14877,6113,1582,1319,137,25249,10333,9729,3498,1521,503,90,0,0,19465,10429,4757,3064,813,417,9,2951,813,149,0,0,27124,9956,10867,3610,2165,999,106,27124,9956,10867,3165,1986,94,55,99,902,20329,10954,5261,2940,690,503,49,0,0,0,0,0,21026,10840,5937,2988,901,341,29,2715,851,44,29,23691,11403,6622,4223,1043,203,85,3707,890,25,85,9574,7106,2283,9301,7263,2038,8734,6400,1829,8701,6561,1669,8664,6429,1770,8482,6300,2182,8509,5953,1810,7751,6001,1485,8782,6505,1964,9346,6953,2214,9292,6745,2286,9150,6452,2329,9164,6616,2179,9171,6395,2373,9125,6433,2284,8685,6377,2080,8856,6370,2313,8790,6406,2058,8755,6334,2150,8642,6176,2176,8661,6154,2042,8655,6223,2066,8646,6099,2122,8640,6295,1966
20,20,36896,31341,2158,2156,500,619,485,0,0,38102,30655,2333,2846,551,620,972,0,0,38877,28724,3452,3742,712,1761,578,37613,29927,2341,2990,579,466,1168,2555,429,198,949,473,743,39684,30394,2069,4658,700,580,890,27058,23910,1195,1089,326,435,253,0,0,27187,23779,895,1461,267,293,531,1333,235,194,0,0,29049,22872,2027,1987,465,1211,377,29049,22872,2027,1582,294,158,260,91,1765,26735,23004,998,1556,281,265,558,0,0,0,0,0,28633,23660,1131,2389,421,416,507,2141,363,104,507,27803,22532,1632,2237,460,436,288,1968,313,64,288,17616,8802,8515,16284,7664,8620,15565,5708,8887,15533,7414,7179,15535,7086,7779,15226,6189,9037,15260,6571,7744,13436,6075,6828,16082,6649,8789,17564,7118,10045,17503,7158,9845,17033,6402,9936,17105,6823,9582,17149,6081,10294,17104,6698,9724,16187,6833,8917,16924,7112,9560,16600,7349,8686,16466,6939,9092,16167,6376,9264,16182,6490,8701,16216,6860,8799,16204,6555,8725,16370,6805,8929
21,21,37723,30237,3529,2757,391,761,467,0,0,36515,25884,4877,4192,396,731,585,0,0,38792,25830,5745,4736,594,1862,346,35738,25853,4473,3809,386,696,542,2827,287,78,525,346,1352,37655,26675,5063,4245,363,619,640,28763,24203,2126,1551,255,538,281,0,0,26440,21354,2029,2213,176,437,266,1990,141,131,52,0,29831,21326,3562,2912,418,1409,269,29831,21326,3562,2362,264,195,181,106,1835,26285,21528,1483,2412,194,402,277,0,0,0,0,0,28004,22312,1903,2959,177,346,275,2777,88,90,275,28061,20907,2970,3106,252,515,118,2852,138,107,118,14968,8316,6327,13108,7058,6050,12081,5173,6036,11991,6341,4659,11978,5993,5276,11755,5560,6195,11758,5608,5140,10139,5157,4407,12127,5842,5651,13186,6452,6384,13038,6324,6204,12577,5661,6217,12724,6122,5977,12722,5560,6472,12669,5915,6101,11612,5613,5615,11926,5597,6126,11656,5709,5458,11538,5517,5561,11355,5109,5746,11355,5123,5342,11348,5407,5383,11336,5136,5379,11693,5643,5421
22,22,35764,11184,2019,22259,265,595,111,0,0,36554,11029,3107,21449,520,608,127,0,0,37933,11122,4764,20899,456,1314,186,37633,11195,3144,22266,602,747,159,21063,264,163,71,604,1123,37080,12016,3745,20502,542,765,258,27169,9409,1231,16225,172,436,61,0,0,26823,9373,1181,15614,240,445,26,15295,214,140,68,0,28915,9438,3037,15462,334,979,128,28915,9438,3037,14508,221,135,65,132,1379,28074,9205,1250,16778,345,467,16,0,0,0,0,0,27817,9897,1256,15953,333,436,15,15407,221,45,15,27065,9715,1733,14942,292,325,13,14531,138,31,13,19895,16469,3204,17379,14450,2929,14828,11415,2868,14735,11698,2430,14694,11571,2626,14486,11328,3158,14465,11105,2551,11898,9367,2226,14072,10745,2917,14627,10990,3348,14555,10670,3450,14296,10356,3394,14409,10796,3149,14390,10323,3491,14317,10455,3305,12720,9480,2933,12598,9253,3120,12494,9184,2812,12439,9166,2919,12326,8931,3031,12342,8948,2710,12330,9118,2770,12323,8918,2803,12526,9381,2706
23,23,35672,6342,6440,22052,904,683,126,0,0,34370,6302,6755,20154,1138,492,148,0,0,36835,6391,8921,19746,1464,1151,162,36209,6996,7026,21093,1052,472,126,20093,894,69,63,225,848,36801,6992,8409,20067,1087,694,157,25743,5577,3891,15529,693,483,76,0,0,22580,5562,1920,14200,565,290,65,13996,510,116,17,0,26995,5534,5729,14225,1119,918,111,26995,5534,5729,13417,979,142,50,126,1018,23511,6055,2169,14242,683,291,55,0,0,0,0,0,22948,6192,2501,13160,626,339,55,12722,550,54,55,22366,5854,2893,12780,507,419,0,12243,463,26,0,14174,13030,983,11703,10910,793,10265,8980,909,10225,8918,923,10164,8799,981,10020,8837,1183,10051,8505,930,8361,7400,740,9837,8516,1047,10281,8877,1228,10218,8586,1349,10094,8410,1314,10138,8688,1130,10141,8401,1338,10101,8468,1241,8445,7109,1120,8100,6686,1221,8006,6630,1064,7977,6611,1137,7937,6530,1156,7970,6558,995,7957,6615,1035,7943,6490,1070,7987,6817,912
24,24,29620,18648,3503,6382,942,503,56,0,0,34622,24210,3244,5240,1579,516,122,0,0,37008,25241,3589,5379,1984,1066,160,34879,24772,2904,5123,1442,645,101,4393,971,98,25,94,1620,36658,26136,2307,5683,1809,777,171,26680,17619,2744,5266,852,430,46,0,0,30226,22369,2222,4342,785,308,70,3997,617,102,111,0,34089,23945,3083,4533,1792,897,92,34089,23945,3083,3864,1335,100,24,152,1586,31149,23518,2184,4047,778,376,31,0,0,0,0,0,32807,24829,1761,4378,1141,512,61,3727,862,124,61,32465,23530,2451,4547,1352,442,58,3871,1012,44,58,15768,12852,2693,13056,10652,2404,14868,11961,2008,14946,12180,2189,14833,11823,2352,14466,11574,2892,14537,11053,2414,14430,12346,1757,16921,13964,2430,19309,16276,2650,19258,15886,2923,18950,15192,3127,19041,15355,2983,19046,15059,3286,18946,14941,3292,17457,14540,2486,17855,14792,2674,17819,14858,2425,17743,14563,2724,17513,14405,2652,17549,14313,2471,17536,14417,2503,17509,14036,2755,17460,14290,2477
25,25,35256,30130,1420,2129,1368,316,25,0,0,37388,31679,1976,2138,1316,628,13,0,0,37069,31000,1942,1783,1435,810,49,37199,31405,1549,1896,2003,427,11,1526,1362,53,0,182,1126,36912,30677,1618,2247,1917,324,15,29309,25343,1062,1606,1128,235,18,0,0,30346,26638,1168,1561,529,377,0,1403,426,25,66,0,30969,26348,1415,1300,1138,598,27,30969,26348,1415,994,891,56,3,89,1173,29579,26372,1021,1107,842,252,0,0,0,0,0,0,29229,25792,1028,1275,923,178,0,1096,628,34,0,28358,24849,1072,1209,941,209,42,952,691,59,42,22964,15491,7228,20545,13617,6928,21652,15530,4952,21980,16024,5413,21851,15601,5743,21435,14571,6864,21465,14552,5945,21017,16022,4652,22521,16775,5285,23834,18427,5026,23795,17858,5608,23410,16787,6077,23500,17135,5777,23494,16540,6315,23368,16409,6275,22911,17436,5074,23231,17920,4908,23273,18066,4770,23172,17212,5582,22899,16987,5467,22930,17005,5187,22900,17232,5140,22876,16662,5553,22978,17138,5222
26,26,37001,11646,1955,22620,756,623,83,0,0,38936,12778,2598,22664,886,722,125,0,0,36948,11414,2710,21307,1013,1122,103,37605,13201,2511,21076,893,596,85,19715,467,93,45,135,1436,36947,13357,2437,20189,766,752,195,27541,10062,1256,15605,517,418,35,0,0,28755,10992,1242,15784,253,352,44,15447,172,132,155,0,28390,9897,1845,15360,761,849,65,28390,9897,1845,14413,587,137,31,139,1341,28168,11180,1221,15028,201,359,58,0,0,0,0,0,27560,11247,1263,14288,175,359,119,13802,121,50,119,26777,11332,1634,12994,345,283,48,12438,296,48,48,19335,16059,3091,17514,14793,2721,15318,12324,2348,15344,12673,2081,15286,12455,2293,15027,12242,2785,15087,11992,2260,13123,11053,1785,15062,12322,2318,15703,12991,2432,15643,12599,2634,15464,12244,2632,15512,12617,2410,15506,12174,2740,15443,12274,2583,13843,11281,2236,13661,11005,2364,13583,11019,2131,13532,10900,2286,13414,10758,2305,13439,10751,2097,13438,10883,2121,13423,10598,2236,13471,10964,2045
27,27,36443,9652,1383,24835,538,582,70,0,0,36917,11460,2198,22323,747,438,68,0,0,36655,10435,2957,22021,804,1013,90,36527,11440,2149,21946,762,386,111,21077,489,111,66,197,1005,37774,12344,2346,21839,878,370,127,27836,8423,914,17948,431,442,40,0,0,27522,9843,923,16193,266,321,23,15942,239,83,76,0,28576,9158,1970,16398,591,762,50,28576,9158,1970,15512,403,122,15,141,1255,27216,9712,986,16008,302,273,21,0,0,0,0,0,27978,10354,1184,15915,423,269,17,15435,316,118,17,28222,11084,1476,14999,518,273,0,14502,421,97,0,20606,18574,1857,15731,14157,1574,15904,13832,1470,15871,13818,1519,15793,13689,1562,15521,13613,1908,15595,13130,1588,13215,11752,1185,15335,13405,1520,15853,14018,1544,15827,13679,1736,15607,13348,1723,15701,13757,1491,15696,13291,1829,15613,13368,1691,14081,12107,1652,13885,11792,1823,13881,11732,1645,13838,11703,1762,13729,11584,1794,13763,11567,1578,13745,11612,1599,13698,11378,1725,13730,11733,1518
28,28,36533,23154,2148,10428,579,575,139,0,0,36481,20102,2554,12981,472,501,34,0,0,37211,18739,3134,13701,690,1176,186,36550,18947,2665,14027,664,492,17,13081,463,34,0,357,996,37455,17753,3130,15474,630,509,19,27977,19232,1262,6809,403,409,74,0,0,27675,17125,1278,8786,232,221,25,8567,171,27,79,0,29302,16209,2031,9620,527,920,139,29302,16209,2031,8950,352,134,74,142,1410,28049,16555,1267,9538,337,293,0,0,0,0,0,0,28552,15667,1317,10859,335,226,0,10785,207,16,0,28851,15246,1650,11270,409,234,5,10962,235,7,5,18795,11228,7297,15369,9549,5820,16160,9331,5975,16088,10371,4901,16073,9987,5422,15825,9469,6356,15854,9599,5285,13810,8946,4404,16205,10207,5416,17334,11338,5622,17141,10835,5759,16910,10384,5835,17001,10944,5463,16954,10217,6035,16920,10507,5711,15483,10074,5000,15747,10333,5131,15549,10204,4740,15499,10071,4985,15305,9619,5127,15350,9664,4689,15361,9954,4793,15334,9658,4816,15715,10326,4872
29,29,36925,30755,2509,2542,652,477,267,0,0,36408,29209,2360,3847,912,365,152,0,0,38777,27744,4105,4463,970,1376,379,36929,28859,2817,4263,929,331,192,3497,620,40,179,8,908,38008,28303,3065,5599,604,550,163,29656,25591,1554,1654,447,340,171,0,0,29201,25107,1106,2342,463,184,8,2039,458,52,49,0,31559,23760,2797,3052,717,1055,252,31559,23760,2797,2561,527,127,180,102,1505,29658,24936,1362,2719,458,137,15,0,0,0,0,0,29865,24744,1398,3124,343,203,49,2836,283,17,49,29127,23615,1767,2974,404,235,50,2708,254,21,50,19800,9717,9777,17932,8532,9400,17107,7460,8684,17151,8931,7293,17147,8509,7976,16865,7574,9291,16891,8064,7911,14662,7513,6686,16207,7800,7810,16388,8008,8035,16265,7803,8004,15840,7090,8117,15966,7574,7854,15961,6863,8422,15887,7244,8034,15564,7799,7382,15868,7948,7654,15688,8089,7096,15592,7860,7315,15345,7395,7489,15362,7472,7047,15361,7764,7078,15294,7381,7103,15735,7889,7227
30,30,33779,28610,1103,2980,869,235,86,0,0,35725,29618,1113,3776,854,381,75,0,0,37486,29536,1907,3560,1399,970,106,35966,29591,1725,3157,1104,346,57,2650,699,61,0,133,1104,36709,29221,2008,3715,1220,443,23,23876,20797,630,1764,536,148,54,0,0,25479,21691,645,2621,309,188,0,2368,239,59,49,0,27940,22739,1144,2316,909,727,50,27940,22739,1144,2008,700,72,25,72,1180,25919,22040,1209,2002,469,214,0,0,0,0,0,0,26840,22497,1374,2278,577,155,0,2115,494,46,0,27329,22683,1800,2032,609,231,0,1899,536,35,0,18565,8061,10335,19800,8072,11728,18928,7810,10078,18977,8973,9260,19004,8758,9758,18625,7590,11035,18636,7848,10061,17323,8394,8527,19535,8885,10076,20909,9908,10601,20855,9556,10901,20345,8692,11080,20414,9055,10849,20479,8363,11532,20300,8656,11070,20386,9854,10120,21267,10543,10379,21173,10773,9894,21043,10016,10641,20675,9459,10714,20737,9626,10268,20699,9937,10279,20699,9420,10491,21206,9969,10671
31,31,36817,31298,1809,2666,719,450,111,0,0,36995,30730,2130,2971,758,573,54,0,0,38739,29969,2573,3774,953,1349,206,35546,29862,2082,2570,822,373,26,2076,609,57,0,24,846,37656,31166,2554,2843,628,434,91,26861,23723,1001,1455,426,293,54,0,0,26398,22923,1082,1595,498,229,0,1529,450,72,80,0,28710,23199,1493,2351,578,926,98,28710,23199,1493,1920,398,123,55,78,1444,25755,22564,1158,1274,506,211,0,0,0,0,0,0,27110,23567,1204,1795,343,274,0,1551,273,38,0,27494,23073,1179,2470,477,274,0,2039,385,16,0,19635,8594,10782,19345,8040,11305,18235,6744,10392,18256,8375,8967,18253,8033,9624,17882,6961,10921,17952,7356,9690,16004,7327,8123,19166,8275,10191,21151,9549,11148,21037,9324,11165,20505,8350,11392,20625,8810,11138,20672,8093,11748,20565,8509,11284,19342,8723,10123,20071,9085,10648,19830,9373,9858,19677,8816,10375,19295,8150,10557,19339,8343,9993,19315,8663,10028,19343,8272,10175,19284,8262,10400
32,32,35400,32402,1394,761,353,507,175,0,0,38163,34312,1564,1052,729,714,67,0,0,38837,33092,2007,1308,528,1535,190,37521,33670,1640,951,619,754,48,780,226,158,17,12,1010,39251,35375,1196,1579,437,670,45,25320,23619,773,367,213,349,87,0,0,27259,25350,755,520,213,394,18,417,80,115,42,0,28587,24989,1170,674,317,1115,105,28587,24989,1170,498,185,126,52,54,1513,26981,25105,844,410,187,385,12,0,0,0,0,0,28705,26690,726,720,171,342,12,679,99,80,12,29055,26533,891,870,306,378,21,781,194,60,21,16471,6886,9290,16274,6049,10225,16607,4528,11174,16548,6577,9037,16562,6265,9725,16259,5301,10958,16278,5679,9732,14146,5183,8420,18282,5927,11737,21088,6618,14066,21096,6760,13843,20591,5997,13917,20654,6365,13660,20787,5628,14418,20622,6201,13793,20114,6512,13169,21746,6853,14648,21551,7442,13597,21371,6807,14095,21003,6150,14259,21067,6401,13698,21036,6714,13722,21015,6459,13552,20215,5999,13679
33,33,31906,28263,1180,1772,402,370,82,0,0,34860,29868,1713,2114,683,280,13,0,0,38134,31003,1934,2979,853,1211,154,37814,31103,2290,2981,860,297,84,2401,459,77,75,241,1170,39403,32645,2190,2906,789,613,133,23143,21057,672,932,239,240,47,0,0,25273,22536,983,1193,407,171,0,1130,265,96,2,0,28216,23728,1139,1790,542,822,97,28216,23728,1139,1477,380,113,39,62,1278,27306,23543,1370,1793,461,167,0,0,0,0,0,0,28769,25031,1194,1811,398,289,3,1599,303,56,3,29436,25264,1165,2167,457,239,47,1832,414,34,47,16490,6986,9266,16001,6149,9852,16859,5520,10409,16917,7189,8888,16887,6851,9484,16621,5980,10641,16615,6202,9632,15172,6241,8508,18981,7310,11090,21970,8742,12834,21896,8591,12864,21273,7599,13046,21393,8075,12753,21466,7342,13446,21300,7814,12854,21098,8311,12347,22768,8920,13567,22550,9332,12673,22365,8628,13250,21909,8037,13284,22001,8162,12848,21959,8519,12854,21957,8191,12829,21665,8000,13145
34,34,35529,29060,1758,3693,722,464,95,0,0,36843,29347,1785,3972,1181,649,45,0,0,38077,27977,2428,5125,1278,1217,125,38795,30505,1806,4638,1090,647,133,3485,719,33,99,109,2042,39542,30880,1973,4606,1164,729,123,25782,21925,996,2126,463,310,61,0,0,26463,22584,797,2291,352,342,9,1975,278,100,75,0,28433,21987,1476,3146,860,882,76,28433,21987,1476,2769,648,94,49,110,1300,27354,22883,868,2606,469,317,100,0,0,0,0,0,28223,23366,1094,2547,557,469,80,2224,338,29,80,28660,23098,1170,3315,487,501,86,3064,298,58,86,18698,8684,9790,16658,7476,9182,17218,7245,8911,17251,8607,7789,17238,8193,8388,16961,7360,9601,16969,7520,8565,15113,7634,7032,18303,8771,8921,20375,10230,9727,20247,9927,9885,19786,9038,10124,19913,9471,9852,19899,8753,10462,19769,9082,10054,19348,9666,9230,20476,10347,9788,20257,10438,9224,20160,9903,9804,19888,9463,9880,19893,9506,9447,19878,9876,9425,19876,9403,9601,20333,9866,9828
35,35,33967,25716,1128,6250,774,313,69,0,0,36540,26478,1731,6918,1191,340,118,0,0,37958,26102,1826,7831,1281,906,118,36600,24972,2283,8187,1094,294,20,7669,759,38,8,32,842,37658,24863,2184,8625,1687,478,330,25215,19751,670,4205,471,208,38,0,0,27135,20451,777,5130,521,211,30,5011,447,86,20,0,29026,20775,1173,5550,841,626,56,29026,20775,1173,5109,646,54,33,100,1136,26998,19589,952,5791,502,175,9,0,0,0,0,0,28200,20205,1063,5806,666,184,18,5738,513,20,18,28725,20346,1227,6125,464,203,50,6101,370,4,50,19236,9485,9566,18229,8852,9377,19041,9369,8769,19099,10357,8081,19069,10175,8457,18802,9086,9716,18783,9433,8643,17668,9814,7508,19496,10266,8721,20675,11286,9015,20563,10788,9394,20142,9956,9640,20219,10417,9340,20263,9755,9930,20116,10039,9533,20942,11561,8972,22005,12440,9190,21940,12544,8879,21837,11869,9583,21514,11418,9600,21574,11606,9161,21556,11938,9143,21534,11396,9370,21957,12006,9425
36,36,35433,19061,2971,12656,668,540,73,0,0,36853,19656,3360,12504,1288,636,23,0,0,37227,18199,4120,13010,1070,1255,94,36196,19489,3366,12169,1019,811,17,10405,759,77,1,165,1931,36741,18751,4504,11396,1697,1091,54,26860,15920,1866,8474,464,367,43,0,0,27542,16067,1629,8904,580,301,1,8503,417,91,130,0,28920,15394,2694,9335,815,904,48,28920,15394,2694,8656,596,117,28,107,1328,27438,16385,1623,8509,484,406,1,0,0,0,0,0,27547,16090,1736,8335,839,528,42,7897,726,70,42,27024,16639,1639,7654,617,517,20,7213,541,45,20,17627,11027,6381,16442,9927,6515,15717,9113,5882,15771,9689,5376,15744,9463,5580,15518,9077,6441,15537,8969,5796,13583,8433,4793,16047,9693,5872,17354,10792,6209,17157,10285,6442,16912,9778,6536,17017,10203,6291,17006,9697,6702,16952,9934,6458,15751,9539,5878,16095,9775,6072,15938,9639,5810,15908,9440,6131,15732,9135,6204,15756,9159,5857,15719,9331,5897,15720,9052,5967,16007,9588,5954
37,37,37614,17014,2189,17501,791,522,107,0,0,38895,17727,2450,18136,759,582,99,0,0,37737,15759,3267,17011,1104,1075,120,39727,18738,2360,17880,781,553,77,16731,494,57,47,115,1183,38371,17610,2900,16928,835,516,15,28485,14691,1445,11611,573,379,61,0,0,28001,14877,1062,11620,211,370,42,11247,163,56,39,0,29536,13700,2170,12272,820,821,83,29536,13700,2170,11477,618,117,45,122,1287,28861,15736,1091,11609,216,356,35,0,0,0,0,0,28197,14895,1331,11526,245,325,0,10932,192,16,0,28181,14581,1667,11275,374,239,4,10623,306,0,4,19649,13457,6022,15766,10771,4995,15907,10529,4630,15986,11070,4335,15932,10896,4406,15667,10454,5213,15695,10367,4521,13363,9359,3677,15467,10614,4399,15986,11269,4407,15971,10899,4646,15760,10548,4681,15815,10899,4443,15808,10454,4783,15721,10526,4648,14762,10177,4269,14938,10255,4424,14894,10221,4234,14838,10093,4401,14704,9886,4431,14744,9868,4224,14703,10054,4216,14684,9756,4357,14797,10014,4285
38,38,34850,30798,1473,1629,602,435,66,0,0,37866,32521,2273,1953,676,432,122,0,0,37773,31085,2073,2367,947,1144,117,37680,32062,2232,1914,957,478,74,1427,748,92,11,51,1061,36761,31076,2103,1794,883,511,94,25202,22829,802,956,339,284,38,0,0,27832,24624,1287,1185,374,300,10,1047,284,99,90,0,27986,23727,1253,1488,592,772,64,27986,23727,1253,1235,401,97,36,73,1164,27003,23613,1181,1249,658,347,10,0,0,0,0,0,26818,23346,1202,1310,536,333,18,1251,404,106,18,28180,24439,1273,1532,521,337,18,1412,426,77,18,16876,7910,8768,14719,6516,8203,17374,7111,9073,17542,8593,8178,17548,8241,8791,17151,7156,9995,17235,7543,8817,15639,7609,7569,17981,8102,9247,19317,8864,10037,19301,8645,10209,18828,7743,10444,18904,8101,10213,18980,7331,10949,18805,7749,10414,19412,9047,9938,20573,9676,10598,20499,9989,9972,20398,9248,10742,20121,8872,10754,20146,9006,10380,20133,9207,10430,20127,8967,10424,20258,8596,11162
39,39,33457,30609,1163,941,406,409,47,0,0,37828,33611,1539,1753,633,436,134,0,0,38649,33370,1716,1490,675,1191,47,38516,33897,1824,1580,934,324,0,1364,635,60,0,20,726,37575,32516,1727,1581,1221,471,3,23911,22265,653,528,224,270,35,0,0,27119,24666,1041,808,303,261,0,679,247,103,68,0,27886,24611,977,835,395,831,25,27886,24611,977,620,283,125,6,80,1184,27881,25099,1238,1003,416,168,0,0,0,0,0,0,27624,24905,913,953,551,239,4,780,359,41,4,29192,25677,1097,1185,921,272,0,888,700,45,0,16947,7276,9419,13683,5222,8461,17433,5577,10886,17502,7547,9121,17524,6996,10020,17149,5940,11209,17207,6408,9930,14909,5983,8488,18584,6726,11288,20886,7438,13102,20870,7512,12915,20275,6349,13278,20399,6904,12881,20505,6066,13762,20317,6678,13035,20172,7221,12544,21583,7606,13662,21397,8125,12824,21321,7306,13599,21035,6896,13645,21037,7129,13164,21071,7325,13234,21022,7077,13048,21171,6687,13978
40,40,39091,36144,669,1807,164,331,29,0,0,40488,36950,962,1918,337,411,73,0,0,38719,34593,814,1664,220,1055,49,39874,36604,941,1820,228,397,27,1507,127,99,27,0,559,39498,36340,712,1552,320,492,23,29648,27501,411,1449,88,225,19,0,0,31136,28577,530,1498,232,304,15,1388,123,146,18,0,29551,26683,494,1183,127,798,29,29551,26683,494,1018,51,100,12,57,1136,30268,28029,411,1394,153,279,15,0,0,0,0,0,30304,28108,415,1131,220,418,18,1067,90,211,18,30623,28559,383,1125,172,353,6,1045,73,75,6,17601,7589,9545,15844,5552,10292,16806,3825,12281,16725,6246,9515,16768,6240,9934,16332,4991,11341,16526,5737,10038,14375,4812,8964,17223,4429,12269,18975,4105,14580,18931,4378,14159,18571,3911,14221,18592,4010,14173,18715,3583,14602,18600,3937,14200,18160,4037,13792,19225,3831,15230,19028,4501,14131,19011,3738,14949,18686,3553,14763,18670,3726,14344,18646,3828,14399,18633,3788,14166,18656,3543,14700
41,41,31991,29739,694,1046,260,339,20,0,0,34445,31844,854,1287,206,306,0,0,0,38442,33841,1161,1340,374,1252,42,35874,33009,929,1400,390,369,0,936,48,62,0,21,879,38393,34992,1322,1419,250,465,141,22601,21287,361,613,137,240,11,0,0,25064,23513,390,755,189,200,0,690,63,60,31,0,28346,25333,704,794,259,925,25,28346,25333,704,610,147,96,13,76,1367,26492,24761,491,778,235,240,0,0,0,0,0,0,28221,26257,720,724,118,276,69,624,64,34,69,29875,27760,725,793,192,425,55,596,85,40,55,14028,6132,7647,13244,4671,8573,15489,3556,11152,15427,5890,8630,15437,5867,8991,14918,4605,10313,15191,5074,9361,13426,4706,8085,16127,4454,11066,17737,4219,13131,17638,4548,12582,17254,3933,12786,17268,4162,12520,17335,3660,12962,17282,3998,12652,18739,4653,13621,20732,4695,15787,20401,5426,14434,20352,4569,15283,19957,4397,15029,19950,4492,14643,19921,4585,14749,19924,4603,14518,19830,4434,14810
42,42,35959,33478,1012,951,233,377,21,0,0,37690,34688,1225,1191,290,515,16,0,0,38781,34127,1474,1234,322,1246,42,38368,35010,1256,1218,281,473,18,667,183,60,11,49,1135,39017,35394,1350,1301,407,589,10,27079,25597,592,525,149,261,16,0,0,28685,26870,656,683,216,246,15,544,171,102,4,0,29806,26773,874,706,230,917,18,29806,26773,874,543,129,101,0,55,1331,29352,27463,701,702,216,261,10,0,0,0,0,0,29935,27952,824,740,196,223,0,543,181,28,0,31114,28924,849,446,187,649,17,321,153,43,17,17328,7321,9680,15825,5655,10170,17384,4240,12353,17345,6416,9954,17335,6598,10059,17020,4986,12034,17117,5674,10556,15413,5327,9484,18156,5067,12500,20079,5092,14574,19987,5259,14232,19590,4628,14469,19652,4783,14331,19710,4382,14653,19514,4632,14281,20265,5211,14648,21957,5295,16435,21732,5947,15306,21624,4957,16211,21254,4750,16040,21274,4966,15590,21245,5077,15620,21214,4920,15539,21248,5022,15516
43,43,39731,36028,802,2354,237,349,29,0,0,39559,35058,1206,2568,356,334,35,0,0,38668,33936,991,2204,303,1001,50,39059,34907,1071,2597,289,359,46,1807,73,129,41,19,1014,38530,34224,1034,2445,285,587,45,29904,27514,430,1609,130,241,21,0,0,30337,27728,454,1800,96,210,24,1593,48,79,20,0,29640,26489,618,1412,185,752,31,29640,26489,618,1203,126,84,1,60,1059,29922,27346,489,1745,69,230,40,0,0,0,0,0,29494,26919,379,1599,168,339,43,1379,140,110,43,29417,26900,407,1552,129,334,12,1307,126,128,12,17851,6985,10313,15806,5437,10369,16683,3927,11995,16616,5807,9889,16680,6081,10021,16316,5136,11180,16412,5607,9905,14691,4350,9777,16492,4135,11833,17977,4288,13352,17881,4153,13293,17412,3684,13215,17665,3488,13755,17641,3296,13813,17472,3725,13273,16989,4042,12614,17816,4158,13446,17583,4556,12570,17583,3807,13341,17150,3524,13231,17164,3760,12467,17107,4119,12433,17133,3746,12415,17256,3654,13076
44,44,33566,30323,718,1826,363,380,24,0,0,38520,34350,874,2331,816,419,27,0,0,36833,31397,944,2406,669,1137,66,36836,32758,1173,1940,638,435,38,1372,443,59,0,9,1020,38483,33106,1081,2391,1207,577,53,25003,23004,426,1071,236,272,14,0,0,28465,26061,454,1270,383,282,1,1117,252,37,52,0,27456,23935,589,1453,422,833,41,27456,23935,589,1181,273,94,16,118,1250,27631,25572,490,956,234,276,0,0,0,0,0,0,29266,26802,525,1176,391,281,0,909,325,13,0,30319,27340,811,1226,576,292,1,961,411,8,1,17652,7718,9555,16792,6634,10158,17738,5960,10605,17707,7500,9258,17689,7633,9392,17220,6550,10670,17368,6890,9546,16039,6669,8842,19005,6960,11325,21102,7686,12869,21135,7402,13152,20610,6714,13189,20834,6437,13754,20876,6513,13645,20554,6569,13313,19710,7368,11850,20570,7710,12496,20403,8103,11761,20374,7140,12736,19816,6880,12410,19836,7035,11959,19807,7254,11953,19774,6832,12155,19655,7218,11776
45,45,32980,24665,1151,4532,2390,370,65,0,0,36648,27342,1271,4777,2902,480,137,0,0,36657,26107,1696,5382,2656,708,73,35981,26217,1323,4762,3269,479,65,3843,2564,96,35,33,1876,37239,27305,1500,4961,2981,544,114,29667,23093,930,3323,2117,304,48,0,0,30421,24823,816,3370,982,351,30,2980,806,94,92,0,32898,24312,1417,4150,2265,608,55,32898,24312,1417,3538,1880,85,19,201,1446,29884,23892,997,3374,1055,415,32,0,0,0,0,0,31500,25253,1092,3465,1104,416,51,2998,749,18,51,32810,26041,1280,3414,1357,420,66,2870,798,0,66,15997,11682,4045,12883,8952,3931,13638,9184,3394,13346,9329,3450,13160,9080,3464,12360,8408,3952,12439,8051,3498,11626,8790,2488,13029,9492,3056,13532,10338,2864,13317,9917,3092,12879,9366,3101,12937,9271,3181,12850,9129,3190,12763,9089,3206,12047,8735,3007,12143,8658,3221,11887,8552,2983,11773,8137,3343,11378,7995,3107,11414,7936,2958,11452,8121,2975,11392,7751,3237,11308,8080,2917
46,46,33755,23961,1511,6658,1398,474,53,0,0,34428,24117,1574,6995,1302,604,46,0,0,36697,22780,2348,8580,1907,1129,121,35454,24532,1348,8063,1185,635,18,6451,943,97,1,100,1979,34707,23359,1799,7328,1817,828,47,25377,19188,915,4053,981,326,33,0,0,25420,19815,819,4010,449,226,0,3860,393,84,104,0,27723,18635,1487,5384,1322,855,82,27723,18635,1487,4785,1076,99,34,124,1483,25721,19773,615,4547,549,174,0,0,0,0,0,0,24905,18939,867,4034,766,238,0,3810,548,67,0,25726,18565,1266,4740,888,222,0,4466,640,19,0,15781,9121,6370,14801,8328,6473,15154,8032,5815,15076,8859,5324,15009,8638,5677,14552,8010,6542,14656,8015,5554,14197,8537,5122,16019,9481,5803,17549,11009,5969,17414,10625,6264,16923,9876,6337,17114,9883,6586,16971,9577,6670,16857,9693,6459,15932,9541,5892,16181,9691,6092,16032,9798,5696,15975,9171,6347,15541,8939,6104,15600,9024,5797,15585,9242,5800,15540,8777,6077,15456,9097,5878
47,47,34458,29575,767,2236,1590,413,28,0,0,35664,29736,1369,2655,1686,392,44,0,0,36686,30007,1196,2543,1769,920,60,35265,29172,1142,2965,1554,397,35,2297,1364,211,14,163,899,35729,29230,1099,3273,1580,355,61,25795,22732,478,1307,1049,288,12,0,0,26032,22850,652,1430,913,211,14,1198,767,95,16,0,28158,23655,782,1572,1245,672,40,28158,23655,782,1287,1057,55,8,124,1190,26017,22836,584,1663,819,225,14,0,0,0,0,0,26520,23105,601,1869,780,247,0,1638,653,97,0,27295,23377,895,1686,1129,245,3,1528,964,67,3,20356,10330,9700,19411,9481,9930,20487,9734,9372,20532,10711,9030,20470,11046,8750,20000,9685,10315,20076,9981,9140,19118,10415,8252,20305,10151,9497,20828,10569,9762,20816,10197,10176,20271,9273,10388,20484,9134,10817,20445,9025,10811,20213,9139,10486,21098,11055,9553,21917,11659,9763,21801,11927,9341,21752,10925,10325,21243,10834,9896,21256,10905,9558,21252,11091,9592,21239,10502,10040,21154,11021,9477
48,48,37844,34711,415,2238,188,335,27,0,0,37337,33810,563,2356,219,448,41,0,0,36748,32352,689,2173,299,1021,83,37139,33370,627,2187,243,484,81,1726,100,151,36,95,1030,36473,32578,682,2097,206,576,39,29424,27113,235,1718,118,254,21,0,0,29164,26696,320,1716,118,271,20,1518,81,136,34,0,28620,25495,421,1559,178,744,44,28620,25495,421,1361,82,99,13,79,1070,29031,26536,388,1623,112,310,25,0,0,0,0,0,28320,25969,408,1493,88,344,10,1363,65,89,10,28138,25671,372,1557,45,397,5,1431,13,67,5,18457,7286,10528,16831,5734,11097,17879,4287,12712,17848,6685,10310,17890,6660,10748,17466,5824,11642,17571,5954,10728,15512,4852,10119,17477,4640,12299,18981,4749,13872,18926,4637,13769,18433,4067,13777,18673,3922,14262,18671,3837,14163,18445,4129,13797,18197,4640,13202,19062,4718,14113,18887,5361,13083,18883,4459,13955,18508,4124,13965,18461,4471,13128,18442,4560,13327,18452,4324,13250,18517,4282,13544
49,49,38536,34855,654,2262,322,496,43,0,0,39241,35319,666,2204,422,605,243,0,0,38868,33508,863,2523,420,1272,68,39542,35193,837,2211,442,633,212,1744,359,258,191,180,779,39197,34646,973,2599,178,658,97,30007,27339,413,1646,252,391,30,0,0,30828,28078,500,1508,218,427,48,1498,218,138,44,0,30579,26873,565,1687,279,941,50,30579,26873,565,1488,160,107,24,100,1262,31090,28347,458,1553,239,423,56,0,0,0,0,0,31057,28135,627,1832,67,409,15,1498,28,88,15,31244,28042,691,1974,91,505,1,1488,20,97,1,16713,6665,9665,15221,5318,9903,16435,4447,11030,16469,6222,9267,16516,6397,9475,16145,5573,10572,16241,6059,9258,14627,5047,8947,16780,5031,11114,18072,5182,12488,18045,4984,12588,17679,4596,12534,17889,4178,13215,17823,4321,12902,17704,4494,12710,17463,5111,11910,18329,5274,12763,18155,5849,11811,18197,4812,12834,17824,4672,12626,17760,4819,11813,17784,5198,12004,17777,4712,12164,17738,5105,11744
50,50,27883,23153,748,2307,1509,226,36,0,0,32391,24590,998,3214,3301,321,157,0,0,36737,27480,1868,3667,2861,758,53,36168,28190,1247,2831,3704,297,131,1947,2565,115,95,23,1988,37885,29342,1233,3697,3420,315,36,22549,19161,514,1611,1125,159,29,0,0,24337,20111,383,2405,983,230,58,1977,758,109,150,0,29017,22320,1341,2580,2112,579,40,29017,22320,1341,2153,1854,51,5,99,1194,27232,22617,485,2331,1391,201,65,0,0,0,0,0,28259,23136,527,2812,1378,184,10,2462,1241,60,10,28664,22872,626,3169,1918,125,10,2911,1759,20,10,15603,8211,7179,13289,6425,6864,16409,8215,7014,16391,8701,7109,16291,8999,6823,15715,7594,8121,15771,7844,7157,14212,7904,6006,16722,9015,7164,18119,10462,7182,18023,9915,7794,17434,8947,7970,17628,8894,8264,17582,8806,8242,17380,8731,8144,18080,9911,7749,19299,10734,8101,19200,10947,7776,19157,9728,9019,18601,9713,8488,18650,9771,8211,18626,10055,8120,18598,9342,8662,18539,10001,7957
51,51,38996,34037,2268,1947,288,388,193,0,0,38389,32549,2886,2025,311,471,304,0,0,38562,31068,3274,2204,350,983,487,37939,31594,3106,2101,446,445,326,1663,298,73,202,120,875,38673,31794,3013,2536,531,530,298,29811,26566,1375,1345,198,271,115,0,0,28372,25421,1022,1413,184,350,12,1192,162,99,4,0,29888,24676,2184,1537,236,712,301,29888,24676,2184,1260,186,93,260,212,1017,28252,24902,1324,1483,189,231,128,0,0,0,0,0,29308,25476,1487,1757,220,307,83,1608,151,66,83,29197,24946,1713,1960,210,216,122,1377,107,30,122,18055,7760,9818,16595,6299,10296,16760,4585,11336,16765,6768,9052,16769,6783,9414,16519,5581,10938,16575,6149,9554,14258,4930,8750,16538,5003,11011,17620,4960,12353,17596,4849,12378,17284,4455,12361,17366,4542,12387,17401,4053,12842,17233,4608,12181,16838,4739,11782,17542,4688,12628,17474,5295,11751,17414,4506,12573,17108,4205,12521,17174,4502,12009,17193,4477,12295,17129,4350,11841,17240,4115,12761
52,52,36600,31364,2901,1675,324,420,54,0,0,36494,30534,3593,1750,360,265,19,0,0,36697,29057,3794,1983,446,1176,149,36487,30242,3682,1856,392,446,65,1185,256,35,27,29,1018,36497,29665,3864,2028,423,530,87,27272,24125,1642,1012,240,294,33,0,0,25896,23506,1122,927,153,174,0,877,123,28,24,0,27622,22707,2301,1188,317,888,100,27622,22707,2301,969,211,103,76,58,1197,25813,23250,1158,980,175,224,0,0,0,0,0,0,26131,23141,1359,1139,200,253,4,854,129,6,4,26412,22908,1641,1241,191,254,77,869,153,0,77,15378,6106,8898,13816,5155,8661,14878,3726,10330,14807,5683,8280,14815,5318,9004,14599,4756,9843,14686,4295,9543,12290,3819,7939,14568,4141,9888,15499,4109,10971,15409,4252,10730,15045,3468,10927,15168,3719,10981,15175,3234,11209,15010,3870,10546,14645,3942,10337,15203,4015,10955,15043,4321,10320,15030,3809,10882,14841,3607,10857,14852,3794,10426,14867,3885,10575,14831,3733,10350,14908,3603,10947
53,53,37462,35110,755,943,208,462,73,0,0,36149,33536,932,937,265,403,96,0,0,37231,33133,1119,994,276,1369,76,36734,34263,892,804,231,454,84,488,145,60,58,29,809,37066,34307,1267,748,159,670,55,28187,26647,460,614,125,329,55,0,0,28056,26467,576,510,106,301,65,454,96,77,19,0,28626,25815,711,603,186,1026,50,28626,25815,711,448,107,150,14,46,1335,28532,26920,581,502,108,373,60,0,0,0,0,0,28295,26757,649,423,53,424,15,323,52,98,15,28482,26941,671,346,100,353,0,248,73,100,0,17841,8294,9136,15936,6631,9305,17288,4879,11419,17275,7415,8771,17280,7229,9337,16947,5845,11102,17011,6521,9505,14819,5432,8705,17247,5382,11222,18469,5041,13095,18369,5204,12702,17939,4636,12692,17983,4939,12475,18084,4297,13131,17879,4764,12521,17643,4991,12278,18528,4808,13492,18372,5578,12333,18269,4856,13043,17953,4432,13033,17981,4672,12477,18005,4799,12746,17930,4694,12183,18171,4338,13390
54,54,37058,32868,933,2000,838,506,99,0,0,36998,32021,1219,2242,888,655,176,0,0,38080,31459,1604,2373,1008,1370,218,36847,31829,1315,2161,973,816,119,1269,729,85,98,28,1490,36702,31454,1600,2099,865,754,51,29249,26148,623,1490,656,375,74,0,0,28946,25546,871,1498,493,381,10,1330,312,138,155,0,30099,25199,1101,1769,760,1044,135,30099,25199,1101,1451,504,169,81,73,1521,28728,25397,870,1387,468,391,0,0,0,0,0,0,28615,25300,1068,1302,417,341,0,944,254,50,0,29379,25791,1225,1414,509,343,0,1182,321,37,0,15970,7112,8512,14751,5817,8934,15160,4572,9490,15179,6224,8107,15193,6270,8369,14936,5418,9518,15011,5269,8844,12920,4988,7346,15238,5112,9448,16289,5215,10590,16201,5119,10501,15978,4617,10702,16025,4783,10595,16029,4365,10933,15979,4638,10686,15824,5115,10274,16630,5233,11150,16485,5548,10463,16415,5033,10978,16204,4693,11050,16228,4871,10629,16305,4901,10952,16198,4763,10622,16250,4679,11156
55,55,35560,33220,927,706,310,442,39,0,0,36985,33518,885,1705,273,678,0,0,0,38844,33949,1442,1187,474,1416,54,38449,34403,1249,1956,285,611,0,1487,44,261,0,3,1003,38641,35096,1146,1184,243,651,72,26343,24910,548,401,185,312,19,0,0,27642,25577,481,1010,131,500,0,916,53,234,0,0,29274,26170,867,699,287,996,30,29274,26170,867,538,175,131,5,72,1316,29018,26540,737,1107,167,473,0,0,0,0,0,0,29740,27409,841,725,190,494,14,641,18,156,14,30389,28198,901,677,171,395,7,520,78,63,7,17959,6765,10902,17270,5800,11470,18498,4960,12559,18537,7182,10412,18571,7215,10776,18440,7176,11264,18293,6106,11301,16072,5584,9916,19206,5903,12713,20993,6118,14493,20968,6199,14318,20560,5474,14480,20661,5822,14280,20685,5196,14817,20569,5658,14364,20239,6119,13695,21374,6329,14750,21252,6938,13754,21110,6094,14575,20718,5605,14579,20752,5722,13997,20744,6151,14003,20721,5736,13970,21009,5552,14993
56,56,34570,28618,2274,2759,519,494,81,0,0,36540,29885,2831,2740,745,484,118,0,0,37989,28311,2954,4409,800,1382,144,35240,28743,2739,2708,842,445,120,2009,383,73,106,61,1125,37932,29352,2854,4035,1095,669,372,24780,21245,1295,1610,330,345,45,0,0,26787,22980,1222,1732,452,292,44,1652,350,129,59,0,28280,22091,1753,2705,529,957,89,28280,22091,1753,2401,360,141,37,150,1347,26057,22122,1292,1748,495,243,49,0,0,0,0,0,28210,23263,1534,2587,519,274,39,2279,414,30,39,29854,24197,1650,3080,539,353,34,2768,390,23,34,16297,7195,8902,15313,6189,9124,16383,5795,9502,16377,7491,7994,16401,7289,8499,16250,7194,9056,16167,6370,8803,14110,6209,7340,16698,6912,9133,18143,7806,9910,17941,7470,9993,17598,6787,10111,17693,7181,9896,17685,6548,10456,17607,6963,10035,17874,7632,9771,19119,8195,10644,18811,8368,9786,18762,7905,10370,18474,7314,10564,18525,7487,10064,18464,7821,10061,18489,7491,10000,18665,7408,10787
57,57,37435,34475,1084,925,475,500,113,0,0,38868,34939,1603,1294,628,793,98,0,0,38774,33955,1488,1195,604,1271,158,39143,34938,1663,1314,602,868,158,959,431,171,66,56,874,40432,35705,1630,1296,670,856,216,28609,26710,639,583,307,371,70,0,0,29994,27482,1016,761,273,387,8,657,201,133,48,0,29740,26455,942,722,451,936,95,29740,26455,942,524,280,135,49,88,1267,30170,27581,1095,802,203,439,19,0,0,0,0,0,30773,28174,1051,798,269,504,55,698,181,153,55,30715,28214,942,796,238,462,64,662,117,92,64,17419,6102,10870,16005,4850,11155,17270,3595,12888,17219,5606,10663,17225,5646,11024,16977,4671,12306,17068,4273,11991,14642,3977,10113,17533,4056,12925,19220,4140,14699,19157,4112,14572,18808,3572,14662,18891,3720,14657,18978,3423,14895,18804,3741,14512,18655,4130,14145,19744,4160,15384,19627,4714,14421,19552,4135,14969,19246,3659,15149,19291,4008,14493,19284,3990,14776,19263,3895,14378,19359,3691,15162
58,58,36372,33928,951,804,204,540,30,0,0,36521,33976,1245,729,269,428,0,0,0,36674,33174,1311,620,211,1095,73,36555,33614,1267,916,307,543,18,776,167,182,0,1,548,36797,33565,1387,668,264,737,13,27860,26143,548,686,125,395,24,0,0,27753,26073,689,582,122,219,0,559,103,98,60,0,27896,25382,835,450,152,852,41,27896,25382,835,369,82,118,14,53,1043,27694,25777,718,670,127,377,0,0,0,0,0,0,27805,25854,775,526,165,509,0,489,142,18,0,27999,26062,799,422,114,556,4,377,107,14,4,16085,5673,9983,14740,4291,10449,15730,3025,12180,15653,5041,9905,15661,4980,10233,15368,4349,11019,15454,4381,10317,13912,3498,9913,15601,3312,11882,16756,3257,13270,16718,3140,13240,16312,2811,13076,16550,2587,13585,16473,2655,13328,16589,2821,13389,16268,3208,12768,17125,3251,13692,16925,3736,12800,16947,2983,13556,16518,2740,13417,16470,2984,12691,16433,3174,12792,16468,2852,12713,16394,3042,12747
59,59,36307,33122,781,1741,437,258,48,0,0,38003,34159,687,2285,698,342,20,0,0,38432,33321,1281,2179,580,923,66,38842,34927,809,2143,626,389,23,1578,517,190,13,34,770,38819,34128,1068,2301,548,384,14,26571,24684,451,971,289,175,30,0,0,28106,26150,421,1087,248,167,4,1011,228,92,54,0,29015,25784,755,1286,374,680,39,29015,25784,755,1099,277,67,20,76,937,28846,27239,455,701,218,288,4,0,0,0,0,0,29093,27229,616,983,196,332,4,816,152,31,4,29537,27004,682,1010,207,814,11,784,118,83,11,20085,5804,14014,18323,4550,13773,20366,4440,15097,20514,6483,13340,20546,7524,12589,20196,5911,14285,20350,6698,13031,18394,5163,12734,21084,5151,15395,22582,5432,16795,22710,5062,17133,22218,4462,17258,22573,4179,17823,22464,4406,17491,22239,4531,17265,22436,5496,16531,23659,5821,17512,23609,6643,16458,23653,4900,18242,23067,5051,17528,23062,5299,16791,22981,5547,16845,23065,5018,17224,22924,5547,16361
60,60,39657,30100,1014,7593,787,385,47,0,0,38720,28446,1489,7911,718,391,17,0,0,38847,28153,1380,7437,871,840,102,37788,27389,1383,8078,839,258,20,7478,646,68,5,67,756,38071,27521,1278,7828,853,420,23,31461,24497,640,5618,541,287,34,0,0,30139,23480,714,5507,154,289,0,5303,144,104,53,0,31148,23733,931,5082,614,618,72,31148,23733,931,4736,471,71,28,96,1082,29534,22371,681,6125,156,160,4,0,0,0,0,0,29692,22691,601,5711,321,250,4,5434,302,38,4,29492,22615,876,4928,307,696,10,4500,287,82,10,18755,8154,10370,18152,7424,10728,16909,6473,9519,16959,7733,8600,17009,8282,8283,16733,7308,9425,16799,7666,8366,15048,6555,8004,16522,6790,9190,16932,7262,9291,16863,6664,9753,16569,6103,9936,16672,5593,10575,16605,5941,10077,16550,6006,10046,16169,6672,9104,16493,7053,9174,16287,7253,8576,16353,5771,10176,16049,6219,9394,15983,6259,8840,15983,6597,8843,16026,5946,9371,15921,6625,8524
61,61,39343,38236,370,325,142,264,36,0,0,38095,36686,513,452,147,268,41,0,0,37563,35195,478,352,195,1065,79,37845,36200,434,518,257,383,27,265,142,137,1,37,625,37840,35903,469,606,118,554,95,30041,29287,247,188,100,214,21,0,0,29549,28622,347,231,100,217,4,194,65,70,30,0,29287,27616,311,223,138,788,48,29287,27616,311,123,78,59,17,35,1048,29290,28284,197,276,199,324,4,0,0,0,0,0,29278,28192,244,397,77,323,45,298,48,93,45,29510,28340,410,253,92,328,24,196,26,83,24,19936,6667,12788,18076,4843,13233,19163,3389,15128,19103,5783,12507,19129,6416,12044,18689,4843,13846,18862,5576,12558,16422,4160,11755,19013,3764,14826,20432,3633,16548,20348,3456,16579,19907,3025,16554,20178,2848,17014,20093,2902,16762,19858,3026,16481,19776,3533,15965,20850,3504,17167,20684,4160,16195,20700,3102,17228,20265,3072,16894,20246,3301,16409,20219,3345,16516,20179,3213,16336,20128,3337,16215
62,62,35611,33315,871,763,244,455,30,0,0,36246,33548,1036,897,377,389,66,0,0,37098,32838,1286,1011,380,1285,54,37552,34428,1036,943,366,617,60,838,205,136,42,61,810,37970,33854,1559,1173,286,571,152,26646,25201,528,462,143,332,14,0,0,27887,26366,555,530,132,262,32,484,49,78,19,0,28797,25874,797,657,236,949,40,28797,25874,797,536,129,140,13,83,1225,28668,27116,514,541,96,361,34,0,0,0,0,0,28871,26866,885,638,62,329,24,580,38,117,24,28560,26216,1025,759,135,358,5,650,71,105,5,19426,7140,11886,18346,5978,12368,19188,4745,13445,19184,7126,10992,19220,7415,11230,19048,6983,12065,18919,6126,11840,16367,5324,10430,19790,5629,13531,21824,5820,15602,21779,5836,15446,21291,5257,15377,21357,5512,15202,21469,4946,15861,21314,5492,15229,21102,5765,14922,22456,5885,16307,22308,6585,15169,22137,5811,15881,21756,5206,16017,21820,5555,15284,21778,5772,15456,21743,5496,15189,22089,5216,16411
63,63,26396,23385,712,1740,394,152,19,0,0,33636,30389,808,1604,720,178,0,0,0,36937,31073,1251,2644,881,908,48,34521,30229,1098,1813,1122,179,0,1609,842,0,0,1,743,37882,32558,1251,2840,952,223,0,17679,15989,390,964,239,92,12,0,0,23182,21312,370,1037,386,98,0,875,349,15,4,0,26015,22336,752,1616,563,606,34,26015,22336,752,1388,412,65,10,41,1011,23206,20846,557,1131,581,116,0,0,0,0,0,0,25994,22823,659,1823,515,107,0,1669,375,17,0,27157,23496,816,2045,499,135,10,1827,368,6,10,12766,5615,7027,12725,4689,8036,15096,4515,9874,15073,6265,8151,15124,6067,8635,14744,4890,9854,14830,5412,8749,12830,5335,7167,16398,5815,10101,18723,6564,11810,18698,6589,11678,18150,5688,11944,18299,6060,11734,18310,5441,12296,18141,5739,11883,17831,6401,11071,19241,6748,12233,18985,7367,11188,18850,6315,12137,18484,6132,11914,18498,6220,11495,18466,6485,11479,18439,6164,11610,18451,6255,11623
64,64,27341,25133,639,1032,384,158,41,0,0,32986,29898,780,1446,733,186,0,0,0,36825,31824,1095,2026,769,881,71,35119,31572,1166,1368,901,119,0,1001,734,20,0,11,610,37072,32449,1232,1539,1071,173,1,19995,18656,374,616,239,105,25,0,0,24106,22504,350,790,325,144,0,616,279,49,0,0,27137,23907,670,1249,490,631,52,27137,23907,670,1050,349,20,28,69,1044,26108,24152,521,803,525,101,0,0,0,0,0,0,27604,25334,595,1046,589,134,0,883,545,8,0,28944,25439,1031,1648,713,218,0,1356,580,0,0,14804,6465,8153,14477,5320,9157,16573,4846,10983,16481,6699,9101,16536,6791,9282,16145,5320,10825,16247,5999,9552,14430,5901,8150,18130,6293,11334,20771,7031,13351,20636,7149,13038,20116,6217,13402,20195,6500,13152,20271,5971,13675,20079,6329,13193,20233,6891,12941,21931,7255,14395,21730,7842,13377,21572,6880,14288,21065,6462,14072,21113,6730,13517,21052,7001,13469,21036,6621,13593,21132,6866,13708
65,65,33676,30539,801,1357,777,257,36,0,0,37004,33170,750,1570,1197,374,22,0,0,36769,30940,1348,2213,1114,941,44,37136,32836,629,1939,1400,391,28,1164,1003,0,0,17,1490,36915,32276,619,2348,1216,382,118,25354,23363,483,823,495,185,18,0,0,27979,25886,463,943,539,113,0,800,509,4,39,0,28879,24895,876,1426,787,689,32,28879,24895,876,1227,614,42,10,73,1142,28277,25935,343,1149,629,146,0,0,0,0,0,0,28463,25839,399,1394,543,141,25,1149,346,4,25,28582,25538,626,1639,574,143,29,1405,408,13,29,18159,8375,9575,17536,7205,10331,19057,6501,11530,19089,8580,9640,19146,8395,10173,18682,6894,11788,18817,7555,10343,16938,7587,8853,19490,7834,11068,20984,8487,12106,20847,8500,11933,20306,7449,12323,20347,7575,12175,20424,7051,12714,20245,7300,12331,19675,8035,11224,20362,8237,11849,20204,8780,10917,20042,7662,11960,19640,7467,11719,19660,7505,11312,19639,7876,11250,19605,7533,11362,19611,7760,11354
66,66,39878,8023,359,31389,189,302,38,0,0,36058,5508,422,29879,96,395,14,0,0,36683,4298,549,31425,189,529,35,36041,5414,287,30072,60,273,29,29435,11,21,17,179,683,37838,4877,217,32210,43,368,12,28015,7169,203,20492,143,204,20,0,0,25779,5187,278,20149,23,328,0,19826,19,10,29,0,26327,3911,363,21746,147,395,20,26327,3911,363,21137,71,71,6,123,645,26383,5264,188,20817,12,196,0,0,0,0,0,0,26875,4976,125,21588,18,299,4,21297,18,45,4,25385,4446,183,20417,56,268,17,20123,48,17,17,19232,16844,2222,18629,16532,2097,14455,12444,1652,14405,12610,1402,14398,12487,1515,14244,12402,1842,14345,12313,1468,11861,10522,1105,13484,11737,1478,13547,11883,1510,13492,11564,1582,13379,11423,1610,13425,11652,1479,13444,11330,1772,13390,11472,1518,11416,9856,1348,10918,9431,1336,10829,9062,1310,10827,9183,1391,10707,9050,1405,10738,9057,1185,10719,9198,1187,10720,9014,1269,10763,9059,1042
67,67,36290,12125,488,23064,598,275,42,0,0,36338,9384,346,25933,698,509,27,0,0,36717,7152,609,28052,597,471,32,35662,8851,630,25992,335,779,21,24744,289,24,0,85,1040,36214,7741,924,27210,479,1112,4,27667,10311,309,16608,407,192,28,0,0,27462,8175,297,18378,331,168,0,18096,316,24,179,0,29142,6436,413,21509,488,377,25,29142,6436,413,20924,360,33,8,173,795,27600,7935,438,18721,233,152,0,0,0,0,0,0,27274,6892,559,19216,360,350,0,18684,279,4,0,28899,6394,748,21284,289,429,8,20596,207,4,8,22268,17361,4747,19818,15868,3950,19968,15774,3577,20003,16227,3272,19960,16091,3404,19759,15648,4111,19867,15835,3357,17685,14859,2546,19844,16277,3185,20595,17304,3062,20569,16914,3256,20374,16638,3397,20425,16858,3182,20489,16455,3623,20368,16639,3298,18783,15692,2773,18769,15849,2671,18704,15501,2596,18652,15445,2875,18473,15225,2895,18513,15267,2580,18514,15513,2563,18489,15171,2750,18562,15391,2261
68,68,38152,21733,750,15144,453,327,39,0,0,38685,16865,1112,19888,630,418,70,0,0,37511,14393,943,21048,575,723,33,38873,17492,894,19562,548,477,63,18189,363,36,11,218,1685,38946,16242,349,20897,557,283,42,29247,17946,459,10425,312,227,28,0,0,28287,13684,529,13421,259,166,19,13126,181,27,216,0,29065,12380,605,15178,392,562,16,29065,12380,605,14589,274,54,6,168,989,28956,14184,467,13592,249,261,9,0,0,0,0,0,29188,13483,150,15019,254,282,0,14585,146,14,0,29798,12574,181,16520,278,344,4,15956,219,21,4,20500,14056,6204,18962,13531,5431,17619,11931,4862,17596,12894,4029,17608,12679,4332,17366,12141,5225,17508,12447,4261,14755,11232,3155,17063,12363,4213,17613,13016,4292,17565,12731,4396,17325,12318,4575,17398,12558,4397,17453,12139,4816,17326,12306,4478,15600,11472,3779,15508,11421,3827,15403,11289,3568,15358,11048,3944,15154,10863,3922,15192,10909,3616,15181,11172,3562,15155,10845,3718,15297,11197,3232
69,69,36825,32933,938,1606,1213,216,18,0,0,37927,33251,1110,2108,1336,337,0,0,0,36702,31198,1246,1823,1465,740,40,37942,33049,1019,2398,1431,250,0,1836,1152,0,0,66,820,37251,32574,1015,1865,1575,236,0,27432,24998,553,947,824,154,14,0,0,29068,26014,640,1533,678,215,0,1398,590,39,25,0,28569,24841,785,1198,1003,513,24,28569,24841,785,1034,844,36,3,96,930,29345,26126,557,1685,762,150,0,0,0,0,0,0,28663,25873,604,1156,831,195,0,991,764,4,0,28880,26241,769,848,852,176,0,652,715,0,0,21046,8856,11998,19080,7430,11650,21249,7445,12730,21252,9220,11200,21294,8872,11807,20830,7407,13423,20955,7973,12129,18914,8268,10149,21156,8484,12068,22098,9196,12509,21982,8924,12655,21492,7854,13150,21525,8002,12919,21598,7562,13430,21443,7725,13161,21681,9184,12050,22540,9749,12450,22404,10141,11746,22266,8936,12856,21908,8830,12588,21887,8807,12232,21885,9199,12185,21872,8697,12426,21911,9030,12322
70,70,37722,24647,1512,10557,828,304,43,0,0,36780,20299,1827,13550,1111,299,41,0,0,37377,18359,1971,15110,1086,915,49,36985,19807,2200,13541,1380,323,54,12146,1248,9,14,46,1514,37459,19472,1857,14793,1033,443,34,29340,20329,1030,7220,597,220,25,0,0,27641,16967,654,9144,619,128,9,8774,568,10,129,0,28949,15674,1293,10453,818,694,45,28949,15674,1293,9928,648,56,13,169,1168,27634,16611,621,9317,803,147,10,0,0,0,0,0,28240,16399,650,10272,629,282,5,9564,580,4,5,27977,15449,701,10884,533,255,7,10190,409,0,7,19418,11832,7337,18171,10913,7258,17588,9882,6860,17597,11081,5781,17596,10748,6229,17280,10003,7277,17416,10356,6262,15271,9808,5018,17023,10380,6121,17358,10886,6197,17314,10565,6309,17060,10071,6552,17107,10290,6316,17166,9847,6794,17037,10111,6401,15892,10050,5485,15864,10103,5482,15766,10144,5090,15689,9758,5598,15475,9573,5524,15472,9570,5220,15457,9822,5199,15462,9470,5397,15614,10045,4790
71,71,35145,27361,880,3258,3537,217,37,0,0,36235,26912,1115,3989,4235,311,48,0,0,36812,25848,1347,4376,4529,510,44,36497,26862,968,4424,4303,230,41,3942,3658,70,37,97,867,36944,26420,653,4197,5156,250,26,27990,22480,608,2300,2518,141,24,0,0,27851,22259,651,2797,1889,127,45,2750,1709,106,111,0,30276,21980,943,3295,3447,390,34,30276,21980,943,2961,3187,48,11,197,949,28052,22344,462,3255,1804,85,35,0,0,0,0,0,28121,22042,421,3432,2105,118,24,3216,1895,47,24,27961,21352,651,3414,2453,111,4,2957,2259,5,4,21212,11732,9290,20600,10654,9946,20512,11653,7870,20666,12106,7920,20641,11592,8479,20199,10762,9437,20359,11223,8359,18881,11781,6741,21037,12589,7954,22223,13996,7831,22194,13489,8357,21833,12468,8984,21857,12626,8693,21968,12145,9314,21814,12285,8979,20806,13067,7346,21013,13476,7156,21064,13632,6931,20956,12756,7835,20639,12738,7527,20694,12557,7525,20665,12813,7424,20664,12206,7894,20907,12984,7350
72,72,37443,25580,2331,7634,1770,371,40,0,0,36626,21958,2677,9384,2360,352,62,0,0,38351,20429,3751,10935,2272,1059,59,36606,20997,3691,9439,2090,334,48,8683,1859,133,0,106,1141,37353,21181,3142,10491,1792,469,11,29411,21404,1493,5051,1337,258,22,0,0,26340,18207,1015,5863,986,195,0,5701,960,134,97,0,30322,17630,2487,7530,1786,834,43,30322,17630,2487,6979,1598,73,12,179,1364,26698,17792,1703,6249,771,167,0,0,0,0,0,0,27632,17862,1763,6748,919,309,4,6451,879,53,4,26597,16777,2176,6491,723,296,5,6254,623,40,5,17548,11177,6066,15614,10069,5545,15526,8755,5906,15546,9965,4698,15527,9571,5229,15283,9068,6215,15356,9258,5107,13566,8985,4070,15555,9616,5342,16413,10290,5754,16318,10061,5725,16054,9614,5919,16126,9756,5719,16182,9374,6154,16074,9590,5866,14639,9166,5056,14676,9159,5230,14566,9164,4829,14484,8820,5238,14248,8587,5211,14300,8564,4931,14250,8799,4902,14268,8543,5051,14408,8953,4587
73,73,41610,12746,1848,26570,375,390,56,0,0,42914,11438,2507,28393,343,489,105,0,0,37542,8594,2949,24995,501,843,65,41737,10554,2064,28486,270,523,25,27015,191,78,10,259,1564,38100,8941,3019,25818,212,257,10,29881,10734,1104,17676,281,268,37,0,0,30429,10112,802,19202,141,282,0,18592,124,73,42,0,27925,7506,1850,17753,352,624,48,27925,7506,1850,17110,250,71,18,173,947,30063,9643,877,19098,165,290,4,0,0,0,0,0,26960,8029,1110,17565,132,191,8,16756,113,39,8,25990,8442,723,16549,100,171,5,15669,62,9,5,20166,16781,3184,18020,15276,2744,15624,12282,2759,15593,12650,2260,15583,12438,2579,15377,12358,3019,15503,12276,2440,13129,10909,1880,14546,11661,2466,14467,11708,2543,14410,11328,2642,14236,11130,2682,14284,11330,2521,14307,11081,2798,14251,11088,2536,12755,10204,2267,12404,9899,2287,12315,9683,2105,12277,9615,2356,12090,9447,2322,12131,9427,2075,12165,9650,2107,12141,9443,2180,12201,9529,1838
74,74,42300,10402,1184,30083,669,421,35,0,0,38984,9576,1370,26881,779,228,0,0,0,37179,8038,1927,26231,711,733,41,40456,9591,1184,28582,666,203,0,27886,454,28,0,330,984,38874,8524,1697,27645,594,305,16,31200,8793,759,21047,569,305,21,0,0,29057,8409,588,19655,323,172,0,19303,290,35,36,0,28433,6946,1307,19338,594,545,26,28433,6946,1307,18586,480,78,1,131,904,30445,8522,613,20941,291,131,0,0,0,0,0,0,29865,7867,781,20730,356,188,0,20340,281,6,0,29101,8020,753,19675,368,197,0,19233,295,20,0,21362,18604,2543,20483,18011,2472,16010,13299,2155,15962,13410,1943,15968,13290,2131,15741,13198,2543,15887,13057,2017,13612,11650,1620,15006,12559,2056,15007,12601,2168,14963,12278,2226,14804,12078,2286,14839,12236,2164,14878,11922,2466,14800,12036,2259,13075,10803,2005,12667,10441,2036,12546,10121,1933,12507,10070,2113,12343,9953,2102,12389,9940,1868,12388,10102,1875,12399,9864,2006,12432,9946,1730
75,75,36295,20320,646,14860,461,258,28,0,0,35331,15598,939,17933,750,646,24,0,0,36699,13533,1081,20939,586,740,37,35815,14896,906,19161,824,507,22,17941,516,58,22,34,1429,35519,14410,800,19598,531,720,11,27196,16276,401,10179,294,179,19,0,0,25829,13119,302,11642,332,169,26,11347,303,26,290,0,27656,11470,706,14591,411,550,26,27656,11470,706,13915,281,40,8,134,1102,25999,12834,397,12088,338,184,21,0,0,0,0,0,26565,12731,324,13012,261,228,10,12440,182,4,10,25808,11126,354,13766,202,431,0,13284,167,15,0,19907,13916,5731,18672,13308,5364,17657,11895,4996,17692,12890,4100,17669,12670,4443,17443,12088,5355,17551,12494,4286,15176,11399,3363,17095,12322,4282,17478,12848,4331,17431,12632,4363,17216,12235,4547,17273,12475,4351,17319,11969,4830,17205,12243,4446,15802,11704,3760,15743,11760,3746,15663,11648,3479,15591,11389,3832,15390,11210,3826,15412,11226,3476,15391,11454,3486,15379,11158,3630,15507,11539,3150
76,76,44388,8267,846,34951,361,391,40,0,0,39613,8208,600,30128,469,408,16,0,0,36636,8370,997,26501,508,616,39,37773,8261,648,28290,372,347,33,27619,245,78,33,115,769,36989,8554,554,26890,474,848,86,34045,7617,656,25453,286,291,28,0,0,30901,7692,351,22370,210,307,15,22020,160,95,83,0,29406,7759,746,20235,418,473,31,29406,7759,746,19549,248,60,10,128,906,29282,7704,368,20725,193,265,33,0,0,0,0,0,28306,8061,324,19116,209,326,56,18677,188,70,56,27471,8357,564,17810,195,312,22,17253,84,58,22,23602,22201,1216,21027,19933,1094,17066,15366,1166,16981,15280,1241,16984,15166,1390,16673,15048,1625,16840,14777,1259,14115,13015,878,15757,14215,1220,15764,14274,1267,15705,13851,1511,15472,13556,1540,15481,13716,1378,15535,13522,1578,15470,13494,1533,13346,11837,1268,12750,11267,1275,12641,10915,1246,12609,10907,1411,12451,10755,1394,12480,10816,1119,12483,10974,1137,12445,10676,1271,12369,10370,1073
77,77,38689,9675,640,26476,1951,314,43,0,0,36089,11177,969,22083,1898,212,2,0,0,37188,11747,1179,20825,2989,474,54,35435,10835,1027,21783,1991,132,1,21222,1762,33,0,37,524,36230,12127,1005,20562,2684,204,19,31527,9117,517,20069,1815,261,36,0,0,29761,10273,709,17620,1039,92,0,17532,966,35,55,0,31808,11048,1017,16544,2775,381,47,31808,11048,1017,15897,2444,67,11,271,1053,29815,9881,763,17955,1174,78,0,0,0,0,0,0,30302,10908,743,17065,1450,131,20,16816,1381,44,20,28280,10539,997,14953,1523,191,19,14489,1473,50,19,21446,19809,1487,18805,17269,1536,16260,14537,1240,16213,14308,1525,16188,14177,1622,15879,13972,1907,16045,13799,1554,14313,13022,1120,15741,13991,1456,16192,14508,1468,16118,14050,1738,15837,13644,1844,15890,13731,1740,15947,13608,1933,15824,13540,1888,14343,12664,1420,14075,12432,1371,13927,12101,1379,13907,11970,1638,13693,11898,1509,13744,11925,1321,13734,12029,1328,13690,11645,1549,13540,11477,1202
78,78,37341,10589,1578,24299,921,417,42,0,0,40201,12247,2021,24803,1049,263,48,0,0,37530,11408,2282,22495,1083,721,42,39535,13286,1711,23145,1320,213,47,22174,1175,78,8,179,939,35981,12843,1871,19932,1232,308,61,27286,9700,1102,15726,715,304,32,0,0,29181,11165,1104,16236,510,93,4,15979,477,44,109,0,29197,10466,1660,15907,905,561,38,29197,10466,1660,15074,672,30,7,130,1158,29490,12160,961,15686,614,82,7,0,0,0,0,0,27129,11642,921,14074,552,147,9,13427,431,72,9,26081,11632,663,13539,377,159,8,12820,247,57,8,15244,13535,1572,14624,13055,1569,13376,11456,1332,13388,11495,1392,13389,11297,1563,13109,11219,1890,13258,10912,1495,11509,10212,1060,13075,11308,1412,13631,11893,1490,13587,11596,1637,13396,11243,1765,13448,11365,1623,13450,11211,1796,13404,11138,1774,11829,10190,1356,11575,9981,1347,11507,9837,1264,11456,9639,1516,11287,9571,1415,11314,9494,1256,11323,9663,1272,11282,9355,1427,11029,8909,1182
79,79,38684,12022,670,24749,1245,335,46,0,0,35428,12192,1060,20672,1453,95,10,0,0,36654,12876,1146,20462,1761,570,49,36613,12174,1372,21438,1532,138,17,20988,977,13,14,84,987,35429,12840,1427,19362,1534,219,24,30794,11152,543,17896,1151,271,33,0,0,28142,10866,714,15641,831,66,10,15428,691,4,51,0,30685,11653,925,16083,1651,464,40,30685,11653,925,15425,1365,65,6,223,1023,28778,10657,799,16395,762,90,15,0,0,0,0,0,28173,11191,969,14931,784,179,0,14719,717,22,0,27814,11495,916,14099,916,259,0,13857,745,21,0,19192,17120,1898,17027,15494,1533,15434,13711,1147,15402,13622,1299,15392,13462,1451,15079,13368,1711,15233,13028,1366,13627,12410,957,15101,13476,1283,15592,14065,1292,15538,13718,1550,15292,13347,1613,15354,13439,1520,15395,13287,1689,15284,13155,1668,13057,11576,1195,12466,11022,1155,12336,10777,1111,12298,10621,1366,12125,10568,1260,12155,10532,1094,12156,10683,1104,12124,10363,1289,11909,9851,1105
80,80,39738,21202,2963,12166,3313,448,59,0,0,40209,21893,2861,11586,3405,518,32,0,0,38606,19512,3564,11388,3424,795,29,38731,21793,2822,10707,2850,542,37,10218,2563,231,16,144,943,38159,20313,3042,11848,2594,510,38,31543,18468,2029,8513,2412,343,43,0,0,28807,18223,962,7788,1474,372,10,7551,1310,224,51,0,31514,17255,2482,8546,2620,649,20,31514,17255,2482,7948,2309,71,5,150,1294,28329,18127,1113,7225,1433,357,15,0,0,0,0,0,29238,17711,1402,8268,1494,288,8,7947,1280,114,8,28755,16930,1889,8158,1531,157,5,7881,1319,29,5,17446,13995,3215,15233,12405,2828,15293,11815,2618,15334,12387,2326,15318,12066,2602,14988,11800,3188,15150,11570,2512,14112,11777,1974,15711,12642,2615,16670,13670,2723,16620,13362,2915,16326,12802,3098,16355,12884,2919,16416,12699,3163,16294,12641,3083,15001,12272,2361,14941,12190,2357,14910,12279,2160,14840,11900,2535,14614,11853,2403,14649,11745,2224,14650,11899,2245,14612,11559,2400,14147,10905,2059
81,81,40277,26482,2347,9948,1172,493,77,0,0,41357,23676,2756,12968,1461,296,139,0,0,38592,20984,3289,11470,1786,1110,63,41448,22369,2553,14125,1880,326,8,12889,1449,63,0,592,1528,39325,21030,2498,13335,1939,807,15,31408,22420,1523,6367,850,363,60,0,0,30464,20168,861,8489,677,139,0,8322,586,66,103,0,30703,18348,2174,7908,1329,914,51,30703,18348,2174,7215,1082,115,15,134,1620,30273,19310,907,8839,899,172,0,0,0,0,0,0,29434,18476,880,8657,997,244,10,8183,842,99,10,27823,16769,815,8951,924,336,9,8496,775,81,9,17062,11919,4878,15342,10907,4435,15062,9796,4465,15047,10831,3607,15070,10580,3914,14742,9941,4801,14939,10213,3739,13039,9636,3053,14857,10306,4123,15533,10921,4326,15473,10645,4442,15192,10022,4689,15212,10165,4494,15269,9918,4766,15146,10043,4537,13968,9938,3658,13979,9897,3726,13912,10079,3346,13842,9636,3763,13591,9474,3719,13597,9452,3414,13602,9656,3433,13567,9348,3554,13425,9420,3040
82,82,39212,34669,1151,2259,910,299,27,0,0,39020,33628,1196,3049,894,374,65,0,0,38772,32330,1489,2766,1275,709,37,38738,33444,1156,3033,905,336,60,2567,592,66,0,22,892,38453,32623,1275,3419,858,368,25,32732,29396,826,1633,702,230,21,0,0,31924,28588,579,2019,445,270,0,1933,338,70,42,0,33082,28090,1123,2088,980,593,32,33082,28090,1123,1808,740,47,11,124,1139,31958,28723,539,1969,354,278,0,0,0,0,0,0,31748,28077,773,2272,411,295,10,2036,317,0,10,31083,27279,926,2126,469,274,7,1864,330,5,7,22603,14073,8215,19496,11935,7561,21313,12827,7204,21488,14330,6395,21484,13925,6859,20909,12600,8309,21168,13240,6778,19815,13756,5566,22054,14481,6985,23523,15993,7065,23475,15640,7464,22975,14287,8193,23063,14488,7897,23114,14014,8432,22919,14095,8134,22153,15246,6455,22542,15752,6382,22555,16249,5864,22461,14912,7127,22018,14851,6668,21986,14790,6421,21973,15098,6328,21968,14539,6738,21863,15218,5632
83,83,35274,29202,953,3256,1714,236,35,0,0,36461,29739,1076,3494,2065,196,9,0,0,36642,28995,1384,3370,2097,645,45,36291,29140,915,3472,2174,153,17,2774,1704,15,0,120,1628,36759,29011,709,3372,2501,228,35,29016,24414,693,2433,1343,184,27,0,0,28313,24125,497,2622,927,115,0,2488,857,18,34,0,30070,24376,977,2491,1590,480,29,30070,24376,977,2182,1371,49,9,89,1017,28131,24109,418,2276,1100,108,0,0,0,0,0,0,28379,24532,424,2005,1158,158,0,1784,1076,11,0,27773,24175,539,1990,849,155,0,1685,743,0,0,20874,12575,8061,20225,11539,8686,19892,11952,6634,20076,12667,6602,20073,12252,7111,19636,11249,8387,19796,11556,7260,18596,12523,5624,20474,13185,6678,21623,14652,6545,21627,14151,7059,21271,13144,7674,21288,13205,7476,21397,12877,7952,21206,12827,7773,20462,13743,6270,20730,14134,6172,20802,14375,5896,20674,13402,6846,20343,13390,6504,20361,13264,6409,20316,13504,6293,20338,13042,6689,20611,13582,6399
84,84,41019,11807,936,26983,1318,384,28,0,0,36039,11289,934,21862,1983,507,16,0,0,37600,12141,1459,21152,2457,546,52,36436,11707,1241,21560,1889,389,14,20805,1458,61,0,76,1082,37452,12601,1162,21847,1810,393,7,32462,10628,716,19934,1157,292,22,0,0,28329,10021,529,16880,678,240,0,16584,541,74,70,0,31152,11124,1127,16231,2284,453,38,31152,11124,1127,15569,2015,47,8,175,1087,28105,10382,590,16309,596,224,0,0,0,0,0,0,28985,11159,692,16311,643,137,0,15995,477,8,0,28113,10861,730,15547,742,213,12,15027,601,49,12,22625,20273,2181,19874,17812,2062,17080,14727,1660,17114,14817,1801,17084,14569,1984,16745,14424,2321,16906,14153,1937,14616,13000,1329,16449,14276,1807,16888,14765,1843,16875,14434,2123,16551,13943,2230,16609,14071,2112,16663,13948,2274,16555,13820,2263,14448,12373,1768,13943,11917,1729,13884,11682,1698,13828,11449,2037,13610,11411,1866,13655,11396,1728,13638,11493,1696,13590,11117,1930,13441,10865,1563
85,85,42173,3499,303,38283,146,264,21,0,0,40139,2751,320,36944,89,688,12,0,0,36686,2008,435,33958,209,406,19,40680,2670,114,37691,141,709,16,36750,49,148,16,7,918,37114,2470,164,34242,295,675,173,30141,3212,202,26631,108,183,17,0,0,29662,2507,42,26610,35,141,0,26416,35,57,406,0,27224,1835,271,24882,147,273,13,27224,1835,271,24252,82,45,7,118,614,30347,2396,58,27349,39,208,0,0,0,0,0,0,27688,2318,52,24871,60,376,0,24353,59,45,0,26517,1951,90,24023,45,308,1,23505,49,44,1,21309,20097,1045,19945,18582,1363,15624,14582,755,15530,14374,804,15528,14351,810,15355,14353,1002,15471,14196,693,12636,11931,523,14491,13440,804,14587,13564,849,14501,13094,997,14344,13071,983,14409,13287,817,14438,12976,1087,14359,13106,857,12386,11306,877,11953,10922,898,11813,10466,876,11807,10561,971,11661,10378,1029,11737,10457,750,11724,10641,762,11691,10406,822,11762,10446,664
86,86,36886,18578,1048,15207,2005,376,32,0,0,36037,19497,1034,12798,2459,284,88,0,0,36645,17968,1474,13713,2984,525,61,35804,20160,828,11695,2708,308,81,11089,2264,166,14,117,1164,36551,20248,964,11691,3320,237,47,29893,15608,758,11724,1741,290,22,0,0,27701,16033,632,9877,884,197,4,9684,726,99,69,0,30511,15427,1109,10889,2649,409,40,30511,15427,1109,10335,2326,33,14,201,1066,27566,16949,639,8746,1015,185,4,0,0,0,0,0,27655,16737,662,9093,1020,165,8,8714,621,33,8,27434,16064,844,8963,1438,155,10,8486,943,27,10,23074,19163,3737,21605,17481,4124,19829,16230,2821,19944,16127,3306,19887,15875,3437,19471,15475,3996,19608,15318,3486,18056,15254,2544,19765,16245,3132,20451,17172,3003,20406,16688,3392,20119,16084,3686,20169,16151,3566,20236,15945,3876,20078,15775,3845,18642,15312,3041,18477,15176,3022,18515,15088,2960,18367,14553,3486,18056,14610,3159,18093,14402,3097,18123,14665,3049,18087,14134,3436,18181,14844,2522
87,87,35619,26074,1575,4109,3729,230,56,0,0,35850,24438,1124,4940,5384,180,101,0,0,36645,22422,1715,5683,6005,655,48,34836,23164,1131,4505,5821,210,106,3997,5369,12,77,93,989,35819,22194,1196,5520,6379,186,115,28620,21876,1093,2762,2770,162,35,0,0,25918,20708,416,3149,1461,112,20,3039,1375,13,65,0,29721,19421,1186,3952,4486,485,32,29721,19421,1186,3603,4262,54,14,209,972,24943,20108,468,2949,1248,135,24,0,0,0,0,0,25416,19413,730,3616,1474,103,29,3468,1412,4,29,24587,18711,943,3569,1213,130,0,3271,1118,5,0,18227,9846,8165,16483,8817,7666,16910,8879,7011,16954,9872,6349,16939,9366,6958,16594,8661,7933,16741,8999,6897,14924,9097,5477,17060,9846,6681,18049,10886,6831,17978,10540,7046,17678,9776,7463,17711,9896,7254,17788,9531,7768,17657,9600,7504,16821,10177,6289,17205,10557,6342,17135,10642,6013,17017,10032,6628,16746,9886,6481,16780,9807,6329,16751,10024,6266,16771,9623,6561,16968,10027,6329
88,88,35777,32621,723,1050,1213,214,18,0,0,36348,32027,1371,952,1825,108,38,0,0,38857,33266,1176,1529,1880,769,35,36948,31738,1246,1044,2070,110,1,716,1734,4,1,59,1450,38715,32586,1473,996,2033,208,7,26219,24113,451,781,744,137,9,0,0,27034,24489,705,731,950,104,27,639,842,0,20,0,29503,25648,736,1132,1250,541,28,29503,25648,736,988,1054,18,6,75,978,27225,24696,595,790,1056,100,1,0,0,0,0,0,28813,26224,680,760,1049,103,5,643,913,5,5,29047,25988,852,826,1131,117,7,732,974,24,7,19641,8012,11459,18184,6485,11699,19872,6745,12163,19912,8257,10947,19909,7883,11464,19498,6467,13031,19629,7257,11695,17604,7407,9810,20608,7947,12120,22303,8971,12947,22216,8710,13077,21811,7601,13784,21851,7791,13510,22000,7322,14129,21804,7529,13745,21455,8717,12314,22429,9283,12769,22384,9738,12138,22230,8545,13234,21855,8402,13031,21885,8443,12752,21867,8694,12670,21860,8204,12983,22205,8569,12950
89,89,34280,30168,567,792,2650,124,31,0,0,35715,30757,590,941,3302,221,12,0,0,36950,29841,1411,1119,3970,393,47,35747,29996,489,880,3802,148,22,834,3152,63,1,10,1200,36599,30649,616,860,3491,122,26,26321,23444,361,574,1852,85,22,0,0,26645,23713,336,688,1689,117,0,661,1636,56,79,0,28894,23749,1054,852,2794,276,35,28894,23749,1054,641,2632,16,10,131,661,26256,23139,285,676,1975,84,1,0,0,0,0,0,26923,23950,376,642,1806,67,0,610,1527,63,0,26833,23496,531,613,2109,46,4,557,1751,29,4,22541,8450,13926,21576,7278,14298,21550,8689,11969,21915,8831,12684,21866,8741,12800,21555,7590,13965,21642,8059,13058,20084,8925,10923,22232,9555,12307,23400,11133,11955,23483,10537,12690,23145,9224,13663,23143,9296,13462,23274,8932,13996,23069,8853,13814,22192,10230,11607,22413,10683,11211,22614,11077,11057,22547,9648,12574,22204,9856,12001,22253,9573,12175,22204,9898,11939,22246,9127,12620,22529,9649,12412
90,90,34530,30906,616,2223,687,186,31,0,0,34873,31049,927,1810,895,153,5,0,0,36707,31854,1026,2116,977,521,43,34447,30133,883,1740,748,114,5,1514,523,20,5,78,1286,36095,31067,967,1799,1000,106,4,26200,23839,352,1508,414,103,12,0,0,26026,23644,464,1354,445,134,4,1306,386,21,19,0,27660,24529,597,1398,613,375,31,27660,24529,597,1245,444,16,11,57,761,25607,23470,470,1267,294,101,4,0,0,0,0,0,26816,24743,440,1144,401,45,4,1073,343,14,4,26033,23775,552,1170,423,76,0,1060,359,0,0,22455,12030,10228,21386,10233,11153,21979,12020,8808,22294,12506,9182,22256,12243,9512,21875,10903,10972,21973,11335,9914,20731,12608,7774,22684,13080,9104,23856,14785,8687,23916,14126,9437,23554,12469,10719,23501,12767,10223,23641,12371,10825,23427,12253,10651,22720,13773,8562,22979,14299,8245,23143,14638,8019,23015,13147,9519,22677,13162,9117,22689,13011,9068,22706,13640,8653,22692,12704,9399,23003,13109,9376
91,91,34958,30055,717,3147,924,216,28,0,0,34744,30354,1083,2604,715,83,28,0,0,36700,30629,1212,2863,1179,598,27,35150,29325,1331,2777,784,57,47,2123,463,0,0,21,1874,36049,29085,1586,3132,942,194,18,27072,23609,472,2267,629,154,17,0,0,26516,23700,536,1873,355,49,0,1790,264,20,8,0,28425,24040,818,2166,797,461,14,28425,24040,818,1904,606,25,2,93,937,27101,24175,774,1688,435,31,0,0,0,0,0,0,27873,24380,885,1880,561,99,0,1725,435,4,0,27383,23811,712,2075,622,72,13,1931,516,10,13,21717,13463,8017,18756,11240,7516,20697,12887,6590,20968,13595,6762,20914,13329,7039,20507,12132,8375,20699,12508,7324,19441,13462,5630,21387,14090,6777,22604,15657,6566,22629,15121,7128,22309,13906,8004,22316,14027,7733,22390,13695,8176,22219,13694,7984,21505,14823,6302,21857,15325,6105,21946,15590,5874,21812,14422,7011,21494,14462,6656,21483,14277,6562,21478,14588,6438,21498,14071,6860,21710,14748,6339
92,92,36101,33469,722,838,926,210,37,0,0,37626,34199,576,1250,1313,466,27,0,0,37172,32235,1111,1254,1586,767,49,36585,33575,626,936,1121,265,17,681,869,50,8,83,692,36657,32413,752,1260,1558,289,10,28971,27253,466,478,647,158,24,0,0,29768,27824,345,715,610,275,13,640,540,55,15,0,29942,26610,698,754,1108,563,29,29942,26610,698,608,900,34,7,82,1003,29435,27575,350,660,588,192,9,0,0,0,0,0,29187,26912,348,733,928,204,4,655,697,50,4,28932,26487,574,711,857,175,0,608,503,35,0,20025,10251,9534,17192,8378,8814,19416,8640,9678,19464,10413,8241,19413,9986,8864,19006,8569,10437,19217,9422,8921,17304,9474,7345,19459,9775,9116,20418,10570,9495,20343,10311,9640,19981,9257,10315,20038,9485,9995,20129,9046,10527,19981,9664,9788,19221,10014,8784,19618,10203,9025,19539,10660,8407,19398,9651,9334,19073,9535,9123,19086,9492,8919,19038,9726,8835,19043,9421,8974,19368,9713,9058
93,93,36032,32630,960,1077,1164,251,42,0,0,36484,31403,1058,2150,1207,481,68,0,0,36663,29476,1531,2217,2337,932,50,36520,31565,945,1641,1462,725,30,1425,1312,312,0,330,632,36071,30332,1178,1791,1442,618,21,28657,26462,610,606,798,196,24,0,0,27794,24961,511,1552,485,258,0,1480,476,65,32,0,29471,24589,1056,1284,1665,687,37,29471,24589,1056,1060,1431,69,7,70,1189,27077,23955,529,1290,845,450,0,0,0,0,0,0,26787,23904,578,1223,788,300,0,1092,700,0,0,26816,23832,586,1207,1013,183,10,1037,855,12,10,16023,9279,6487,15793,8155,7638,14961,7140,6958,14915,8772,5406,14883,8327,6014,14582,7415,7167,14738,8065,5905,12589,7317,4832,14329,7549,6277,14681,7646,6720,14622,7507,6704,14327,6917,6978,14388,7118,6749,14468,6724,7183,14352,7167,6659,13794,7299,6102,14051,7248,6455,13951,7676,5801,13847,7004,6425,13643,6873,6359,13631,6882,6107,13611,7071,6052,13612,6844,6140,13809,7027,6177
94,94,36280,33600,796,918,813,161,27,0,0,36828,33986,528,1177,1125,107,30,0,0,37033,32023,1110,1781,1173,741,31,36122,33067,878,1214,816,142,36,1030,671,0,5,0,472,36509,32348,1051,1876,799,227,72,29436,27663,523,567,568,117,21,0,0,30011,28265,337,813,569,18,6,748,498,0,26,0,30436,26940,749,1120,864,584,28,30436,26940,749,917,692,54,7,67,1010,28862,27291,428,702,361,73,5,0,0,0,0,0,29183,27093,598,999,409,127,4,886,394,4,4,30128,27674,687,994,584,188,9,903,495,4,9,20051,9852,9980,15827,7003,8824,19113,7743,10463,19131,9594,8839,19105,9268,9345,18749,7738,11011,18893,8742,9467,16487,8219,7866,19058,8634,9917,20047,9217,10484,19973,8949,10648,19618,8090,11157,19639,8234,10929,19760,7685,11512,19620,8366,10811,18700,8612,9725,19100,8764,10019,19043,9221,9379,18923,8169,10386,18645,8071,10219,18661,8123,9987,18625,8367,9856,18615,8106,9975,18900,8265,10082
95,95,36488,34641,509,388,873,102,26,0,0,36298,34331,467,800,654,71,0,0,0,36689,33084,836,763,1082,577,29,37235,34961,513,698,738,115,59,510,636,28,0,12,576,36092,33155,458,866,859,216,44,28152,26967,342,206,573,68,17,0,0,29034,27665,209,598,508,50,0,571,468,30,0,0,29397,26864,567,456,813,416,22,29397,26864,567,365,648,28,5,46,874,30445,28958,251,500,586,81,0,0,0,0,0,0,29211,27577,261,620,572,155,10,602,377,4,10,28954,27337,332,640,371,211,17,573,264,31,17,22246,9389,12658,21511,7756,13755,22045,7639,13426,22094,9678,11780,22079,9350,12242,21688,7559,14129,21832,8665,12522,19346,8351,10612,21986,8747,12746,23022,9497,13218,22946,9279,13305,22538,8050,14132,22579,8186,13935,22714,7696,14524,22517,8238,13854,21870,9080,12455,22361,9359,12695,22374,9932,12042,22219,8666,13241,21876,8684,12859,21887,8610,12744,21856,8868,12597,21850,8553,12832,22195,8701,13004
96,96,35277,32785,613,598,1164,173,43,0,0,35839,33287,968,693,700,202,6,0,0,36712,32611,993,810,1376,621,29,35862,33001,869,734,727,101,0,571,633,4,0,42,748,36576,33122,921,842,651,127,5,27652,26120,368,339,730,110,18,0,0,27530,26203,379,471,375,112,4,422,330,8,0,0,28573,25867,589,500,927,460,19,28573,25867,589,355,779,25,6,73,879,27781,26426,382,460,452,73,0,0,0,0,0,0,28545,27080,464,489,385,85,0,434,359,0,0,28696,27166,457,565,374,71,12,467,354,0,12,22187,9937,12014,21015,8975,12040,21483,9158,11113,21607,10493,10404,21633,10219,10880,21199,8604,12595,21314,9419,11139,19649,9988,9258,21850,10376,10931,22994,11566,11066,22931,11157,11430,22545,9809,12362,22571,10003,12096,22664,9453,12679,22533,9926,12131,21980,11043,10545,22450,11599,10461,22489,11944,10053,22363,10598,11375,22018,10532,11071,22026,10494,10916,21987,10751,10778,22002,10299,11109,22319,10605,11111
97,97,36579,34593,752,436,473,381,27,0,0,37477,34168,1067,959,871,442,16,0,0,37665,32903,1386,840,812,1261,34,38871,34821,872,1428,890,441,37,300,491,125,14,30,2219,39119,34881,811,988,747,439,94,27658,26394,471,236,303,278,17,0,0,28174,26455,426,438,509,307,10,219,343,99,37,0,29246,25992,893,477,555,951,18,29246,25992,893,327,427,117,9,89,1392,29461,27439,405,785,474,313,15,0,0,0,0,0,30125,28466,480,482,393,213,45,223,318,56,45,30379,28058,945,667,387,230,26,408,321,30,26,17174,8669,8259,14520,6400,8120,16879,5302,10630,16816,7560,8334,16824,7062,9123,16456,6079,10377,16608,6686,8995,14357,6188,7631,16940,6342,9984,18207,6571,11273,18005,6614,10924,17575,5795,11180,17644,6093,10886,17719,5552,11465,17538,5960,10957,17043,6315,10310,17721,6340,11132,17507,6910,10096,17406,6079,10848,17119,5821,10818,17141,5942,10323,17126,6219,10359,17091,5908,10342,17012,6186,10337
98,98,38319,32607,1307,1369,2874,216,33,0,0,39617,33576,1311,1614,3115,112,45,0,0,38834,30868,1560,1881,3552,741,30,38151,32014,1366,1729,2974,98,9,1353,2482,2,4,43,905,37495,29704,1334,1855,3786,269,24,29406,25591,871,873,1946,130,17,0,0,29476,26026,742,1116,1533,52,6,972,1298,2,5,0,30436,24955,1060,1192,2496,551,17,30436,24955,1060,988,2236,28,5,75,1089,28125,24957,806,986,1362,64,3,0,0,0,0,0,28129,24387,873,982,1713,127,16,838,1591,8,16,27897,23611,1089,1159,1790,128,0,1001,1685,13,0,21338,10233,10892,19293,8307,10986,20472,8993,10265,20596,10304,9495,20614,9735,10223,20159,8450,11709,20328,9046,10403,18493,9688,8365,20840,10217,9996,22015,11498,10075,21981,11071,10451,21634,9805,11345,21638,10051,10926,21748,9549,11608,21570,9689,11230,20798,10640,9651,21215,10926,9725,21194,11305,9271,21092,10278,10315,20769,10158,10124,20794,10112,9915,20780,10382,9814,20787,9847,10172,21081,10124,10236
99,99,34269,26026,890,4054,3220,185,46,0,0,34814,25222,939,3959,4327,249,42,0,0,36741,25597,1254,4395,4981,384,41,35328,25592,900,3502,4850,279,49,3104,4135,88,5,414,1093,35614,25134,798,4226,4821,200,40,26768,20610,614,3123,2364,121,33,0,0,25082,19812,434,2875,1755,103,8,2803,1605,54,100,0,28522,20446,852,3311,3514,241,33,28522,20446,852,3031,3181,33,2,90,887,25560,20024,508,2662,2176,114,4,0,0,0,0,0,26245,20094,574,3108,2344,125,0,2968,2092,15,0,26173,19937,681,2812,2649,118,4,2654,2314,35,4,20591,12331,8088,20424,11203,9221,19119,12186,6173,19393,11853,7176,19317,11906,7094,18930,10955,7975,19061,11139,7389,18062,11911,5916,19532,12593,6614,20351,13912,6167,20416,13345,6839,20120,12400,7490,20124,12393,7381,20218,12225,7684,20039,12029,7632,19270,12845,6135,19382,13187,5829,19521,13422,5715,19412,12293,6872,19065,12440,6348,19122,12226,6453,19107,12455,6317,19101,11805,6897,19317,12765,6071
100,100,37374,32491,922,1149,2628,223,23,0,0,37515,32321,962,799,3059,169,60,0,0,37955,30287,1235,1496,4003,711,38,37314,30827,1211,828,3054,179,16,701,2620,24,7,182,1725,37339,28867,1467,1155,3766,228,10,27884,24724,590,740,1705,139,13,0,0,27422,25103,399,537,1245,145,9,521,1081,13,3,0,29233,24106,825,976,2679,496,16,29233,24106,825,803,2386,36,7,83,987,27420,24849,555,533,1330,149,6,0,0,0,0,0,27426,24255,661,679,1721,172,3,615,1465,18,3,27356,23515,855,972,1969,163,0,925,1750,10,0,22037,9509,12340,19239,7405,11834,21480,8754,11564,21644,9986,10916,21640,9512,11504,21252,8167,13085,21336,8814,11714,19417,9494,9500,21764,10026,11160,22870,11356,11123,22814,10806,11599,22452,9677,12326,22497,9884,12079,22599,9413,12637,22418,9485,12366,21768,10732,10590,22217,11164,10542,22239,11535,10162,22061,10420,11220,21757,10362,10982,21777,10349,10730,21765,10582,10674,21770,9985,11122,22025,10335,11035
101,101,35737,30718,910,873,3117,159,20,0,0,35085,28020,1126,1224,4510,239,53,0,0,37597,28535,1337,1205,5836,431,29,36264,28019,1182,1622,5093,253,4,1013,4545,12,0,10,1483,38445,28627,1435,1806,5619,308,11,27275,23781,601,624,2192,102,14,0,0,25736,22305,556,797,1883,133,0,724,1784,24,60,0,29501,23211,895,861,4038,288,15,29501,23211,895,709,3829,27,5,84,741,25844,22324,577,831,2027,98,0,0,0,0,0,0,27980,23569,795,978,2587,102,0,726,2308,20,0,28033,23545,674,957,2644,139,0,667,2491,25,0,22118,8898,13057,22098,7811,14287,21392,9106,11389,21654,9508,11669,21621,9255,12009,21293,7968,13325,21370,8619,12235,19877,9494,10132,22139,10132,11607,23441,11699,11435,23457,11097,12087,23102,9853,12944,23153,9985,12765,23230,9481,13374,23048,9577,13045,22363,11005,11029,22783,11604,10798,22931,11872,10591,22803,10678,11835,22457,10689,11424,22514,10516,11530,22478,10834,11274,22530,10065,11987,22772,10540,11768
102,102,33608,31127,560,1123,609,222,19,0,0,36791,33671,1025,1105,887,144,0,0,0,36867,32311,1060,1604,893,787,60,35783,32782,795,1320,601,228,0,812,378,43,0,24,950,36790,32882,1051,2017,504,288,15,25164,23607,328,712,386,146,12,0,0,27826,26154,468,747,389,87,0,607,242,21,8,0,28447,25409,661,1031,607,552,42,28447,25409,661,876,471,25,9,73,923,27440,25635,394,972,414,175,0,0,0,0,0,0,28524,26270,591,1277,290,187,0,1004,213,8,0,28891,26331,713,1466,198,185,22,1210,164,8,22,19526,7643,11672,19466,6696,12770,21505,6516,13979,21585,8424,12303,21634,8377,12688,21122,6591,14531,21302,7291,13161,19302,7516,11285,21945,7603,13772,23438,8270,14817,23337,7970,14987,22748,6948,15324,22843,7150,15175,22961,6681,15669,22743,6924,15306,22984,8338,14229,24101,8853,14928,24016,9451,14050,23816,8092,15310,23359,7888,14982,23338,7952,14586,23315,8331,14470,23279,7885,14657,23399,8225,14557
103,103,35382,31406,1023,1684,1038,275,35,0,0,35622,31319,805,2439,875,154,40,0,0,37061,29703,1908,2939,1217,1035,65,35224,30796,1017,2242,864,81,0,1701,768,0,0,266,676,35987,29914,1755,2476,1190,209,4,25136,22767,607,963,628,188,28,0,0,26030,23690,504,1422,291,79,0,1293,249,5,21,0,28067,23208,1191,1875,832,719,29,28067,23208,1191,1635,686,61,24,63,1199,26717,23905,693,1453,561,80,0,0,0,0,0,0,27506,24125,860,1652,670,160,0,1565,522,20,0,27711,23778,997,1990,671,160,4,1777,583,6,4,17127,8066,8890,16479,6748,9731,18087,6186,10972,18044,8211,9006,18065,7754,9780,17594,6579,11015,17761,7180,9756,15584,7055,8042,17903,7199,10137,18909,7605,10968,18741,7518,10802,18234,6655,11065,18312,6870,10916,18376,6411,11360,18253,6735,10970,17720,7220,10108,18304,7319,10716,18092,7879,9745,17951,6884,10652,17534,6612,10483,17580,6716,10072,17544,7014,10039,17526,6709,10097,17583,6793,10242
104,104,34759,31542,787,1521,739,235,38,0,0,35744,30573,1187,2360,1489,467,0,0,0,36633,30434,1214,2426,1319,878,59,35855,31448,1120,1952,1160,299,0,1551,894,121,0,27,692,36209,30940,969,2275,1115,229,0,26862,24747,494,989,508,161,24,0,0,27249,24451,522,1513,482,227,0,1305,396,99,60,0,29091,24779,803,1664,925,641,45,29091,24779,803,1462,712,49,16,92,1178,27735,25405,527,1259,347,188,0,0,0,0,0,0,28334,25796,505,1419,478,138,0,1282,378,23,0,29268,26115,685,1642,622,135,0,1368,522,0,0,20020,9577,10239,19507,8272,11235,20388,7612,11589,20373,9685,9782,20429,9331,10490,19914,7763,12151,20050,8423,10667,17906,8624,8690,20411,8912,10816,21589,9652,11485,21406,9438,11505,20938,8465,11915,21014,8625,11739,21084,8187,12230,20880,8315,11943,20505,9439,10556,21222,9939,10896,21022,10253,10142,20895,9239,11186,20456,8945,10945,20471,9093,10450,20420,9337,10488,20392,8883,10685,20491,9258,10644
105,105,36628,29715,2082,3013,1595,309,59,0,0,38833,29534,2415,4436,1970,474,75,0,0,36927,27067,2564,4175,2127,858,82,39491,30698,2652,3932,1782,437,73,3188,1477,110,23,101,1242,37832,29125,2320,3904,2021,439,127,29618,24815,1405,2056,1160,214,43,0,0,30524,25241,1069,3044,747,330,29,2743,596,79,95,0,30374,23111,1861,3008,1553,670,63,30374,23111,1861,2641,1356,49,23,158,1175,31106,26096,1201,2596,733,270,24,0,0,0,0,0,29801,24490,1158,2602,1122,215,64,2431,954,58,64,28599,23790,1216,2344,887,160,52,2123,789,25,52,15635,8042,7378,14426,6553,7873,15662,6509,8110,15687,7819,7052,15724,7505,7589,15375,6608,8767,15470,6947,7590,13372,6901,6041,15311,7320,7434,15952,7970,7630,15818,7734,7697,15486,7036,8028,15519,7151,7879,15569,6835,8213,15479,7034,7951,15251,7514,7359,15810,7836,7680,15639,7972,7167,15589,7304,7893,15262,7142,7701,15269,7115,7404,15239,7428,7366,15218,7065,7466,15226,7273,7443
106,106,32971,29412,911,1972,458,274,48,0,0,34628,29951,1580,2265,474,416,67,0,0,36865,30380,1704,2855,881,856,50,35213,29992,1603,2239,749,491,90,1706,437,49,62,201,1158,36364,30100,1775,2786,1352,361,89,26301,23979,593,1225,339,197,33,0,0,27152,24635,589,1359,329,148,0,1304,246,49,99,0,29601,25219,1084,1873,632,594,29,29601,25219,1084,1622,467,37,9,83,1080,27538,24720,595,1478,466,252,0,0,0,0,0,0,28942,25206,791,1928,700,210,0,1755,591,12,0,30186,25707,1205,2265,709,230,0,1944,626,6,0,17551,8532,8764,16514,7441,9073,17868,7129,9711,17854,8859,8126,17932,8731,8628,17513,7423,10090,17620,7893,8781,16052,8143,7408,18562,8552,9415,20213,9578,10219,20093,9321,10325,19579,8318,10677,19640,8540,10461,19646,7915,10975,19490,8251,10577,19371,9207,9718,20282,9662,10269,20056,9974,9525,20076,9087,10538,19680,8877,10318,19668,8872,9906,19654,9215,9902,19600,8806,9988,19687,9130,9972
107,107,35382,31303,759,1448,1713,209,23,0,0,36890,31554,1081,2006,1996,262,147,0,0,36850,30203,1128,1814,2786,701,45,36683,31265,986,2151,1954,300,142,1680,1766,40,32,0,919,36994,31124,1153,1822,2477,162,130,24075,21557,457,867,1108,129,11,0,0,26438,23552,510,1377,807,151,25,1146,714,48,40,0,27356,22944,722,1185,1855,474,23,27356,22944,722,1006,1686,45,4,73,876,26082,23264,488,1475,638,185,30,0,0,0,0,0,26297,23432,703,1267,734,121,20,1160,585,29,20,26181,23171,687,1183,989,97,4,1084,741,23,4,18023,7255,10625,17754,6298,11456,18933,6202,11832,18967,7777,10554,19023,7545,11044,18531,6084,12447,18681,6741,11223,16827,6991,9436,19286,7365,11429,20641,8215,12082,20463,7946,12147,19990,7048,12513,20060,7205,12381,20136,6688,12946,19969,6914,12561,20148,7992,11795,21177,8467,12436,21019,8934,11652,20904,7769,12789,20444,7628,12376,20533,7606,12201,20433,7917,12047,20443,7522,12299,20540,7782,12144
108,108,27517,24583,771,1270,721,203,41,0,0,34228,30270,1440,1548,953,124,44,0,0,36826,30746,1493,2088,1478,747,52,35505,30387,1333,2561,999,156,0,1647,805,7,0,0,1328,36966,31554,1333,2417,848,452,0,20009,18148,474,825,455,133,16,0,0,24351,22376,631,1025,262,40,0,700,201,2,31,0,27081,23077,909,1357,951,545,35,27081,23077,909,1156,788,64,8,69,1010,25315,22615,600,1729,262,95,0,0,0,0,0,0,27177,24162,816,1559,375,247,0,1378,321,7,0,28787,25130,947,1869,660,176,12,1604,559,8,12,14144,5757,8229,14581,5162,9419,16319,5165,10340,16342,6699,9031,16374,6336,9625,16026,5298,10728,16120,5719,9734,13950,5652,7951,16972,6199,10331,18674,6962,11412,18592,6799,11463,18171,5944,11796,18200,6193,11596,18302,5693,12097,18129,5899,11771,19284,7338,11574,21196,8161,12736,20949,8582,11859,20791,7460,12954,20316,7220,12629,20348,7239,12267,20300,7590,12212,20285,7176,12361,20354,7402,12312
109,109,36829,35458,540,369,233,200,28,0,0,37872,36068,470,434,475,366,0,0,0,38633,35532,868,510,391,961,50,37729,35891,779,291,363,336,0,98,268,46,0,104,545,38480,35391,988,453,260,461,24,27765,26962,309,208,133,135,15,0,0,28907,27987,266,176,197,276,0,115,166,38,0,0,30122,28128,513,271,261,675,36,30122,28128,513,170,177,56,15,65,998,28563,27765,341,118,156,206,0,0,0,0,0,0,29326,28307,456,173,114,258,15,142,65,18,15,30079,28886,478,268,130,269,29,257,55,27,29,20046,7710,12045,18924,5997,12927,20311,4995,14417,20327,7453,11980,20389,7564,12079,19966,5660,14306,20081,6549,12642,17700,6316,10812,20340,5925,13820,21661,5995,15261,21524,5917,15153,20972,5035,15415,21055,5230,15222,21181,4818,15689,20975,5174,15243,21319,6072,14809,22509,6282,15947,22345,6880,14936,22202,5649,16040,21826,5376,15943,21754,5649,15222,21704,5857,15176,21720,5667,15064,21925,5838,15191
110,110,38135,34506,886,761,1817,201,34,0,0,38920,34046,1062,1029,2687,114,9,0,0,38026,32360,1251,848,2677,587,22,38223,32212,1145,1024,3269,86,9,655,2562,0,5,93,1553,37957,31613,1289,902,2933,266,47,26638,24382,544,483,1118,125,18,0,0,28208,25561,505,609,1397,96,8,496,1277,17,34,0,28763,25010,775,548,1793,412,13,28763,25010,775,429,1615,35,3,81,815,27630,24557,582,550,1807,66,3,0,0,0,0,0,28144,25144,592,431,1704,165,3,344,1555,20,3,27700,24704,911,250,1644,151,4,225,1428,8,4,22334,7505,14693,21911,6147,15764,22356,7419,13970,22560,8227,13718,22534,7918,14136,22199,6602,15597,22305,7158,14537,20303,7698,12304,23132,8426,14231,24710,9799,14585,24686,9236,15097,24298,8210,15730,24357,8283,15611,24434,7963,16058,24243,7874,15903,23413,9110,13924,23956,9663,13898,24005,10003,13533,23893,8795,14727,23606,8711,14496,23613,8669,14369,23588,8901,14279,23615,8240,14837,23863,8716,14545
111,111,35113,33796,489,268,236,318,16,0,0,36171,34410,705,443,307,403,3,0,0,36844,33656,727,410,388,1209,31,35531,33104,907,284,358,477,3,152,241,165,0,99,870,35568,32383,939,200,407,466,2,26577,25768,286,142,138,233,11,0,0,27435,26471,327,187,149,271,0,92,113,162,4,0,28595,26359,482,234,243,916,19,28595,26359,482,123,141,88,7,37,1358,27095,25929,518,142,230,264,0,0,0,0,0,0,27437,26197,533,131,227,309,0,97,195,88,0,28806,27490,563,163,294,222,0,120,257,17,0,17131,8145,8714,16398,6665,9733,17449,4815,11776,17369,7294,9175,17404,7173,9582,17000,5844,11156,17194,6645,9661,15154,5967,8604,17637,5693,11364,18909,5427,13167,18815,5762,12620,18317,4983,12825,18347,5201,12569,18425,4693,13050,18244,5132,12594,18161,5539,12212,19145,5468,13435,18881,6193,12184,18760,5303,13003,18375,4981,12902,18416,5173,12370,18390,5424,12409,18346,5175,12329,19518,6031,12879
112,112,35723,34098,616,338,447,250,21,0,0,36403,34120,887,657,535,323,10,0,0,38456,34428,1007,690,599,1174,44,35354,32903,861,639,544,327,9,503,316,11,0,18,737,36041,33171,1123,623,222,201,0,25836,24862,370,147,276,191,15,0,0,27135,25725,573,343,287,190,0,292,280,23,17,0,28752,26180,598,323,355,867,29,28752,26180,598,218,251,57,9,71,1368,26985,25451,697,344,265,207,0,0,0,0,0,0,27441,25889,836,410,140,188,0,233,111,1,0,27758,26277,664,457,180,204,0,158,138,8,0,17193,8394,8597,14211,5968,8243,17829,5371,11540,17832,7945,9077,17852,7642,9633,17425,6381,11044,17608,7194,9570,15470,6489,8417,18556,6609,11337,20386,6810,13208,20208,6967,12745,19688,6076,13023,19796,6507,12687,19820,5730,13378,19637,6287,12772,19858,6803,12630,21201,6869,14057,20958,7667,12831,20814,6663,13698,20402,6323,13594,20430,6413,13014,20388,6737,13084,20348,6496,13021,19758,6493,12821
113,113,38479,36695,789,333,441,257,29,0,0,39186,37064,828,653,431,237,15,0,0,38339,34202,1051,640,634,1230,49,40284,36943,963,686,261,225,15,229,213,33,10,0,1896,39767,35696,890,605,500,227,27,28938,27828,489,151,289,186,22,0,0,29794,28655,467,242,250,177,0,202,217,55,4,0,29725,26942,671,331,453,857,39,29725,26942,671,229,316,69,16,70,1412,30177,29154,436,264,147,146,0,0,0,0,0,0,30167,29020,466,304,237,147,0,245,202,10,0,30298,28961,590,253,278,220,16,147,225,20,16,19696,10175,9268,19485,8595,10890,19182,6200,11969,19094,8926,9266,19129,8464,10036,18679,7226,11453,18868,8171,9775,16329,7282,8513,18948,7186,11132,20107,7172,12564,19826,7234,12097,19261,6318,12362,19347,6607,12070,19428,5984,12641,19229,6490,12082,19234,6976,11822,20207,6886,13019,19842,7637,11659,19753,6619,12691,19270,6280,12507,19307,6405,11936,19229,6774,11887,19221,6426,11963,18601,6462,11709
114,114,35351,33354,397,1040,294,289,27,0,0,36826,34672,667,949,118,366,29,0,0,38109,33775,816,1297,440,1324,62,37460,35106,517,685,116,343,69,661,110,125,0,0,935,38830,34448,785,1507,440,258,66,26234,25038,235,579,183,197,14,0,0,28345,27054,340,618,28,271,0,578,6,113,20,0,29008,26170,495,755,282,965,37,29008,26170,495,593,175,82,13,51,1429,28671,27578,357,389,44,262,0,0,0,0,0,0,29381,27679,485,635,311,211,0,459,256,45,0,29639,27559,630,794,453,190,0,535,320,64,0,16962,8722,7941,15314,6913,8401,17133,5151,11083,17082,7672,8459,17081,7331,9081,16689,6339,10350,16919,7128,8892,14324,6090,7654,17432,6143,10664,19007,6093,12558,18846,6366,11982,18386,5601,12223,18460,5935,11920,18498,5151,12576,18273,5623,12039,19022,6254,12325,20606,6347,14014,20306,7105,12603,20203,6086,13568,19814,5833,13475,19859,5996,12769,19786,6205,12925,19783,6099,12748,19304,6086,12728
115,115,37488,36206,365,353,208,363,25,0,0,37880,36987,243,309,217,120,1,0,0,37326,34323,565,466,245,1262,19,37277,35396,428,213,407,179,1,97,377,59,0,18,902,37659,34213,483,351,504,373,47,28502,27690,226,199,129,261,17,0,0,29137,28570,186,196,87,110,0,112,83,59,0,0,29024,26893,368,222,163,1001,13,29024,26893,368,141,92,98,4,72,1356,29001,28234,228,145,278,149,0,0,0,0,0,0,29339,28269,222,234,321,285,0,34,317,27,0,29572,28528,239,261,186,326,0,114,184,20,0,17725,9362,8025,15612,7028,8584,17663,4756,12085,17594,7613,8948,17626,7595,9344,17229,6151,11078,17438,7057,9477,14884,5928,8362,18306,5839,11868,20152,5489,14330,20088,5963,13627,19608,5255,13777,19623,5501,13488,19759,4920,14090,19538,5400,13553,19218,5355,13439,20434,5055,15139,20248,5957,13738,20098,5003,14577,19732,4782,14474,19794,4994,13806,19689,5222,13853,19658,5031,13682,20123,5552,13974
116,116,36748,34336,507,1350,227,338,25,0,0,39165,35900,837,1561,448,478,2,0,0,38829,34809,809,1422,465,1103,41,39131,35852,720,1538,454,388,5,1389,269,137,0,219,550,39297,35595,1120,1515,360,570,8,28861,26952,347,1167,161,248,18,0,0,31040,28485,610,1357,197,429,0,1302,193,93,8,0,30746,27648,519,1186,330,830,31,30746,27648,519,1071,236,96,0,56,1120,30272,27977,442,1384,158,360,0,0,0,0,0,0,30156,27861,585,1174,124,362,0,1097,104,99,0,30286,28126,422,1096,113,494,9,987,65,102,9,13827,5733,7802,13266,4593,8673,14651,3289,10757,14589,5335,8413,14624,5098,8995,14324,4324,10000,14450,4681,8909,12835,4059,8286,14262,3731,10069,14859,3358,11271,14753,3577,10749,14424,2984,11015,14429,3218,10745,14514,2629,11357,14393,3074,10908,14535,3495,10765,15112,3304,11653,14839,3664,10805,14783,3136,11317,15105,3612,11183,14485,3135,10684,14468,3257,10810,14422,3129,10615,14625,3109,11238
117,117,38654,36031,418,1717,177,356,45,0,0,37561,34729,476,1901,108,343,90,0,0,38857,34531,571,1825,256,1156,55,37713,34443,623,1807,103,386,113,1393,57,98,21,19,1054,38351,34931,533,1111,256,988,73,29691,27566,267,1499,109,252,29,0,0,29052,26854,155,1556,89,328,0,1523,85,141,75,0,30408,27002,385,1588,158,888,35,30408,27002,385,1477,105,95,12,77,1255,29620,27336,285,1434,67,344,0,0,0,0,0,0,30192,27883,292,958,173,858,0,830,171,107,0,30343,27941,445,919,151,882,0,814,123,66,0,15005,7433,7234,12617,5415,7202,14441,3755,10118,14353,6234,7346,14406,5707,8262,14111,5013,9098,14262,5548,7904,12659,4677,7403,15586,4689,10408,17800,4551,12976,17653,5073,12051,17222,4205,12532,17253,4546,12222,17341,3894,12832,17221,4383,12385,16804,4357,12124,18181,4326,13690,17903,5116,12380,17755,4160,13231,16732,3364,13016,17338,4153,12422,17304,4300,12508,17264,4152,12363,17432,4100,13012
118,118,40518,38936,482,596,152,378,20,0,0,40884,38796,781,887,164,264,72,0,0,38870,35629,513,910,249,1082,41,40165,38235,630,786,152,282,46,545,70,4,7,10,666,39188,35501,699,678,313,528,64,30735,29633,279,446,100,273,16,0,0,31764,30232,459,736,62,205,16,651,47,27,76,0,30381,27969,312,715,157,839,27,30381,27969,312,645,94,87,2,71,1201,31352,29953,404,661,49,198,7,0,0,0,0,0,30567,29018,441,551,110,315,29,478,57,14,29,30408,28936,396,522,86,348,6,462,40,11,6,17836,8203,9249,15954,6100,9854,17621,3856,13033,17518,6638,9870,17625,6244,9631,17201,5297,11904,17367,5922,10489,14716,5030,9093,17719,4706,12433,19218,4299,14615,19145,4753,13923,18688,3994,14192,18737,4228,13980,18804,3755,14426,18617,4121,13980,18896,4421,14121,20311,4233,15890,20052,5096,14499,19951,4175,15355,19528,3878,15253,19525,4207,14517,19484,4321,14582,19453,4227,14213,19603,4294,14505
119,119,36269,34524,501,625,261,380,27,0,0,36915,34851,679,741,254,380,50,0,0,38755,34704,945,958,364,1300,51,38066,35461,549,956,378,402,50,560,196,196,13,11,1074,38948,35086,616,929,633,339,13,26998,25897,320,359,170,257,13,0,0,27820,26613,292,401,127,334,0,327,34,131,56,0,29531,26765,570,568,265,966,31,29531,26765,570,401,172,126,3,65,1429,28484,27042,290,523,167,386,0,0,0,0,0,0,29539,28142,305,419,203,243,1,359,101,56,1,29888,28336,490,443,195,235,0,297,107,38,0,15998,7650,8062,14633,5875,8758,16532,4435,11272,16473,6804,8715,16534,6533,9019,16181,5349,10832,16317,5931,9439,13974,5516,7847,16391,5279,10496,17503,5137,11968,17366,5334,11524,17004,4684,11759,17047,4856,11583,17084,4429,11932,16947,4735,11578,16646,5122,11098,17407,5016,12189,17183,5690,10964,17089,4817,11810,16811,4545,11797,16801,4806,11119,16758,4976,11178,16728,4801,10983,16866,4950,11038
120,120,40353,38825,513,239,196,596,36,0,0,39699,37647,759,551,344,600,8,0,0,37477,34183,753,415,277,1533,70,39502,37227,773,475,286,542,129,210,164,121,116,9,882,37532,34798,816,458,292,636,75,30700,29709,309,120,124,437,21,0,0,30485,29290,417,212,97,447,0,148,38,109,60,0,29091,26801,443,235,174,1149,33,29091,26801,443,150,111,142,14,58,1372,30405,29090,448,255,138,444,15,0,0,0,0,0,28940,27590,441,222,167,469,15,144,138,53,15,28774,27326,483,206,141,574,31,162,129,132,31,17071,5967,10662,15836,4492,11344,16699,2802,13324,16595,4939,10816,16676,4527,10866,16305,3862,12443,16412,4428,11168,14564,3611,10408,16814,3354,12992,18115,3169,14712,18045,3371,14248,17743,2828,14524,17783,2941,14408,17822,2725,14573,17655,2888,14339,17152,3111,13758,17932,3032,14755,17739,3486,13882,17702,2961,14382,17404,2779,14318,17418,3025,13821,17408,3064,13961,17371,2887,13841,17490,3030,13974
121,121,36220,23726,4070,6388,1823,784,430,0,0,37387,23072,5185,7131,1797,937,742,0,0,38731,22831,5397,7111,2509,1217,568,36923,22794,5201,6790,1961,1207,649,5060,1301,428,244,25,1862,37620,23068,5521,6618,2409,1279,847,27894,18757,2920,4588,1370,543,279,0,0,27819,17887,3596,4520,1052,536,32,4223,839,402,190,0,30109,18071,4042,5320,1893,891,357,30109,18071,4042,4671,1450,226,235,93,1321,27867,17754,3695,4623,1020,551,50,0,0,0,0,0,28562,18079,3956,4322,1045,493,80,3658,788,233,80,29454,19023,3956,4097,1205,571,181,3730,778,68,181,7865,3030,4698,6629,2356,4273,6611,1775,4433,6592,2277,3950,6589,2134,4179,6499,2096,4403,6534,1893,4156,5157,1734,3211,6431,2011,4147,7054,2334,4513,6921,2201,4497,6820,1988,4505,6880,2108,4486,6853,1965,4578,6822,2086,4447,6415,2090,4131,6651,2165,4359,6555,2230,4069,6559,2077,4283,6445,1948,4269,6435,1961,3998,6420,2061,4073,6430,1860,4145,6437,2015,4160
122,122,38650,34584,845,1248,1513,522,78,0,0,38703,34020,1027,1437,1837,608,10,0,0,38732,32585,1134,1404,1888,1403,52,38810,33816,1082,1427,1836,533,7,721,1566,188,0,71,1371,38809,33380,1132,1332,1790,585,19,30393,27383,557,812,1258,401,52,0,0,29156,26801,654,816,434,453,0,725,321,183,20,0,30801,26256,746,951,1507,1063,40,30801,26256,746,774,1251,153,20,148,1453,29171,26906,671,791,400,417,0,0,0,0,0,0,29440,26891,703,758,620,456,10,494,473,68,10,29846,27089,731,819,704,476,28,631,568,96,28,16416,6252,9811,14419,4808,9611,15590,4157,10496,15604,5663,9177,15662,5301,9648,15335,4700,10635,15468,5472,9303,13495,4657,8334,15471,4762,10152,16298,4949,10948,16247,4944,10900,15996,4375,11151,16107,4397,11251,16071,4245,11323,15933,4374,11070,15439,4591,10478,15878,4656,10991,15758,4875,10479,15726,4279,11051,15517,4242,10884,15530,4367,10549,15523,4451,10638,15512,4240,10656,15615,4353,10923
123,123,39949,38039,946,297,277,408,40,0,0,41372,39031,1193,424,319,443,78,0,0,38872,35209,1264,492,388,1142,60,41798,39343,1253,439,327,437,54,338,134,166,0,1,562,39354,36591,1285,447,344,515,3,32427,31215,567,157,186,311,29,0,0,33535,32431,462,161,129,287,0,137,64,205,73,0,31903,29384,822,255,264,879,46,31903,29384,822,156,171,122,28,76,1144,34078,32834,470,259,207,316,0,0,0,0,0,0,32180,30839,494,283,225,373,0,256,123,107,0,32769,31205,727,301,198,347,0,247,139,18,0,19899,6939,12633,19346,5722,13624,20419,4361,15345,20377,6412,13069,20386,6068,13683,20067,5205,14862,20163,5212,14043,18204,4964,12695,20836,4984,15318,22444,5170,16994,22380,5026,16960,21906,4396,16921,22081,4450,17160,22081,4249,17186,21875,4596,16780,21887,5121,16390,23068,5273,17585,22841,5776,16629,22719,5063,17163,22282,4489,17286,22287,4700,16623,22268,5023,16703,22286,4641,16596,22269,4811,16751
124,124,39375,36508,961,883,409,665,141,0,0,38720,35728,1165,664,580,635,169,0,0,38524,34560,1139,833,401,1354,164,39382,36128,1214,985,622,458,160,710,302,135,22,0,880,39429,35851,1227,1391,420,579,78,29421,27649,553,480,260,468,86,0,0,29552,27886,633,353,161,502,2,264,130,324,19,0,29487,26829,692,465,297,983,99,29487,26829,692,321,150,132,45,71,1247,29981,28344,708,314,284,344,15,0,0,0,0,0,30045,28322,614,402,240,421,15,319,98,65,15,29460,27613,586,572,258,416,19,451,74,41,19,18182,5643,12112,16660,4331,12329,17448,2820,14011,17354,4629,11867,17388,4562,12279,17071,4022,13049,17194,3960,12333,14854,3303,11071,17492,3260,13738,18836,3334,15204,18769,3194,15178,18310,2801,14981,18550,2638,15469,18544,2640,15334,18347,2889,14967,19232,3437,15464,20919,3572,17162,20651,4024,16126,20588,3410,16657,20106,3022,16633,20135,3371,15814,20101,3542,15947,20103,3239,15721,20097,3324,15793
125,125,40982,39092,681,352,205,701,28,0,0,40135,37711,853,679,298,616,133,0,0,38766,35369,825,543,306,1306,80,39425,36883,887,661,268,715,31,312,223,165,3,2,952,38458,35747,801,644,263,852,30,30853,29670,378,222,137,479,15,0,0,29846,28557,470,275,59,447,12,239,40,170,34,0,29371,27037,510,330,198,953,55,29371,27037,510,219,136,203,22,59,1185,29614,28263,514,253,78,523,0,0,0,0,0,0,29079,27577,520,342,76,608,4,320,56,69,4,29226,27561,445,506,102,591,9,487,65,55,9,18109,6604,10909,16681,5014,11667,17324,3239,13345,17240,5273,11064,17262,5350,11400,16914,4458,12456,17035,4227,11981,14508,3576,10297,17045,3534,12992,18584,3558,14745,18471,3565,14477,18045,3142,14424,18091,3378,14272,18224,2879,14792,18071,3384,14249,17496,3318,13868,18519,3297,15045,18228,3696,14058,18150,3182,14581,17829,2899,14536,17836,3186,13884,17830,3292,14019,17780,3253,13730,17847,3042,14362
126,126,37909,36208,604,423,142,573,32,0,0,36847,34578,705,526,239,843,5,0,0,36657,33389,831,494,241,1380,54,37583,35139,837,504,190,857,3,343,142,246,1,3,872,37118,34386,928,562,226,789,16,30053,28935,346,232,95,458,23,0,0,28928,27574,291,326,115,638,4,314,91,243,2,0,28983,26712,485,284,174,1036,36,28983,26712,485,175,105,151,13,71,1271,29444,28013,369,318,100,664,4,0,0,0,0,0,29370,27725,531,425,116,578,4,245,59,107,4,29659,28056,566,378,138,511,6,258,27,37,6,19456,8087,10748,17054,6051,11003,17502,3934,12854,17515,6228,10308,17519,6312,10642,17238,5446,11792,17379,5083,11495,15313,4676,10021,17478,4353,12635,18985,4334,14420,18914,4283,14264,18452,3825,14174,18574,4053,14111,18641,3649,14461,18489,4023,14089,18236,4232,13687,19215,4181,14854,19026,4683,13852,18958,4237,14321,18638,3657,14576,18632,4075,13756,18640,4114,14019,18611,3988,13692,18829,3746,14734
127,127,37824,35589,817,250,184,1059,39,0,0,36804,34121,942,367,215,1181,57,0,0,36929,32889,1084,416,281,1876,61,37379,34539,1175,235,133,1322,44,112,52,571,26,29,859,37016,33925,1191,406,158,1435,87,28024,26685,423,81,113,729,18,0,0,27996,26578,318,105,150,823,5,73,83,338,12,0,27711,25103,609,188,137,1343,32,27711,25103,609,79,96,320,17,57,1430,28025,26598,393,100,89,784,1,0,0,0,0,0,28065,26393,562,163,73,824,0,109,27,197,0,28039,26202,737,143,13,936,0,87,8,219,0,18432,5053,12813,16316,3681,12635,18127,2647,14874,18121,4091,13281,18096,4212,13371,17861,3320,14541,17894,3113,14052,15426,2823,12055,17975,2747,14808,19721,2998,16476,19661,2967,16349,19299,2538,16319,19335,2678,16284,19433,2361,16580,19226,2678,16118,19223,2918,16016,20427,3079,17184,20234,3245,16550,20163,2901,16915,19896,2604,16942,19898,2773,16439,19912,2941,16540,19879,2824,16341,19911,2798,16711
128,128,37691,35903,671,370,187,599,30,0,0,38192,35900,891,425,135,981,47,0,0,37207,33937,878,507,281,1347,37,38406,35982,930,460,150,904,50,299,133,421,48,3,592,37674,34858,1010,467,410,716,7,28999,27830,387,210,128,454,24,0,0,29876,28402,463,279,59,649,19,255,55,310,27,0,28755,26506,539,287,190,981,26,28755,26506,539,206,118,168,4,51,1163,30150,28694,506,294,70,576,34,0,0,0,0,0,29426,27755,544,341,228,533,4,323,154,71,4,29675,27965,652,269,231,513,4,154,139,62,4,17320,6113,10814,15873,4755,11118,16887,3392,12736,17019,4668,11598,16992,5300,11164,16758,4320,12438,16990,3078,13314,14603,3959,10104,17146,3543,13106,18604,3687,14547,18593,3157,15080,18253,3052,14756,18288,3184,14706,18369,3060,14811,18192,3180,14588,18261,3686,14213,19329,3660,15455,19226,4037,14761,19203,3712,15111,18950,3144,15430,18972,3335,14985,18930,3463,15032,18917,3216,14986,18937,3265,15225
129,129,36011,34287,606,448,130,599,38,0,0,38443,36148,799,667,245,570,118,0,0,38854,35688,786,390,283,1444,36,38933,36530,837,632,295,658,74,226,125,141,18,78,975,39080,36025,869,629,210,629,170,26013,24902,323,322,82,408,18,0,0,27936,26471,460,380,109,474,4,262,59,195,40,0,28326,26255,463,213,179,1001,20,28326,26255,463,153,111,182,2,64,1096,28181,26735,467,354,128,465,4,0,0,0,0,0,28190,26707,486,337,145,421,34,109,30,98,34,29045,27398,478,489,164,471,15,415,43,95,15,16320,5644,10364,14977,4354,10623,16620,3164,12768,16707,4590,11384,16671,5012,11091,16412,4074,12338,16519,3734,12031,14494,3764,10281,17063,3515,13060,18661,3555,14784,18579,3559,14620,18204,2923,14648,18281,3145,14637,18359,2922,14806,18139,3135,14479,18461,3644,14495,19681,3633,15875,19564,4052,15060,19524,3776,15387,19171,3157,15575,19180,3245,15016,19147,3515,15127,19145,3302,15004,19183,3371,15283
130,130,31567,29274,852,665,386,454,35,0,0,34750,31151,1090,1128,846,532,10,0,0,38033,32022,1844,1479,752,1604,92,34958,31365,1245,1157,738,337,6,801,590,111,1,124,726,37979,33361,1557,1481,874,510,87,23077,21719,496,338,246,297,23,0,0,25549,23267,617,714,517,400,8,637,441,175,21,0,28096,24455,1062,727,451,1115,48,28096,24455,1062,507,291,178,17,65,1521,25223,23225,479,757,395,269,0,0,0,0,0,0,27509,25151,605,901,508,324,0,787,370,65,0,29198,26697,750,936,319,427,56,650,192,154,56,14616,5277,9101,14779,4754,10025,15897,3987,11008,16012,5278,10029,16011,5257,10218,15754,4471,11283,15802,4260,10769,14229,4836,8884,17072,5041,11500,19005,5781,12847,18989,5618,12881,18699,4850,13321,18737,5167,13056,18854,4808,13443,18675,4885,13262,18779,5961,12435,20083,6370,13462,19968,6664,12829,19882,6374,13103,19638,5693,13518,19675,5825,13149,19638,6010,13180,19675,5732,13290,19703,5785,13488
131,131,34001,32363,557,387,216,495,29,0,0,34650,32791,618,462,322,469,66,0,0,36651,32677,1022,741,422,1506,42,35163,32436,468,979,502,586,84,337,206,141,7,2,1561,37230,33666,754,1298,593,544,49,25792,24808,308,193,130,347,20,0,0,25894,24754,413,236,187,282,6,204,99,107,44,0,27977,25516,539,363,245,1052,27,27977,25516,539,229,153,148,15,73,1304,25779,24516,216,322,269,399,4,0,0,0,0,0,26999,25745,294,283,226,384,0,192,104,22,0,27780,26194,579,270,264,423,0,92,126,62,0,18124,5788,12048,17384,4884,12500,18342,4065,13467,18477,5355,12407,18466,5767,12124,18213,4547,13666,18259,4349,13151,16550,4844,11235,19343,4684,14175,21155,5010,15832,21223,4877,15945,20898,4192,16181,20977,4468,16039,21170,4230,16425,20921,4302,16141,21707,5423,15941,23252,5666,17326,23301,6154,16688,23201,5770,17042,22902,5033,17493,22956,5127,17133,22902,5347,17094,22926,5071,17187,22949,5140,17401
132,132,35259,29490,1252,2959,904,848,134,0,0,36081,29681,2413,3106,763,593,43,0,0,37115,28389,2113,3759,918,1770,224,37040,30486,1998,2955,912,782,70,2136,605,246,10,88,1472,37373,29922,2307,3143,1111,1128,96,28655,24589,839,1848,798,647,78,0,0,29206,25267,1364,1953,231,346,0,1740,132,185,61,0,30600,24177,1512,2547,746,1399,169,30600,24177,1512,1946,524,258,82,133,1968,30564,26576,1307,2010,307,426,12,0,0,0,0,0,30827,26563,1274,2119,367,572,12,1679,215,128,12,29201,24791,1219,2253,338,593,64,1611,209,90,64,13935,7331,6285,10130,5219,4911,10726,4668,5153,10757,5379,4640,10725,5241,4859,10539,5122,5417,10560,4543,5085,8975,4821,3672,11245,5624,5078,12589,6577,5655,12519,6480,5589,12333,5915,5875,12396,6174,5679,12343,5781,5933,12342,5898,5858,11086,5717,5046,11417,5734,5458,11250,5782,5042,11303,5927,5066,11111,5404,5349,11122,5370,5113,11100,5531,5153,11113,5298,5214,11119,5475,5319
133,133,35724,30265,1577,2303,915,768,132,0,0,38248,30605,2438,3214,1092,1044,82,0,0,37680,29032,2835,2939,1208,1687,141,37997,30349,2604,3221,1005,876,73,2320,655,186,32,91,1763,37131,30376,1727,2530,1106,943,460,28953,25122,1039,1571,674,593,85,0,0,30445,25909,1174,2063,527,675,32,1871,369,177,74,0,30859,24536,2025,1945,957,1297,84,30859,24536,2025,1530,713,208,34,99,1714,30449,25893,1387,2092,390,563,30,0,0,0,0,0,30243,25764,1252,1729,582,639,140,1626,466,153,140,30759,26250,1341,1720,726,451,60,1510,462,106,60,15046,7067,7713,13590,6043,7547,13012,5124,6830,13113,6116,6144,13084,5887,6474,12763,5641,7122,12863,5052,6752,11321,5548,5150,13898,6409,6827,15554,7580,7532,15473,7483,7490,15185,6646,7878,15231,6957,7624,15224,6620,7865,15172,6716,7786,14025,6772,6835,14496,6955,7292,14360,7038,6828,14367,7034,6939,14152,6458,7251,14165,6446,6955,14143,6637,6991,14160,6387,7115,14196,6579,7206
134,134,34365,30976,933,969,1136,425,29,0,0,36349,31524,1507,1342,1589,503,124,0,0,37447,30945,1537,1568,1850,1373,110,36356,31777,1454,1014,1667,414,110,765,1399,54,31,20,856,36639,31721,1737,1321,1152,512,70,25836,23781,563,494,745,288,18,0,0,27410,24919,771,575,766,319,35,514,698,35,75,0,28950,24544,1011,931,1257,998,83,28950,24544,1011,707,1068,128,36,79,1377,28176,25836,744,473,757,334,30,0,0,0,0,0,28761,26221,898,629,658,339,24,518,497,10,24,29638,26298,1365,653,919,245,22,482,756,10,22,18995,7125,11641,16929,5505,11424,18342,5655,11678,18533,6690,11157,18514,6689,11274,18222,5613,12609,18312,5625,11877,16917,6549,9903,18320,6371,11402,18920,6897,11637,18913,6661,11831,18602,5842,12271,18664,6151,12000,18743,5820,12366,18618,5825,12283,17984,6751,10873,18218,6952,10998,18149,7161,10572,18061,6820,10904,17761,6127,11216,17836,6259,10951,17772,6377,10978,17810,6093,11196,17811,6207,11231
135,135,37208,32406,1481,2006,714,743,81,0,0,39689,34168,1276,2455,1020,1138,24,0,0,37546,29651,2192,2945,961,1572,142,39109,32380,1973,2585,1075,1154,31,1898,522,366,13,46,1904,39563,32532,2314,2806,1090,850,70,30724,27322,1004,1284,604,579,55,0,0,31334,28202,825,1285,349,516,14,1165,242,221,160,0,31186,25322,1581,2021,777,1249,108,31186,25322,1581,1563,523,191,49,142,1815,30985,26960,1161,1613,448,586,12,0,0,0,0,0,31539,27331,1341,1540,561,629,2,1408,272,81,2,30449,25669,1720,1742,512,617,2,1261,213,99,2,17110,8648,8158,14724,7022,7702,14906,6490,7250,15057,7409,6828,15015,7315,6980,14719,6921,7798,14791,6336,7349,13040,6859,5525,14887,7351,6878,15623,8127,7081,15596,8030,7107,15303,7247,7492,15357,7488,7228,15338,7085,7559,15294,7263,7412,15072,7774,6891,15617,8003,7318,15473,8093,6921,15514,8046,7113,15310,7530,7349,15304,7537,7035,15275,7698,7098,15294,7347,7341,15331,7625,7309
136,136,34225,30554,1092,1193,880,589,80,0,0,35436,31360,1040,1336,1300,486,39,0,0,37448,30749,1910,1855,1576,1326,110,35535,31778,890,1058,1361,545,8,504,1002,76,8,32,1245,36044,31543,1248,1431,1399,434,47,28119,25640,717,727,659,426,52,0,0,28547,26171,677,717,590,369,10,549,523,131,20,0,30773,26005,1317,1169,1100,1048,75,30773,26005,1317,863,908,158,32,89,1401,28623,26259,655,564,692,359,10,0,0,0,0,0,28475,25835,832,708,736,247,0,608,612,20,0,29760,26286,1259,1032,818,321,0,868,672,41,0,18260,8393,9635,16579,7196,9383,17418,7115,9123,17613,8047,8786,17579,7993,8914,17284,7216,10068,17354,6916,9355,16312,8066,7683,17371,7954,8774,17766,8614,8728,17734,8280,8991,17414,7508,9340,17495,7780,9115,17511,7400,9431,17434,7503,9333,17430,8624,8404,17766,8961,8525,17676,8966,8244,17684,8887,8452,17446,8240,8792,17468,8248,8541,17415,8408,8568,17446,8035,8842,17489,8277,8819
137,137,32825,31050,463,298,675,360,23,0,0,34552,32344,404,588,869,460,0,0,0,36995,32903,939,546,1196,1126,56,35416,32632,516,782,989,641,0,123,747,96,0,115,1190,37229,33811,738,418,1400,370,0,25645,24466,294,164,444,268,16,0,0,26690,25491,242,217,488,231,0,161,425,94,18,0,29003,26171,628,302,807,852,29,29003,26171,628,187,677,130,8,90,1112,26931,25520,253,268,619,248,0,0,0,0,0,0,27897,26270,360,279,723,249,0,176,604,20,0,28500,26544,511,285,843,269,12,182,724,4,12,19893,6552,13102,18942,5530,13412,20017,5624,13526,20258,6693,13002,20246,7052,12758,19955,5714,14241,20044,5735,13551,18801,6469,11925,20308,6078,13768,21136,6482,14318,21177,6090,14748,20903,5286,15132,20925,5562,14941,21065,5286,15266,20876,5287,15132,22038,6895,14823,23188,7330,15577,23268,7684,15179,23177,7080,15799,22840,6336,16130,22907,6525,15780,22851,6640,15868,22869,6173,16173,22939,6444,16129
138,138,39280,37758,676,148,153,575,31,0,0,39637,37306,1287,279,109,704,33,0,0,38757,35223,990,311,268,1636,67,40017,37850,1042,246,188,728,5,37,171,166,0,5,750,40164,37801,987,302,172,852,0,31075,30105,406,59,101,416,17,0,0,32612,31017,902,115,46,501,30,18,43,182,18,0,31322,28802,627,174,191,1245,49,31322,28802,627,53,107,204,23,74,1432,32851,31446,713,96,80,548,0,0,0,0,0,0,32495,31067,505,198,76,653,0,59,56,68,0,32622,30886,754,189,99,668,0,83,34,78,0,20214,6258,13539,18901,4716,14185,20226,3533,16022,20217,5110,14195,20179,5123,14471,19933,4301,15632,19998,4063,15077,17995,4090,13446,20905,3955,16468,22932,4249,18460,22875,4153,18310,22445,3496,18489,22518,3717,18373,22663,3639,18519,22460,3579,18482,22954,4319,18336,24568,4419,19971,24382,4871,19115,24286,4536,19376,23906,3792,19673,23869,3966,19080,23883,4255,19152,23886,3965,19104,23995,3939,19616
139,139,32887,30859,827,400,344,517,46,0,0,35687,33082,1222,517,451,600,6,0,0,38745,34166,1310,718,699,1545,80,37182,34259,1153,653,562,759,8,240,439,160,0,81,846,38078,34313,1588,679,842,755,281,23769,22602,480,172,191,345,24,0,0,25748,24777,317,104,169,358,0,86,155,126,4,0,28618,25759,801,345,408,1060,46,28618,25759,801,203,267,175,21,67,1325,26809,25531,367,83,307,500,0,0,0,0,0,0,27665,25999,661,180,379,397,25,82,314,48,25,29616,27659,710,298,400,439,32,165,210,60,32,16342,5334,10784,16024,4360,11664,17952,3968,13101,18006,5421,11744,17991,5219,12194,17683,4460,13223,17802,4249,12700,15693,4494,10699,18758,4795,13386,20613,5375,14849,20494,5235,14788,20148,4379,15195,20234,4768,14938,20290,4400,15277,20141,4466,15112,20284,5213,14658,21603,5513,15831,21461,5746,15197,21367,5427,15511,21061,4731,15814,21086,4896,15316,21051,5112,15432,21046,4816,15425,21138,4952,15732
140,140,33582,31567,877,369,297,488,63,0,0,38394,36092,708,657,416,731,48,0,0,38748,34401,1425,637,493,1418,88,38380,35536,1257,820,308,634,24,395,54,54,0,16,1069,39119,35936,1281,883,238,503,63,24296,23163,485,157,162,320,33,0,0,27748,26352,325,377,275,410,0,251,72,75,24,0,28399,25619,870,324,305,1022,55,28399,25619,870,195,177,150,16,50,1322,27790,26405,545,373,148,324,0,0,0,0,0,0,28679,27194,642,421,135,298,0,224,64,72,0,29959,27989,996,510,153,302,5,279,92,39,5,15843,4744,10909,15857,4026,11831,17702,3539,13320,17792,4983,12035,17764,4873,12367,17490,4117,13373,17539,3886,12887,15618,4227,10912,18084,4257,13330,19422,4611,14499,19373,4488,14522,19014,3792,14718,19061,4048,14545,19141,3730,14835,19012,3853,14682,19847,4765,14727,21252,5072,15934,21181,5295,15488,21053,5053,15635,20686,4338,15858,20682,4460,15418,20688,4688,15507,20703,4398,15567,20793,4575,15761
141,141,39999,38395,565,254,186,604,54,0,0,39420,37788,607,197,206,594,38,0,0,38815,35579,776,435,271,1434,70,39423,37187,623,179,273,736,29,51,164,180,26,82,1117,38783,36016,738,398,307,923,57,30035,29025,304,121,128,445,27,0,0,29709,28601,364,151,106,486,0,120,80,244,9,0,29409,27201,456,217,165,1092,40,29409,27201,456,110,76,153,10,57,1346,29762,28590,354,117,142,518,0,0,0,0,0,0,29326,27869,449,225,160,569,45,55,78,153,45,29608,27827,551,466,134,517,38,135,70,45,38,19085,5742,12851,17826,4559,13267,18458,2745,15177,18485,4287,13398,18497,4524,13408,18277,3706,14571,18333,3342,14277,15686,3158,12056,18306,2892,14990,19653,2824,16557,19566,2805,16396,19283,2392,16479,19352,2482,16475,19391,2381,16548,19299,2526,16356,19088,2758,16054,20116,2693,17257,20028,3064,16620,19999,2774,16906,19777,2332,17106,19771,2461,16722,19769,2591,16771,19762,2415,16725,19807,2469,16961
142,142,38327,36249,743,380,260,725,49,0,0,38499,35548,1009,557,378,915,157,0,0,38875,35103,990,629,297,1533,82,38563,35528,1066,567,409,837,140,212,219,268,16,51,1198,39568,36131,1213,478,399,1041,39,28783,27509,422,178,163,521,30,0,0,28911,27155,564,236,184,643,4,170,161,190,98,0,29507,27019,597,311,194,1112,41,29507,27019,597,186,131,182,19,61,1312,28764,27042,610,213,184,648,14,0,0,0,0,0,29540,27804,576,165,244,694,19,140,199,99,19,30037,28223,701,140,254,746,15,125,145,84,15,17596,5989,11251,15271,4439,10832,16800,2912,13250,16791,4464,11505,16747,4737,11446,16547,3936,12611,16641,3384,12420,14420,3513,10445,16848,3244,13161,18129,3257,14612,18098,3123,14612,17774,2623,14647,17836,2780,14580,17905,2655,14691,17774,2878,14434,17678,3313,14076,18683,3299,15206,18545,3683,14418,18516,3357,14765,18222,2821,15005,18177,2962,14405,18162,3222,14433,18202,2933,14421,18174,3011,14658
143,143,41690,39130,578,1070,194,754,26,0,0,40334,37283,767,729,352,1217,12,0,0,38825,35144,774,1030,264,1317,50,40086,36842,948,778,596,773,40,602,558,372,0,27,732,39316,35560,906,822,375,1338,24,32280,30297,352,938,123,588,17,0,0,31559,29259,430,618,325,905,0,588,321,455,25,0,30437,27616,517,862,166,1006,36,30437,27616,517,780,86,185,6,70,1177,31509,29209,526,631,555,555,0,0,0,0,0,0,30965,28469,526,742,210,979,0,649,184,309,0,31019,28463,659,964,91,758,15,816,75,222,15,18641,6151,11963,18165,5090,13075,18363,3131,14649,18357,5081,12483,18420,5295,12471,18089,4491,13598,18201,4673,12867,15837,3734,11627,18171,3418,14315,19345,3218,15902,19311,3287,15622,18959,2872,15673,19049,2863,15784,19118,2781,15854,18905,3001,15507,18806,3186,15339,19733,3067,16509,19611,3544,15681,19568,3042,16140,19256,2736,16129,19277,2975,15581,19240,3088,15694,19227,2907,15556,19364,2889,15985
144,144,43401,41498,511,598,127,694,21,0,0,41905,39805,586,490,144,917,114,0,0,38615,35626,601,442,228,1441,54,41732,39258,606,640,166,1038,84,231,82,73,38,5,1444,38242,35543,506,755,234,743,87,33401,32062,308,423,89,546,13,0,0,32952,31437,375,246,106,627,72,177,53,75,39,0,30370,28189,383,279,150,1106,24,30370,28189,383,171,80,138,0,29,1380,32860,31253,442,258,114,714,38,0,0,0,0,0,29979,28593,327,289,146,569,29,195,93,59,29,29634,28353,300,191,163,575,0,164,145,51,0,19211,8366,10145,17195,6325,10870,18360,3594,14202,18085,6264,10845,18218,5875,11569,17676,5232,12444,17837,5870,11051,15174,4405,10343,17945,3982,13489,19623,3453,15960,19379,3917,14918,18694,3236,14997,18715,3413,14831,18911,2881,15451,18701,3358,14909,18399,3394,14729,19592,3141,16296,19243,3717,15085,19116,3177,15492,18704,2938,15388,18668,3217,14541,18668,3374,14704,18639,3250,14318,18951,3204,15278
145,145,37116,35906,467,299,193,289,33,0,0,37039,35334,650,607,335,174,7,0,0,37435,34784,652,551,278,827,43,37114,35351,644,612,292,214,9,467,252,85,0,25,290,37464,35266,708,731,368,347,58,28133,27351,287,173,116,216,12,0,0,28405,27470,348,298,142,128,0,294,142,80,4,0,29089,27217,407,405,190,613,26,29089,27217,407,357,126,61,2,27,892,28555,27555,311,355,127,188,0,0,0,0,0,0,28980,27780,389,424,162,207,0,368,138,24,0,29026,27803,371,448,48,226,0,336,27,32,0,17586,7984,9259,15723,5998,9725,17197,4062,12404,16981,6566,9695,17050,6633,9967,16456,5235,11221,16685,6073,9911,14801,5202,9148,17327,4722,12167,18931,4377,14287,18734,4641,13775,17980,3822,13753,18051,4103,13516,18254,3527,14173,17943,3970,13537,18284,4388,13588,19600,4386,15017,19162,4735,14034,19024,3929,14734,18473,3800,14349,18476,4073,13703,18449,4195,13728,18445,4110,13627,18715,4057,14359
146,146,35009,33374,429,702,276,243,25,0,0,36263,33809,620,1160,371,306,106,0,0,38840,35114,732,1179,489,1034,15,36012,33552,640,1092,313,365,112,586,191,5,25,39,985,38753,36226,520,1158,335,320,10,26364,25378,255,393,167,174,15,0,0,27307,25935,398,559,166,158,24,496,124,12,85,0,29839,27360,455,706,336,757,9,29839,27360,455,539,226,53,0,42,1164,26943,25430,460,589,117,201,24,0,0,0,0,0,28997,27638,408,523,209,196,10,426,103,18,10,29310,27316,520,530,250,690,0,443,172,38,0,18259,4809,13190,17878,3804,14074,19770,3234,15836,19674,4900,14045,19682,5135,14027,19341,3746,15595,19423,4025,14675,17290,3538,13431,20327,3786,16111,21995,3996,17704,22010,3876,17780,21631,3326,17912,21687,3552,17735,21797,2873,18441,21634,3394,17863,21464,3816,17323,22704,4081,18393,22551,4065,18063,22409,3668,18344,21956,3537,18013,22008,3766,17312,21946,4011,17334,22048,3566,17658,22191,3693,18062
147,147,37504,30061,1039,5381,847,310,37,0,0,39150,30665,1171,5837,1237,296,15,0,0,38871,28585,1441,6592,1228,922,35,39523,30723,1216,5937,1349,268,79,5121,1198,7,79,25,1151,39279,29319,1516,6408,1438,470,74,30215,25306,693,3345,711,222,20,0,0,30429,25802,505,3722,192,223,4,3537,169,27,17,0,31440,24471,971,4171,985,714,24,31440,24471,971,3863,817,73,7,76,1162,31129,26342,539,3718,283,172,79,0,0,0,0,0,31473,25807,667,4111,634,154,60,3814,407,25,60,31475,25961,898,3606,477,431,53,3410,271,78,53,17214,6846,10150,15310,5494,9816,15194,4979,9493,15121,5792,8714,15147,5866,8782,14848,5151,9697,14962,5106,9060,13500,5016,8177,14836,5567,8853,15443,6321,8807,15271,5941,8967,15075,5512,9086,15100,5803,8837,15147,5182,9414,15060,5544,9077,14392,5542,8515,14654,5979,8451,14409,5555,8339,14364,5281,8689,14121,5148,8578,14107,5210,8050,14085,5517,8047,14120,5054,8384,14209,5365,8425
148,148,39189,33256,705,4785,179,320,29,0,0,38615,32145,893,4931,209,358,19,0,0,38059,30595,935,5067,232,1028,24,38538,31930,942,4949,220,376,21,4290,145,56,0,85,1090,38055,31152,1004,5010,218,414,0,29339,25637,402,2948,118,257,22,0,0,29179,25155,403,3190,80,314,0,3143,68,145,4,0,28941,24103,551,3196,160,746,17,28941,24103,551,3015,116,62,0,48,1046,29120,25065,462,3235,116,281,0,0,0,0,0,0,28825,24580,535,3269,141,306,0,3108,36,26,0,28746,24384,530,2687,201,911,13,2475,19,9,13,18161,6258,11563,16702,5091,11611,17246,3575,13168,17131,5439,11040,17161,5412,11323,16879,5121,11758,16939,4762,11558,14412,3568,10594,16782,3857,12608,17718,3753,13769,17623,3794,13535,17350,3438,13619,17373,3630,13442,17450,3050,14012,17360,3444,13648,16736,3374,13170,17421,3525,13786,17236,3409,13488,17208,3109,13801,16927,3106,13544,16915,3358,12969,16910,3422,13072,16919,3359,12981,17072,3259,13566
149,149,44353,32470,625,10878,170,313,30,0,0,41062,29472,888,10525,24,425,6,0,0,38739,26697,700,10272,187,809,42,40264,28543,883,10380,21,403,6,9839,11,114,6,0,877,38235,26548,792,9169,46,891,26,33514,25545,377,7287,126,247,20,0,0,31292,23299,406,7248,14,362,5,7049,10,162,43,0,29574,21263,442,7074,122,603,28,29574,21263,442,6795,77,68,2,44,883,30612,22710,437,7164,12,327,4,0,0,0,0,0,28895,21634,412,6167,29,621,0,5963,14,37,0,27764,20718,379,5638,136,832,8,5488,126,31,8,17688,7797,9450,15682,6575,9107,16086,4865,10887,15791,6504,8754,15856,6313,9190,15449,5863,9586,15576,6129,8797,12213,3957,7966,14603,4383,9955,15173,4106,10945,14963,3937,10801,14603,3615,10639,14615,3803,10473,14695,3176,11082,14559,3652,10584,13640,3465,9993,14137,3605,10438,13808,3343,10073,13793,3081,10400,13480,3139,10101,13488,3488,9416,13450,3475,9586,13446,3391,9398,13667,3217,10201
150,150,44028,37169,1920,4395,209,371,29,0,0,41085,33906,2221,4369,284,337,66,0,0,38590,30473,2288,4565,160,946,64,40041,32683,2301,4218,262,358,59,3684,142,39,0,46,1134,37993,30102,2284,3577,309,1088,43,32966,28843,1051,2651,141,293,14,0,0,29859,26353,551,2587,89,267,3,2485,65,45,19,0,29245,24009,1369,2833,126,753,34,29245,24009,1369,2634,91,103,7,44,988,29307,25672,661,2582,139,282,0,0,0,0,0,0,27804,24052,685,2210,189,695,0,2012,54,27,0,26797,22884,833,2013,193,853,0,1721,52,19,0,16911,5939,10513,14848,4730,10118,15151,3098,11774,14835,4514,9766,14923,4022,10626,14709,4254,10455,14624,4133,9824,11556,2591,8708,14188,2955,10986,15212,2821,12259,15013,2923,11873,14694,2508,11885,14692,2701,11714,14787,2189,12281,14657,2555,11813,13993,2335,11499,14698,2418,12196,14410,2311,11749,14434,2149,12040,14168,2062,11882,14151,2326,11240,14164,2445,11381,14166,2299,11322,14313,2181,11915
151,151,40527,39236,425,370,129,391,10,0,0,39628,37810,664,623,137,377,54,0,0,38834,36073,707,619,224,995,29,39445,37499,667,671,57,369,8,466,10,76,0,40,677,38719,36368,736,738,44,520,25,31265,30411,253,226,91,297,7,0,0,30610,29622,313,402,53,213,0,365,35,69,44,0,30035,28149,426,339,132,785,17,30035,28149,426,270,92,80,8,31,979,30700,29559,343,414,28,352,0,0,0,0,0,0,30089,28878,418,437,42,360,0,298,18,23,0,29838,28532,408,493,64,341,20,288,35,11,20,18847,5418,12955,17533,4148,13385,18609,2529,15610,18529,4721,13118,18559,4509,13590,18133,3570,14563,18359,4030,13683,15379,2793,12289,18286,2827,15116,19622,2662,16762,19520,2714,16475,19177,2379,16473,19211,2540,16345,19303,1940,16918,19162,2402,16433,18915,2553,16148,19989,2670,17188,19789,2623,16782,19756,2395,17053,19439,2378,16735,19395,2631,15976,19373,2723,16080,19420,2661,15984,19630,2442,16894
152,152,37978,34006,634,2487,367,545,35,0,0,38352,33689,857,2746,426,648,30,0,0,37756,31804,846,3148,452,1309,49,38855,34078,825,2827,471,699,33,2051,378,276,31,13,1206,38427,33033,938,3184,139,688,60,29088,26565,365,1522,242,427,22,0,0,29040,26188,413,1731,206,488,20,1654,179,224,14,0,28906,25017,494,1956,304,957,32,28906,25017,494,1688,230,126,12,47,1292,29376,26587,355,1748,186,479,25,0,0,0,0,0,29301,26254,436,1972,93,478,29,1705,79,129,29,29341,26240,506,1759,331,459,4,1407,100,75,4,15557,4766,10467,14663,3908,10755,15116,2771,11849,14915,4068,10239,14987,3624,10965,14483,3118,11365,14791,3467,10721,12329,2715,9306,14840,3007,11493,15913,3060,12637,15807,3089,12432,15576,2726,12503,15607,2885,12399,15653,2391,12891,15512,2751,12446,14967,2788,11965,15606,2929,12535,15476,2882,12297,15432,2655,12522,15240,2607,12368,15268,2725,12089,15237,2853,12079,15234,2733,12047,15355,2679,12417
153,153,48218,46273,622,214,204,955,28,0,0,46666,44258,887,419,210,937,77,0,0,38604,35633,561,361,219,1578,49,46758,44100,1038,414,238,1052,38,185,204,227,26,51,926,39278,36533,782,399,246,1008,35,37354,36035,364,71,137,756,16,0,0,36115,34732,345,239,129,655,30,155,124,191,20,0,30390,28230,347,163,127,1231,31,30390,28230,347,75,68,171,8,16,1475,36394,34743,562,278,182,636,20,0,0,0,0,0,30562,28902,439,260,128,844,0,157,110,31,0,30042,28508,309,191,39,996,0,102,29,51,0,20629,7414,12537,19044,5762,13282,20142,3303,16223,19800,5552,13284,19864,5193,14031,19274,4867,14407,19500,5051,13542,16497,3687,12310,19393,3509,15435,20742,3159,17375,20518,3286,16828,19944,2888,16637,19989,3113,16448,20184,2554,17138,19972,2924,16641,19665,2935,16435,20889,2850,17908,20549,3095,16936,20482,2734,17374,20020,2619,17047,20014,2850,16126,19996,2986,16453,20014,2936,16177,20353,2782,17223
154,154,39534,37667,680,233,318,669,34,0,0,39287,37035,817,185,395,878,28,0,0,38889,35172,877,410,371,1718,58,39222,36904,859,190,390,856,0,111,279,426,0,61,582,39117,36307,970,394,402,756,37,29685,28475,398,121,195,496,27,0,0,29644,28266,439,79,193,622,0,65,118,289,35,0,29603,27085,509,231,253,1250,42,29603,27085,509,123,167,205,16,58,1440,29498,28150,458,85,198,587,0,0,0,0,0,0,29440,27946,565,137,168,571,0,77,126,82,0,29653,27993,641,178,181,586,8,130,121,32,8,16779,5601,10773,15591,4258,11333,17089,2835,13623,16995,4294,11835,17022,4367,12044,16751,3822,12929,16849,3662,12415,14318,3140,10768,16934,3089,13383,18253,3151,14858,18130,3144,14628,17779,2612,14732,17836,2819,14541,17915,2584,14838,17797,2684,14703,17537,3043,14238,18523,3009,15355,18303,3340,14575,18267,3051,14868,17937,2651,14981,17969,2839,14517,17942,2921,14646,17919,2737,14506,18091,2774,14973
155,155,41972,40185,717,212,188,721,34,0,0,40237,37971,885,550,214,738,4,0,0,38882,35429,939,403,281,1578,59,40895,38341,929,366,227,1045,0,242,140,578,0,3,659,39620,37120,770,544,193,957,0,33205,32010,445,100,126,551,25,0,0,32233,30854,439,300,70,572,0,201,38,235,25,0,31333,28822,610,224,204,1242,38,31333,28822,610,132,122,201,9,102,1335,33014,31402,436,269,110,811,0,0,0,0,0,0,32065,30506,461,283,85,684,0,223,37,209,0,31871,30216,613,220,95,691,0,156,76,133,0,20167,6572,13052,19206,5194,14012,19775,3242,15927,19651,4937,13667,19644,5098,13880,19307,4256,15051,19374,3975,14473,17239,3803,12923,19868,3495,15863,21635,3535,17840,21510,3564,17508,21036,2970,17559,21065,3154,17371,21221,2977,17625,21007,3053,17489,20974,3562,17079,22269,3549,18533,21974,3979,17483,21912,3623,17829,21443,3103,17930,21428,3231,17261,21386,3457,17392,21415,3202,17293,21633,3286,17885
156,156,34066,30407,2069,575,431,661,97,0,0,37687,33005,2692,917,640,561,58,0,0,38695,30897,3781,1121,849,1717,279,37771,32766,2952,1009,659,379,154,862,330,256,11,31,567,37994,32087,3107,1169,745,664,6,26438,24059,1311,333,296,492,56,0,0,28213,26162,949,392,299,385,10,388,212,249,35,0,30702,24984,2699,752,593,1324,235,30702,24984,2699,576,422,236,183,97,1505,28681,25905,1546,556,268,262,10,0,0,0,0,0,28680,25655,1751,451,322,500,0,445,167,68,0,29434,25958,2007,623,324,516,0,462,163,40,0,13547,4063,9264,13552,3394,10158,15346,2952,11862,15332,4015,10621,15317,3856,10970,15085,3431,11654,15154,3193,11212,13541,3251,9938,15794,3430,11951,17178,3721,13159,17110,3707,12994,16785,3173,13181,16831,3417,12878,16861,3071,13263,16744,3228,13060,16568,3541,12715,17424,3690,13559,17231,3816,12986,17158,3537,13233,16891,3152,13351,16928,3329,12906,16872,3533,12929,16886,3191,13079,16931,3380,13216
157,157,38634,35140,2444,209,206,722,38,0,0,38204,34040,2847,365,14,897,64,0,0,38001,32401,2987,374,291,1754,47,38241,33951,2911,385,92,848,51,122,35,256,45,27,894,38231,33374,3119,416,316,917,101,28459,26446,1336,89,126,498,26,0,0,27575,26095,698,136,0,658,0,91,0,247,0,0,28412,24880,1719,170,171,1261,26,28412,24880,1719,91,130,248,22,67,1255,27765,26035,928,124,55,619,0,0,0,0,0,0,27920,25745,1208,177,243,533,20,74,153,146,20,28081,25694,1344,229,255,541,13,78,161,122,13,16811,5097,11263,15246,3894,11352,16683,2901,13089,16692,4336,11525,16679,4482,11565,16422,3623,12799,16550,3475,12215,14034,3188,10311,16507,3097,12921,17905,3214,14426,17813,3185,14176,17441,2638,14360,17458,2855,14145,17584,2642,14413,17484,2674,14421,17336,3250,13797,18427,3248,15001,18223,3625,14138,18109,3399,14345,17788,2799,14606,17821,3047,14027,17810,3168,14152,17765,2988,13986,17893,2961,14551
158,158,39895,35503,2850,214,568,851,61,0,0,39723,34305,3397,337,779,1084,58,0,0,38876,31794,3461,296,988,2152,106,39368,33463,3416,338,861,1198,31,118,548,200,0,1,1617,38611,31738,3468,384,918,1609,43,30118,27466,1626,109,339,615,35,0,0,29761,27368,958,207,513,636,0,77,415,237,95,0,29923,25268,2094,171,595,1626,50,29923,25268,2094,87,514,299,39,73,1549,29859,27144,1304,237,510,667,0,0,0,0,0,0,29324,26454,1361,337,469,731,15,167,314,111,15,29459,26458,1669,97,490,717,9,91,352,64,9,16332,5089,10790,14788,3928,10860,16133,2950,12654,16168,4193,11141,16118,4505,11047,15897,3851,12046,15965,3466,11634,13553,3043,10003,16034,3028,12575,17451,3201,13993,17358,3101,13885,17051,2672,13945,17056,2876,13769,17200,2637,14067,17210,2420,14484,17009,3092,13617,18104,3149,14791,17902,3449,14019,17854,3177,14337,17537,2710,14495,17557,2916,13929,17553,3053,14080,17529,2887,13878,17624,2885,14275
159,159,38391,31936,3004,420,554,2240,441,0,0,38012,31009,3258,638,908,1753,547,0,0,38763,29461,3463,832,826,3149,1012,38353,29774,3166,672,733,1801,733,460,651,978,713,145,2456,38967,29052,3397,910,833,1921,965,27983,24110,1670,229,342,1465,267,0,0,26954,23874,925,202,519,1249,124,183,483,770,13,0,28917,22969,2024,508,519,2193,654,28917,22969,2024,384,413,724,601,68,1734,26927,23986,981,205,346,1257,150,0,0,0,0,0,27088,23758,1154,203,436,1339,132,140,351,485,132,27591,23898,1304,339,460,1385,127,221,368,461,127,15679,4430,10828,14365,3422,10943,15980,2557,12903,15964,3583,11461,15926,3628,11704,15654,2952,12702,15707,2903,11935,13142,2465,10102,16215,2801,12941,17731,3009,14466,17628,2962,14323,17456,2724,14324,17486,2813,14248,17506,2485,14586,17379,2726,14263,17154,2783,14066,18216,2918,15150,18074,2928,14761,18009,2732,14914,17851,2629,14879,17869,2723,14607,17875,2775,14728,17837,2761,14483,17856,2678,14843
160,160,38519,33743,2015,483,613,1327,456,0,0,38758,32818,2398,827,541,1725,652,0,0,38846,31021,2834,743,704,2538,834,39064,32214,2584,833,655,1929,562,485,464,682,508,35,2107,39523,32246,2737,870,750,1729,605,28825,25897,1178,265,378,906,255,0,0,28475,25738,974,353,160,1069,129,284,114,657,54,0,29662,24546,1735,429,492,1787,466,29662,24546,1735,287,387,533,426,65,1683,28909,25935,1070,356,232,1159,110,0,0,0,0,0,29293,26453,963,387,243,1073,65,287,181,364,65,29222,26176,1183,407,310,1056,15,240,225,261,15,16571,5015,11276,16278,4452,11826,17240,3522,13023,17298,4572,11867,17297,4488,12230,17056,3677,13379,17070,3710,12533,14741,3516,10526,17006,3791,12689,17858,3995,13551,17792,3908,13504,17596,3453,13706,17637,3616,13580,17626,3128,13984,17517,3499,13600,17504,3877,13266,18280,4096,13963,18232,4080,13644,18122,3803,13933,17953,3661,13929,17965,3793,13596,17998,3807,13782,17958,3809,13559,17986,3784,13838
161,161,36636,31198,1759,1843,594,1336,193,0,0,35592,29626,1876,1854,897,1562,285,0,0,36684,28200,2393,2206,900,2832,289,35794,29226,2536,1946,740,1680,45,1338,583,462,8,33,1616,36839,29742,2816,2138,847,1327,165,28247,24802,1012,1075,407,968,108,0,0,27115,23470,860,1053,390,1087,34,907,345,519,221,0,28430,22700,1539,1361,638,2001,189,28430,22700,1539,979,494,543,138,85,1952,26941,23214,1005,1233,352,1057,10,0,0,0,0,0,27830,24064,1426,1117,408,729,19,882,348,245,19,28231,24394,1337,1142,487,804,20,869,414,189,20,14131,5708,8126,11170,4271,6899,12793,3823,8073,12845,4641,7424,12859,4478,7775,12627,4031,8596,12634,3915,7695,10682,3940,6076,12748,4516,7674,13654,5116,8136,13556,4978,8138,13377,4553,8302,13447,4770,8140,13414,4226,8582,13343,4564,8260,12985,4759,7791,13532,5084,8177,13422,4932,7892,13356,4743,8166,13231,4590,8182,13255,4705,7893,13237,4793,7941,13226,4628,7945,13255,4720,8134
162,162,33566,30351,1181,622,445,1046,40,0,0,36837,33186,1366,1058,362,910,27,0,0,36630,30742,1804,939,647,2339,104,36756,33221,1145,1037,458,922,21,508,360,293,0,17,1205,37069,33339,937,919,618,1169,58,24148,22321,613,266,258,697,22,0,0,26393,24523,598,395,220,626,0,341,172,233,40,0,27058,23374,1046,464,411,1576,60,27058,23374,1046,289,279,414,28,68,1560,26751,24964,462,357,283,616,0,0,0,0,0,0,27273,25175,464,379,410,770,14,306,343,97,14,26908,24051,847,635,455,902,55,373,435,64,55,14596,4275,10062,14360,3742,10618,15685,3075,11831,15787,4170,10859,15772,3910,11396,15491,3278,12213,15498,3308,11395,12971,3195,9246,15600,3584,11546,16660,3886,12475,16608,3839,12429,16426,3415,12596,16429,3522,12494,16515,3153,12919,16356,3402,12537,16223,3763,12115,17174,4115,12823,17052,3951,12514,16951,3722,12851,16751,3620,12762,16819,3731,12450,16788,3799,12583,16793,3731,12453,16775,3724,12667
163,163,34597,27810,4672,860,431,914,173,0,0,34667,26426,5866,724,525,963,284,0,0,36788,26522,6595,988,618,1936,259,34909,26631,5610,801,701,933,365,422,442,328,322,41,1122,36541,26687,6460,1170,759,1289,265,25819,21698,2681,522,319,626,99,0,0,23769,20899,1307,397,345,597,47,332,295,349,183,0,27723,21336,3757,637,437,1405,163,27723,21336,3757,400,354,302,112,72,1390,24376,21063,1641,459,480,641,32,0,0,0,0,0,25807,21498,2270,657,388,890,4,525,293,270,4,26726,22209,2749,601,230,842,10,375,132,215,10,13842,4185,9401,13420,3631,9789,13822,2902,10237,13873,3760,9441,13851,3672,9719,13635,3033,10602,13641,3055,9882,11802,2804,8483,13969,3201,10340,15005,3519,11210,14959,3359,11254,14776,2979,11400,14823,3153,11321,14825,2749,11650,14710,3024,11289,14535,3332,10894,15261,3600,11463,15182,3509,11228,15105,3313,11455,14941,3134,11481,14983,3281,11177,14960,3298,11322,14956,3237,11207,14988,3245,11435