ID,Label,T_10_CENS_Total,T_10_CENS_White,T_10_CENS_Hispanic,T_10_CENS_Black,T_10_CENS_Asian,T_10_CENS_Native,T_10_CENS_Pacific,T_10_CENS_BlackAlone,T_10_CENS_NativeAlone,T_19_ACS_Total,T_19_ACS_White,T_19_ACS_Hispanic,T_19_ACS_Black,T_19_ACS_Asian,T_19_ACS_Native,T_19_ACS_Pacific,T_19_ACS_BlackAlone,T_19_ACS_NativeAlone,T_20_CENS_Total,T_20_CENS_White,T_20_CENS_Hispanic,T_20_CENS_Black,T_20_CENS_Asian,T_20_CENS_Native,T_20_CENS_Pacific,T_20_ACS_Total,T_20_ACS_White,T_20_ACS_Hispanic,T_20_ACS_Black,T_20_ACS_Asian,T_20_ACS_Native,T_20_ACS_Pacific,T_20_ACS_BlackAlone,T_20_ACS_AsianAlone,T_20_ACS_NativeAlone,T_20_ACS_PacificAlone,T_20_ACS_OtherAlone,T_20_ACS_TwoOrMore,T_22_ACS_Total,T_22_ACS_White,T_22_ACS_Hispanic,T_22_ACS_Black,T_22_ACS_Asian,T_22_ACS_Native,T_22_ACS_Pacific,V_10_VAP_Total,V_10_VAP_White,V_10_VAP_Hispanic,V_10_VAP_Black,V_10_VAP_Asian,V_10_VAP_Native,V_10_VAP_Pacific,V_10_VAP_BlackAlone,V_10_VAP_NativeAlone,V_19_CVAP_Total,V_19_CVAP_White,V_19_CVAP_Hispanic,V_19_CVAP_Black,V_19_CVAP_Asian,V_19_CVAP_Native,V_19_CVAP_Pacific,V_19_CVAP_BlackAlone,V_19_CVAP_AsianAlone,V_19_CVAP_NativeAlone,V_19_CVAP_OtherAlone,V_19_CVAP_TwoOrMore,V_20_VAP_Total,V_20_VAP_White,V_20_VAP_Hispanic,V_20_VAP_Black,V_20_VAP_Asian,V_20_VAP_Native,V_20_VAP_Pacific,V_20_VAP_NH_Total,V_20_VAP_NH_White,V_20_VAP_NH_Hispanic,V_20_VAP_NH_BlackAlone,V_20_VAP_NH_AsianAlone,V_20_VAP_NH_NativeAlone,V_20_VAP_NH_PacificAlone,V_20_VAP_NH_OtherAlone,V_20_VAP_NH_TwoOrMore,V_20_CVAP_Total,V_20_CVAP_White,V_20_CVAP_Hispanic,V_20_CVAP_Black,V_20_CVAP_Asian,V_20_CVAP_Native,V_20_CVAP_Pacific,V_20_CVAP_BlackAlone,V_20_CVAP_AsianAlone,V_20_CVAP_NativeAlone,V_20_CVAP_PacificAlone,V_20_CVAP_OtherAlone,V_22_CVAP_Total,V_22_CVAP_White,V_22_CVAP_Hispanic,V_22_CVAP_Black,V_22_CVAP_Asian,V_22_CVAP_Native,V_22_CVAP_Pacific,V_22_CVAP_BlackAlone,V_22_CVAP_AsianAlone,V_22_CVAP_NativeAlone,V_22_CVAP_PacificAlone,V_24_CVAP_Total,V_24_CVAP_White,V_24_CVAP_Hispanic,V_24_CVAP_Black,V_24_CVAP_Asian,V_24_CVAP_Native,V_24_CVAP_Pacific,V_24_CVAP_BlackAlone,V_24_CVAP_AsianAlone,V_24_CVAP_NativeAlone,V_24_CVAP_PacificAlone,E_08_PRES_Total,E_08_PRES_Dem,E_08_PRES_Rep,E_12_PRES_Total,E_12_PRES_Dem,E_12_PRES_Rep,E_16_PRES_Total,E_16_PRES_Dem,E_16_PRES_Rep,E_18_SEN_Total,E_18_SEN_Dem,E_18_SEN_Rep,E_18_SEN_ROFF_Total,E_18_SEN_ROFF_Dem,E_18_SEN_ROFF_Rep,E_18_SEN_SPEC_Total,E_18_SEN_SPEC_Dem,E_18_SEN_SPEC_Rep,E_19_GOV_Total,E_19_GOV_Dem,E_19_GOV_Rep,E_19_AG_Total,E_19_AG_Dem,E_19_AG_Rep,E_19_LTG_Total,E_19_LTG_Dem,E_19_LTG_Rep,E_16-20_COMP_Total,E_16-20_COMP_Dem,E_16-20_COMP_Rep,E_20_PRES_Total,E_20_PRES_Dem,E_20_PRES_Rep,E_20_SEN_Total,E_20_SEN_Dem,E_20_SEN_Rep,E_22_CONG_Total,E_22_CONG_Dem,E_22_CONG_Rep,E_16-23_COMP_Total,E_16-23_COMP_Dem,E_16-23_COMP_Rep,E_23_GOV_Total,E_23_GOV_Dem,E_23_GOV_Rep,E_23_AG_Total,E_23_AG_Dem,E_23_AG_Rep,E_23_AUD_Total,E_23_AUD_Dem,E_23_AUD_Rep,E_23_LTG_Total,E_23_LTG_Dem,E_23_LTG_Rep,E_23_SOS_Total,E_23_SOS_Dem,E_23_SOS_Rep,E_23_TREAS_Total,E_23_TREAS_Dem,E_23_TREAS_Rep,E_20-24_COMP_Total,E_20-24_COMP_Dem,E_20-24_COMP_Rep,E_24_PRES_Total,E_24_PRES_Dem,E_24_PRES_Rep,E_24_SEN_Total,E_24_SEN_Dem,E_24_SEN_Rep,E_24_CONG_Total,E_24_CONG_Dem,E_24_CONG_Rep
0,Un,0,0,0,0,0,0,0,0,0,0,0,0,0,0,0,0,0,0,0,0,0,0,0,0,0,0,0,0,0,0,0,0,0,0,0,0,0,0,0,0,0,0,0,0,0,0,0,0,0,0,0,0,0,0,0,0,0,0,0,0,0,0,0,0,0,0,0,0,0,0,0,0,0,0,0,0,0,0,0,0,0,0,0,0,0,0,0,0,0,0,0,0,0,0,0,0,0,0,0,0,0,0,0,0,0,0,0,0,0,0,0,0,0,0,0,0,0,0,0,0,0,0,0,0,0,0,0,0,0,0,0,0,0,0,0,0,0,0,0,0,0,0,0,0,0,0,0,0,0,0,0,0,0,0,0,0,0,0,0,0,0,0,0,0,0,0,0,0,0,0,0,0,0,0,0,0,0,0,0,0,0,0,0,0,0,0,0,0
1,1,25303,23933,405,746,66,144,11,0,0,25323,23439,813,894,79,176,0,0,0,23965,21818,503,866,139,552,15,24778,22743,619,1024,110,202,0,962,73,25,0,0,354,22867,21050,402,649,172,391,0,19349,18430,241,503,47,121,9,0,0,19581,18335,430,719,18,77,0,660,4,30,0,0,18942,17388,293,632,96,444,7,18942,17388,293,547,68,39,1,5,601,19044,17903,217,890,33,92,0,0,0,0,0,0,17512,16541,145,452,105,278,0,438,95,48,0,17849,16927,129,333,80,360,1,329,69,42,1,10799,2421,8077,10055,2031,8024,10711,1306,9165,7603,1020,6396,6733,1131,5602,7483,1275,6208,8591,1960,6490,8418,1614,6804,8456,1504,6952,8347,1362,6876,11472,1383,9928,11358,2068,8951,5818,546,5272,9044,1382,7514,6821,1615,5049,6743,1048,5695,6697,981,5716,6714,968,5746,6697,840,5857,6711,873,5838,9709,1392,8235,11285,1208,9993,11076,1298,9778,11106,1179,9927
2,2,24265,19234,865,3948,111,139,8,0,0,23759,18283,893,4401,129,135,0,0,0,23089,17241,1019,4249,195,413,21,24432,19022,828,4298,133,178,0,3923,54,3,0,3,595,23465,18125,989,3524,274,592,44,18361,14939,575,2687,70,111,7,0,0,18119,14570,393,2987,44,115,0,2904,19,4,0,0,17753,13768,561,2979,131,296,16,17753,13768,561,2872,96,31,9,24,392,18905,15375,467,2878,34,140,0,0,0,0,0,0,18289,14791,489,2472,39,369,0,2317,4,24,0,17781,14252,343,2589,126,381,3,2487,35,21,3,9856,3044,6604,9498,2594,6904,9482,2090,7195,6560,1334,5084,5997,1584,4413,6465,1568,4897,7303,1871,5338,7176,1526,5650,7191,1599,5592,7311,1698,5534,10183,2151,7887,10093,2707,7166,4349,669,3680,7823,1824,5893,5477,1610,3801,5358,1130,4228,5325,1154,4171,5344,1063,4281,5331,1044,4287,5330,1123,4207,8357,1835,6463,9677,1800,7791,9502,1741,7761,9533,1688,7845
3,3,25686,22517,528,2487,59,119,11,0,0,26565,23097,457,2499,343,109,0,0,0,25373,21411,601,2761,109,448,16,26188,22246,731,2307,388,108,0,1615,357,14,0,29,1204,26124,21677,790,2310,417,422,0,19764,17484,334,1844,39,93,6,0,0,20143,17867,250,1878,79,68,0,1676,51,3,4,0,19694,16798,410,2047,64,325,13,19694,16798,410,1922,49,48,4,16,447,19751,17645,243,1680,97,88,0,0,0,0,0,0,20171,17584,256,1823,161,321,0,1575,147,12,0,19819,16827,332,2039,114,508,4,1836,93,43,4,11278,2740,8243,10088,2384,7704,10434,1708,8544,7589,1274,6173,7285,1564,5721,7629,1545,6084,8320,2413,5773,8243,1868,6375,8227,1654,6573,8178,1670,6427,11264,1826,9309,11208,2415,8539,5261,539,4722,8842,1684,7054,6474,1847,4522,6423,1171,5252,6373,1231,5142,6400,1045,5355,6393,1037,5356,6405,1149,5256,9460,1655,7743,10949,1409,9468,10763,1471,9292,10849,1316,9533
4,4,23778,18919,1000,3743,48,129,8,0,0,23434,18353,1052,3969,147,79,59,0,0,23122,17834,1136,3810,57,286,8,23078,17978,1057,3935,152,100,41,3618,60,12,0,79,273,22750,17689,1045,3804,155,372,76,17774,14558,599,2528,30,97,7,0,0,17629,14308,500,2766,33,18,0,2641,29,8,10,0,17768,14048,699,2763,36,207,8,17768,14048,699,2654,20,19,0,35,293,17347,13963,503,2788,52,42,0,0,0,0,0,0,17051,13841,321,2682,4,124,10,2575,0,8,10,16939,13618,378,2565,27,339,10,2431,13,0,10,10452,2752,7470,9591,2375,7216,9831,1889,7785,7290,1258,5886,6779,1595,5184,7258,1593,5665,7784,1965,5671,7685,1570,6115,7654,1555,6099,7731,1629,6028,10792,1979,8699,10711,2516,7973,5867,691,5176,8380,1721,6573,6085,1722,4295,6018,1143,4875,6007,1155,4852,5990,1111,4879,5999,1069,4930,6003,1095,4908,8943,1722,7179,10255,1572,8618,10131,1580,8551,10157,1532,8625
5,5,25848,9561,670,15505,73,141,16,0,0,25892,10230,447,15045,24,242,116,0,0,23345,8126,873,13968,106,304,41,25709,9262,554,15724,16,174,142,15423,6,43,23,54,340,23842,9026,700,13796,69,245,37,19713,7729,410,11485,50,108,12,0,0,19834,8071,156,11367,17,196,13,11271,17,15,35,0,18730,6705,558,11183,76,239,35,18730,6705,558,10960,40,36,13,39,379,19589,6736,162,12409,9,147,22,0,0,0,0,0,18721,6905,352,11156,35,187,3,11021,24,14,3,18482,6708,309,11171,45,379,16,11073,39,58,16,12171,8508,3532,12022,8555,3467,10838,7154,3520,8220,5099,2976,7993,5609,2384,8266,5449,2817,6586,4256,2264,6486,4003,2483,6340,3852,2488,7758,4989,2694,11436,7101,4172,11382,7489,3761,5457,3051,2406,9127,5756,3262,6560,4035,2383,6364,3636,2728,6316,3786,2530,6325,3785,2540,6343,3730,2613,6320,3818,2502,9334,5622,3645,10210,5829,4301,10049,5621,4428,10020,5723,4297
6,6,20394,14422,876,4720,311,118,30,0,0,23787,14494,1241,7768,216,172,0,0,0,23733,13786,1084,7859,499,463,37,23525,13833,1133,7848,639,136,0,7329,564,26,0,27,615,24679,13649,1350,8847,688,190,3,14660,10862,520,3030,213,74,18,0,0,17039,11201,502,5145,91,92,0,5035,53,31,6,0,17739,10781,669,5578,338,321,22,17739,10781,669,5400,248,30,14,65,532,16760,10599,441,5571,74,93,0,0,0,0,0,0,18011,10643,658,6269,348,133,0,6068,287,25,0,18459,9908,701,7315,479,49,0,7121,422,0,0,8836,2763,5992,10256,3036,7220,8881,2975,5623,6775,2367,4245,5721,2461,3260,6628,2461,4167,4815,1870,2881,4778,1742,3036,4797,1682,3115,6348,2464,3783,9884,3928,5783,9867,4295,5365,4853,1747,3106,7496,2918,4439,4835,2043,2722,4803,1887,2916,4794,1902,2892,4790,1885,2905,4800,1875,2925,4799,1888,2911,8225,3343,4791,10123,3953,5926,9994,3935,6059,9977,3993,5984
7,7,21493,16212,593,4064,553,121,29,0,0,23907,14962,750,7369,775,138,0,0,0,24015,14032,1027,7650,858,450,31,26926,17291,1260,7480,834,146,0,7037,758,2,0,24,558,26358,16983,1101,7602,610,98,0,15626,12247,367,2591,349,82,15,0,0,16917,11517,389,4599,322,77,0,4540,306,17,10,0,18618,11460,702,5471,631,353,19,18618,11460,702,5311,542,33,12,34,524,19401,14128,508,4627,326,139,0,0,0,0,0,0,19796,13936,445,5127,391,84,0,5016,317,0,0,20343,13918,511,5750,222,133,0,5672,157,0,0,9238,2300,6878,7607,2200,5407,9646,2892,6469,7618,2502,4945,6466,2636,3830,7520,2632,4888,5495,2100,3336,5455,1868,3587,5488,1828,3660,6881,2574,4221,10444,4118,6158,10439,4458,5770,4581,1578,3003,7966,3063,4770,4944,2334,2556,4912,2153,2759,4909,2168,2741,4899,2165,2734,4916,2154,2762,4913,2152,2761,8594,3730,4782,10581,4655,5660,10447,4664,5783,10402,4632,5770
8,8,23920,17226,519,5989,79,142,18,0,0,23253,16468,657,5720,32,263,102,0,0,23708,16835,676,5712,93,333,30,23290,16380,605,6064,38,125,90,5846,33,7,31,5,375,23457,16276,863,6170,7,89,57,17861,13201,301,4218,57,103,14,0,0,17623,12868,281,4344,25,40,10,4341,25,10,49,0,18356,13442,399,4135,69,255,20,18356,13442,399,3979,43,43,6,46,398,17493,13210,216,3906,17,44,19,0,0,0,0,0,17674,13203,326,4039,10,73,18,3944,10,0,18,18487,13715,307,4342,10,90,0,4159,15,0,0,10218,3439,6656,9385,3198,6187,9783,2785,6818,7317,1927,5210,6858,2340,4518,7373,2152,5221,7171,2481,4567,7049,2096,4953,6999,2046,4953,7709,2318,5301,11275,3099,8009,11197,3545,7418,6062,1451,4611,9015,2633,6258,7440,2422,4849,7313,2088,5225,7298,2182,5116,7309,2132,5177,7318,2067,5251,7327,2124,5203,9882,2723,7075,11179,2637,8435,11036,2609,8427,11048,2617,8431
9,9,28784,9332,596,18631,203,153,43,0,0,27108,7513,598,18826,196,70,28,0,0,24472,6503,633,17054,138,182,21,26890,7421,681,18902,46,40,12,18478,38,12,0,6,261,25180,7002,418,17650,59,101,0,20734,7567,371,12612,163,113,35,0,0,19470,6030,217,13124,20,68,0,13114,18,33,7,0,18437,5461,416,12317,112,150,14,18437,5461,416,12060,85,23,4,71,317,19836,5869,401,13441,41,40,0,0,0,0,0,0,18677,5589,167,12784,38,74,0,12728,33,30,0,17716,5313,216,12127,38,88,0,12081,38,25,0,12763,8539,4009,12704,9005,3699,10621,7014,3445,7497,4438,2861,7552,5334,2218,7666,5049,2617,7311,4790,2390,6996,4438,2558,6879,4193,2686,7583,4999,2506,10541,6681,3692,10550,7112,3291,4587,2768,1819,8624,5545,2967,6728,4499,2073,6336,3763,2573,6360,3913,2447,6388,3940,2448,6336,3783,2553,6328,4000,2328,8515,5311,3133,8803,5172,3500,8629,5017,3612,8792,5401,3391
10,10,22807,15869,465,6061,327,130,12,0,0,26197,17138,314,8033,431,165,87,0,0,25442,17824,818,5922,534,379,21,26431,17277,671,7799,559,126,134,7260,316,104,0,117,697,25413,17460,448,6744,465,204,0,17563,12720,315,4218,240,90,8,0,0,19677,13647,126,5652,139,110,6,5525,126,68,26,0,20041,14461,532,4388,391,292,13,20041,14461,532,4231,320,19,2,28,448,19739,14385,275,4863,132,121,0,0,0,0,0,0,19815,14841,225,4537,85,172,0,4341,58,59,0,20441,14764,575,4710,100,151,4,4558,68,21,4,10312,3913,6270,10734,3992,6742,10970,3865,6790,8925,3288,5498,8250,3603,4647,8880,3653,5227,9134,4070,4946,9012,3394,5618,9070,3984,5086,8944,3518,5322,12425,4694,7548,12379,5117,7038,6731,2271,4460,10331,3957,6242,8819,3686,4977,8703,3071,5632,8699,3170,5529,8724,2993,5731,8678,2988,5690,8704,3062,5642,11099,4117,6899,12256,4209,7900,12172,4014,8158,12181,4239,7942
11,11,25438,9494,364,15485,63,145,15,0,0,24840,9392,588,14886,30,26,33,0,0,23331,7306,380,15426,69,212,21,23557,9070,263,13948,128,63,179,13738,86,42,146,0,207,24147,9196,116,14599,73,49,139,18374,7639,231,10437,43,104,11,0,0,18468,7630,151,10626,12,29,14,10522,12,19,5,0,17497,6046,264,11002,50,154,12,17497,6046,264,10772,26,22,1,34,332,18014,6462,159,11366,11,59,133,0,0,0,0,0,18158,6428,100,11524,1,46,131,11423,1,8,131,17308,6457,61,10825,13,49,103,10602,1,0,103,12080,7673,4270,12306,8105,4201,10130,6358,3668,7423,4347,2947,7559,5110,2449,7455,4603,2852,7704,4721,2871,7546,4535,3011,7571,4534,3037,7616,4693,2865,10315,6168,4033,10317,6525,3677,4977,2743,2234,8791,5345,3361,7427,4654,2631,7253,4047,3206,7258,4325,2933,7261,4304,2957,7264,4079,3185,7267,4249,3018,8907,5177,3671,9192,4950,4119,9153,4871,4282,9229,5295,3934
12,12,20995,14938,534,4678,772,129,25,0,0,23840,18028,634,4267,809,88,34,0,0,25332,17978,1048,4505,1424,336,25,24198,16985,644,5481,822,190,18,5408,705,151,0,79,228,25387,16535,663,6948,1017,127,0,18043,13224,435,3668,650,109,16,0,0,20009,15605,450,3556,338,34,0,3521,271,3,36,0,21682,15793,778,3583,1211,252,24,21682,15793,778,3425,1036,16,9,41,584,20002,15054,440,3968,376,43,0,0,0,0,0,0,20694,14734,460,4728,512,122,0,4662,335,0,0,21155,15013,803,4444,647,151,9,4308,516,41,9,6541,2996,3441,7003,3146,3857,6975,3122,3509,5731,2697,2937,5259,2871,2388,5660,2846,2814,5065,2943,2055,5032,2286,2746,5073,2887,2186,5566,2761,2701,8273,4005,4096,8265,4264,3859,4137,1670,2467,6422,3097,3199,4765,2473,2234,4698,2052,2646,4683,2030,2653,4719,1821,2898,4697,1958,2739,4688,1975,2713,7104,3271,3748,8308,3494,4643,8240,3280,4960,8245,3271,4974
13,13,22530,16912,437,4980,107,128,16,0,0,23123,16722,903,5126,326,82,27,0,0,23379,17317,762,4777,175,353,11,23965,17652,861,5156,285,103,37,4882,155,0,3,0,409,22865,17568,688,4200,269,214,30,17107,13133,292,3526,78,100,10,0,0,17137,12761,282,3909,108,38,2,3842,97,0,33,0,17951,13541,499,3532,116,266,8,17951,13541,499,3347,76,19,2,37,430,18046,14261,255,3444,88,54,3,0,0,0,0,0,17519,14149,201,2863,100,202,1,2804,73,0,1,18012,14098,260,3213,95,209,5,3175,89,7,5,11053,3834,7029,9974,3451,6523,10237,3048,6978,7792,2297,5355,7298,2555,4743,7735,2521,5214,7873,2991,4794,7739,2310,5429,7761,2639,5122,8130,2577,5486,11705,3424,8169,11671,3858,7525,6452,1572,4880,9392,2906,6379,7722,2764,4836,7564,2085,5479,7528,2167,5361,7526,2045,5481,7514,2023,5491,7526,2094,5432,10157,2937,7166,11437,2919,8415,11275,2806,8469,11281,2766,8515
14,14,23975,18553,1181,4091,86,120,20,0,0,24917,18942,1222,4648,113,42,0,0,0,24198,18201,1244,4221,172,363,3,24741,18534,1257,4780,84,86,0,4709,67,53,0,0,119,24132,17942,1270,4543,85,174,0,17787,14156,723,2799,58,83,18,0,0,18365,14688,293,3327,32,30,0,3283,2,0,4,0,18442,14236,756,3048,106,285,3,18442,14236,756,2927,63,25,0,44,391,18108,14320,212,3388,17,72,0,0,0,0,0,0,17603,13799,273,3263,67,100,0,3165,33,45,0,18107,13995,540,3121,92,296,0,2885,57,81,0,10854,2808,7870,9868,2567,7301,10102,1903,7968,7244,1236,5862,7083,1523,5560,7332,1456,5876,7873,2377,5394,7837,1518,6319,7849,1685,6164,7922,1709,6124,11066,2067,8860,11047,2501,8213,5805,723,5082,8714,1778,6826,6590,1819,4708,6548,1184,5364,6530,1196,5334,6493,1089,5404,6539,1068,5471,6546,1144,5402,9401,1804,7531,10822,1716,8997,10631,1694,8937,10723,1628,9095
15,15,22446,16645,1729,3861,81,202,24,0,0,23151,16606,2041,4641,85,49,58,0,0,23245,16972,1772,4023,98,434,21,23533,16810,2003,4964,107,122,96,4406,9,0,0,21,293,22966,16108,2091,4713,3,179,0,16324,12463,1087,2620,45,144,10,0,0,16133,12589,365,3135,19,32,0,3120,15,10,0,0,17339,13052,1009,2927,64,310,9,17339,13052,1009,2811,35,34,1,39,358,16442,12470,416,3393,4,124,0,0,0,0,0,0,16115,12191,474,3396,4,93,0,3164,0,35,0,16960,12680,647,3580,4,56,0,3384,0,14,0,9590,2483,6953,9182,2374,6808,9542,2039,7322,7107,1408,5469,6970,1756,5214,7184,1664,5520,7134,2377,4678,7066,1778,5288,7058,1842,5216,7418,1821,5519,10561,2252,8152,10526,2650,7648,5211,739,4472,8446,1937,6388,6622,1984,4549,6550,1307,5243,6515,1379,5136,6509,1209,5300,6521,1251,5270,6518,1303,5215,9076,1982,7026,10235,1860,8284,10094,1913,8181,10164,1720,8444
16,16,27428,12884,955,13412,168,127,22,0,0,27509,11799,1064,14439,96,174,24,0,0,25111,9646,1031,14051,198,330,11,26590,11595,755,14064,94,143,2,13680,76,32,2,64,382,25348,10661,837,13634,78,156,2,19668,10105,575,8832,118,92,16,0,0,19442,9042,194,10032,22,81,2,10015,19,57,70,0,18855,7932,607,10032,139,220,9,18855,7932,607,9754,112,21,5,34,390,18964,8480,240,10247,19,62,2,0,0,0,0,0,18291,7742,190,10227,20,105,0,9947,1,35,0,17160,7020,270,9830,83,84,8,9500,83,0,8,11002,5972,4895,11246,6558,4688,9611,4742,4698,7044,3323,3555,7568,4222,3346,7119,3634,3485,7251,4117,3073,7151,3755,3396,7142,3539,3603,7314,3869,3382,10006,5110,4752,9993,5444,4387,4340,1780,2560,8179,4283,3798,6379,3903,2424,6236,3224,3012,6201,3273,2928,6247,3097,3150,6241,3241,3000,6232,3337,2895,8346,4339,3956,8782,4254,4441,8694,4154,4540,8674,4043,4631
17,17,22668,15584,608,6211,246,105,8,0,0,22686,14547,727,7198,279,153,2,0,0,23560,15178,1054,6615,377,333,9,23666,14701,1054,7647,317,134,2,7521,151,43,2,11,180,23156,13830,1288,7639,203,83,0,16752,12229,382,3959,155,77,7,0,0,16859,11374,264,5038,153,14,2,5025,112,14,0,0,18177,12428,647,4563,266,262,5,18177,12428,647,4427,222,30,0,48,375,17420,12283,253,4644,151,14,2,0,0,0,0,0,16946,11872,265,4591,83,80,0,4533,53,0,0,17179,12082,249,4538,110,82,6,4417,79,4,6,10447,3247,7092,10922,3333,7589,9431,2864,6347,7547,2250,5149,7598,2790,4808,7580,2478,5102,7516,3197,4269,7488,2593,4895,7513,2443,5070,7560,2768,4714,10567,3804,6569,10563,4167,6181,4927,1261,3666,8643,3137,5382,6978,3284,3647,6850,2428,4422,6815,2418,4397,6853,2175,4678,6819,2350,4469,6840,2417,4423,9233,3429,5739,10400,3532,6732,10262,3366,6896,10305,3180,7125
18,18,23423,18811,282,4053,210,111,8,0,0,24705,19446,251,3868,810,140,0,0,0,24540,18518,415,4779,422,391,26,25433,19666,296,3953,830,152,198,3599,792,45,198,339,497,25003,19134,339,3788,840,152,166,17300,14137,171,2793,133,81,6,0,0,18178,14907,81,2777,321,109,0,2716,321,54,0,0,18726,14462,252,3393,267,305,19,18726,14462,252,3292,236,34,5,24,421,18865,15237,134,2844,297,111,200,0,0,0,0,0,18487,14962,126,2728,369,122,165,2685,349,45,165,18651,14764,209,3212,70,143,239,3051,67,32,239,10343,2758,7465,9059,2576,6483,10189,2400,7594,7935,1838,5894,7858,2311,5547,7940,2056,5884,7212,2598,4549,7158,1967,5191,7190,1885,5305,7937,2198,5655,11714,2954,8597,11667,3320,8109,5695,948,4747,9229,2442,6668,7082,2453,4580,6997,1720,5277,6949,1735,5214,6978,1589,5389,6976,1649,5327,6983,1732,5251,9994,2586,7346,11452,2592,8743,11249,2505,8744,11389,2337,9052
19,19,24427,21574,327,2327,94,105,17,0,0,24899,21262,461,3010,98,94,0,0,0,24592,20673,590,2662,246,394,12,25173,21476,485,3031,81,134,0,2868,57,53,0,6,234,24427,20657,288,3091,151,223,0,18319,16329,183,1657,67,87,11,0,0,18846,16462,205,2043,41,79,0,1978,41,57,20,0,19046,16268,348,1921,190,299,10,19046,16268,348,1836,153,9,5,4,423,19016,16541,236,2089,24,120,0,0,0,0,0,0,18363,15965,172,1980,97,147,0,1938,98,35,0,19144,16226,435,2281,85,276,0,2120,84,5,0,9742,1950,7616,9703,1888,7815,9806,1403,8244,7466,1151,6129,7345,1324,6021,7455,1352,6103,7733,1844,5814,7707,1426,6281,7724,1273,6451,7931,1407,6445,11340,1754,9451,11263,2111,8878,5921,686,5235,9025,1604,7313,7231,2016,5139,7155,1178,5977,7106,1192,5914,7124,1093,6031,7121,1098,6023,7119,1180,5939,9831,1685,8089,11188,1536,9571,10963,1609,9354,11064,1454,9610
20,20,21896,14923,1194,5311,373,151,15,0,0,23782,15202,1240,6509,633,173,12,0,0,23494,12262,1448,8845,552,472,33,22303,13838,835,6992,476,170,0,6724,250,34,0,68,549,22337,12568,1052,8026,436,306,12,15775,11416,725,3308,250,119,11,0,0,17603,12326,547,4237,370,84,10,4192,268,48,15,0,17708,10094,875,6030,398,318,18,17708,10094,875,5871,307,20,9,42,490,16868,11175,333,4777,247,52,0,0,0,0,0,0,16141,9934,413,5268,302,128,0,5139,121,15,0,17232,9138,492,6880,360,106,0,6711,212,0,0,8286,2554,5660,8738,3226,5512,8063,2916,4878,6285,2503,3627,5337,2550,2787,6190,2561,3629,4564,1940,2554,4536,1835,2701,4538,1761,2777,5824,2556,3163,8966,4136,4615,8948,4518,4236,3884,1648,2236,6767,2989,3655,4258,2008,2208,4212,1856,2356,4199,1891,2308,4200,1880,2320,4205,1865,2340,4204,1861,2343,7295,3429,3784,8872,4002,4606,8739,4067,4672,8701,4057,4644
21,21,24942,22758,323,1681,65,129,6,0,0,24691,22231,404,1964,19,119,6,0,0,24968,22019,374,2003,92,398,9,24351,21992,400,1855,9,120,7,1659,7,63,7,5,213,25355,22693,386,1738,73,478,29,19240,17643,205,1252,48,102,6,0,0,19202,17507,211,1362,4,119,4,1342,4,89,1,0,19409,17255,250,1477,54,306,5,19409,17255,250,1409,44,42,0,16,393,19085,17401,223,1326,4,128,4,0,0,0,0,0,19880,17942,212,1356,50,324,0,1318,50,89,0,19308,17329,130,1290,109,530,0,1201,109,24,0,10634,2202,8183,9668,1777,7891,10246,1224,8863,7230,851,6239,7076,1025,6051,7278,1096,6182,7977,1781,6106,7925,1306,6619,7928,1117,6811,8094,1201,6824,11515,1367,10019,11446,1818,9363,6064,466,5598,9070,1308,7665,7243,1780,5358,7188,969,6219,7154,1011,6143,7180,832,6348,7164,841,6323,7163,889,6274,9947,1364,8522,11354,1157,10118,11198,1247,9951,11268,1098,10170
22,22,26930,12173,709,13926,99,99,15,0,0,25962,11457,996,13443,89,59,17,0,0,25439,10964,742,13474,118,265,11,25479,12277,973,12139,78,66,20,11933,14,21,0,5,262,25053,11494,938,12492,89,136,4,19847,9588,429,9740,75,73,13,0,0,19507,9173,332,9903,44,22,0,9852,30,10,19,0,19722,8943,482,10094,82,221,10,19722,8943,482,9839,47,20,0,19,372,19228,9439,347,9230,30,37,0,0,0,0,0,0,18748,8729,210,9630,50,71,0,9572,10,14,0,19135,8858,112,9813,49,81,0,9758,29,5,0,14239,8281,5765,13408,8110,5298,12146,6528,5465,9006,4418,4460,9564,5634,3930,9145,4853,4292,9597,6185,3355,9488,5205,4283,9361,4955,4406,9288,5281,3939,12416,6668,5534,12468,7131,5177,6077,2668,3409,10495,5754,4636,8592,5334,3178,8442,4462,3980,8404,4636,3768,8452,4374,4078,8408,4504,3904,8430,4644,3786,10611,5720,4823,10976,5472,5402,10891,5398,5493,10880,5314,5566
23,23,24382,18537,898,4807,64,114,7,0,0,23163,17249,912,4893,56,53,15,0,0,23504,17731,931,4301,76,451,12,24507,18612,1012,4737,60,67,14,4660,35,2,0,5,181,23475,17934,1080,4242,9,100,0,18303,14321,513,3370,43,90,5,0,0,17567,13660,190,3629,32,20,0,3629,32,2,30,0,18224,14075,565,3175,47,353,9,18224,14075,565,3047,32,36,2,12,455,18005,14419,186,3391,33,25,0,0,0,0,0,0,17231,13945,254,3049,3,92,0,3020,3,16,0,17909,14276,334,2997,15,265,8,2960,15,4,8,11834,3258,8384,11392,3146,8246,11182,2450,8513,8363,1705,6510,8090,2055,6035,8363,2022,6341,8998,2912,5978,8908,2257,6651,8902,2426,6476,8794,2161,6555,12133,2596,9410,12115,3039,8824,6590,972,5618,9955,2295,7560,8191,2378,5685,8093,1680,6413,8086,1771,6315,8066,1640,6426,8077,1599,6478,8060,1691,6369,10535,2307,8175,11565,2187,9283,11376,2168,9208,11430,2084,9346
24,24,16149,12717,336,2772,288,65,10,0,0,20919,16373,530,3368,597,53,134,0,0,24177,17094,819,4943,873,401,29,20968,16230,461,3657,540,69,113,3510,346,65,0,0,355,22462,15279,778,5674,701,114,91,11523,9238,185,1887,179,46,7,0,0,15187,12207,225,2415,217,35,0,2382,186,32,80,0,17680,12684,492,3564,567,315,13,17680,12684,492,3446,476,35,5,62,480,14937,11575,263,2858,225,45,0,0,0,0,0,0,15891,11295,401,3800,330,63,0,3746,210,10,0,16740,11938,521,3740,342,56,0,3708,244,10,0,7985,1955,5946,6510,1555,4955,9072,2082,6742,7315,1858,5300,6113,1985,4128,7209,1971,5238,5473,1793,3614,5439,1485,3954,5435,1499,3936,7237,2139,4997,11819,3573,8066,11822,3951,7602,5274,1519,3755,8667,2584,5951,6070,2148,3861,6046,1883,4163,6031,1910,4121,6006,1890,4116,6034,1881,4153,6042,1874,4168,10319,3293,6928,13302,4152,8875,13144,4082,9062,13137,4088,9049
25,25,23208,15972,1615,5194,295,199,30,0,0,24459,15419,1980,6739,314,113,42,0,0,24635,14373,1885,7376,398,570,39,23244,13486,1692,7633,313,133,40,7185,240,33,0,69,536,23791,13643,1827,7808,368,110,128,17171,12458,977,3428,204,138,16,0,0,17658,12057,599,4720,94,87,0,4637,90,57,102,0,18772,11715,1138,5158,267,442,16,18772,11715,1138,4986,199,44,10,46,634,17347,10982,630,5248,98,122,0,0,0,0,0,0,18166,11511,808,5312,103,123,0,5278,92,51,0,19067,11002,682,6796,175,134,3,6722,110,22,3,8325,2755,5485,7253,2746,4507,7946,2706,4987,6072,2137,3789,5135,2203,2932,5981,2213,3768,4412,1651,2689,4375,1477,2898,4373,1438,2935,5834,2204,3529,9193,3505,5486,9191,3884,5096,4163,1300,2863,6904,2610,4157,4571,1818,2685,4548,1644,2904,4544,1669,2875,4512,1662,2850,4555,1653,2902,4550,1658,2892,7687,2932,4655,9404,3343,5803,9258,3334,5924,9242,3344,5898
26,26,28368,6829,311,21144,151,75,14,0,0,25056,5491,75,19292,147,62,17,0,0,23068,5361,516,17047,158,146,18,24274,5125,383,18556,134,135,18,18457,117,94,0,11,84,22455,4702,436,16837,53,390,9,21100,5821,228,14993,108,61,9,0,0,19204,4724,48,14277,73,50,0,14277,65,40,23,0,17890,4717,407,12640,136,111,12,17890,4717,407,12381,85,16,0,20,264,18725,4605,242,13703,53,95,0,0,0,0,0,0,17125,4261,124,12473,7,204,0,12414,4,70,0,15955,3784,259,11523,18,378,0,11416,18,136,0,9955,6913,2879,9651,7040,2611,8274,5814,2356,5762,3489,2113,6364,4636,1728,6160,4216,1944,4556,3094,1411,4446,2911,1535,4395,2783,1612,5430,3836,1556,7885,5486,2304,7907,5780,2078,3495,2404,1091,6513,4551,1901,4894,3642,1185,4706,3171,1535,4706,3075,1631,4736,3199,1537,4692,3130,1562,4650,3280,1370,6301,4389,1875,6345,4337,1944,6238,4159,2079,6338,4551,1787
27,27,25952,8286,1629,15593,82,587,55,0,0,25755,8520,2321,14440,136,452,0,0,0,24990,6689,2155,15560,137,686,19,25933,8425,2266,14975,45,362,0,14639,45,318,0,1,245,24460,8577,1717,13901,56,345,0,18699,6589,1101,10716,63,371,40,0,0,17961,6941,359,10326,36,310,0,10260,36,284,15,0,18306,5447,1198,11257,107,390,11,18306,5447,1198,11063,79,247,1,25,246,18307,5809,442,11679,16,259,0,0,0,0,0,0,17875,5758,276,11461,8,245,0,11289,8,150,0,17722,4978,420,12254,33,184,7,12052,20,118,7,11859,7677,4034,10838,7215,3623,10078,6491,3472,7594,4602,2845,8199,5620,2579,7932,5152,2780,7631,5130,2447,7560,4830,2730,7489,4518,2971,7757,5068,2640,10779,6876,3780,10796,7168,3533,5730,3469,2261,9070,5856,3136,7686,5201,2380,7591,4770,2821,7558,4736,2822,7566,4476,3090,7554,4709,2845,7582,4854,2728,9220,5851,3324,9337,5646,3620,9309,5569,3740,8806,4746,4060
28,28,20455,17322,522,2277,249,102,20,0,0,23976,19833,870,2925,198,158,0,0,0,25161,20611,889,2596,448,520,48,24524,20073,936,3115,206,167,0,3057,147,17,0,21,275,26004,20886,936,3488,556,45,0,14950,12755,339,1633,163,75,13,0,0,17700,14838,320,2324,77,135,0,2283,50,35,4,0,18730,15484,559,1908,295,388,31,18730,15484,559,1817,215,29,11,39,576,17939,15447,185,2174,115,118,0,0,0,0,0,0,18765,15899,214,2430,313,40,0,2412,159,0,0,19219,16392,366,2155,555,84,0,2086,277,0,0,9754,2087,7576,11246,2363,8883,10566,1909,8351,8337,1435,6635,6885,1624,5261,8251,1626,6625,6551,1777,4690,6523,1226,5297,6538,1283,5255,8238,1714,6383,12990,2483,10303,12956,2931,9641,6459,956,5503,9617,1934,7506,6542,1637,4832,6513,1215,5298,6508,1262,5246,6462,1223,5239,6504,1228,5276,6502,1211,5291,11215,2286,8809,14286,2749,11292,14088,2606,11482,14067,2592,11475
29,29,26895,8438,490,17784,204,88,33,0,0,24619,7228,505,16720,204,58,15,0,0,24854,7073,677,16791,218,213,7,25006,7361,512,16913,262,52,0,16768,145,38,0,26,166,25241,7152,528,16854,202,147,0,20027,6980,330,12575,149,62,26,0,0,18405,5895,185,12203,82,42,0,12185,57,32,14,0,18892,5767,515,12344,171,169,2,18892,5767,515,12058,142,16,0,25,369,18697,5682,157,12372,113,51,0,0,0,0,0,0,18967,5831,234,12466,101,155,0,12360,58,14,0,18016,5480,329,11926,89,120,4,11824,62,20,4,12282,8584,3492,12074,8823,3251,10725,7548,3041,8160,5353,2647,8454,6255,2199,8531,6002,2529,7805,5573,2144,7560,5161,2399,7494,4951,2543,7820,5531,2236,10656,7382,3144,10657,7709,2874,5881,4058,1823,8743,6127,2546,6550,4788,1687,6233,4143,2090,6287,4302,1985,6278,4171,2107,6237,4103,2134,6267,4307,1960,8341,5710,2592,8144,5302,2786,8022,5110,2912,8128,5504,2624
30,30,27944,10188,978,16571,170,174,22,0,0,25908,8900,1414,15248,268,173,11,0,0,24871,8106,657,15996,69,209,23,26236,8489,839,16725,194,89,26,16598,104,42,26,38,99,25017,8040,328,16343,95,149,0,21184,8287,928,11772,150,148,20,0,0,19759,7417,1079,11039,130,137,10,11010,130,87,0,0,19150,6825,526,11702,50,155,16,19150,6825,526,11436,28,18,3,9,305,20053,6723,545,12701,93,95,25,0,0,0,0,0,18935,6328,113,12434,28,135,0,12348,24,18,0,17821,5909,124,11704,14,124,0,11597,4,34,0,13363,8044,5138,12826,8092,4734,11279,6704,4451,8018,4495,3377,8326,5380,2946,8247,5107,3140,8389,5304,2951,8201,4923,3278,8098,4817,3281,8301,5072,3161,11128,6598,4387,11154,6989,4042,5854,3532,2322,9448,5744,3617,7822,5303,2392,7572,4429,3143,7577,4691,2886,7572,4557,3015,7561,4444,3117,7581,4672,2909,9431,5656,3723,9583,5497,4013,9534,5283,4251,9663,5896,3767
31,31,27542,7446,426,19577,126,87,19,0,0,25218,7080,616,17285,147,70,0,0,0,24485,6988,466,16776,210,193,17,23894,6566,508,16640,88,70,0,16518,88,45,0,82,79,23789,6151,540,16872,126,102,0,20080,6143,283,13580,90,69,13,0,0,18235,5634,166,12313,44,68,0,12271,44,38,0,0,18818,5761,315,12531,157,157,17,18818,5761,315,12264,126,13,0,25,314,17455,5674,262,11638,17,68,0,0,0,0,0,0,17464,5277,173,12040,24,54,0,12012,27,15,0,17077,5008,202,11770,65,31,0,11708,57,0,0,12187,8163,3806,12123,8558,3565,10875,7126,3631,8337,4966,3195,8386,5707,2679,8642,5633,3009,7357,4879,2421,7274,4571,2703,7168,4393,2775,7818,5185,2586,10934,7200,3616,10934,7476,3403,5535,3494,2041,9047,5972,2995,6813,4830,1882,6606,4276,2330,6594,4448,2146,6649,4363,2286,6620,4294,2326,6595,4423,2172,8733,5694,2997,8744,5596,3089,8621,5013,3608,8718,5842,2876
32,32,27307,4989,652,21598,147,122,24,0,0,24580,3631,629,20185,114,23,3,0,0,23696,2988,745,19852,157,125,11,24368,3633,644,20137,96,7,3,19946,76,0,0,0,74,22989,2871,638,19445,81,46,0,19785,4207,439,15061,110,88,14,0,0,17400,3080,97,14182,30,24,0,14178,26,0,14,0,17345,2568,490,14173,132,88,2,17345,2568,490,13867,100,13,0,15,292,17298,2889,285,14065,22,6,0,0,0,0,0,0,16241,2278,381,13555,14,32,0,13479,4,4,0,15941,2071,403,13409,29,63,0,13236,29,12,0,10628,8119,2389,9072,7255,1817,8999,7057,1847,6601,4788,1674,6947,5557,1390,6930,5399,1531,6214,4860,1155,6074,4688,1386,5922,4320,1602,6388,5057,1284,8726,6822,1810,8734,7043,1650,4823,3776,1047,7343,5819,1468,5782,4941,777,5629,4344,1285,5614,4394,1220,5647,4270,1377,5632,4397,1235,5632,4471,1161,7255,5732,1494,7420,5750,1599,7345,5562,1783,7476,5942,1534
33,33,22190,15830,928,4706,583,280,53,0,0,25970,16601,938,7627,513,337,13,0,0,25385,15208,1345,7442,692,701,99,25813,15391,950,8600,268,539,29,8214,148,262,0,22,828,24923,15169,853,8282,515,162,79,16159,11978,607,3007,416,194,36,0,0,18546,12434,461,5033,320,305,0,4954,232,163,3,0,18937,12135,842,4832,527,517,58,18937,12135,842,4541,357,115,29,67,851,18629,11639,452,5791,182,551,0,0,0,0,0,0,18294,11665,462,5654,207,168,0,5507,171,23,0,17940,11698,535,5233,202,155,0,4906,179,4,0,6840,2215,4543,7334,2716,4618,7503,2453,4842,6048,2158,3791,5500,2252,3248,6021,2289,3732,5041,2036,2941,5020,1942,3078,5028,1835,3193,5874,2218,3572,8960,3313,5518,8950,3640,5075,4821,1525,3197,6896,2634,4159,5014,2235,2700,4961,1989,2972,4944,1962,2982,4958,1810,3148,4967,1898,3069,4949,1975,2974,7708,2968,4670,9234,3345,5804,9142,3228,5914,9118,3111,6007
34,34,25269,16157,266,8718,99,117,10,0,0,25199,15791,265,8902,50,115,29,0,0,25236,16029,347,8397,163,364,25,24776,15588,395,8514,29,107,5,8413,26,49,0,178,130,25394,15591,402,8996,41,164,4,19257,12738,168,6250,61,89,6,0,0,19322,12485,178,6542,23,85,14,6518,23,42,7,0,20026,13115,244,6319,108,302,20,20026,13115,244,6125,74,41,5,6,416,19148,12579,280,6142,0,72,0,0,0,0,0,0,19756,12700,314,6579,35,111,0,6508,14,29,0,19572,12687,194,6404,82,267,0,6222,18,44,0,13556,5305,8076,12896,5271,7625,12519,4521,7800,9413,3376,5892,9063,3754,5309,9456,3663,5793,9982,4365,5462,9834,3842,5992,9875,4049,5826,9777,3806,5894,13349,4885,8328,13324,5340,7790,8445,3081,5364,11178,4283,6789,9441,4289,5007,9299,3374,5925,9274,3524,5750,9296,3401,5895,9290,3293,5997,9296,3456,5840,11623,4334,7228,12277,4200,7964,12202,4122,8080,12244,4510,7734
35,35,24137,16562,237,7092,69,242,13,0,0,22817,15067,218,7236,75,235,10,0,0,23092,15697,375,6694,112,324,20,22709,14837,275,7239,161,198,8,7146,158,142,6,0,135,22827,14651,349,7534,157,136,3,18288,12959,163,5004,46,153,8,0,0,17539,11878,155,5201,67,229,10,5201,63,149,0,0,17998,12617,223,4902,70,239,11,17998,12617,223,4769,33,42,1,21,292,17592,12218,203,4884,110,180,4,0,0,0,0,0,18014,12281,250,5368,93,122,0,5345,73,64,0,18037,12064,197,5681,64,157,0,5632,57,68,0,12443,3937,8305,12225,3850,8375,11413,3180,8067,8710,2238,6312,8458,2669,5789,8814,2488,6326,8710,2865,5753,8648,2478,6170,8630,2418,6212,8670,2539,6068,11887,3284,8476,11854,3607,8017,7044,1486,5558,9889,2862,6935,7968,2742,5106,7874,2165,5709,7865,2283,5582,7857,2148,5709,7879,2146,5733,7881,2174,5707,10185,2817,7322,10979,2678,8216,10840,2652,8188,10497,1697,8800
36,36,25038,10033,321,14528,159,125,35,0,0,24711,9283,307,14633,464,193,7,0,0,23110,9144,342,13172,238,215,21,25034,9373,380,14946,318,238,0,14559,157,99,0,69,403,23718,8434,377,14617,212,185,0,18613,8077,225,10203,116,87,20,0,0,18664,7487,127,10614,323,92,0,10573,306,63,48,0,18289,7724,250,9987,190,151,17,18289,7724,250,9819,125,27,5,27,312,18952,7875,140,10756,139,123,0,0,0,0,0,0,17761,7211,219,10216,114,98,0,10143,102,7,0,17526,7564,195,9673,87,110,5,9581,73,10,5,13028,8038,4823,11921,7453,4468,11262,6694,4414,8610,4820,3670,8916,5687,3229,8736,5135,3601,8266,5145,3069,8181,4898,3283,8094,4592,3502,8479,5139,3273,11685,6884,4629,11765,7239,4403,6661,3356,3305,9920,5956,3876,8235,5372,2790,8096,4718,3378,8078,4904,3174,8112,4590,3522,8093,4769,3324,8112,4909,3203,10109,5987,4065,10543,5987,4458,10519,5841,4678,10349,5558,4791
37,37,23561,17510,256,5576,139,121,12,0,0,24336,16687,460,6989,137,75,5,0,0,23677,16818,435,5890,157,366,14,25314,17227,351,7435,230,111,6,7049,222,55,0,0,418,25240,16914,309,7663,133,175,5,17609,13367,171,3920,90,86,10,0,0,18277,12728,126,5261,89,70,0,5197,89,29,10,0,18131,13165,264,4317,93,279,8,18131,13165,264,4192,47,35,0,20,408,18886,13632,154,4877,98,68,0,0,0,0,0,0,18775,13504,143,4772,77,129,0,4731,57,3,0,17437,12374,174,4285,67,344,0,4169,43,11,0,11607,3309,8164,12846,3776,9070,11294,2991,8110,8927,2309,6481,8398,2670,5728,8887,2537,6350,8299,2685,5535,8266,2374,5892,8235,2258,5977,8720,2561,6078,12383,3504,8712,12356,3868,8286,7608,1681,5927,10205,2980,7113,8215,2844,5287,8152,2348,5804,8123,2453,5670,8147,2199,5948,8144,2275,5869,8147,2369,5778,10776,3143,7553,11788,3210,8482,11729,3094,8635,11734,3063,8671
38,38,24922,12266,314,11790,507,112,19,0,0,25835,12462,445,11954,961,166,38,0,0,25167,9227,542,14338,817,285,13,24306,10592,355,12394,937,39,71,12212,852,5,55,0,238,24320,10292,380,12635,974,62,55,19740,10566,231,8493,399,93,11,0,0,20026,10435,352,8891,230,95,20,8784,200,21,37,0,19816,7776,415,10770,646,219,10,19816,7776,415,10532,560,27,1,51,454,18669,7667,290,10583,129,35,22,0,0,0,0,0,18526,7477,248,10716,158,37,15,10675,149,0,15,19052,7723,290,10777,269,181,4,10639,226,4,4,10056,6064,3887,10304,6309,3995,10043,5947,3745,7712,4423,3140,7652,5095,2557,7813,4755,3058,6976,4625,2281,6897,4252,2645,6835,4029,2806,7346,4614,2626,10163,6292,3646,10183,6583,3460,5284,2804,2480,8509,5255,3112,6651,4463,2121,6537,3916,2621,6513,3939,2574,6550,3701,2849,6535,3862,2673,6516,3941,2575,8579,5267,3233,9024,5317,3560,8910,5021,3889,6533,547,5986
39,39,23645,18918,447,3998,218,123,15,0,0,23937,18082,230,5333,257,79,7,0,0,23415,17612,563,4546,347,339,23,22815,16685,268,5454,301,59,10,5161,264,19,0,98,327,22775,16460,640,5075,419,108,8,18247,14844,311,2882,171,94,7,0,0,18398,14293,180,3690,152,69,0,3676,134,8,9,0,18352,14034,364,3402,265,261,15,18352,14034,364,3283,201,37,7,20,406,17791,13452,205,3757,260,47,0,0,0,0,0,0,17514,13210,334,3619,183,83,0,3393,187,7,0,17418,13011,322,3752,178,162,0,3476,170,19,0,10585,2425,7985,9340,2297,7043,10209,2199,7810,7819,1696,6004,7382,1945,5437,7838,1960,5878,7737,2372,5295,7691,1917,5774,7677,1736,5941,7901,2012,5813,11102,2710,8243,11114,3084,7797,5865,1083,4782,9040,2286,6658,7088,2351,4682,7037,1674,5363,7010,1730,5280,7026,1522,5504,7034,1611,5423,7026,1663,5363,9457,2360,7037,10319,2282,7949,10238,2178,8060,10252,2131,8121
40,40,23330,12152,2100,8650,310,230,31,0,0,22997,9491,1516,11555,447,143,19,0,0,23951,7586,1939,13762,293,393,41,24311,9513,1942,12597,353,132,17,12198,299,67,11,37,243,23097,8805,1737,12360,287,144,11,15957,9109,1318,5215,208,146,17,0,0,16217,7360,837,7761,169,120,15,7709,144,45,5,0,17203,6225,1219,9251,208,297,26,17203,6225,1219,9035,157,19,17,58,473,17044,7348,941,8515,151,102,10,0,0,0,0,0,16633,6629,772,8905,169,101,10,8823,154,74,10,16013,5736,1009,9218,78,76,1,9039,73,5,1,6811,3373,3373,7163,4062,3101,6021,3190,2665,4259,2435,1723,3683,2428,1255,4181,2419,1762,2823,1611,1164,2812,1571,1241,2810,1514,1296,4056,2399,1590,6413,3866,2405,6408,4175,2093,2327,1207,1120,4757,2852,1819,2768,1762,957,2732,1662,1070,2734,1658,1076,2721,1684,1037,2729,1666,1063,2739,1685,1054,4976,3057,1847,5913,3392,2258,5805,3477,2328,5796,3530,2266
41,41,24199,8005,282,15736,174,114,17,0,0,22481,8197,288,13726,182,125,29,0,0,23102,6617,437,15685,237,214,17,22077,7503,317,14001,189,117,25,13637,159,70,8,31,334,22277,7392,394,14274,135,71,0,17876,6803,193,10740,128,81,11,0,0,17338,6843,295,10016,105,107,10,9950,90,53,0,0,17840,5705,333,11517,192,159,10,17840,5705,333,11257,130,27,5,19,364,16773,5895,318,10306,136,103,10,0,0,0,0,0,17082,5959,287,10812,86,49,0,10761,69,7,0,17610,5787,310,11363,91,147,0,11296,67,11,0,10847,7152,3543,10009,7288,2721,9453,6323,2967,6966,4489,2382,7067,5096,1971,7063,4729,2334,6145,4261,1840,6089,4076,2013,6025,3851,2174,6857,4765,2035,9781,6815,2840,9790,7065,2620,4735,2869,1866,8024,5591,2346,6213,4635,1489,6136,4271,1865,6116,4328,1788,6138,4094,2044,6119,4247,1872,6129,4348,1781,7987,5625,2311,8106,5594,2420,8033,5396,2637,7978,5420,2558
42,42,25805,8392,203,17048,67,179,10,0,0,23751,7711,271,15665,18,153,1,0,0,23231,7196,291,15496,60,307,23,23881,8098,271,15438,25,98,1,15205,25,85,0,0,194,23227,8121,243,14743,76,145,1,19043,6695,143,12089,45,133,7,0,0,18026,6179,86,11625,9,133,0,11601,9,133,1,0,17773,5864,178,11561,31,207,18,17773,5864,178,11278,18,121,1,12,301,18110,6021,77,11893,14,91,0,0,0,0,0,0,17616,6028,149,11267,35,91,0,11215,10,93,0,16992,5950,79,10794,37,138,0,10703,12,84,0,14269,9710,4392,13217,9360,3857,12288,8355,3824,9073,5687,3270,9351,6534,2817,9168,5964,3204,8595,5881,2660,8522,5606,2916,8426,5366,3060,8929,6027,2852,12304,8134,4038,12321,8418,3827,6913,4062,2851,10432,7011,3348,8604,6149,2368,8344,5411,2933,8317,5629,2688,8393,5390,3003,8363,5496,2867,8362,5654,2708,10439,6864,3532,10667,6756,3822,10514,6440,4074,7077,779,6298
43,43,21036,13813,358,5986,834,121,23,0,0,22254,14431,398,6746,671,100,14,0,0,24691,18019,698,4591,949,318,31,23583,15725,512,6424,720,132,26,6179,626,50,26,37,428,24761,16756,542,6321,929,162,77,17807,12217,276,4588,669,90,13,0,0,18127,12473,344,4995,215,60,10,4928,166,18,23,0,21392,15920,584,3735,755,276,20,21392,15920,584,3582,660,51,5,152,438,19243,14776,345,3838,174,113,3,0,0,0,0,0,20706,15723,353,4041,329,119,0,3987,243,24,0,20143,15117,420,3754,535,290,0,3708,423,19,0,7610,3140,4374,6757,2894,3863,7137,2965,3849,5677,2378,3182,5360,2655,2705,5717,2575,3142,4959,2526,2385,4927,2179,2748,4925,2104,2821,5657,2661,2902,8563,4037,4309,8578,4296,4130,4249,1574,2675,6735,3112,3497,5342,2719,2566,5282,2276,3006,5247,2253,2994,5298,2047,3251,5277,2171,3106,5269,2199,3070,7265,3353,3840,7969,3498,4326,7887,3284,4603,6384,62,6322
44,44,24701,16405,404,3647,131,4317,10,0,0,24697,15245,376,4274,173,4910,8,0,0,24361,15186,362,4209,125,4657,17,24443,15226,409,4183,140,4677,10,3967,119,4436,10,0,274,24459,14923,21,4720,214,4432,25,17690,12618,229,2221,81,2601,6,0,0,17600,11924,65,2765,80,2875,10,2659,70,2734,0,0,17786,11893,244,2712,105,2893,11,17786,11893,244,2577,75,2660,1,35,301,17549,12222,124,2405,83,2820,10,0,0,0,0,0,17434,11994,19,2665,108,2600,15,2603,96,2500,15,17929,12022,96,2863,126,2808,4,2775,104,2633,4,9442,1758,7535,8752,1626,7126,8833,1643,7053,6676,1181,5388,6182,1332,4850,6718,1401,5317,6765,1893,4794,6790,1526,5264,6797,1714,5083,6936,1571,5310,9851,2125,7627,9781,2389,7182,5136,771,4365,7683,1627,5976,5697,1418,4186,5689,1194,4495,5688,1168,4520,5654,1135,4519,5695,1088,4607,5696,1150,4546,8132,1739,6349,9119,1746,7300,9043,1674,7369,8387,50,8337
45,45,24557,9518,292,13507,124,1236,17,0,0,23972,9956,507,12532,227,839,6,0,0,23077,8241,322,13060,180,1401,19,23822,9892,491,12551,88,848,16,12261,80,751,6,14,328,23231,9815,460,11998,109,865,1,18031,7670,179,9399,78,780,11,0,0,18161,8178,221,9048,140,610,0,8991,140,550,4,0,17561,6850,199,9588,110,858,13,17561,6850,199,9403,91,720,4,28,266,18235,7741,188,9560,86,625,0,0,0,0,0,0,17906,7440,172,9420,99,733,0,9236,39,690,0,17269,7728,173,8668,104,612,0,8313,26,518,0,11076,6288,4634,11017,6495,4522,9608,5169,4333,7258,3695,3452,7064,4026,3038,7283,3794,3489,7628,4441,3094,7535,4169,3366,7482,4066,3416,7496,4213,3229,10345,5717,4515,10329,5949,4261,5195,2257,2938,8551,4691,3792,7029,4001,2931,6886,3597,3289,6867,3646,3221,6877,3473,3404,6884,3503,3381,6903,3613,3290,8763,4674,4038,9089,4551,4475,9010,4351,4659,6731,0,6731
46,46,25382,16029,263,8901,149,89,9,0,0,23439,14705,247,8187,123,230,0,0,0,23873,15148,327,7927,232,279,30,23203,14422,204,8339,96,170,0,8243,96,0,0,0,241,23962,14907,247,8615,46,109,0,19495,12788,182,6380,111,73,7,0,0,18230,11882,150,6075,14,151,0,6024,14,5,0,0,19056,12420,235,6041,152,212,7,19056,12420,235,5888,112,28,0,25,348,18081,11803,134,6143,5,118,0,0,0,0,0,0,18844,12218,137,6463,16,112,0,6349,16,4,0,18401,11773,65,6304,90,214,0,6125,90,6,0,13744,4874,8654,13272,4906,8366,12232,4022,8053,9492,2967,6366,9184,3409,5775,9661,3323,6338,9312,3699,5511,9191,3033,6158,9135,3013,6122,9236,3221,5957,12573,4199,8279,12602,4577,7833,7821,2530,5291,10467,3694,6694,8240,3563,4581,8018,2859,5159,8030,2886,5144,8095,2742,5353,8040,2705,5335,8069,2834,5235,10655,3650,6964,11338,3504,7761,11189,3354,7835,11313,3765,7548
47,47,25579,5948,1177,18431,128,151,25,0,0,25564,6187,1145,18073,163,127,16,0,0,24021,5220,1013,17662,108,172,13,25728,6189,1482,18061,64,166,13,17675,51,105,0,43,179,24733,5710,1106,17841,59,233,22,19322,5077,1129,13093,109,129,19,0,0,19363,4984,690,13501,94,97,0,13501,90,74,0,0,19322,4631,970,13627,82,132,8,19322,4631,970,13341,64,53,0,16,247,19586,4838,898,13701,28,112,0,0,0,0,0,0,19280,4744,579,13775,44,236,0,13676,40,113,0,17276,4459,484,12137,62,165,10,11962,48,44,10,10725,7607,2980,10786,8130,2656,9621,7035,2486,6561,4491,1957,8044,6214,1830,6948,5080,1868,7716,5721,1928,7602,5451,2151,7430,4805,2625,7419,5442,1924,9954,7164,2632,9918,7399,2462,5115,3581,1534,8309,6018,2218,7032,5312,1644,6916,4796,2120,6886,4744,2142,6924,4500,2424,6883,4686,2197,6889,4939,1950,8457,6050,2364,8546,5985,2484,8485,5790,2695,8579,6250,2329
48,48,26565,15866,744,9003,86,988,14,0,0,25460,14588,573,9459,82,852,0,0,0,24113,14300,856,7797,153,1161,30,25602,14669,674,9337,87,912,0,9178,81,738,0,0,262,24369,14052,1181,8131,125,987,0,19616,12286,456,6264,58,625,9,0,0,19109,11611,180,6680,43,620,0,6589,39,455,25,0,18507,11583,521,5633,98,735,22,18507,11583,521,5455,78,530,6,39,295,19281,12328,289,5929,74,744,0,0,0,0,0,0,18568,12036,400,5317,94,832,0,5135,94,632,0,18379,11697,505,5229,22,814,0,5091,22,651,0,12046,4212,7638,11290,3958,7332,10657,3412,7103,7844,2362,5333,8044,2967,5077,8072,2714,5358,8208,3169,4954,8146,2726,5420,8096,2502,5594,8198,2791,5352,11395,3714,7561,11379,4054,7180,6655,2055,4600,9452,3166,6201,7850,2974,4754,7784,2517,5267,7776,2484,5292,7766,2321,5445,7771,2413,5358,7781,2464,5317,9785,3184,6549,10135,3052,7018,10061,2992,7069,10142,3300,6842
49,49,26785,7344,270,18988,233,84,12,0,0,24856,6121,238,18175,277,116,0,0,0,23157,5346,266,17242,228,151,17,24070,5606,203,17894,331,60,0,17780,264,19,0,3,198,23664,5577,121,17510,345,43,1,19166,6062,179,12785,167,68,9,0,0,18087,5019,97,12735,139,94,0,12713,106,33,0,0,17691,4583,179,12689,171,115,11,17691,4583,179,12453,148,26,4,21,277,17364,4518,61,12526,293,37,0,0,0,0,0,0,17397,4456,53,12627,254,48,4,12577,254,14,4,16530,3928,65,12341,161,52,0,12237,156,4,0,9447,6015,3328,8021,5781,2240,8591,5775,2712,6902,4491,2328,6628,4787,1841,7143,4981,2162,6093,4348,1683,5989,4087,1902,5896,3827,2069,6311,4409,1860,8690,5983,2616,8836,6367,2415,4335,2993,1342,7141,4990,2094,5052,3821,1189,4949,3475,1474,4948,3491,1457,4947,3375,1572,4958,3445,1513,4947,3558,1389,6907,4829,2046,7140,4840,2215,7038,4676,2362,7089,4975,2114
50,50,26018,7148,311,18438,117,90,12,0,0,22685,6072,539,15962,89,23,0,0,0,23142,6605,346,15911,142,232,24,22265,6054,581,15590,45,13,0,15275,42,2,0,45,262,22181,5749,693,15701,60,37,10,18954,5898,207,12742,91,71,9,0,0,16855,4844,222,11747,29,21,0,11746,28,14,0,0,17691,5399,228,11842,112,178,10,17691,5399,228,11584,100,16,1,29,334,16939,5019,294,11558,33,14,0,0,0,0,0,0,16812,4870,366,11478,34,32,0,11362,30,8,0,16085,4821,299,10820,32,43,0,10438,32,9,0,11227,7578,3486,12362,8578,3784,8994,5911,2980,7283,4625,2562,7174,5108,2066,7518,5137,2381,6606,4578,1966,6487,4310,2177,6407,4070,2337,6943,4759,2134,10081,6822,3137,10085,7109,2916,4971,3242,1729,7922,5384,2474,5752,4163,1522,5621,3757,1864,5626,3879,1747,5648,3745,1903,5637,3815,1822,5627,3880,1747,7941,5310,2592,8003,5091,2822,7937,4980,2957,8018,5324,2694
51,51,28547,5568,469,22521,103,75,10,0,0,26050,4395,495,21162,12,48,8,0,0,23860,3793,290,19709,114,192,25,25470,4159,573,20789,18,38,25,20575,18,21,12,0,105,24086,3735,73,20264,14,42,38,20049,4616,331,15088,76,60,5,0,0,18844,3678,91,15019,4,41,0,14980,4,33,4,0,17619,3262,207,14088,82,131,17,17619,3262,207,13749,41,13,3,18,326,18305,3551,66,14664,8,28,0,0,0,0,0,0,17677,3135,30,14502,4,43,0,14459,4,4,0,17030,3002,74,13941,15,100,0,13856,11,0,0,14372,10674,3498,15277,12070,3207,11583,8744,2763,8205,5630,2370,9315,7292,2023,8652,6441,2211,8489,6627,1787,8282,6226,2056,8128,5580,2548,8348,6432,1869,11275,8461,2650,11280,8830,2403,6520,4823,1697,9593,7273,2244,8043,6442,1489,7676,5642,2034,7681,5679,2002,7737,5450,2287,7749,5663,2086,7681,5795,1886,9330,7042,2238,9042,6687,2269,9003,6500,2503,9123,6993,2130
52,52,23090,15772,1152,5903,184,122,17,0,0,22542,14096,1204,6992,208,34,0,0,0,24024,14649,1494,7146,367,372,46,22886,15552,1321,5632,134,106,0,5546,113,10,0,173,171,24918,14480,1470,8281,162,220,22,16939,12013,667,4062,129,89,12,0,0,17431,11052,505,5716,116,11,0,5703,116,1,34,0,18362,11706,965,5119,262,305,42,18362,11706,965,4932,196,39,24,32,468,17312,12074,632,4423,50,93,0,0,0,0,0,0,18941,11673,770,6345,121,95,0,6281,117,8,0,19156,11600,821,6144,160,452,2,5942,120,7,2,9036,3386,5560,9920,3771,6149,8925,3090,5576,6844,2428,4259,6002,2614,3388,6714,2671,4043,5018,1951,3024,4939,1856,3083,4886,1746,3140,6492,2492,3913,10135,3865,6128,10086,4236,5636,5141,1805,3336,7712,2950,4647,5288,2170,3041,5199,1978,3221,5185,2064,3121,5183,2030,3153,5195,1970,3225,5205,2009,3196,8584,3349,5158,10548,3965,6377,10376,3853,6523,10375,3963,6412
53,53,23445,15426,261,7606,115,124,8,0,0,24023,15188,242,8616,24,61,0,0,0,23418,15192,284,7522,140,284,17,22963,15151,239,7479,39,51,0,7457,39,1,0,31,52,23397,15613,319,7240,81,146,0,17330,11721,175,5329,67,81,6,0,0,17867,11526,48,6286,11,5,0,6285,11,2,0,0,17755,11696,187,5563,93,203,13,17755,11696,187,5420,66,31,4,39,312,17414,11568,96,5596,15,53,0,0,0,0,0,0,18069,12388,104,5413,15,99,0,5411,15,0,0,17852,12273,148,5232,55,119,0,5202,57,10,0,11310,4073,7065,11150,3936,7214,10239,3189,6917,8032,2450,5426,8211,2820,5391,8296,2608,5688,8023,3030,4890,7972,2577,5395,7915,2468,5447,8031,2620,5355,11175,3464,7607,11169,3612,7421,6100,1401,4699,9257,3011,6163,7633,2916,4580,7594,2500,5094,7561,2499,5062,7517,2436,5081,7574,2439,5135,7564,2496,5068,9720,3039,6637,10557,3007,7474,10473,2926,7547,9054,146,8908
54,54,23866,16462,332,6769,244,119,12,0,0,23028,16156,227,6510,112,29,0,0,0,23169,15945,479,6172,280,288,17,23350,16367,398,6381,189,32,0,6343,189,10,0,0,46,23387,15511,404,7134,238,317,0,18106,12862,227,4786,175,98,5,0,0,17438,12187,161,5028,51,23,0,5013,51,8,0,0,18466,12882,371,4773,195,226,9,18466,12882,371,4608,141,22,0,32,410,17891,13245,161,4485,146,18,0,0,0,0,0,0,18105,12751,186,5051,176,75,0,4896,132,43,0,17600,12615,191,4625,181,90,0,4536,131,20,0,11668,3448,8069,11201,3433,7768,10819,3043,7589,8658,2279,6236,8560,2785,5775,8898,2678,6220,8808,3095,5599,8750,2627,6123,8680,2179,6501,8704,2722,5906,12098,3706,8271,12077,3963,7965,7137,2158,4979,9882,3062,6711,7933,2904,4909,7877,2549,5328,7833,2396,5437,7873,2168,5705,7859,2385,5474,7850,2452,5398,10209,3270,6873,10785,3391,7283,10622,3224,7398,10701,3427,7274
55,55,27296,9396,408,17215,235,151,17,0,0,26122,7940,565,17259,304,283,8,0,0,24262,6707,432,16688,269,235,5,24634,7033,549,16740,242,213,9,16697,125,48,9,14,158,23371,6879,556,15633,184,243,13,19975,7636,267,11851,176,104,10,0,0,19239,6593,282,12148,168,40,10,12138,113,40,0,0,18324,5655,284,12055,195,181,3,18324,5655,284,11806,144,26,0,36,373,17984,5346,197,12228,114,57,10,0,0,0,0,0,17372,5269,320,11584,63,36,10,11571,17,4,10,16687,4737,375,11307,87,74,4,11245,33,3,4,12023,7751,4171,11816,7996,3820,10067,6741,3147,7568,4694,2725,7761,5593,2168,7885,5344,2541,7009,4901,2032,6971,4698,2273,6920,3994,2926,7500,5156,2274,10546,7171,3250,10531,7375,3047,5527,3375,2152,8609,5768,2742,6627,4552,1971,6555,4182,2373,6550,3925,2625,6548,3598,2950,6551,4036,2515,6531,4140,2391,8595,5664,2873,8889,5540,3230,8742,5289,3453,8885,5629,3256
56,56,20606,13778,299,5841,629,87,19,0,0,21061,13060,783,6437,1061,119,0,0,0,25330,17050,600,6107,1196,356,26,21750,13706,818,6414,1023,134,0,5999,878,0,0,0,348,25008,15456,361,8277,808,164,46,15469,10775,178,4023,446,55,9,0,0,15446,10396,344,4140,506,87,0,4089,496,14,7,0,19609,13569,403,4505,859,259,18,19609,13569,403,4345,777,42,7,59,407,16033,11795,262,3393,377,105,0,0,0,0,0,0,18429,13044,208,4687,298,114,15,4575,295,4,15,17926,12160,249,5107,271,167,7,4878,264,15,7,10693,3423,7173,9756,3362,6394,10363,3608,6451,8662,3219,5307,8437,3565,4872,8700,3410,5290,8209,4005,4125,8208,3331,4877,8236,2980,5256,8590,3539,4947,12508,5085,7252,12490,5246,7031,6923,2703,4220,10066,4110,5825,8258,3996,4213,8209,3519,4690,8174,3075,5099,8182,2756,5426,8200,3195,5005,8177,3124,5053,10951,4538,6335,12217,4857,7181,12151,4518,7633,11730,4040,7690
57,57,24539,5480,1137,17811,121,107,32,0,0,26809,7674,1229,17628,277,68,0,0,0,24025,5744,1324,16656,178,289,14,25558,7706,1094,16701,93,61,0,16379,58,38,0,0,286,24518,7861,935,15462,184,182,0,17243,4362,807,11989,81,80,22,0,0,19151,6236,192,12480,198,49,0,12445,168,39,0,0,17967,4709,756,12247,129,180,13,17967,4709,756,12007,94,41,3,30,327,18532,6311,114,12092,69,55,0,0,0,0,0,0,18313,6278,119,11855,67,71,0,11845,38,2,0,17395,5725,123,11420,31,72,0,11394,29,5,0,11545,8467,2988,12453,9383,3070,10775,7675,2986,7934,5550,2240,8910,6723,2187,8146,5986,2160,7904,5839,2009,7856,5588,2268,7839,5207,2632,8161,5893,2217,11345,8053,3171,11370,8272,2996,5739,3871,1868,9501,6849,2579,7969,6015,1891,7897,5593,2304,7884,5481,2403,7879,5190,2689,7881,5483,2398,7901,5645,2256,9836,6929,2855,10330,6924,3298,10274,6733,3541,9855,5994,3861
58,58,15043,12678,156,1737,439,37,7,0,0,20396,15764,158,3918,534,34,0,0,0,24874,19363,552,3672,912,358,8,20280,15872,347,3355,639,75,0,3345,595,11,0,4,109,22859,17207,503,4433,615,70,3,10602,9049,94,1161,279,23,5,0,0,14261,11201,76,2814,153,16,0,2814,139,14,12,0,18054,14297,365,2520,622,254,6,18054,14297,365,2431,551,18,1,19,372,13977,11277,196,2177,213,92,0,0,0,0,0,0,16435,13060,321,2759,141,81,0,2751,142,0,0,18579,14293,599,3154,419,137,0,3103,422,31,0,6003,937,5023,8118,1661,6457,11317,2464,8526,9433,2248,7051,9359,2625,6734,9442,2393,7049,9436,3515,5825,9449,2467,6982,9476,2285,7191,9569,2637,6807,13699,3596,9930,13673,3786,9633,8168,1646,6522,11253,2974,8140,9782,3123,6602,9731,2617,7114,9707,2236,7471,9666,2044,7622,9747,2246,7501,9722,2225,7497,12820,3436,9301,15153,3939,11042,15055,3563,11492,13316,0,13316
59,59,22624,19199,470,2279,623,87,11,0,0,25382,19149,854,4156,1202,67,65,0,0,25447,19332,867,3778,924,447,8,25950,19868,913,3967,1022,135,16,3859,721,31,0,0,551,26905,20446,941,4566,811,76,6,17069,14790,317,1504,405,65,5,0,0,18834,14933,267,2905,638,41,0,2868,518,15,44,0,19457,15240,595,2553,659,314,8,19457,15240,595,2452,581,32,1,66,490,19263,15746,324,2687,428,95,0,0,0,0,0,0,20138,16308,348,3038,289,54,0,2840,248,4,0,20125,16763,432,2215,349,373,10,2001,300,188,10,11251,2068,9085,11402,2153,9249,11476,2313,8818,9659,2236,7161,8922,2448,6474,9666,2396,7270,8580,3034,5421,8578,2273,6305,8608,2022,6586,8986,2432,6401,12694,3349,9113,12670,3613,8689,6845,1385,5460,10311,2715,7401,7809,2613,5134,7759,2250,5509,7776,1826,5950,7728,1674,6054,7784,1860,5924,7759,1848,5911,10955,3047,7794,12499,3310,9020,12359,3089,9270,10794,0,10794
60,60,19650,15268,335,3790,170,127,15,0,0,25966,19110,675,6046,140,48,0,0,0,25378,18699,638,5261,331,424,8,23292,18203,848,4177,75,33,0,4059,75,1,0,6,106,25525,20480,812,4168,54,75,0,14056,11145,196,2533,112,84,10,0,0,16987,13469,224,3201,97,8,0,3104,97,2,0,0,18696,14066,411,3686,201,303,6,18696,14066,411,3560,148,26,2,28,455,16714,13589,293,2795,5,17,0,0,0,0,0,0,18268,15087,396,2866,34,59,0,2811,14,14,0,19114,14797,344,3671,96,158,0,3616,122,72,0,9032,2227,6696,8293,1963,6330,9961,2370,7395,8427,2155,6088,7865,2413,5452,8448,2314,6134,7496,2805,4604,7523,2303,5220,7530,2094,5436,8166,2437,5641,12117,3457,8528,12071,3717,8105,6668,1467,5201,9629,2847,6666,7690,2868,4750,7640,2493,5147,7648,2154,5494,7596,2194,5402,7667,2303,5364,7657,2326,5331,10623,3224,7328,12197,3441,8646,12052,3320,8732,10495,0,10495
61,61,23555,16572,1429,5130,290,164,68,0,0,23064,16801,771,5122,154,165,0,0,0,25472,16563,1322,6488,531,482,85,23424,15793,657,6597,246,114,0,6431,207,0,0,28,308,24319,15664,895,7001,558,103,10,17618,12914,939,3450,207,112,46,0,0,17355,13480,284,3490,35,74,0,3427,0,0,0,0,19434,13371,830,4402,408,375,52,19434,13371,830,4225,343,34,44,57,530,17767,12647,236,4409,116,51,0,0,0,0,0,0,18683,12832,463,4736,247,46,0,4670,222,11,0,19532,12784,640,5235,385,176,137,5110,390,22,137,9580,2168,7294,9026,2267,6759,8695,1981,6493,6948,1724,5077,6446,1909,4537,6962,1819,5143,6369,2197,4084,6389,1774,4615,6416,1600,4816,6879,1974,4820,10032,2822,7083,10026,3100,6672,5134,1107,4027,7934,2303,5519,6028,2211,3756,5989,1939,4050,5999,1739,4260,5937,1667,4270,5985,1744,4241,5991,1760,4231,8266,2548,5651,8817,2606,6115,8730,2519,6211,7498,0,7498
62,62,23645,18537,581,4343,102,109,11,0,0,23570,18336,818,4283,45,97,1,0,0,25064,19346,1056,4030,151,424,8,23790,19505,483,3719,19,89,0,3648,7,0,0,12,137,25111,18887,736,5203,99,329,0,17401,13917,364,2989,72,74,5,0,0,17569,13982,281,3159,12,85,0,3159,12,19,28,0,19112,14956,624,3045,99,326,5,19112,14956,624,2935,76,23,4,28,466,17995,15477,171,2256,5,97,0,0,0,0,0,0,19198,15483,256,3299,46,72,0,3279,46,0,0,19337,15349,338,3240,212,155,0,3174,158,1,0,10500,2402,7984,10585,2556,8029,10305,2187,7932,8106,1795,6090,7670,2036,5634,8165,1956,6209,7670,2385,5130,7681,2029,5652,7676,1756,5920,7877,1962,5827,10906,2516,8288,10893,2714,7935,5948,1136,4812,8917,2138,6670,6727,1896,4777,6699,1643,5056,6711,1509,5202,6642,1438,5204,6718,1517,5201,6710,1531,5179,9485,2196,7230,10975,2255,8646,10825,2172,8653,9958,459,9499
63,63,26849,11073,340,15171,241,93,24,0,0,27294,10930,333,15645,234,83,3,0,0,24499,8841,432,14836,175,235,8,26956,10093,354,16087,246,90,2,15832,195,47,0,152,287,24997,9442,298,14748,264,100,2,20643,9017,242,11194,176,71,15,0,0,21352,8754,149,12296,79,39,0,12279,79,32,32,0,19950,7552,325,11752,141,181,8,19950,7552,325,11577,109,15,5,40,327,20987,7543,140,13257,43,89,0,0,0,0,0,0,19559,7326,165,12153,24,67,0,12053,20,21,0,18179,7346,148,10565,29,206,0,10478,23,11,0,13075,7230,5726,13847,7698,6149,11850,6582,5069,10123,5587,4319,10065,6177,3888,10222,5924,4298,9366,5925,3354,9306,5552,3754,9311,4979,4332,9238,5464,3700,12564,7294,5132,12546,7493,4945,7287,4305,2982,10759,6336,4313,8880,5758,3046,8818,5369,3449,8786,4918,3868,8750,4544,4206,8769,5082,3687,8725,4989,3736,11027,6507,4465,11736,6716,4894,11659,6495,5164,11761,6919,4842
64,64,23371,16802,475,5655,419,100,10,0,0,23565,14190,792,8064,390,97,20,0,0,23958,14376,765,8068,515,273,10,23700,13235,527,9480,344,95,13,9433,262,64,4,41,129,23512,12118,339,10593,389,22,1,18258,13676,334,3900,321,73,8,0,0,18079,11702,227,5904,139,80,14,5902,114,64,10,0,19089,12000,540,5915,421,228,7,19089,12000,540,5704,358,24,2,51,410,18203,11166,160,6579,128,25,4,0,0,0,0,0,17606,9953,120,7320,216,14,0,7216,144,0,0,17448,9514,353,7250,118,165,0,7056,69,12,0,12596,4085,8395,10876,3569,7307,10032,4303,5367,8988,4026,4855,8672,4403,4269,8993,4187,4806,8231,4816,3328,8224,3781,4443,8270,3267,5003,8366,4073,4180,11915,5660,6032,11955,5891,5885,6431,2525,3906,9708,4660,4920,7804,4300,3439,7717,3747,3970,7677,3099,4578,7755,2614,5141,7713,3159,4554,7695,3123,4572,10062,4875,5104,10560,5108,5258,10555,4561,5994,8491,762,7729
65,65,25787,4653,828,20192,174,86,25,0,0,25196,4578,744,19811,115,77,55,0,0,24020,3648,647,19509,172,203,13,24416,4464,609,19395,99,88,48,19082,88,31,48,0,97,23121,3909,721,18522,61,336,0,18858,4075,600,14067,137,65,17,0,0,19400,3744,337,15112,100,45,55,15061,100,16,8,0,18434,3293,441,14514,146,158,10,18434,3293,441,14210,109,11,3,49,318,18646,3520,294,14703,70,45,50,0,0,0,0,0,17458,3167,133,14112,21,104,0,14003,20,24,0,17514,2516,67,14717,8,176,0,14515,8,26,0,11510,8694,2719,11809,9394,2415,9411,7816,1423,7866,6474,1285,8153,7145,1008,7946,6740,1206,7162,6256,841,7131,6031,1100,7122,5376,1746,7242,6242,943,9930,8585,1225,9947,8778,1112,5080,4320,760,8496,7323,1099,7004,6300,654,6959,5973,986,6926,5452,1474,6939,5059,1880,6935,5685,1250,6911,5755,1156,8456,7344,1063,8495,7319,1059,8466,7100,1366,8038,6515,1523
66,66,24382,8183,209,15925,69,88,15,0,0,23956,7293,210,16425,20,81,0,0,0,23108,6983,267,15608,96,238,3,23569,7786,256,15634,12,75,0,15349,9,65,0,0,103,23371,7339,140,15928,6,265,0,17464,6723,124,10551,50,63,7,0,0,17662,5946,53,11615,21,23,0,11581,21,8,5,0,17996,6089,191,11526,64,190,2,17996,6089,191,11348,49,33,2,21,263,17781,6304,128,11304,7,11,0,0,0,0,0,0,17540,5945,96,11296,4,27,0,11286,4,4,0,17289,5829,104,11004,4,174,0,10988,0,31,0,11466,7066,4312,10680,7428,3252,10801,6680,3964,9059,5728,3161,9245,6400,2845,9106,5968,3138,8428,5841,2527,8415,5681,2734,8399,5115,3284,8446,5606,2782,11599,7612,3875,11554,7809,3649,6411,4238,2173,9893,6598,3213,8218,6009,2153,8158,5691,2467,8139,5149,2990,8122,4871,3251,8149,5450,2699,8134,5513,2621,10060,6805,3210,10493,6897,3488,10454,6823,3631,10504,7083,3421
67,67,26229,5152,240,20680,167,117,20,0,0,24603,4598,194,19743,100,23,14,0,0,23249,4466,407,18090,245,194,23,25252,4462,211,20472,128,14,37,20208,82,12,6,15,257,22654,3911,188,18422,120,62,11,20626,4661,191,15621,153,91,16,0,0,20008,4141,94,15693,54,27,4,15649,29,14,10,0,18925,4056,305,14298,216,159,20,18925,4056,305,13934,172,43,7,34,374,20291,4028,74,16088,73,18,4,0,0,0,0,0,17916,3528,48,14210,87,66,0,13998,77,4,0,17348,3192,76,13876,82,143,0,13601,77,25,0,12458,11070,1280,11745,10495,1250,9940,8732,959,8211,7031,1017,8466,7805,661,8305,7351,954,7399,6781,553,7332,6408,924,7356,5794,1562,7441,6641,726,10133,8877,1078,10169,9105,980,5019,4285,734,8531,7566,864,6625,6041,523,6536,5623,913,6489,5229,1260,6547,4692,1855,6500,5323,1177,6489,5389,1100,8106,7128,931,7829,6778,921,7783,6397,1386,7281,5864,1417
68,68,29011,9502,648,18563,323,145,45,0,0,26784,8144,453,17896,246,92,4,0,0,24623,7731,813,15598,312,271,42,28664,8373,457,19126,416,161,9,18918,416,77,9,226,182,27181,7873,534,18025,435,141,5,23249,7903,465,14637,259,123,36,0,0,22891,7538,190,14917,138,113,4,14788,138,83,14,0,20485,6816,579,12695,252,202,35,20485,6816,579,12425,197,34,14,62,358,23339,7183,241,15688,194,139,15,0,0,0,0,0,22848,6930,340,15387,193,142,4,15244,155,54,4,21015,6377,468,13687,200,209,0,13520,99,58,0,9864,6938,2824,9090,6236,2854,7935,5266,2510,6045,3953,1984,6057,4423,1634,6103,4148,1955,5405,3845,1489,5396,3703,1693,5388,3379,2009,5624,3863,1702,7642,5094,2433,7614,5311,2219,3566,2242,1324,6333,4323,1939,4523,3289,1185,4466,3075,1391,4484,2926,1558,4440,2750,1690,4472,2977,1495,4466,3051,1415,6232,4187,1999,6653,4238,2329,6606,4135,2471,5866,2734,3132
69,69,28824,2241,354,26160,100,133,15,0,0,27047,1210,463,25273,68,84,7,0,0,23691,1399,489,21721,100,196,21,26577,1368,209,24882,75,61,6,24708,7,0,6,42,241,23539,1180,481,21858,12,101,1,19221,2058,215,16873,72,101,9,0,0,17829,1171,48,16549,24,22,6,16490,4,0,46,0,17465,1287,325,15782,62,147,12,17465,1287,325,15404,33,35,3,32,346,17837,1269,30,16482,22,19,0,0,0,0,0,0,16208,1080,95,15007,11,60,0,14876,9,10,0,15656,860,138,14558,17,170,0,14328,13,87,0,9833,8890,889,9747,9129,618,7846,7338,414,6085,5562,421,6465,6240,225,6172,5772,400,5393,5100,232,5360,5055,305,5339,4581,758,5698,5375,282,7832,7312,430,7853,7466,338,3487,3288,199,6595,6187,352,5082,4902,125,5026,4614,412,5005,4319,686,5022,4081,941,5003,4476,527,4985,4576,409,6315,5906,370,6166,5700,376,6141,5573,568,6210,5855,355
70,70,26158,4405,411,20898,429,138,23,0,0,25537,3598,336,21247,185,73,0,0,0,23913,2902,514,20085,297,190,17,24739,3178,301,20946,268,39,0,20776,228,0,0,66,186,24585,3431,581,20161,404,143,0,18854,3611,294,14597,332,83,17,0,0,18246,2816,74,15281,49,72,0,15161,45,0,4,0,18272,2412,332,15198,226,162,12,18272,2412,332,14908,196,22,2,45,355,17958,2297,63,15589,61,38,0,0,0,0,0,0,17836,2408,109,15100,156,23,0,15057,93,0,0,17355,2315,125,14688,138,47,0,14590,108,5,0,12139,9976,2080,11523,9925,1598,10225,8488,1591,8296,6838,1321,8733,7680,1053,8409,7126,1283,7662,6693,908,7626,6548,1078,7585,5908,1677,7705,6597,1052,10435,8812,1491,10457,9043,1316,5448,4620,828,8931,7606,1245,7195,6414,722,7106,6011,1095,7077,5638,1439,7107,5250,1857,7086,5762,1324,7076,5914,1162,8782,7450,1284,8818,7307,1418,8800,7130,1670,8863,7468,1395
71,71,25095,6881,351,17730,162,119,16,0,0,23970,4120,238,19384,117,171,8,0,0,23814,4173,453,18989,128,163,4,24205,3970,477,19730,133,94,9,19442,90,70,0,0,157,23603,3000,470,20006,209,82,0,17101,5640,238,11091,128,82,7,0,0,16971,3595,52,13155,85,90,0,13130,85,69,10,0,17612,3690,314,13423,105,115,3,17612,3690,314,13194,69,20,2,38,285,17014,3586,135,13166,94,55,0,0,0,0,0,0,17630,2768,159,14544,194,53,0,14487,190,12,0,16790,2728,317,13583,106,116,0,13472,87,50,0,8351,5271,3010,7987,5720,2267,8113,5987,2027,6394,4827,1496,6688,5424,1264,6416,4960,1456,6065,4896,1117,6039,4781,1258,6029,4349,1680,6213,4898,1271,8580,6774,1726,8589,6960,1555,4313,3435,878,7231,5713,1461,5877,4972,848,5838,4707,1131,5827,4285,1542,5832,4117,1715,5818,4536,1282,5797,4608,1189,7289,5856,1395,7451,5901,1443,7437,5826,1611,7464,6085,1379
72,72,25997,7115,1028,17129,748,121,15,0,0,25458,6695,981,17272,379,111,0,0,0,24251,5028,1244,17039,802,226,17,23884,5835,1333,16295,311,61,0,16096,288,14,0,119,200,24470,5462,1557,17035,332,42,0,19754,6011,713,12476,558,89,13,0,0,19346,5707,253,13172,100,99,0,13105,100,74,10,0,18906,4490,845,12841,614,181,8,18906,4490,845,12551,553,36,1,63,367,17946,4794,295,12826,59,50,0,0,0,0,0,0,18218,4520,284,13245,154,39,0,13072,154,27,0,17028,3609,172,13060,225,126,5,12860,225,44,5,13277,8367,4842,9558,7942,1616,10307,7333,2770,8612,6163,2320,10553,7115,3438,8669,6419,2250,7843,6133,1638,7823,5771,2052,7818,5133,2685,7691,5891,1726,10132,7952,2064,10138,8156,1881,5425,4130,1295,8845,6840,1918,7008,5883,1082,6968,5525,1443,6947,5011,1936,6953,4575,2378,6953,5248,1705,6921,5282,1639,8624,6861,1716,8847,6943,1798,8800,6707,2093,7646,4268,3378
73,73,23007,17961,303,3928,766,89,13,0,0,23677,17849,227,3917,1542,52,45,0,0,25112,18171,533,4538,1495,281,18,24854,18172,199,4674,1659,61,0,4555,1597,18,0,89,220,25122,17796,248,5045,1715,92,29,16717,13242,192,2730,500,60,8,0,0,17512,13769,106,2831,719,23,0,2831,704,8,52,0,19722,14609,359,3474,1014,202,12,19722,14609,359,3410,915,18,7,59,345,18574,14209,65,3354,878,30,0,0,0,0,0,0,18726,14141,43,3533,905,60,20,3490,890,19,20,19785,14664,173,4089,746,33,36,4007,744,12,36,12240,3057,9096,16253,3314,12939,13743,3725,9583,12039,3355,8509,11546,3793,7753,12046,3628,8418,11050,4464,6477,11056,3259,7797,11105,2842,8263,10937,3562,7237,15025,4875,9946,15039,5100,9703,8682,2172,6510,12656,4015,8480,10182,3847,6268,10136,3243,6893,10090,2735,7355,10112,2326,7786,10126,2729,7397,10146,2721,7425,13251,4280,8878,14674,4597,9865,14588,4005,10583,12569,0,12569
74,74,22040,18005,375,3225,386,82,1,0,0,25035,20055,463,3887,538,65,54,0,0,25408,19189,564,4591,619,443,7,24174,18359,453,4588,675,99,6,4552,371,28,0,0,412,24066,18845,376,4047,667,76,0,16833,14038,245,2229,267,63,0,0,0,19378,15802,262,2970,244,48,50,2908,134,25,6,0,20052,15507,396,3368,440,326,6,20052,15507,396,3255,394,36,1,50,413,18852,14841,256,3428,348,69,0,0,0,0,0,0,18772,15292,136,3022,349,55,0,2945,97,21,0,18784,15208,181,3208,143,187,0,3099,112,56,0,12045,2329,9610,12819,2594,10225,11445,2270,8868,9643,2068,7357,8935,2262,6673,9666,2247,7419,8449,2807,5558,8448,2151,6297,8500,1916,6584,8930,2313,6489,12689,3233,9288,12655,3441,8909,7068,1327,5741,10396,2616,7625,8052,2503,5488,8001,2182,5819,8039,1848,6191,7959,1752,6207,8031,1886,6145,8049,1918,6131,11127,2953,8079,12789,3317,9320,12613,3054,9559,11013,0,11013
75,75,22152,14863,1253,5895,108,80,18,0,0,23389,14828,1007,7227,184,144,0,0,0,25276,16491,1761,6409,272,429,11,25962,17743,1051,6898,147,127,0,6756,48,90,0,26,247,26783,16961,1221,8043,205,217,0,16361,11276,871,4113,79,50,12,0,0,16705,11303,249,4958,51,125,0,4878,22,110,0,0,18624,12550,1038,4642,185,274,3,18624,12550,1038,4494,149,32,0,12,349,18532,13030,479,4689,15,107,0,0,0,0,0,0,19054,12746,549,5319,31,178,0,5179,1,55,0,19330,13036,521,5229,18,262,5,5081,7,4,5,9942,3157,6672,11388,3764,7624,10206,2794,7222,7871,2159,5548,8057,2591,5466,7955,2350,5605,8008,2946,4965,8005,2470,5535,8002,2330,5672,8204,2498,5621,11663,3330,8182,11632,3582,7828,6663,1560,5103,9600,2880,6599,8229,2943,5202,8195,2521,5674,8187,2345,5842,8125,2227,5898,8213,2367,5846,8191,2365,5826,10659,3140,7446,12227,3316,8804,12081,3242,8839,10570,289,10281
76,76,24043,9394,621,13937,90,100,18,0,0,24113,8204,608,15157,128,36,0,0,0,23358,7241,802,15119,97,247,26,24214,8161,601,15360,60,39,0,15223,13,7,0,11,203,23045,8068,651,14053,47,185,0,17962,7618,427,9827,71,77,14,0,0,18351,6873,274,11093,58,16,0,11025,55,4,16,0,17998,6061,512,11269,75,188,11,17998,6061,512,10972,65,11,7,23,347,18209,6388,256,11494,13,21,0,0,0,0,0,0,17519,6360,243,10787,11,118,0,10730,10,4,0,17102,5848,162,10958,56,111,0,10928,62,9,0,12370,7228,5008,10916,7023,3893,10842,6769,3969,8602,5010,3386,8988,5957,3031,8861,5476,3385,8268,5553,2663,8179,5200,2979,8074,4734,3340,8155,5168,2938,10927,6649,4139,10953,6901,3963,5785,3383,2402,9480,5904,3484,7921,5296,2526,7836,4858,2978,7816,4778,3038,7825,4468,3357,7821,4758,3063,7821,4909,2912,9475,5755,3668,9682,5593,3999,9691,5459,4232,9773,5938,3835
77,77,26281,18121,298,7627,110,170,41,0,0,26495,16876,267,9013,196,125,52,0,0,25337,17397,351,7014,140,402,12,26683,16788,408,9204,169,107,27,9145,149,25,0,0,167,23747,15022,293,8047,229,101,206,19330,13866,190,5129,60,131,15,0,0,20006,12900,146,6630,147,121,0,6599,119,0,48,0,19328,13514,241,5172,83,307,9,19328,13514,241,4989,55,37,1,37,454,19931,13140,311,6281,113,110,0,0,0,0,0,0,18287,12358,143,5522,149,90,0,5456,145,47,0,18122,12642,88,5095,158,143,0,5010,65,51,0,12005,3816,7929,11641,3775,7866,11104,3174,7773,8610,2417,6026,8511,2829,5682,8795,2660,6135,8829,3131,5548,8793,2708,6085,8749,2445,6304,8576,2610,5894,11559,3332,8110,11567,3587,7819,7215,1553,5662,9592,2901,6608,7490,2564,4860,7458,2275,5183,7468,2069,5399,7392,2014,5378,7473,2149,5324,7472,2166,5306,10038,2875,7121,11206,2815,8315,11026,2760,8266,9596,0,9596
78,78,25151,14377,571,8877,86,1358,5,0,0,23764,13185,472,8519,106,1510,0,0,0,23634,13695,683,7733,127,1504,18,24208,13097,645,9018,113,1336,0,8750,102,1326,0,10,279,24431,13106,710,9044,145,1031,15,17554,10856,344,5620,54,742,5,0,0,17681,10481,174,6065,54,923,0,6030,50,903,0,0,17526,10605,432,5552,84,911,12,17526,10605,432,5402,64,745,0,15,263,18002,10667,407,6253,64,751,0,0,0,0,0,0,18027,10667,442,6278,69,785,0,6207,59,703,0,17775,11063,416,5435,44,694,65,5363,44,573,65,10295,3603,6524,9943,3653,6290,9749,3161,6471,7238,2180,4910,7299,2678,4621,7418,2521,4897,7471,2909,4452,7444,2453,4991,7423,2453,4970,7546,2564,4932,10484,3382,7009,10449,3613,6676,5870,1480,4390,8624,2894,5647,7018,2705,4214,6973,2369,4604,6966,2454,4512,6946,2248,4698,6979,2274,4705,6986,2385,4601,9033,2924,6069,9759,2887,6810,9682,2847,6835,8611,565,8046
79,79,26129,18803,735,6511,44,92,16,0,0,25338,17430,805,6935,112,9,37,0,0,23848,16672,1015,5834,89,301,13,23808,16682,513,6438,105,14,50,6363,104,0,50,7,89,22291,15755,543,5692,144,81,94,19400,14429,512,4402,26,67,14,0,0,18986,13637,103,5120,53,10,35,5116,53,0,0,0,18246,13210,651,4125,62,219,10,18246,13210,651,4027,35,31,0,15,277,18415,13473,165,4699,48,22,50,0,0,0,0,0,17192,12782,165,4045,72,36,55,4047,24,0,55,16178,11995,427,3541,197,41,0,3385,37,0,0,12676,3197,9293,12143,3182,8961,11836,2706,9007,8940,2076,6660,8820,2442,6378,9197,2263,6934,9608,3223,6261,9558,2373,7185,9536,2479,7057,9310,2361,6894,12733,2929,9685,12722,3229,9292,6829,1085,5744,10297,2540,7663,7997,2446,5416,7999,1981,6018,7977,1983,5994,7884,1908,5976,7989,1884,6105,7991,1925,6066,10797,2528,8213,11799,2413,9307,11695,2359,9336,10629,0,10629
80,80,26306,8310,1140,16559,144,288,30,0,0,25595,8168,1060,16100,132,158,17,0,0,24509,5526,1290,17187,120,505,12,25323,8018,827,16156,170,132,16,16002,166,83,16,81,132,23922,7344,264,16156,89,223,0,19114,6833,775,11311,96,172,15,0,0,18261,6429,122,11556,25,92,18,11519,25,36,29,0,18053,4602,779,12324,75,316,8,18053,4602,779,12050,47,171,0,67,337,18088,4849,228,12911,25,158,16,0,0,0,0,0,17538,4350,210,12957,75,220,0,12918,55,180,0,17233,4631,367,12217,78,139,0,12105,57,85,0,12349,8235,3959,12162,8102,4060,10530,6999,3424,8114,5287,2643,8392,6117,2275,8368,5603,2765,7761,5401,2285,7656,5031,2625,7516,4711,2805,7889,5354,2484,10823,7228,3466,10815,7508,3203,5401,3229,2149,9184,6141,2956,7597,5192,2266,7467,4700,2767,7455,4615,2840,7335,4548,2787,7458,4653,2805,7465,4797,2668,9203,5991,3161,9508,5886,3520,9429,5712,3717,8091,2783,5308
81,81,24305,17836,490,5814,134,56,18,0,0,23226,16196,1095,5743,124,115,35,0,0,23225,16430,612,5687,181,340,26,22803,16558,858,5221,69,66,0,5019,16,57,0,11,285,22229,16725,594,4705,80,51,0,18673,14050,304,4214,91,45,15,0,0,17404,12636,206,4416,65,74,0,4406,36,58,17,0,17853,12976,412,4123,134,219,23,17853,12976,412,3965,101,15,3,43,338,17285,13219,255,3682,41,52,0,0,0,0,0,0,16690,13171,287,3106,17,39,0,3093,21,32,0,16061,11750,234,3693,16,313,0,3625,11,130,0,11178,2803,8232,10887,2903,7984,10456,2401,7896,8096,1833,6135,7297,1878,5419,8113,1981,6132,7704,2191,5373,7677,1950,5727,7692,1903,5789,7889,2018,5807,11018,2755,8161,10960,2992,7756,6097,1170,4927,8823,2224,6508,6401,1884,4420,6374,1633,4741,6373,1665,4708,6327,1542,4785,6372,1553,4819,6382,1603,4779,9108,2343,6712,10073,2485,7506,9931,2372,7559,8690,0,8690
82,82,27970,7428,456,19934,201,149,30,0,0,25106,5740,254,19012,72,64,0,0,0,23066,4249,450,18130,142,236,31,24791,5167,339,19191,84,60,1,19080,65,20,0,6,115,22621,4335,199,17862,160,93,59,20586,6426,300,13708,160,115,19,0,0,19198,5169,143,13810,44,35,0,13767,40,8,8,0,17389,3832,276,13077,109,184,24,17389,3832,276,12790,61,37,4,39,350,19167,4441,156,14432,63,40,0,0,0,0,0,0,17602,3768,165,13432,128,41,0,13338,108,11,0,16411,3378,129,12378,117,230,4,12121,115,25,4,9839,6670,3011,9497,7112,2385,7762,5574,2088,5846,4130,1653,5778,4477,1301,5841,4127,1714,5137,3771,1280,5123,3719,1404,5089,3528,1561,5560,4163,1344,7840,5864,1888,7838,6049,1704,3282,2188,1094,6223,4629,1535,4149,3211,885,4086,2959,1127,4087,3003,1084,4092,2869,1223,4083,2946,1137,4088,3016,1072,5919,4427,1453,5999,4430,1517,5886,4233,1653,3326,0,3326
83,83,25042,18648,477,5558,301,113,23,0,0,25025,18758,304,5593,300,68,20,0,0,23081,16388,650,5394,406,316,26,24823,17739,388,6012,497,59,35,5970,423,10,17,146,133,23689,15885,500,6653,383,68,28,18994,14552,338,3825,226,90,14,0,0,18867,14449,111,4069,164,29,0,4058,139,8,20,0,17796,13007,423,3849,299,240,20,17796,13007,423,3703,228,24,9,41,361,18263,13750,67,4116,319,75,25,0,0,0,0,0,17739,12642,133,4692,216,110,10,4631,181,25,10,18424,12680,360,4782,170,552,22,4497,159,47,22,11497,2683,8693,11374,2716,8658,10873,2404,8243,8753,1974,6666,7947,2147,5800,8730,2112,6618,8194,2470,5591,8171,2057,6114,8190,1966,6224,8376,2220,6070,11657,3136,8399,11592,3293,8095,6566,1355,5211,9523,2461,6965,7251,2144,5026,7208,1872,5336,7181,1831,5350,7177,1693,5484,7199,1757,5442,7214,1777,5437,9909,2680,7169,10952,2862,7993,10814,2705,8109,9444,0,9444
84,84,27115,16185,218,10560,70,128,20,0,0,26289,14604,261,11252,20,113,5,0,0,25404,14918,236,9923,71,264,20,25682,14582,215,10648,25,82,3,10513,13,0,0,207,141,25759,14572,358,10560,64,211,6,20455,12898,132,7319,51,89,8,0,0,20207,11880,159,8073,12,45,0,8073,12,8,58,0,19659,11936,136,7328,54,202,12,19659,11936,136,7163,21,19,5,29,350,20125,12127,125,7757,28,54,0,0,0,0,0,0,20328,12064,205,7823,43,190,0,7753,38,24,0,20045,11793,134,7537,72,499,0,7470,65,85,0,13675,5314,8143,13366,5469,7897,12782,4729,7908,9668,3433,6066,9381,3917,5464,9862,3837,6025,9940,4066,5686,9888,3589,6299,9848,3564,6284,9821,3736,6010,13468,4965,8357,13460,5318,7951,7417,2104,5313,11263,4288,6867,9375,3915,5271,9300,3475,5825,9257,3567,5690,9255,3457,5798,9284,3388,5896,9293,3486,5807,11670,4379,7232,12267,4380,7806,12183,4280,7903,10220,0,10220
85,85,24740,8794,344,15500,104,102,18,0,0,23734,7400,310,15766,191,66,0,0,0,23243,7404,306,15374,99,220,24,24128,7600,309,16040,116,91,0,15685,104,52,0,40,338,23685,7112,420,16240,524,540,51,18685,7012,251,11325,75,83,9,0,0,18301,6141,248,11710,153,45,0,11700,153,37,10,0,18099,6133,203,11631,66,176,20,18099,6133,203,11393,45,31,5,13,276,18597,6497,223,11561,102,54,0,0,0,0,0,0,18382,6161,348,11742,14,139,0,11433,10,25,0,17453,6037,124,11213,49,162,9,10962,41,58,9,12875,8293,4424,12851,8886,3965,11404,7368,3905,8726,5135,3310,9081,6234,2847,9069,5802,3267,9568,6536,2886,9423,6202,3221,9331,5583,3748,8954,5896,2982,11837,7538,4126,11877,7867,3916,6445,3814,2631,10024,6418,3499,8359,5608,2613,8227,5116,3111,8201,5050,3151,8197,4750,3447,8207,4925,3282,8227,5258,2969,10086,6370,3655,10207,6202,3917,10219,5999,4220,10317,6477,3840
86,86,24488,14970,289,9118,73,103,23,0,0,24461,14584,179,9653,40,17,0,0,0,23348,13969,377,8742,77,187,19,24501,14631,384,9429,52,21,0,9407,44,0,0,0,40,23675,13927,911,8648,27,109,0,18039,11617,194,6148,45,67,16,0,0,18039,11191,35,6783,40,0,0,6719,25,0,0,0,17775,11003,243,6317,69,140,18,17775,11003,243,6167,43,32,2,11,274,18139,11432,30,6586,55,20,0,0,0,0,0,0,17626,10975,153,6439,24,105,0,6331,4,0,0,17439,10834,34,6316,174,108,4,6155,40,9,4,11975,4461,7319,12103,4698,7405,11348,4006,7241,8398,2963,5230,8206,3377,4829,8571,3163,5408,8778,3652,4993,8694,3207,5487,8627,3159,5468,8716,3213,5433,11971,4104,7719,11992,4509,7292,6890,2107,4716,10152,3678,6373,8824,3521,5083,8753,3020,5733,8762,3104,5658,8712,3112,5600,8765,3035,5730,8757,3089,5668,10486,3633,6789,10898,3405,7400,10866,3459,7407,10891,3195,7696
87,87,21459,17077,452,3577,248,121,12,0,0,23934,19360,286,3818,377,85,90,0,0,25193,18762,755,4687,433,499,44,25734,20713,435,4004,561,18,41,3882,483,5,0,0,215,25968,19886,564,4786,631,92,52,15645,12807,284,2308,178,93,8,0,0,17551,14532,137,2666,113,64,0,2654,113,15,29,0,18305,14110,449,3037,282,380,25,18305,14110,449,2881,211,27,8,46,573,18542,15353,164,2717,212,33,0,0,0,0,0,0,18922,14795,307,3308,282,50,0,3281,260,0,0,19340,15685,396,2711,285,51,0,2637,242,0,0,8842,1581,7137,9642,1832,7810,9844,1742,7826,7911,1541,6158,7180,1719,5461,7971,1680,6291,7102,2006,4982,7082,1519,5563,7097,1592,5505,7694,1730,5851,11253,2438,8636,11227,2779,8136,6898,1166,5502,8917,1986,6781,6744,1869,4786,6703,1520,5183,6687,1454,5233,6676,1406,5270,6699,1450,5249,6696,1465,5231,9828,2278,7454,11578,2517,8927,11464,2475,8989,11483,2299,9184
88,88,23140,20215,484,2241,73,135,13,0,0,23681,20486,848,2140,134,81,22,0,0,23324,19964,785,2126,116,272,18,23065,19542,877,2426,104,125,0,2392,15,106,0,0,126,22802,19261,936,2305,135,341,0,17350,15339,280,1588,53,100,10,0,0,17565,15800,93,1568,46,52,0,1568,35,42,0,0,17890,15594,449,1523,67,197,17,17890,15594,449,1459,38,34,11,16,289,17026,15493,95,1117,31,25,0,0,0,0,0,0,17187,15580,227,907,86,147,0,698,45,25,0,16840,15156,203,1200,83,213,0,1043,56,12,0,10768,1466,9124,10616,1328,9288,11163,1248,9752,8458,1050,7107,7658,1099,6559,8716,1076,7640,8654,1610,6868,8634,1150,7484,8623,1252,7371,8702,1178,7439,12163,1454,10584,12126,1828,9979,7146,690,6347,9997,1325,8523,8222,1426,6583,8208,1064,7144,8217,987,7230,7911,1241,6670,8207,983,7224,8210,1027,7183,10555,1397,9092,11528,1345,10137,11436,1419,10017,11481,1267,10214
89,89,23560,16362,1608,5428,175,111,23,0,0,23803,15525,1164,6668,240,317,47,0,0,24177,16372,2067,5230,219,359,24,24579,16757,1019,6454,127,260,20,6393,76,29,20,15,282,24249,16564,1489,5864,191,245,0,17895,13007,1065,3700,108,77,7,0,0,17222,12263,234,4474,43,162,32,4462,30,27,15,0,18521,13243,1227,3644,167,290,20,18521,13243,1227,3517,122,56,7,16,333,18244,14204,185,3895,47,228,23,0,0,0,0,0,17720,13803,205,3643,73,221,0,3635,55,15,0,17105,13201,313,3321,88,177,0,3288,61,4,0,9721,2095,7472,10279,2599,7680,9295,1943,7182,7125,1550,5315,6509,1764,4745,7345,1656,5689,6856,1940,4804,6814,1494,5320,6803,1508,5295,7046,1694,5275,9819,2304,7393,9767,2584,6951,5588,1035,4478,8192,1954,6111,6663,1879,4653,6644,1548,5096,6640,1441,5199,6409,1622,4787,6639,1472,5167,6649,1532,5117,8474,2072,6335,9042,2073,6886,8971,2076,6895,8785,1454,7331
90,90,26772,16393,550,9686,93,95,33,0,0,25078,16088,588,8342,71,86,0,0,0,25380,15002,640,9354,166,277,31,25066,14956,964,9082,34,108,0,8984,29,7,0,2,121,25931,15190,1547,8735,92,368,210,19835,12852,338,6537,60,79,22,0,0,19244,12799,272,6110,56,39,0,6045,56,4,0,0,19386,11988,370,6727,108,211,23,19386,11988,370,6571,69,16,10,25,337,18930,12163,372,6110,13,37,0,0,0,0,0,0,19221,12014,495,6195,21,252,30,6042,11,1,30,19796,12085,360,6969,61,238,54,6808,29,10,54,12528,5061,7239,11994,5033,6961,11610,4375,7097,8969,3250,5515,8843,3843,5000,9236,3569,5667,9419,4116,5175,9352,3602,5750,9275,3391,5884,9077,3527,5483,12441,4589,7709,12439,4894,7387,6957,2097,4838,10256,3945,6209,8259,3588,4537,8208,3135,5073,8190,3099,5091,8134,3051,5083,8203,3128,5075,8203,3181,5022,10793,4001,6741,11704,3976,7625,11629,3921,7708,10105,793,9312
91,91,25472,11139,324,13912,88,100,14,0,0,24592,12007,62,12427,44,109,0,0,0,23537,9913,255,13140,105,225,12,24563,12054,62,12336,66,83,0,12226,53,26,0,0,149,24691,11707,117,12685,69,124,35,19131,8933,257,9867,56,74,12,0,0,19008,9443,47,9439,16,93,0,9270,14,19,10,0,18215,7915,160,9954,81,175,6,18215,7915,160,9744,55,16,2,14,309,18850,8350,37,10494,12,59,0,0,0,0,0,0,18596,8075,48,10572,19,90,0,10471,13,39,0,18432,7933,172,10365,15,81,8,10279,8,33,8,14641,8153,6289,13325,7807,5518,12600,6916,5566,9594,4928,4457,10233,6026,4207,10067,5508,4559,9930,5878,3936,9822,5461,4361,9701,4930,4771,9605,5362,4178,12869,6931,5766,12863,7191,5577,7073,3266,3807,10878,5995,4790,8892,5350,3425,8786,4780,4006,8761,4772,3989,8763,4572,4191,8757,4729,4028,8744,4868,3876,11044,5939,5053,11420,5819,5523,11364,5698,5666,8346,0,8346
92,92,25143,19172,320,5445,119,117,11,0,0,24597,18037,310,6061,173,42,0,0,0,25320,18675,422,5742,191,322,27,25075,17631,548,6617,225,46,0,6534,169,0,0,45,138,25000,17262,593,6784,196,125,0,18879,14608,205,3938,80,71,7,0,0,18635,13894,106,4535,78,13,0,4534,61,3,15,0,19533,14651,252,4283,154,229,20,19533,14651,252,4140,108,39,5,17,321,19170,14354,276,4542,72,19,0,0,0,0,0,0,18934,13760,385,4678,61,96,0,4651,54,0,0,19472,14323,344,4548,122,140,0,4503,66,50,0,11928,2881,8875,11858,2929,8929,11379,2446,8801,9235,1911,7173,9345,2204,7141,9558,2071,7487,8531,2719,5719,8518,2069,6449,8463,1894,6569,8846,2151,6634,12500,2840,9535,12482,2986,9371,6904,1233,5671,10427,2440,7904,8561,2461,5969,8545,1952,6593,8500,1938,6562,8479,1863,6616,8527,1849,6678,8512,1928,6584,10930,2511,8367,11851,2516,9265,11772,2378,9394,10853,432,10421
93,93,24591,20600,569,2939,190,316,27,0,0,24313,20332,563,2776,304,362,15,0,0,25273,20644,870,2862,201,605,15,24940,21744,555,2262,227,199,18,1890,67,71,18,0,596,25455,21813,789,2190,277,276,17,18340,15587,357,2044,132,235,15,0,0,18573,15610,420,2080,104,309,13,1994,15,74,34,0,19488,16033,663,2094,143,472,10,19488,16033,663,1977,77,103,2,45,588,19253,16537,489,2097,112,181,20,0,0,0,0,0,19791,16987,578,1984,142,226,15,1907,115,94,15,20739,18054,571,2014,55,197,5,1969,46,29,5,9497,2039,7301,10229,2131,8098,9635,1529,7910,7027,1202,5630,6167,1289,4878,7039,1329,5710,6355,1453,4813,6301,1314,4987,6288,1282,5006,7236,1344,5802,10800,1711,8958,10690,2208,8160,6069,798,5160,8274,1520,6625,5907,1429,4358,5789,1101,4688,5767,1217,4550,5750,1111,4639,5772,997,4775,5754,1092,4662,9213,1599,7533,11273,1615,9564,11062,1581,9481,11085,1490,9595
94,94,25834,6832,2041,16955,95,177,12,0,0,25375,6722,2156,16793,166,126,0,0,0,23101,5860,876,16134,140,262,24,25288,6554,2682,16219,163,147,0,15602,161,91,0,31,170,23559,6949,1798,14776,185,349,0,19821,5660,1964,12201,81,138,11,0,0,17866,4910,671,12169,56,73,0,12077,56,36,0,0,18240,4971,794,12275,112,202,16,18240,4971,794,11994,95,31,7,24,324,17764,4532,1358,11745,61,100,0,0,0,0,0,0,16704,5022,847,10604,99,141,0,10546,98,7,0,16473,4618,425,11207,21,145,0,11120,17,0,0,13123,9424,3558,12325,9099,3226,10778,7615,3027,8275,5834,2294,8361,6321,2040,8379,5958,2421,8371,6124,2153,8293,5971,2322,8151,5543,2608,8121,5849,2211,10774,7630,3025,10767,7838,2842,6110,4179,1931,9141,6560,2501,7308,5413,1788,7154,5010,2144,7136,5059,2077,7152,4807,2345,7132,4934,2198,7143,5122,2021,9048,6394,2604,9177,6340,2757,9099,6195,2904,9192,6564,2628
95,95,22174,20132,675,910,265,249,39,0,0,23972,21326,1049,1463,200,273,85,0,0,25259,21200,1048,1714,463,715,31,23770,21129,916,1473,270,288,80,860,115,62,0,11,669,24069,20176,1485,1759,353,447,87,16792,15449,444,554,175,192,25,0,0,18799,16889,725,828,135,191,8,675,66,59,95,0,19563,16750,720,1147,297,540,24,19563,16750,720,1016,183,73,4,68,749,18989,17204,676,786,125,135,0,0,0,0,0,0,19192,16830,910,1065,121,214,0,953,71,23,0,19294,16588,773,1459,261,186,0,1408,110,0,0,8586,1482,6976,8098,1353,6745,9059,1357,7472,7547,1535,5883,6477,1415,5062,7402,1600,5802,6273,1524,4683,6228,1329,4899,6239,1312,4927,7215,1461,5662,11022,2102,8779,10973,2537,8140,7004,1148,5732,8501,1751,6621,6316,1607,4614,6245,1360,4885,6226,1347,4879,6237,1229,5008,6237,1247,4990,6239,1280,4959,9780,2036,7656,12216,2381,9698,12074,2266,9808,12057,2180,9877
96,96,25921,10354,210,15298,57,102,13,0,0,23888,9659,97,14011,108,47,0,0,0,23255,8791,262,13978,92,275,9,23353,9094,270,13803,211,94,0,13496,118,5,0,139,235,23399,8755,309,13944,213,134,0,19816,8420,153,11197,45,80,7,0,0,18948,8062,70,10692,65,53,0,10673,65,5,0,0,18573,7392,200,10793,62,222,9,18573,7392,200,10502,24,43,0,40,372,18517,7108,170,10901,89,37,0,0,0,0,0,0,18618,6895,270,11200,96,110,0,11057,92,14,0,18147,6947,133,10870,9,238,0,10703,0,30,0,13958,8164,5573,13425,7981,5444,11922,6571,5203,8676,4555,3925,8383,4894,3489,8521,4462,4059,9292,5332,3762,9172,5214,3958,9078,4964,4114,8963,4999,3884,11989,6464,5376,11932,6574,5190,7243,3596,3647,10175,5520,4541,8542,4724,3594,8373,4344,4029,8389,4456,3933,8355,4431,3924,8400,4389,4011,8376,4495,3881,10105,5287,4750,10017,4931,4954,9916,4829,5087,9667,4504,5163
97,97,22798,16005,281,6223,209,143,7,0,0,21493,13695,398,7411,101,152,0,0,0,23912,15642,335,7289,275,357,21,22363,14188,616,7398,256,138,0,7184,205,21,0,0,147,23196,14703,524,7692,240,72,0,17612,12774,190,4437,145,98,5,0,0,16377,10807,214,5295,55,33,0,5251,51,6,0,0,18789,12852,249,5215,191,260,14,18789,12852,249,5055,174,47,0,23,389,16846,11929,546,4386,151,36,0,0,0,0,0,0,17754,12429,496,4580,195,58,0,4533,181,24,0,17496,12481,211,4508,103,133,0,4454,82,61,0,11880,3299,8411,11614,3351,8263,11286,3017,8082,8992,2371,6426,8457,2580,5877,9028,2509,6519,8971,3025,5855,8892,2586,6306,8870,2446,6424,8772,2610,6091,11929,3475,8315,11902,3715,8004,7438,1812,5626,10080,3017,6955,8297,2994,5186,8252,2558,5694,8224,2547,5677,8148,2511,5637,8227,2456,5771,8239,2514,5725,10386,3164,7155,11075,3216,7755,10969,3109,7860,10095,1575,8520
98,98,26874,8966,275,17483,115,151,27,0,0,25086,8309,219,16401,34,216,0,0,0,25161,7519,414,16828,147,305,26,24271,8402,315,15458,64,264,0,15255,39,167,0,0,75,23748,7363,508,15794,64,273,0,19130,7055,180,11773,76,107,14,0,0,18460,6736,107,11473,30,109,0,11471,30,109,0,0,18953,6266,274,12105,108,234,15,18953,6266,274,11840,80,46,0,42,405,18050,6362,155,11397,62,131,0,0,0,0,0,0,17715,5768,248,11766,21,127,0,11732,7,103,0,17991,5737,268,11934,65,115,0,11720,38,67,0,11840,7606,4050,11641,7861,3780,10146,6410,3597,7565,4577,2850,7854,5342,2512,7720,4772,2948,7643,5007,2566,7576,4816,2760,7476,4498,2978,7663,4949,2667,10543,6643,3782,10556,6921,3503,5334,2868,2466,8793,5638,3071,7100,4764,2195,7045,4500,2545,7028,4481,2547,7034,4398,2636,7041,4422,2619,7053,4568,2485,8879,5569,3259,9078,5436,3567,8986,5254,3732,5950,0,5950
99,99,24823,17264,395,6986,99,184,29,0,0,24075,16357,327,7296,19,42,0,0,0,23113,16413,418,5845,97,312,22,24339,15681,513,8000,13,78,0,7765,10,1,0,57,306,24912,16083,648,7853,25,343,0,18323,13148,256,4780,61,134,14,0,0,17975,12357,255,5323,11,12,0,5323,11,0,0,0,17609,12671,258,4376,69,214,15,17609,12671,258,4258,38,68,5,24,287,18454,12516,357,5458,4,44,0,0,0,0,0,0,18693,12775,372,5325,10,112,0,5323,10,34,0,18717,13224,348,4954,6,115,5,4935,1,36,5,12147,3705,8245,11360,3419,7941,11079,2998,7971,8111,2045,5871,7861,2446,5415,8257,2273,5984,7873,2458,5318,7813,2196,5617,7765,2113,5652,8262,2305,5904,11601,3015,8492,11552,3298,8065,6326,1279,4994,9508,2646,6772,7533,2453,4945,7467,2113,5354,7451,2176,5275,7437,2090,5347,7455,2043,5412,7452,2112,5340,9979,2643,7296,11039,2567,8376,10920,2577,8343,9555,182,9373
100,100,25148,17153,351,7444,122,129,17,0,0,24653,17019,522,6805,131,178,27,0,0,23641,15815,417,6952,157,304,22,24170,17028,624,6150,185,146,24,5998,158,0,24,111,228,22874,16426,461,5599,15,83,0,18858,13299,221,5186,80,98,15,0,0,18656,13294,199,5049,58,96,20,4980,58,0,6,0,18043,12415,240,5031,110,247,17,18043,12415,240,4916,64,36,4,25,343,18204,13333,214,4664,58,111,25,0,0,0,0,0,17490,13023,214,4171,10,65,0,4117,10,15,0,18044,12734,164,5065,56,109,14,4946,56,43,14,12073,3686,8223,12127,3844,8283,11077,3067,7823,8428,2305,5917,8158,2659,5499,8557,2454,6103,8281,2790,5392,8243,2454,5789,8226,2412,5814,8444,2506,5867,11696,3257,8319,11695,3629,7860,6806,1400,5341,9447,2785,6547,7077,2460,4495,7038,2127,4911,7032,2129,4903,6979,2060,4919,7030,2063,4967,7038,2133,4905,9909,2829,7021,11079,2787,8192,10972,2797,8175,9725,388,9337
101,101,20604,14931,546,4594,461,110,19,0,0,23098,15352,994,6116,575,60,8,0,0,25463,15315,1311,7490,903,414,44,22410,14520,893,6451,426,189,0,6212,400,0,0,0,386,24329,15575,1021,7066,630,186,0,15227,11477,345,3028,321,81,11,0,0,17297,12508,249,4197,289,44,0,4131,232,0,8,0,19105,12261,830,5074,630,307,24,19105,12261,830,4889,530,28,13,46,508,17080,11784,263,4647,271,115,0,0,0,0,0,0,18435,12846,318,4719,303,123,0,4668,242,65,0,18383,12263,417,5040,371,151,0,4997,182,42,0,9019,1987,6935,9175,2265,6910,9113,2223,6590,7565,1989,5409,6961,2167,4794,7612,2100,5512,6559,2356,4121,6550,1858,4692,6553,1806,4747,7338,2291,4929,10938,3498,7251,10932,3787,6911,6526,1495,4805,8579,2612,5824,6562,2262,4227,6504,1925,4579,6477,1833,4644,6464,1725,4739,6478,1812,4666,6480,1808,4672,9253,3002,6154,10383,3312,6916,10274,3165,7109,10273,2989,7284
102,102,21938,13332,676,7479,362,125,29,0,0,23420,14046,712,8038,566,292,37,0,0,25149,13967,976,9176,633,348,27,22445,13217,703,7771,732,250,38,7391,493,40,8,7,585,24035,13721,827,8747,562,248,171,18319,11791,558,5587,301,104,26,0,0,18772,12079,433,5982,129,199,0,5835,47,65,47,0,21632,12577,768,7329,589,273,21,21632,12577,768,7088,504,43,5,185,462,18642,11964,420,5920,311,145,10,0,0,0,0,0,20272,12717,441,6423,276,229,135,5894,145,10,135,21173,12374,706,7312,260,71,148,6831,101,7,148,7809,3273,4399,7231,3497,3734,7792,3497,3880,6620,2994,3453,6201,3270,2931,6685,3231,3454,5969,3244,2630,5891,2621,3270,5940,2416,3524,6231,3115,2994,8990,4505,4267,8998,4799,3985,4988,1908,2889,7142,3537,3453,5341,2917,2358,5281,2501,2780,5263,2304,2959,5300,2112,3188,5278,2312,2966,5290,2372,2918,7441,3749,3607,8063,3922,3965,8042,3753,4289,8015,3592,4423
103,103,26937,7671,1382,17802,135,202,27,0,0,25019,5909,827,18146,42,167,3,0,0,24994,5844,1336,17395,243,331,30,25185,5671,988,18264,65,213,10,17731,32,108,0,31,627,24944,5921,1181,17550,207,182,138,19904,6577,931,12278,112,155,22,0,0,18041,5045,175,12696,9,110,0,12465,9,15,45,0,18949,5068,846,12683,199,249,21,18949,5068,846,12348,139,31,15,46,456,17970,4799,190,12873,11,165,0,0,0,0,0,0,17769,4905,293,12589,73,113,0,12431,60,44,0,17635,5180,429,12097,39,153,1,11878,37,45,1,9088,6834,2126,10044,7542,2502,8581,6526,1851,6389,4654,1558,6804,5590,1214,6729,5248,1481,6039,4766,1210,5961,4502,1459,5852,4058,1794,6451,5006,1370,9178,6948,2058,9207,7278,1812,4807,3527,1166,7291,5627,1563,5380,4386,922,5299,3994,1305,5294,3863,1431,5329,3749,1580,5301,3938,1363,5321,4103,1218,7230,5501,1666,7249,5305,1842,7226,5205,2021,7180,4973,2207
104,104,23575,20450,529,2280,171,179,15,0,0,24388,20575,700,2644,343,187,0,0,0,25323,20715,846,2906,266,590,30,25021,21913,557,2280,184,73,0,2102,101,55,0,16,279,25730,22655,326,2180,362,133,11,17284,15216,319,1528,118,123,9,0,0,17833,15438,319,1754,165,124,0,1672,90,74,35,0,18713,15623,523,1913,176,428,18,18713,15623,523,1796,104,57,1,38,571,18153,15988,294,1703,89,73,0,0,0,0,0,0,18822,16686,151,1676,193,100,0,1639,118,14,0,17960,15722,223,1540,312,102,0,1420,253,7,0,9291,1390,7769,11229,1978,9251,10236,1433,8556,8140,1289,6601,7468,1510,5958,8261,1450,6811,7775,1894,5733,7729,1341,6388,7743,1346,6397,8231,1532,6579,11975,2071,9708,11936,2519,9086,7027,919,5923,9191,1658,7379,6619,1538,4982,6599,1194,5405,6573,1154,5419,6557,1109,5448,6593,1125,5468,6587,1145,5442,10035,1903,8034,11595,1974,9496,11495,1991,9504,11513,1824,9689
105,105,26117,20186,297,5438,59,177,7,0,0,25158,19629,421,4882,36,210,7,0,0,24917,19166,406,4715,120,452,23,25237,19685,384,4796,151,226,8,4503,143,127,0,0,391,25058,19397,946,4066,255,357,16,20008,15281,217,4359,44,138,3,0,0,19889,15457,153,4099,20,188,0,4019,10,116,4,0,19694,15010,261,3935,88,357,17,19694,15010,261,3875,43,105,2,14,384,19743,15240,168,4016,156,199,0,0,0,0,0,0,19499,15065,410,3373,245,354,0,3268,237,117,0,19625,15024,233,3697,292,400,10,3540,262,133,10,11128,2469,8459,11061,2334,8727,10554,1798,8607,7422,1314,5910,6591,1464,5127,7454,1582,5872,7807,2024,5662,7700,1621,6079,7670,1733,5937,8038,1581,6389,11474,1953,9424,11356,2404,8696,6932,1090,5736,8920,1690,7121,6686,1674,4823,6658,1306,5352,6629,1333,5296,6616,1310,5306,6634,1220,5414,6644,1273,5371,9657,1754,7854,11060,1650,9344,10956,1705,9251,10990,1526,9464
106,106,24643,19747,522,3956,149,309,27,0,0,24512,19792,399,3891,196,236,60,0,0,23975,18664,786,3592,173,650,25,23870,19284,380,3661,149,343,15,3565,35,39,0,27,536,24540,20126,428,3342,103,416,7,18579,15126,373,2766,101,218,17,0,0,18708,15231,249,2775,144,193,0,2761,39,22,95,0,18572,14610,520,2716,140,503,17,18572,14610,520,2574,83,74,0,32,679,18201,14723,281,2745,106,276,0,0,0,0,0,0,18979,15594,317,2827,37,246,0,2792,12,16,0,19008,15620,451,2683,35,239,0,2601,36,34,0,10162,2392,7577,9212,2194,7018,9633,1909,7503,6941,1479,5275,6017,1546,4471,6881,1606,5275,6089,1552,4424,6044,1322,4722,6060,1372,4688,6989,1504,5383,10423,2039,8241,10308,2423,7557,5916,984,4815,7825,1680,6018,5047,1271,3665,5015,1091,3924,5007,1108,3899,4991,1083,3908,5009,1037,3972,5016,1102,3914,8652,1783,6780,10640,1915,8598,10431,1909,8522,10472,1810,8662
107,107,23771,20485,414,2605,92,190,12,0,0,24618,20388,627,3358,138,146,2,0,0,25177,20908,652,2729,203,582,26,24616,19890,738,3589,222,242,0,3394,201,11,0,0,382,25891,20941,782,3480,388,254,58,17719,15422,264,1844,60,131,8,0,0,18412,15455,304,2412,84,135,2,2370,67,19,6,0,19164,16097,383,1989,124,462,25,19164,16097,383,1915,80,81,10,46,552,18387,15439,310,2164,104,169,0,0,0,0,0,0,19270,16196,384,2084,223,171,0,1920,142,24,0,19836,16764,309,2210,146,232,0,1895,89,14,0,9790,1755,7852,9983,1629,8354,9999,1298,8498,7380,1047,6112,6369,1132,5237,7310,1282,6028,6234,1317,4830,6192,1047,5145,6171,1070,5101,7421,1217,6124,11320,1650,9527,11238,2185,8762,6846,768,5930,8512,1333,7050,5790,1104,4576,5728,849,4879,5693,945,4748,5705,856,4849,5708,759,4949,5695,834,4861,9407,1474,7863,11314,1492,9719,11134,1490,9644,11176,1373,9803
108,108,25369,19679,845,4356,192,348,34,0,0,24956,19104,1018,4421,159,522,27,0,0,25442,18520,1164,4629,284,747,18,25484,19059,1128,4612,131,635,37,4468,94,24,0,176,546,24914,18091,1124,4880,129,702,5,19124,15302,557,2890,130,258,26,0,0,18872,15131,477,2973,91,183,0,2958,20,12,25,0,19539,14708,758,3207,202,571,11,19539,14708,758,3049,120,100,0,62,742,19450,15401,536,3119,57,201,0,0,0,0,0,0,18908,14663,539,3205,130,263,0,3166,90,3,0,18956,14482,664,3425,85,258,5,3316,47,31,5,10184,2257,7790,10264,2409,7855,9732,1998,7514,6995,1565,5260,5824,1508,4316,6798,1641,5157,5574,1408,4092,5515,1239,4276,5551,1296,4255,6964,1588,5285,10757,2328,8299,10560,2712,7513,5762,1006,4674,7880,1796,5957,4815,1216,3506,4780,1075,3705,4772,1095,3677,4766,1076,3690,4801,1062,3739,4788,1080,3708,8670,1974,6618,10652,2174,8378,10438,2191,8247,10455,2060,8395
109,109,23143,21596,306,925,92,216,17,0,0,22698,20915,322,1275,51,140,0,0,0,23765,21490,423,939,145,645,24,22026,20495,250,1191,12,78,0,1014,12,18,0,1,231,22720,21198,423,864,133,120,0,16810,15757,180,648,59,166,11,0,0,16897,16185,236,357,23,99,0,357,3,47,0,0,17826,16208,280,647,102,479,16,17826,16208,280,569,54,79,3,25,608,16568,16102,137,325,0,49,0,0,0,0,0,0,17354,16373,358,515,31,75,0,493,8,5,0,17447,15889,416,461,47,585,4,402,17,84,4,9675,1021,8551,9980,881,9099,10109,740,9186,7716,680,6894,6546,683,5863,7645,891,6754,6232,684,5482,6214,626,5588,6181,592,5589,7312,690,6543,10886,920,9861,10785,1331,9191,6929,410,6374,8259,769,7378,5203,605,4517,5181,470,4711,5166,478,4688,5142,445,4697,5181,406,4775,5176,441,4735,8942,854,8016,10867,867,9931,10753,893,9860,10800,782,10018
110,110,25630,7264,2046,16153,272,172,27,0,0,24682,6753,2503,15001,146,330,12,0,0,23705,5524,2635,15285,224,362,42,24642,6038,2957,15205,220,302,0,14924,154,98,0,208,253,24391,6107,2630,15237,261,115,13,19344,6130,1384,11683,205,130,22,0,0,18911,5928,1089,11636,54,210,0,11596,53,141,14,0,18416,4725,1746,11698,177,268,35,18416,4725,1746,11324,120,34,1,31,435,18597,4803,1399,12294,50,127,0,0,0,0,0,0,17878,4726,1266,11871,37,95,0,11786,27,11,0,16829,4918,1264,10355,113,154,0,10270,83,0,0,11452,8116,3216,10793,7686,3107,8997,6353,2504,6753,4602,2048,6660,4936,1724,6837,4806,2031,5502,3917,1539,5466,3867,1599,5373,3632,1741,6231,4444,1734,8774,6150,2513,8778,6379,2309,4751,3011,1698,7067,5014,1978,4634,3432,1156,4562,3174,1388,4567,3196,1371,4575,3055,1520,4571,3102,1469,4575,3259,1316,6795,4763,1993,7007,4754,2203,6994,4662,2332,6946,4241,2705
111,111,24128,18837,1180,3641,388,198,48,0,0,24019,17341,1214,4659,510,221,152,0,0,25341,18037,2106,4086,541,663,55,24484,17441,1466,4441,716,257,118,4111,325,137,0,387,628,23752,16971,1330,4317,714,233,0,18051,14776,738,2183,265,147,29,0,0,18237,14113,507,3243,200,157,0,3178,187,57,0,0,19311,14451,1311,2681,386,493,33,19311,14451,1311,2459,252,82,11,51,694,18326,14164,685,2768,334,224,0,0,0,0,0,0,18363,14232,781,2740,342,154,0,2516,194,67,0,20778,15811,977,2671,567,598,4,2476,267,107,4,10039,1986,7919,9198,1997,7201,9121,1917,6982,7232,1625,5470,6343,1630,4713,7175,1821,5354,5850,1520,4252,5821,1410,4411,5812,1272,4540,6691,1674,4920,9853,2427,7211,9761,2827,6679,5939,1018,4817,7616,1908,5583,4922,1454,3396,4894,1226,3668,4858,1181,3677,4873,1064,3809,4888,1096,3792,4880,1160,3720,8001,2068,5857,9461,2278,7085,9375,2187,7188,9397,1962,7435
112,112,24585,16635,1145,6168,463,306,27,0,0,25283,16474,2352,5562,918,278,0,0,0,25470,15839,2113,6323,595,681,70,26164,16694,2685,5751,696,318,13,5564,607,142,0,200,275,26461,15803,2612,7044,788,547,34,18045,12988,728,3835,324,211,19,0,0,18782,12776,1648,3795,445,106,0,3791,413,74,26,0,19486,12781,1373,4398,449,490,61,19486,12781,1373,4126,337,98,24,58,689,19491,13303,1720,3926,258,258,0,0,0,0,0,0,19807,12779,1580,4811,328,265,10,4781,314,115,10,19554,12789,1273,4038,349,1109,5,3947,294,307,5,9227,2862,6246,9105,2907,6198,7958,2249,5513,6598,1957,4499,6098,2136,3962,6609,2168,4441,5446,1809,3559,5414,1737,3677,5379,1581,3798,6218,2001,4131,9350,2942,6263,9315,3288,5789,5549,1352,4102,7133,2280,4734,4852,1722,3063,4820,1518,3302,4793,1491,3302,4818,1395,3423,4823,1431,3392,4810,1493,3317,7636,2440,5119,8823,2627,6093,8725,2507,6218,8736,2316,6420
113,113,24296,19904,988,2106,1136,246,33,0,0,25908,20410,1722,2310,1430,370,72,0,0,25207,19265,1462,2566,1211,723,43,24934,20270,1283,2093,1180,138,60,1754,976,8,0,65,579,25697,19953,2172,2147,1522,176,24,18315,15379,624,1397,768,164,27,0,0,18814,15428,900,1522,730,182,0,1464,633,19,64,0,19425,15243,973,1757,885,521,26,19425,15243,973,1566,703,77,7,53,803,18861,15609,894,1527,668,102,0,0,0,0,0,0,19428,15572,1336,1563,759,100,0,1470,579,4,0,19591,15102,1683,1562,926,323,4,1489,826,14,4,9307,2412,6762,9108,2305,6803,8611,2116,6160,7562,2203,5181,6832,2271,4561,7503,2376,5127,6483,2336,4042,6431,2154,4277,6439,1912,4527,6909,2183,4607,10045,3082,6780,9992,3418,6293,6370,1566,4676,7888,2432,5294,5680,2103,3497,5587,1768,3819,5550,1664,3886,5603,1451,4152,5590,1578,4012,5567,1627,3940,8616,2736,5783,10253,3120,6974,10159,2909,7250,10158,2747,7411
114,114,22810,18118,802,2307,1411,243,36,0,0,25286,19469,1295,3220,1187,331,184,0,0,25224,17728,1429,3488,1784,784,66,25723,20179,1036,2907,1453,255,270,2579,1288,72,185,0,379,25683,20576,1142,2388,1286,670,94,17057,13961,544,1446,954,181,26,0,0,18890,15154,539,2227,699,204,40,2172,664,100,45,0,19273,14106,961,2305,1240,581,52,19273,14106,961,2059,1091,88,29,61,878,19942,15808,764,2084,1043,141,100,0,0,0,0,0,20019,16349,853,1601,894,238,20,1409,877,47,20,20118,15825,981,2030,763,453,11,1717,615,78,11,6697,1593,5005,6938,1632,5306,6993,1417,5343,5283,1238,3939,4811,1291,3520,5259,1386,3873,4572,1289,3177,4553,1230,3323,4539,1088,3451,5364,1383,3879,8144,2008,5998,8096,2378,5458,4879,899,3871,6152,1551,4484,4309,1234,2994,4276,1048,3228,4256,1054,3202,4269,919,3350,4279,966,3313,4266,996,3270,7008,1781,5140,8597,1988,6509,8532,1964,6568,8518,1812,6706
115,115,25030,14606,2385,5900,2034,351,131,0,0,26082,13196,2123,8153,2288,508,75,0,0,25317,12528,2838,7542,2057,561,117,25479,13275,2258,7900,1986,252,81,7276,1547,140,21,65,897,25872,14954,2975,6194,1849,525,134,19556,12077,1793,4065,1526,252,104,0,0,19165,10825,1141,5589,1141,295,0,5414,966,246,178,0,19297,10354,1822,5120,1659,406,74,19297,10354,1822,4726,1451,45,39,68,792,18744,11097,1059,5427,848,150,20,0,0,0,0,0,18484,11799,1256,4117,1005,172,20,3713,843,23,20,17443,11046,1212,4071,877,162,34,3606,732,11,34,6290,2710,3482,6466,2905,3561,5798,2404,3237,4649,1981,2568,4352,2110,2242,4624,2096,2528,3999,1901,2025,3976,1836,2140,3969,1723,2246,4485,2034,2379,6667,2909,3639,6662,3152,3334,3409,1239,2087,5085,2283,2720,3509,1786,1673,3439,1587,1852,3420,1552,1868,3443,1410,2033,3420,1511,1909,3434,1553,1881,5514,2464,2993,6430,2732,3621,6334,2593,3741,6305,2469,3836
116,116,19920,16605,649,1715,802,210,39,0,0,22095,18277,715,1962,985,133,115,0,0,23970,17837,1175,2890,1388,700,68,23373,18583,976,2325,1625,49,94,1811,1023,0,0,0,979,23503,18047,952,3033,1369,370,118,14893,12703,440,1069,548,161,20,0,0,16743,14328,487,1155,672,80,0,1136,657,63,36,0,18306,14199,786,1794,935,547,47,18306,14199,786,1626,750,60,9,54,822,17414,14598,668,1195,886,10,0,0,0,0,0,0,17850,14310,580,1903,615,179,0,1784,543,74,0,18430,14036,538,2428,805,255,0,2093,710,43,0,6443,1190,5161,6734,1204,5530,6782,1044,5565,5680,1063,4518,5055,1061,3994,5654,1175,4479,5085,1252,3765,5056,1111,3945,5084,996,4088,5856,1208,4574,9322,1858,7337,9292,2145,6867,5446,891,4440,6875,1434,5344,5200,1363,3784,5161,1173,3988,5130,1162,3968,5155,1035,4120,5158,1061,4097,5154,1105,4049,8176,1806,6301,10115,2149,7866,10000,2086,7914,10012,1991,8021
117,117,21109,14287,1592,4162,959,231,83,0,0,21657,14666,1558,4305,1200,130,69,0,0,23482,14414,2065,5327,1268,598,66,21355,14623,1206,4436,1122,217,84,3656,861,33,41,8,927,23585,14751,1331,5876,1212,218,0,16353,11593,1160,2755,732,166,56,0,0,16611,12153,990,2571,769,35,20,2508,686,15,55,0,18541,12101,1405,3722,907,460,51,18541,12101,1405,3423,694,61,19,79,759,16405,12054,727,2596,815,93,40,0,0,0,0,0,18090,12394,817,3860,907,90,0,3657,819,0,0,17312,12189,880,3267,867,77,5,3135,799,11,5,7035,2359,4619,5888,1964,3924,7455,2264,4924,6014,1934,3966,5545,2061,3484,5978,2088,3890,5284,1930,3270,5261,1786,3475,5267,1671,3596,5877,2048,3717,8725,3005,5540,8709,3343,5096,4851,1314,3432,6689,2324,4234,4630,1810,2783,4587,1558,3029,4551,1540,3011,4586,1378,3208,4577,1484,3093,4568,1531,3037,7223,2550,4598,8444,2895,5447,8339,2680,5659,8301,2556,5745
118,118,22013,15044,1226,5132,520,212,57,0,0,23666,14216,1848,7112,316,374,14,0,0,24865,14713,2020,6973,676,641,66,24859,15371,1646,7194,564,194,179,6567,386,44,0,17,829,26123,15874,1854,7302,773,319,186,16887,12067,884,3452,384,158,32,0,0,17029,11309,681,4654,165,193,0,4654,165,105,15,0,19119,12174,1289,4777,487,453,44,19119,12174,1289,4519,342,45,20,28,702,17673,11831,773,4577,285,150,0,0,0,0,0,0,19136,12637,894,4854,425,216,15,4633,411,10,15,19795,13038,1078,4954,489,278,11,4586,459,6,11,8693,2872,5724,8912,3135,5777,8679,2761,5638,7130,2427,4584,6647,2558,4089,7112,2567,4545,6176,2456,3595,6144,2226,3918,6166,2095,4071,6823,2552,4154,10038,3754,6101,10029,4081,5681,5697,1700,3875,7900,2942,4829,5887,2484,3325,5808,2162,3646,5782,2068,3714,5805,1872,3933,5804,1984,3820,5789,2059,3730,8480,3222,5169,9635,3526,5994,9534,3288,6246,9511,3198,6313
119,119,23900,7787,1175,14506,418,233,64,0,0,25046,8530,1307,14603,511,224,38,0,0,24714,6251,1460,16258,435,503,80,24238,7525,905,15055,452,313,16,14459,260,189,0,154,745,24481,7136,709,16265,570,351,49,17544,6356,830,9989,306,169,43,0,0,18221,6863,621,10340,196,169,0,10157,176,138,48,0,18341,5311,952,11460,315,369,50,18341,5311,952,11049,224,73,30,59,643,17797,5844,494,11132,167,251,0,0,0,0,0,0,17709,5538,344,11724,135,241,0,11215,91,31,0,17322,5243,505,11311,186,243,0,10826,108,20,0,7942,6237,1600,7356,5675,1681,6815,5251,1424,5161,4002,1089,5223,4379,844,5180,4121,1059,4323,3439,812,4289,3445,844,4282,3307,975,5018,3985,979,7466,5758,1597,7497,6011,1356,3337,2512,783,5817,4611,1139,4167,3480,623,4072,3217,855,4044,3216,828,4076,3058,1018,4060,3136,924,4060,3262,798,5888,4564,1275,6102,4538,1484,6053,4384,1669,6004,4211,1793
120,120,22455,17226,1034,3348,713,264,51,0,0,23774,17571,1436,3911,897,60,7,0,0,24260,17619,1492,3556,919,735,69,23819,17761,1617,3479,1116,36,101,3156,636,7,15,17,607,24552,17628,1128,4497,1133,278,124,17002,13558,676,2107,526,184,34,0,0,17942,14339,685,2473,338,51,0,2401,248,19,49,0,19048,14392,1032,2372,651,555,44,19048,14392,1032,2100,509,77,29,64,845,18308,14700,773,2017,512,29,15,0,0,0,0,0,18878,14529,679,2525,612,191,15,2473,420,22,15,19117,14132,1021,2966,474,218,22,2821,354,16,22,8386,2114,6131,8530,2261,6269,8402,2068,6060,6912,1916,4876,6218,1993,4225,6863,2045,4818,5902,2032,3776,5871,1839,4032,5896,1671,4225,6550,2010,4421,9732,2903,6630,9733,3278,6087,5481,1207,4145,7602,2260,5208,5582,1862,3636,5539,1576,3963,5491,1529,3962,5553,1381,4172,5525,1428,4097,5524,1469,4055,8321,2506,5715,9746,2733,6881,9655,2569,7086,9667,2453,7214
121,121,20993,15931,653,3575,614,317,34,0,0,25064,18142,738,5292,892,622,72,0,0,25138,17264,1132,5237,845,664,65,26089,18712,1181,5690,712,531,62,4910,284,130,21,14,842,25550,18617,1431,4469,902,566,132,15930,12496,432,2401,405,213,28,0,0,18583,14176,432,3396,330,330,17,3172,233,53,88,0,19385,13834,751,3631,605,485,47,19385,13834,751,3370,436,105,26,54,809,19815,14801,704,3649,280,396,10,0,0,0,0,0,19721,15325,734,2885,390,253,4,2767,248,118,4,20988,15548,974,3675,480,184,0,3536,381,80,0,7825,2463,5253,8698,2751,5947,8685,2431,6026,7388,2354,4896,6586,2368,4218,7344,2449,4895,6330,2330,3914,6318,2197,4121,6309,2017,4292,7066,2332,4648,10694,3371,7197,10667,3712,6662,6330,1720,4503,8376,2767,5494,6593,2571,3934,6532,2260,4272,6513,2211,4302,6512,1994,4518,6524,2105,4419,6520,2169,4351,9543,3176,6290,11422,3568,7723,11341,3423,7918,11324,3263,8061
122,122,23947,19370,881,3065,368,363,25,0,0,26835,21336,1139,3752,372,328,0,0,0,24742,18570,1054,3892,398,767,34,27601,21644,1267,3974,559,387,0,3571,460,224,0,0,441,24528,19779,504,3298,375,413,0,18143,15037,592,2046,244,271,17,0,0,21018,17297,607,2527,276,297,0,2432,265,142,0,0,19430,15084,763,2645,289,589,29,19430,15084,763,2438,208,109,5,57,766,21768,17402,730,2853,445,294,0,0,0,0,0,0,19588,15970,300,2687,267,343,0,2448,147,210,0,19909,15882,635,2797,205,360,0,2597,155,140,0,8907,2539,6153,8224,2607,5617,9025,2293,6467,7080,2508,4469,5960,2042,3918,6827,2385,4442,6144,2099,3942,6077,1850,4227,6058,1797,4261,6991,2094,4799,10741,2991,7572,10626,3636,6687,5866,1455,4315,7883,2438,5328,5139,1786,3272,5093,1564,3529,5062,1568,3494,5082,1443,3639,5082,1468,3614,5077,1523,3554,8699,2573,6059,10320,2697,7504,10204,2616,7588,10157,2481,7676