ID,Label,T_10_CENS_Total,T_10_CENS_White,T_10_CENS_Hispanic,T_10_CENS_Black,T_10_CENS_Asian,T_10_CENS_Native,T_10_CENS_Pacific,T_10_CENS_BlackAlone,T_10_CENS_NativeAlone,T_19_ACS_Total,T_19_ACS_White,T_19_ACS_Hispanic,T_19_ACS_Black,T_19_ACS_Asian,T_19_ACS_Native,T_19_ACS_Pacific,T_19_ACS_BlackAlone,T_19_ACS_NativeAlone,T_20_CENS_Total,T_20_CENS_White,T_20_CENS_Hispanic,T_20_CENS_Black,T_20_CENS_Asian,T_20_CENS_Native,T_20_CENS_Pacific,T_20_ACS_Total,T_20_ACS_White,T_20_ACS_Hispanic,T_20_ACS_Black,T_20_ACS_Asian,T_20_ACS_Native,T_20_ACS_Pacific,T_20_ACS_BlackAlone,T_20_ACS_AsianAlone,T_20_ACS_NativeAlone,T_20_ACS_PacificAlone,T_20_ACS_TwoOrMore,T_22_ACS_Total,T_22_ACS_White,T_22_ACS_Hispanic,T_22_ACS_Black,T_22_ACS_Asian,T_22_ACS_Native,T_22_ACS_Pacific,V_10_VAP_Total,V_10_VAP_White,V_10_VAP_Hispanic,V_10_VAP_Black,V_10_VAP_Asian,V_10_VAP_Native,V_10_VAP_Pacific,V_10_VAP_BlackAlone,V_10_VAP_NativeAlone,V_19_CVAP_Total,V_19_CVAP_White,V_19_CVAP_Hispanic,V_19_CVAP_Black,V_19_CVAP_Asian,V_19_CVAP_Native,V_19_CVAP_Pacific,V_19_CVAP_BlackAlone,V_19_CVAP_AsianAlone,V_19_CVAP_NativeAlone,V_19_CVAP_PacificAlone,V_19_CVAP_OtherAlone,V_19_CVAP_TwoOrMore,V_20_VAP_Total,V_20_VAP_White,V_20_VAP_Hispanic,V_20_VAP_Black,V_20_VAP_Asian,V_20_VAP_Native,V_20_VAP_Pacific,V_20_VAP_NH_Total,V_20_VAP_NH_White,V_20_VAP_NH_Hispanic,V_20_VAP_NH_BlackAlone,V_20_VAP_NH_AsianAlone,V_20_VAP_NH_NativeAlone,V_20_VAP_NH_PacificAlone,V_20_VAP_NH_TwoOrMore,V_20_CVAP_Total,V_20_CVAP_White,V_20_CVAP_Hispanic,V_20_CVAP_Black,V_20_CVAP_Asian,V_20_CVAP_Native,V_20_CVAP_Pacific,V_20_CVAP_BlackAlone,V_20_CVAP_AsianAlone,V_20_CVAP_NativeAlone,V_20_CVAP_PacificAlone,V_22_CVAP_Total,V_22_CVAP_White,V_22_CVAP_Hispanic,V_22_CVAP_Black,V_22_CVAP_Asian,V_22_CVAP_Native,V_22_CVAP_Pacific,V_22_CVAP_BlackAlone,V_22_CVAP_AsianAlone,V_22_CVAP_NativeAlone,V_22_CVAP_PacificAlone,V_24_CVAP_Total,V_24_CVAP_White,V_24_CVAP_Hispanic,V_24_CVAP_Black,V_24_CVAP_Asian,V_24_CVAP_Native,V_24_CVAP_Pacific,V_24_CVAP_BlackAlone,V_24_CVAP_AsianAlone,V_24_CVAP_NativeAlone,V_24_CVAP_PacificAlone,E_08_PRES_Total,E_08_PRES_Dem,E_08_PRES_Rep,E_12_PRES_Total,E_12_PRES_Dem,E_12_PRES_Rep,E_14_SEN_Total,E_14_SEN_Dem,E_14_SEN_Rep,E_16_PRES_Total,E_16_PRES_Dem,E_16_PRES_Rep,E_16_SEN_Total,E_16_SEN_Dem,E_16_SEN_Rep,E_16_GOV_Total,E_16_GOV_Dem,E_16_GOV_Rep,E_16_AG_Total,E_16_AG_Dem,E_16_AG_Rep,E_16_AUD_Total,E_16_AUD_Dem,E_16_AUD_Rep,E_16_LTG_Total,E_16_LTG_Dem,E_16_LTG_Rep,E_16_SOS_Total,E_16_SOS_Dem,E_16_SOS_Rep,E_16_TREAS_Total,E_16_TREAS_Dem,E_16_TREAS_Rep,E_16-20_COMP_Total,E_16-20_COMP_Dem,E_16-20_COMP_Rep,E_20_PRES_Total,E_20_PRES_Dem,E_20_PRES_Rep,E_20_SEN_Total,E_20_SEN_Dem,E_20_SEN_Rep,E_20_GOV_Total,E_20_GOV_Dem,E_20_GOV_Rep,E_20_AG_Total,E_20_AG_Dem,E_20_AG_Rep,E_20_AUD_Total,E_20_AUD_Dem,E_20_AUD_Rep,E_20_LTG_Total,E_20_LTG_Dem,E_20_LTG_Rep,E_20_SOS_Total,E_20_SOS_Dem,E_20_SOS_Rep,E_20_TREAS_Total,E_20_TREAS_Dem,E_20_TREAS_Rep,E_16-22_COMP_Total,E_16-22_COMP_Dem,E_16-22_COMP_Rep,E_22_SEN_Total,E_22_SEN_Dem,E_22_SEN_Rep,E_22_CONG_Total,E_22_CONG_Dem,E_22_CONG_Rep,E_22_SC3_Total,E_22_SC3_Dem,E_22_SC3_Rep,E_22_SC5_Total,E_22_SC5_Dem,E_22_SC5_Rep,E_20-24_COMP_Total,E_20-24_COMP_Dem,E_20-24_COMP_Rep,E_24_PRES_Total,E_24_PRES_Dem,E_24_PRES_Rep,E_24_GOV_Total,E_24_GOV_Dem,E_24_GOV_Rep,E_24_AG_Total,E_24_AG_Dem,E_24_AG_Rep,E_24_AUD_Total,E_24_AUD_Dem,E_24_AUD_Rep,E_24_LTG_Total,E_24_LTG_Dem,E_24_LTG_Rep,E_24_SOS_Total,E_24_SOS_Dem,E_24_SOS_Rep,E_24_TREAS_Total,E_24_TREAS_Dem,E_24_TREAS_Rep,E_24_CONG_Total,E_24_CONG_Dem,E_24_CONG_Rep,E_24_SC6_Total,E_24_SC6_Dem,E_24_SC6_Rep
0,Un,0,0,0,0,0,0,0,0,0,0,0,0,0,0,0,0,0,0,0,0,0,0,0,0,0,0,0,0,0,0,0,0,0,0,0,0,0,0,0,0,0,0,0,0,0,0,0,0,0,0,0,0,0,0,0,0,0,0,0,0,0,0,0,0,0,0,0,0,0,0,0,0,0,0,0,0,0,0,0,0,0,0,0,0,0,0,0,0,0,0,0,0,0,0,0,0,0,0,0,0,0,0,0,0,0,0,0,0,0,0,0,0,0,0,0,0,0,0,0,0,0,0,0,0,0,0,0,0,0,0,0,0,0,0,0,0,0,0,0,0,0,0,0,0,0,0,0,0,0,0,0,0,0,0,0,0,0,0,0,0,0,0,0,0,0,0,0,0,0,0,0,0,0,0,0,0,0,0,0,0,0,0,0,0,0,0,0,0,0,0,0,0,0,0,0,0,0,0,0,0,0,0,0,0,0,0,0,0,0,0,0,0,0,0,0,0,0,0,0
1,1,81800,59430,2638,18661,670,653,65,0,0,82683,60762,3151,17687,501,785,49,0,0,82812,60304,3343,16107,1077,1828,210,83807,61765,3268,17458,649,859,32,16652,256,256,32,1369,83788,61212,3932,16247,651,1119,30,63837,47677,1622,13713,451,500,41,0,0,65266,49413,1434,13470,341,596,29,13120,233,279,29,15,0,66464,49823,2052,12268,733,1379,142,66464,49823,2052,11642,445,189,34,2135,66143,50311,1395,13327,428,667,35,0,0,0,0,65968,50610,1670,12573,421,644,14,12395,264,116,14,68047,52488,1666,12473,565,879,20,12196,302,59,20,40544,17813,22197,40247,17377,22870,27930,11287,15802,42268,15301,25467,41360,15072,25175,41582,15713,25082,40208,16238,23970,39618,16750,22868,40900,15339,24474,39877,17540,22337,39572,15362,24210,46146,17050,28219,48863,17993,30233,48256,17066,29371,48590,18837,29076,47571,17925,29646,47292,18673,28619,47834,17477,30357,47361,18683,28678,47006,17117,29889,45199,16550,27808,35163,11711,22623,35002,12276,22726,34905,11874,23031,34936,12020,22916,47073,16932,29285,50628,17507,32521,49825,18754,29305,49529,18167,31362,48991,17092,30513,49588,17657,30553,49360,18577,30783,49061,17066,31995,48577,13478,31825,49105,17902,31203
2,2,85064,50715,6298,26236,1443,916,107,0,0,91610,51262,8501,30024,1549,1211,214,0,0,90751,48834,9960,28612,1812,2245,91,92022,51678,7798,30747,1460,1152,205,28672,827,256,45,2489,92793,49667,9239,31589,1865,1861,166,64739,40786,3811,18837,993,622,60,0,0,67768,41919,1982,22346,636,688,24,21819,549,248,24,344,0,71471,40599,6332,21938,1330,1655,62,71471,40599,6332,20889,1005,314,27,2009,69318,42871,2131,22651,521,711,24,0,0,0,0,69826,41726,2917,23205,815,766,8,22572,711,89,8,68475,40857,3148,22424,1037,714,0,21668,904,106,0,43194,22791,19929,44012,24259,19753,30000,16066,12947,45920,24179,20034,45583,23735,20558,45766,25185,19808,44431,25515,18916,43674,25393,18281,44892,23351,20546,43980,26794,17186,43719,24105,19614,48965,26828,21175,51043,27902,22495,50540,27067,21469,50921,29430,20903,49848,28489,21359,49461,28907,20554,50075,27428,22647,49642,29045,20597,49165,26670,22495,47464,26200,20379,36360,19854,15734,36259,19314,16945,36039,20065,15974,36023,19890,16133,47917,26903,20090,50596,27502,22370,49568,30135,17421,49508,28788,20720,48834,26815,20698,49346,27903,20056,49210,29197,20013,48767,27027,21740,49158,27172,21364,48887,28031,20856
3,3,85163,58206,4612,19892,2150,897,217,0,0,83971,56749,5099,18602,3141,878,407,0,0,84906,56259,5280,18246,3578,1852,209,84552,56666,5351,18742,3173,601,379,17807,2671,265,61,1290,85451,56388,5622,19138,3496,893,532,65847,47092,2898,14180,1328,625,136,0,0,63340,45884,2078,13429,1245,535,91,13188,1127,316,91,183,0,67137,46643,3296,13565,2316,1361,138,67137,46643,3296,12660,1859,223,67,2172,64204,46505,2130,13597,1458,471,51,0,0,0,0,65114,46562,2242,13891,1745,471,71,13323,1394,124,71,66751,48083,2790,13522,1740,606,49,12770,1441,111,49,38234,16267,21549,39691,16045,23646,27202,10499,15705,41369,15484,24463,40908,14844,24530,41056,15625,24691,39909,16207,23702,39287,17599,21688,40306,15091,24202,39476,16925,22551,39115,15261,23854,44447,17556,25894,46586,18546,27312,46114,17879,26072,46417,19674,26077,45252,18623,26629,45220,20214,25006,45656,18016,27640,45237,19351,25886,44853,17823,27030,43147,17193,25062,32922,12537,19596,32807,12190,20617,32761,12178,20583,32764,12377,20387,45280,18776,25488,49413,19455,29379,48376,22832,23007,48499,20995,27504,47824,18778,27513,48450,20069,26863,48236,20673,27563,47894,18644,29250,42256,0,32580,47992,19881,28111
4,4,96487,48822,19284,27693,567,927,176,0,0,96923,48131,21068,26624,1205,704,184,0,0,83034,39829,18939,22872,650,1915,106,97841,47320,21170,28239,1189,769,222,25724,433,224,60,2761,82887,38734,19461,23214,1162,901,255,71726,39426,11352,20371,408,629,95,0,0,63501,39407,4010,19183,255,378,61,18926,183,213,61,258,0,62938,32750,11738,17299,487,1351,93,62938,32750,11738,16466,285,185,21,1358,64411,38737,4786,19890,324,420,65,0,0,0,0,54577,32210,4773,16353,485,596,190,15610,372,80,190,54900,32229,5427,16324,426,658,20,15482,381,45,20,33500,15430,17608,34013,15683,18330,21183,9225,11214,34160,14258,19273,33700,13879,18969,33878,14155,19368,32834,15033,17801,32373,15480,16893,33192,13831,18798,32656,16403,16253,32414,14417,17997,35689,14926,20260,36890,15089,21517,36426,14846,20220,36749,15849,20564,35977,15435,20542,35836,15842,19994,36194,14801,21393,35981,16121,19860,35662,14674,20988,34166,14107,19612,23766,8427,14898,23639,8287,15352,23634,8466,15168,23640,8547,15093,34239,13735,20013,36521,13684,22563,35706,15044,19289,35741,14605,21136,35327,13524,21082,35704,13950,20829,35629,14911,20718,35429,13543,21886,32853,5732,22755,35343,13903,21440
5,5,87507,46635,2674,36622,1079,1056,108,0,0,85625,45414,3363,35563,1491,1116,194,0,0,82953,43203,4357,32648,1215,2105,210,85700,45369,3523,35130,1681,1179,359,33265,1045,357,63,2046,83143,43625,4233,33138,1315,1567,307,67651,36962,1779,27725,714,791,77,0,0,66230,36480,1540,27031,521,646,23,26740,472,348,23,220,0,65833,35173,3166,25406,880,1523,146,65833,35173,3166,24291,588,368,42,1973,66515,36620,1686,26885,525,735,63,0,0,0,0,64675,35795,1870,25238,715,951,76,24710,667,383,76,63857,35899,2147,24285,708,683,56,23661,592,263,56,39213,22212,16554,38664,22377,16287,23101,12665,9947,37975,19184,17699,37181,18888,17421,37373,19154,17599,36216,19654,16562,35823,20173,15650,36797,18931,17025,36031,20644,15387,35809,19137,16672,40515,20346,19490,42455,21012,20928,41763,20113,20182,42225,21552,20094,41276,20954,20322,41215,21579,19636,41603,20693,20910,41306,21672,19634,40966,20131,20835,39259,19420,19176,29350,13328,15262,29214,13823,15391,29023,13545,15478,29082,13669,15413,39868,19010,20201,42361,19530,22352,41639,19808,20578,41372,19828,21544,40991,19179,20720,41513,19541,20820,41327,20298,21029,41133,19467,21666,41683,19475,20983,41051,19756,21295
6,6,72936,46580,7193,17135,1339,1741,276,0,0,89115,53969,10559,21684,2186,1975,692,0,0,90919,51674,12469,22508,2481,3339,601,90048,53492,11292,22379,2414,2047,870,19387,1319,861,223,3297,90597,52504,11983,23655,2288,1951,859,51144,34510,3962,11264,797,1049,119,0,0,61032,39807,4516,14494,1015,1134,59,14026,772,575,59,151,0,64871,39154,7353,15237,1447,2239,308,64871,39154,7353,13708,838,517,159,2820,61748,39398,5139,14925,1036,1242,118,0,0,0,0,62397,39037,5347,15785,1006,1129,134,15058,682,489,134,64562,39759,6541,15860,1257,1320,128,14996,612,383,128,24419,10590,13535,26305,11177,15128,16264,6616,8964,28861,10809,16903,28644,10875,16626,28684,11388,16563,28129,12011,16118,27842,12318,15524,28374,10763,16741,28104,13291,14813,27829,11338,16491,34587,13788,19869,37789,14857,22198,37523,14448,20932,37633,16036,20816,37054,15512,21542,36925,15855,21070,37174,14911,22263,37052,16438,20614,36768,14530,22238,33681,13410,19411,23164,8623,13898,23008,8779,14229,23085,8910,14175,23074,8821,14253,36761,14828,20970,41282,15780,24956,40641,18190,20184,40590,16976,23614,40306,15554,23088,40603,16335,22745,40489,17549,22940,40318,15744,24574,40409,15649,24760,40309,16499,23810
7,7,76612,47405,5894,22645,509,825,59,0,0,82640,50951,7099,23572,759,1727,159,0,0,83541,49845,8380,23093,918,1918,98,83794,51108,7227,24223,928,1436,97,21952,492,263,6,2456,84286,50859,7855,24050,1003,1409,30,57570,36951,3388,16690,347,570,31,0,0,60997,40594,1967,17454,339,534,4,17252,260,232,4,185,0,64664,40418,5209,17331,618,1400,65,64664,40418,5209,16447,396,245,18,1720,62065,40952,2114,18142,288,516,8,0,0,0,0,62965,41143,2589,18036,491,641,4,17454,343,221,4,66517,42794,3999,18143,503,901,40,17255,413,134,40,33570,16523,16631,34949,17010,17939,24686,11559,12037,37416,16226,19918,37177,16246,19762,37341,17317,19361,36387,17789,18598,35907,18474,17433,36715,16151,19787,36116,19398,16718,35933,16835,19098,42371,18965,22520,45165,19564,24961,44856,19356,23445,45140,21432,23127,44467,20771,23696,44207,21327,22880,44535,19586,24949,44335,21532,22803,44001,19184,24817,41652,18598,22250,32594,13925,17951,32391,14674,17717,32400,14395,18005,32366,14100,18266,45318,20459,23888,50518,21790,28099,49771,24966,22463,49629,23183,26446,49137,21509,26147,49734,22402,25975,49536,23807,25729,49210,21711,27499,49515,21632,27688,49072,22492,26580
8,8,84201,39360,4611,38454,1764,696,133,0,0,90322,41543,5240,41642,1551,560,82,0,0,83559,33915,6566,40461,1946,1462,138,92210,41348,5186,43401,1909,717,218,41141,1292,169,48,2836,86184,38098,4526,40640,2435,768,270,66423,34357,2950,27584,1388,517,99,0,0,70097,36190,2098,30396,924,418,30,29541,659,208,30,169,0,65552,29235,4409,29724,1546,1102,97,65552,29235,4409,28249,1157,198,39,1989,71165,35449,2179,32098,814,468,30,0,0,0,0,66551,32720,1816,30035,1118,586,0,29072,805,116,0,68994,33668,2251,31096,1228,538,0,30183,969,67,0,35213,22990,11885,36723,24168,12555,19380,12069,6710,37787,23821,12518,37298,22826,13287,37438,23563,13188,36386,23805,12581,35903,24074,11829,36641,22809,12827,36058,24457,11601,35817,22969,12848,38166,24512,12845,38910,25158,13123,38544,24244,12702,38780,25703,12474,38160,25291,12869,38020,25936,12084,38250,24703,13547,38010,25651,12359,37747,23917,13830,35736,23001,12009,21981,13551,7915,21873,14447,7426,21834,13396,8438,21814,13525,8289,34959,22626,11668,37311,23419,13417,36692,25001,10258,36303,23995,12308,35753,22727,11973,36344,23419,11854,36173,24064,12109,35816,22826,12990,26203,0,15876,35824,23353,12471
9,9,83968,56692,4592,20769,1678,665,107,0,0,88111,55545,5928,23333,2913,737,81,0,0,86684,52922,6402,23902,2342,1671,136,87751,55905,6340,22434,2659,743,135,21305,1935,327,64,1734,85012,52805,7014,22592,2041,946,131,63942,45137,2808,14603,1180,458,68,0,0,65153,44575,2056,16669,1295,444,60,16278,991,177,60,135,0,66721,42504,4137,17517,1643,1196,109,66721,42504,4137,16409,1310,185,36,1927,65240,45745,2021,15844,1051,411,65,0,0,0,0,63489,43353,2649,16190,921,336,60,15812,692,135,60,65108,44042,3147,16724,917,300,45,16087,672,77,45,39502,17270,21902,41246,17620,23626,25902,10642,14469,42746,18005,23177,42355,17238,23867,42512,18355,23521,41440,18625,22815,40966,19449,21517,41797,17210,23600,41096,19868,21228,40881,17716,23165,46374,20794,24726,48663,22094,25859,48357,21354,25245,48608,23292,24736,47839,22531,25308,47702,24028,23674,48054,21425,26629,47736,23359,24377,47397,21451,25946,44855,20282,23782,32905,14091,18170,32708,15398,17310,32721,13788,18933,32700,14067,18633,46086,21509,23714,49641,22067,26919,48722,25729,20960,48758,23764,24994,48073,21674,25042,48803,22745,24769,48602,23856,24746,48235,21640,26595,40339,0,30093,48216,22613,25603
10,10,84608,50333,4928,27368,1826,771,139,0,0,85645,48305,6529,28414,2278,864,173,0,0,83014,45315,6801,27880,2169,1665,192,84909,48443,6999,26932,2247,887,128,25289,1213,288,28,2523,83905,46870,6919,27488,2275,856,219,64024,39675,2982,19865,1256,547,92,0,0,63494,38772,2110,21133,731,506,39,20843,566,283,39,269,0,64607,36929,4280,20935,1585,1228,148,64607,36929,4280,19727,1126,198,46,2092,63579,39087,2598,20448,744,590,25,0,0,0,0,63043,37864,2838,20648,832,519,54,20164,560,70,54,62994,37197,2753,21247,1011,685,63,20431,707,45,63,36634,16165,20156,37256,16605,20651,24497,10245,13489,37369,15793,20470,36947,15419,20550,37140,15882,20709,36091,16443,19648,35643,16886,18757,36398,15197,20475,35786,17778,18008,35585,15717,19868,39716,17304,21665,41362,17893,22985,40950,17371,21908,41207,18904,21787,40645,18403,22242,40377,18765,21612,40726,17752,22974,40540,19111,21429,40189,17280,22909,38112,16539,20925,26772,10634,15677,26561,10636,15925,26640,10792,15848,26637,10690,15947,38422,16651,21098,41139,16991,23694,40300,19055,19599,40418,17835,22583,40054,16578,22636,40390,17228,22074,40240,18257,21983,40065,16756,23309,40521,17454,21959,39980,17274,22706
11,11,77907,54144,8618,9115,5856,968,113,0,0,85785,57817,9510,10310,7561,1067,94,0,0,86381,55476,10198,10599,8681,1766,161,85526,57081,9744,9966,7812,1014,222,8712,6845,372,117,2163,84115,56909,8423,9872,7382,938,198,59758,43550,5582,6256,4153,625,76,0,0,59959,46594,2916,6519,3270,496,25,6292,3005,299,25,100,0,68540,46253,6882,7789,6423,1303,104,68540,46253,6882,6698,5652,162,29,2447,60721,46791,3257,6346,3527,426,118,0,0,0,0,61719,47509,3169,6592,3594,410,108,6216,3165,151,108,61847,47818,3346,6187,3873,288,67,5750,3429,33,67,40886,22856,17505,43160,24088,19072,30027,16705,12244,45702,26639,16212,45411,25561,18209,45594,27930,16452,44212,27369,16843,43530,25492,18038,44603,24744,18112,43723,27440,16283,43414,24605,18809,49348,31029,16904,51670,33687,16908,51290,31495,17500,51485,35152,15403,50700,33528,17172,50098,33775,16323,50681,32562,18119,50327,33780,16547,49956,30786,19170,48072,30897,15862,37796,24815,12008,37598,25434,12164,37510,24888,12622,37430,24829,12601,48378,32179,14800,50468,32761,16384,49564,36166,10532,49654,34145,15509,49211,31225,16237,49670,33124,15244,49329,34064,15265,49019,31104,17915,49583,32207,16259,49199,33139,16060
12,12,91014,46748,7378,36087,541,811,120,0,0,87383,43771,8030,34777,726,1583,92,0,0,84745,42013,7695,33405,687,1597,127,86790,43300,8127,34384,1090,1599,183,31440,228,295,44,3338,84741,41634,8325,33717,933,1454,83,69519,37939,4444,26498,364,593,69,0,0,65475,36142,2023,26335,386,815,4,25650,239,252,4,167,0,66970,35098,4813,25773,494,1152,68,66970,35098,4813,24950,313,240,22,1388,65265,35813,2358,26047,362,792,10,0,0,0,0,64285,34538,2894,25462,441,1061,44,24640,327,242,44,63921,34352,2867,25196,381,1338,15,24344,202,256,15,40135,19317,20414,41171,20024,21147,28268,13495,13737,40027,18300,20955,39514,17812,20703,39770,18106,21257,38654,19084,19570,38458,20239,18219,39090,18087,20373,38408,20790,17618,38162,18953,19209,41507,19361,21593,42687,19634,22744,42272,19250,21535,42595,20532,21712,41913,20203,21710,41754,21057,20697,42101,19333,22768,41875,21051,20824,41671,19183,22488,39798,18357,20930,28604,11679,16352,28458,11887,16571,28402,11493,16909,28404,11668,16736,39398,18086,20762,41416,18144,22938,40623,19945,19237,40731,19390,21341,40299,18071,21446,40737,18807,20805,40598,19832,20766,40380,18170,22210,40246,17268,21022,40331,18613,21718
13,13,84790,69306,3900,9267,1647,1038,234,0,0,87590,70429,5336,9408,1759,1460,188,0,0,83500,66212,5034,8298,1732,2205,258,87039,69796,5304,9436,1843,1640,310,7300,1076,443,128,2861,84000,67833,5337,8259,1635,1586,264,67334,56672,2550,6366,1116,761,151,0,0,70435,59029,2872,6758,823,849,47,6304,590,277,47,174,0,68859,56114,3484,6132,1274,1663,210,68859,56114,3484,5447,788,283,104,2402,70176,58708,2931,6554,903,901,91,0,0,0,0,67861,57183,2999,5813,796,920,42,4953,602,226,42,69176,57867,3332,5887,979,875,37,5096,659,131,37,40346,13825,25995,40985,12971,28014,28227,8913,18180,43407,12083,29833,42948,11777,29396,43146,12874,29326,42007,12883,29124,41145,13509,27636,42305,12012,29085,41540,14363,27177,41237,12180,29057,46887,14085,31734,49174,14695,33748,48635,14360,31962,48963,16055,32226,47933,15043,32890,47347,15758,31589,47982,14279,33703,47485,15713,31772,47138,14220,32918,45798,13860,31012,36303,10391,25094,36199,10014,26185,36162,10276,25886,36182,10462,25720,48119,15262,31727,52577,15369,36606,51294,19681,28369,51613,17188,34425,51011,14879,34452,51552,16297,33578,51405,17351,34054,50987,14651,36336,46591,0,39200,51072,15951,35121
14,14,82566,55215,9282,15205,2841,1374,513,0,0,85219,55029,11737,15244,3720,2103,677,0,0,88470,53997,14485,14354,3769,2779,949,86364,55276,12486,15488,3017,1980,509,11854,1916,444,182,4116,88305,54661,14279,16264,3668,2518,750,63303,43871,6547,10537,2035,1013,342,0,0,65955,43891,8304,10111,1951,976,119,9097,1658,408,119,732,0,71369,44827,11452,10446,2789,2033,681,71369,44827,11452,8832,1994,407,415,3067,67706,44944,9101,10460,1661,1051,163,0,0,0,0,68941,44622,9989,10628,1717,1328,109,9322,1359,496,109,68804,44029,10641,9747,1994,1826,216,8237,1367,492,216,18681,8100,10333,17733,7176,10557,10727,3821,6393,18897,6414,11653,18580,6232,11347,18611,6447,11573,17978,6837,11141,17654,6936,10718,18158,6232,11129,17749,7130,10619,17591,6362,11229,21744,7891,13052,23569,8548,14358,23228,8218,13271,23316,9042,13553,22826,8672,14154,22506,8908,13598,22787,8502,14285,22589,8896,13693,22416,8386,14030,21007,7617,12684,14000,4657,8903,13954,4694,9260,13884,4650,9234,13921,4732,9189,23269,8516,13943,27017,9084,17571,26200,10735,13447,25814,9805,16009,25497,8809,15413,25999,9399,15347,25777,9654,16123,25431,8669,16762,23135,0,18185,25549,9455,16094
15,15,80208,54456,7873,15218,2697,1308,483,0,0,90163,57328,11267,19200,3214,1654,715,0,0,91212,55741,11220,18628,4013,3351,710,92300,59170,10940,18833,3728,1638,620,14847,1639,149,164,5296,92161,59417,10406,19093,3954,1689,633,57849,41009,4792,9958,1739,866,283,0,0,63960,43663,6360,11566,1243,590,125,10496,1017,108,125,577,0,66962,42870,7080,12563,2726,2307,443,66962,42870,7080,10717,1676,327,201,3762,65364,44356,6235,11887,1798,579,161,0,0,0,0,65370,44887,5902,11488,1978,478,47,10410,1223,59,47,64176,43922,6402,9905,1895,1506,60,8993,1241,167,60,25919,9859,15818,26685,9775,16910,16572,5369,10448,30304,9480,19520,29776,9184,19077,29908,9774,19286,28702,10215,18487,28103,10530,17573,29073,9397,18475,28318,10876,17442,28002,9540,18462,34244,11752,21350,36979,12830,23202,36418,12378,21550,36573,13533,22041,35728,13005,22723,35250,13350,21900,35765,12602,23163,35437,13560,21877,35079,12479,22600,32944,11381,20551,21856,6961,14208,21813,6957,14856,21626,6934,14692,21718,7037,14681,35343,12488,21700,40030,13089,26457,38843,15450,20733,38314,14185,24129,37740,12822,23231,38471,13462,23193,38188,14110,24078,37678,12664,25014,34447,0,27110,37800,13635,24165
16,16,67216,51452,3936,10679,567,878,92,0,0,80089,62001,5802,10556,914,1495,140,0,0,85097,64179,6918,10091,1452,2509,244,81604,62675,6578,10426,975,1454,104,9184,603,241,60,2213,84812,64279,7179,10837,987,1232,60,52011,40862,2403,7908,356,640,45,0,0,60385,48841,2498,7863,342,989,55,7245,234,195,55,118,0,65744,51136,4145,7708,888,1774,143,65744,51136,4145,7047,488,262,42,2410,61700,49880,2786,7872,292,1059,60,0,0,0,0,63889,51631,3160,7932,453,796,20,7326,341,113,20,69525,56135,3207,8196,534,1508,0,7398,413,208,0,29543,11421,17725,30373,11047,19326,20485,7238,12082,35816,10972,23587,35184,10698,22934,35310,11955,22452,34283,12174,22109,33778,11807,21971,34651,10421,23196,33945,12428,21517,33666,10824,22842,42045,13523,27441,45856,14611,30474,45315,14020,28707,45594,15677,29098,44631,14987,29644,44176,15119,29057,44729,14327,30402,44345,15317,29028,44010,14218,29792,41500,13337,27194,31682,9474,21461,31568,9346,22222,31534,9504,22030,31535,9445,22090,46631,15303,30075,53543,15971,36974,52131,20022,28586,52074,17572,34502,51361,15432,33993,52081,16834,33390,51725,16924,34801,51308,15069,36239,51182,11749,37240,51445,16701,34744
17,17,71115,54685,4588,10565,611,1056,66,0,0,87129,68137,4491,12595,914,1374,29,0,0,90514,70103,6110,10826,1076,2262,133,89541,68931,5578,12599,786,1751,53,10868,519,489,1,2766,93293,72338,5834,12382,979,2527,106,56779,45430,2784,7635,433,710,41,0,0,70977,58216,1732,9536,468,1027,4,9166,329,461,4,107,0,75860,61013,3901,8199,784,1733,83,75860,61013,3901,7592,534,451,38,2166,73118,59872,2318,9262,424,1044,0,0,0,0,0,76979,62906,2798,9175,590,1184,0,8589,420,239,0,85210,70223,3088,9598,626,1185,4,9178,424,207,4,32856,13983,18450,35712,14542,21170,24775,10091,13438,42808,15091,26305,42069,14540,25780,42254,16374,24894,41001,16899,24102,40507,15746,24761,41393,14490,25818,40508,16530,23978,40117,14386,25731,52209,19941,31163,57708,22001,35049,57028,21275,33157,57401,24210,32351,55961,22091,33870,55022,21772,33250,56014,21363,34651,55466,22150,33316,54734,20590,34144,52775,20345,31426,45674,17024,27726,45585,16835,28750,45532,16764,28768,45418,16621,28797,61158,24846,34877,70169,26615,42834,68393,33308,30596,68535,28685,39850,67710,25160,40693,68561,27926,38798,68103,27414,40689,67617,24745,42872,68477,24676,43801,67831,27212,40619
18,18,83240,54520,5471,21605,1336,1042,166,0,0,95166,63719,6336,22942,1972,985,326,0,0,89413,57228,8068,20482,2082,1907,278,95814,64513,6896,22134,1919,901,330,20587,1137,147,202,2168,91923,61635,7361,20123,1861,1288,40,68264,47801,3760,15304,1034,785,121,0,0,76097,55754,2498,15839,1191,764,69,15335,733,184,69,94,0,75047,50886,5671,15445,1665,1515,214,75047,50886,5671,14052,1167,229,82,2642,77707,57221,2815,15867,1129,682,70,0,0,0,0,74326,54397,3159,14831,1059,926,25,14049,658,135,25,76970,55993,3957,15078,1121,956,25,13854,767,182,25,38840,23744,14636,38974,24011,14963,23121,13856,8111,41264,23967,15185,40501,23045,15556,40727,25469,13984,39307,24852,14455,38520,23702,14818,39606,22341,15499,38714,24626,14088,38276,22596,15680,44228,26910,15998,46489,28822,16781,45869,26934,16248,46234,29590,15632,45253,28772,16481,44630,28372,16258,45306,27927,17379,44979,28936,16043,44432,26426,18006,42569,26165,15277,30722,18936,11000,30558,18795,11763,30475,18831,11644,30431,18853,11578,44788,28061,15535,49349,29525,19035,48325,32976,12603,48221,30873,17348,47599,28053,17567,48225,29888,16848,47857,30256,17601,47523,28153,19370,48025,28306,19719,47673,29764,17909
19,19,74746,66701,1968,4462,934,828,82,0,0,87057,76201,3644,4821,1428,1649,135,0,0,91288,79037,3180,4804,1498,2193,85,90265,80461,2528,4671,1393,1322,85,3549,746,376,5,2470,90645,79940,2756,5171,1407,1475,59,61047,55411,1296,3169,615,619,56,0,0,71398,64430,1864,3359,681,825,4,3241,520,396,4,289,0,77211,68285,2163,3497,1069,1687,59,77211,68285,2163,3025,792,295,24,2436,74292,68196,1311,3339,673,610,4,0,0,0,0,75991,69546,1477,3647,698,597,10,3488,474,144,10,79708,72919,2164,3098,831,624,28,2892,550,108,28,39910,15357,24002,41474,15507,25967,30163,11469,17014,49090,16941,30129,48457,16311,29884,48664,19041,28331,47209,19107,28102,46374,17697,28677,47618,16011,30078,46556,18697,27859,45965,15853,30112,57071,21717,34032,61788,23828,37135,61157,22609,35535,61589,25988,34725,60261,24133,36128,59405,23961,35444,60441,22939,37502,59915,24338,35577,59106,22093,37013,57248,22195,33895,49309,19099,29128,49196,18746,30450,49061,18865,30196,48977,18822,30155,62703,25933,35266,69394,27017,41533,67721,33857,29455,67999,29209,38790,67143,25136,39742,67953,28127,37917,67580,28140,39440,67101,24807,42294,67932,24784,43148,67287,27524,39763
20,20,81018,66564,4238,8292,1405,807,136,0,0,90398,75664,4525,8047,1675,580,14,0,0,91180,71498,7362,8080,2246,1890,154,93131,76340,4885,9406,1893,831,10,7540,1464,234,0,2370,91994,74749,5020,9319,2053,795,62,63450,53398,2719,6010,927,562,87,0,0,70748,61285,1800,6117,1076,443,0,5698,865,155,0,160,0,72601,58733,4642,6022,1594,1393,114,72601,58733,4642,5468,1094,211,27,2193,73138,62506,2065,6712,1207,650,0,0,0,0,0,71799,61721,1956,6166,1176,475,0,5146,884,125,0,72507,61918,2577,5982,1230,609,0,5105,900,93,0,41499,17092,23973,42486,16571,25915,29008,11767,15847,47114,18266,26461,46514,17472,27061,46670,20778,24636,45062,19776,25286,44091,18478,25613,45450,16976,26812,44362,19585,24777,43749,16745,27004,52505,22539,28496,56020,24797,30216,55466,23064,29446,55833,26584,28300,54577,25016,29561,53645,24565,29080,54616,23754,30862,54109,25266,28843,53441,22584,30857,51700,22696,27690,41407,18409,22067,41247,18057,23190,41104,18182,22922,41071,18242,22829,54444,25343,27620,58868,26024,32061,57435,31817,22035,57722,27884,29838,56860,24321,30473,57598,26761,29258,57194,27112,30082,56770,24007,32763,57613,24139,33474,56975,26398,30577
21,21,49760,35221,2811,4228,7354,451,70,0,0,74659,46088,4791,6335,17082,500,104,0,0,87764,47318,6044,8043,25167,1301,133,78968,46528,5198,5333,19134,484,119,4711,17792,194,38,2168,88538,48780,5483,7703,25430,862,110,32943,23791,1682,2808,4534,259,34,0,0,43749,31152,2125,3681,6505,263,30,3369,6280,138,30,80,0,60593,34270,3874,5453,16149,829,93,60593,34270,3874,4706,15540,82,31,1808,46647,34102,2233,3100,6819,241,40,0,0,0,0,51710,35464,2688,4425,8653,252,42,4082,8387,99,42,57065,36913,3050,6002,10476,317,15,5615,9851,101,15,22024,11084,10646,25983,12749,13234,18084,8965,8580,31911,17387,12473,31623,16184,14392,31779,17981,12964,30663,17226,13437,30133,16047,14086,30950,15705,14179,30303,17135,13168,29990,15238,14752,40861,24432,15398,45899,28686,16329,45507,26326,17260,45702,30061,14950,44820,27939,16881,44309,28017,16292,44898,27237,17661,44434,27998,16436,44172,26024,18148,41281,25327,14945,34003,21444,11685,33836,22050,11786,33786,21484,12302,33700,21317,12383,45772,29196,15379,50388,31227,17956,49695,35012,12069,49531,32592,16939,49013,29769,17426,49494,31658,16576,49046,32106,16940,48811,29320,19491,49294,30385,17773,48945,31407,17538
22,22,98667,53032,12947,30276,442,2808,126,0,0,96799,50613,14944,28909,480,3045,44,0,0,88642,45559,14795,25142,534,3748,108,96493,50277,15179,28764,504,3110,48,27323,423,1939,0,1339,89124,45786,14873,25882,562,2911,36,74260,42358,7712,22372,311,1903,74,0,0,68642,41517,3420,21748,161,1889,0,21374,129,1368,0,117,0,68362,37360,9096,19462,389,2664,73,68362,37360,9096,18613,220,1325,21,1591,68910,41360,3768,21764,231,1910,0,0,0,0,0,63900,37735,4390,19918,260,1585,0,19805,208,1250,0,63174,37143,4490,19508,267,1855,22,19161,192,1334,22,41613,19580,21500,41647,19553,22094,28663,13033,14327,41822,17585,23405,41248,17247,23078,41526,17809,23263,40163,18846,21317,39481,19346,20135,40515,17516,22338,39842,20739,19103,39547,18089,21458,44028,18302,25126,45747,18293,27090,45245,18099,25491,45576,19676,25503,44680,19036,25644,44591,19344,25247,44950,18141,26809,44763,20035,24728,44334,18222,26112,42298,17391,24383,29662,10844,18319,29508,10615,18893,29446,10915,18531,29377,10738,18639,41701,16468,24661,43943,15905,27709,43051,18105,23386,42671,17005,25666,42107,15661,25603,42826,16384,25367,42651,17536,25115,42049,15856,26193,38597,7170,27896,41952,16122,25830
23,23,102334,41539,3140,57056,399,737,75,0,0,94890,37664,3739,52835,517,552,204,0,0,88865,35166,3931,48588,489,1307,82,93794,36965,3859,52101,511,761,125,50971,365,305,28,1251,88877,34724,3869,49049,577,909,134,78585,33900,1885,42318,271,548,49,0,0,73700,31237,1215,40607,255,356,69,40385,197,197,69,57,0,70700,29461,2527,37759,347,985,47,70700,29461,2527,36672,214,209,4,1431,72760,30863,1055,40054,250,536,29,0,0,0,0,69050,29088,1290,37768,322,562,68,37325,234,156,68,67790,28537,1400,36552,365,617,98,36041,303,152,98,48424,30232,17754,49429,31536,17893,31709,19781,11043,46197,27848,17614,45646,27115,17624,45916,27449,18104,44718,28410,16308,44068,29287,14781,45012,27362,17031,44294,30017,14277,44098,27893,16205,46855,28097,18216,47832,27939,19555,47436,27750,18213,47750,29143,18295,47007,28892,18115,46879,30023,16856,47164,27739,19425,47030,29485,17545,46737,27405,19332,44617,26453,17677,30600,16540,13540,30457,17293,13164,30414,16417,13997,30440,16631,13809,43612,25334,17735,45592,25469,19754,44836,27106,16494,44884,26616,18268,44496,25495,18230,44863,26030,17889,44873,27237,17636,44658,25664,18994,45102,25878,18074,44532,25861,18671
24,24,85650,43239,7885,33500,922,566,87,0,0,85529,40349,8603,35492,1059,887,108,0,0,83322,38990,9273,33029,1280,1760,101,86015,40707,8679,35306,1098,816,123,33770,516,219,10,2005,83182,38824,8926,33604,1133,820,106,64596,35046,4747,24072,612,407,67,0,0,62571,33416,2479,25835,517,287,10,25506,398,122,10,83,0,64630,32343,5785,24882,912,1326,76,64630,32343,5785,23864,695,193,10,1547,63056,33876,2689,25770,565,316,11,0,0,0,0,61386,32507,3206,24788,521,466,4,24318,438,136,4,61721,32009,3650,25131,612,474,4,24534,555,160,4,39798,20465,18984,41178,21668,19510,27400,13829,12867,40506,20409,19100,40225,20177,19198,40388,21286,18673,39854,21015,18839,39108,22137,16971,39862,20047,19166,39319,23027,16292,39177,20570,18607,42099,21496,19991,43287,21608,21249,42947,21316,20223,43231,22965,19879,42705,22611,20094,42510,23351,19159,42814,21537,21277,42667,23222,19445,42360,20981,21379,40184,20374,19267,27991,12999,14522,27857,13668,14189,27851,13214,14637,27826,13212,14614,40086,20322,19192,42605,20744,21457,41804,23135,17210,41930,21693,20237,41624,20550,20266,42037,22069,19063,41871,22613,19258,41722,20711,21011,42105,21277,19778,41621,21157,20464
25,25,91419,48684,5854,35507,896,1217,71,0,0,89923,44797,6396,37350,990,1375,184,0,0,90432,43433,7073,37359,1191,2063,114,89851,43708,6590,37882,1041,1288,140,36477,858,503,17,1631,90500,42321,6987,38743,1112,1681,209,69487,39027,3512,25898,620,804,42,0,0,67959,36559,2031,28112,521,882,20,27438,437,462,20,134,0,70999,36126,4527,28376,868,1511,97,70999,36126,4527,27315,680,468,26,1628,67819,35513,2015,28894,507,838,19,0,0,0,0,68569,35258,2123,29632,567,940,20,28922,340,336,20,69522,35066,3138,29745,510,853,25,28898,410,351,25,44850,22286,22119,45669,23438,22231,32505,15821,15752,45294,22489,21750,45121,22351,21893,45273,23831,20974,44733,23363,21370,44231,24653,19578,44738,22223,21870,44343,25294,19049,44207,22814,21393,48043,24623,22730,49719,25093,24159,49359,24603,23138,49648,26741,22488,49143,26338,22805,48945,29558,19387,49208,24845,24363,49062,26736,22326,48730,24200,24530,46270,23580,22073,34017,15915,17584,33808,16495,17313,33851,16166,17685,33839,16029,17810,46836,24000,22179,49911,24673,24724,48993,27476,19899,49243,25912,23331,48859,24404,23503,49197,25329,22826,49105,26641,22464,48925,24628,24297,49317,25013,23110,48859,25141,23718
26,26,62458,45126,6339,10068,762,633,58,0,0,74645,51497,8850,13574,1089,743,100,0,0,89947,57631,12083,16778,1660,2341,186,79185,54195,9026,14317,1126,661,80,12577,523,242,70,2099,88115,59502,9887,16237,1300,1240,74,44141,33036,3691,6814,447,396,39,0,0,50425,38008,2876,8583,509,350,10,8293,330,316,10,67,0,65902,44219,7489,11716,1089,1574,110,65902,44219,7489,10677,759,256,25,2200,55483,41140,3512,9896,552,343,4,0,0,0,0,62944,45854,3856,11994,658,495,17,11465,382,166,17,68679,45817,6338,14929,997,512,6,14397,627,166,6,28107,11319,16485,30440,11535,18905,20072,7417,11874,35775,12930,21318,35518,12788,21393,35669,14124,20823,34766,14073,20693,34196,14472,19724,35034,12350,21674,34416,15167,19249,34171,12822,21349,44018,18049,24846,48766,20310,27585,48243,19364,26251,48601,22007,25859,47403,20854,26549,47149,21439,25710,47632,19863,27769,47270,21504,25766,46786,19174,27612,43794,18327,24427,34119,14404,18927,33841,14926,18915,33907,14701,19206,33869,14431,19438,49494,22164,25984,56117,24388,30919,54980,28559,23271,54940,26001,28939,54446,23524,28998,54858,24968,27986,54502,25934,28568,54138,23438,30700,54655,23930,30725,54195,24875,29320
27,27,97762,38136,2149,53794,574,3795,64,0,0,91034,35012,2678,49611,738,4273,179,0,0,84735,33114,2546,45280,635,3990,148,90096,34402,2738,49048,850,4490,216,47132,524,2758,129,2306,85103,32223,2846,46047,785,4435,226,76286,31590,1338,40604,412,2775,36,0,0,71945,29410,902,38508,378,2937,98,37945,346,2241,98,136,0,68639,28412,1618,35609,455,3052,107,68639,28412,1618,34478,296,2069,15,1542,71295,29180,803,38097,400,2940,123,0,0,0,0,67065,27505,863,35552,291,2861,88,34775,271,1893,88,65779,26874,987,34864,369,2852,35,33914,304,1825,35,46159,30014,15690,46678,31343,15335,30665,19631,10231,44857,28305,15827,44500,28002,15752,44618,28591,15665,43770,29129,14641,43392,29962,13430,44031,28086,15377,43522,30504,13018,43401,28564,14837,45406,28358,16569,46162,28014,17821,45851,27880,16686,46077,29127,16589,45446,28784,16662,45473,29390,16083,45643,28030,17613,45565,29290,16275,45252,27493,17759,43075,26561,16069,29512,16802,12324,29409,17247,12162,29338,17009,12329,29294,16915,12379,41348,24976,15884,42600,24702,17469,42113,26490,14493,42011,25785,16226,41704,24739,16279,42053,25276,15906,41984,26353,15631,41733,25018,16715,42107,25244,15884,41638,25190,16448
28,28,76863,49939,12501,13740,467,816,88,0,0,85661,54386,14847,15857,495,1023,7,0,0,85389,51074,17035,15236,759,2246,109,87000,54119,14962,17429,470,1639,7,15903,219,265,0,1465,90330,55245,16540,17572,978,2062,54,57021,39495,7368,9638,285,550,50,0,0,58811,43757,3036,11241,167,678,0,10891,136,182,0,27,0,64169,41252,10383,10903,489,1532,57,64169,41252,10383,10114,322,260,20,1665,60004,43837,3301,11974,164,784,0,0,0,0,0,62211,44984,3827,12371,378,770,13,11895,342,111,13,65632,46140,5583,12339,604,776,34,11929,492,145,34,30323,10962,18982,30813,11025,19788,20214,6804,12495,33398,10385,22092,33114,10406,21680,33313,11280,21525,32404,11718,20686,31887,13000,18887,32726,9965,22044,32189,14242,17947,31932,11031,20901,37569,12453,24388,39973,12845,26625,39580,12681,25065,39923,14350,25072,38933,13768,25165,38837,14521,24316,39191,12675,26516,39036,15152,23884,38548,12599,25949,36459,12104,23700,26471,8050,17864,26205,8321,17884,26262,8340,17922,26270,8307,17963,38966,13427,24764,43501,14083,28929,42612,17491,22923,42540,15539,27001,42232,13898,27097,42523,14881,26263,42330,16505,25825,41934,13876,28058,42214,13829,28385,41911,14687,27224
29,29,78515,37483,8513,26823,5794,903,106,0,0,89937,43097,8930,30671,6476,852,66,0,0,90900,43615,10537,28834,7207,1669,98,90992,42897,9717,30851,6638,1201,45,29420,5451,128,45,2838,92144,43737,9960,31319,6231,1398,0,61899,31168,5727,20454,4471,647,70,0,0,64481,34763,2151,23792,3192,511,30,23209,2912,176,30,129,0,72930,36722,7177,22628,5683,1245,68,72930,36722,7177,21161,5005,133,10,2424,64514,34524,2641,23429,3359,675,25,0,0,0,0,66318,35473,2853,24019,3509,729,0,23298,3158,68,0,68444,36152,4090,23766,3984,815,4,22750,3390,117,4,43401,33662,9332,45796,34993,10803,30698,24240,5871,49154,39455,7402,48947,38125,9725,49007,39902,8281,48017,39338,8679,47296,37144,10152,48280,37482,9554,47648,39308,8340,47383,37360,10023,53295,43681,8489,55663,46647,8113,55401,44565,9045,55639,47341,7600,54920,45941,8979,54460,45916,8544,54905,45487,9418,54643,46096,8547,54313,43599,10714,51912,43102,7777,40864,34637,5513,40683,34511,6172,40626,34653,5973,40557,34615,5942,52390,44101,7275,54462,45235,8056,54056,47256,5068,53958,46244,7714,53535,43933,8103,53842,45279,7419,53674,45982,7692,53385,43820,9565,53736,44812,7920,53674,45491,8183
30,30,78774,35322,12562,25805,5207,901,95,0,0,85886,42049,11655,25617,6843,793,106,0,0,91038,40663,14538,28361,6794,2081,136,87913,42966,11256,26247,7366,739,202,23868,6049,224,50,3382,89940,42937,12266,26812,7333,1190,211,62925,30774,8486,19090,4552,638,61,0,0,60936,35606,2830,19076,2857,599,23,18391,2480,197,23,165,0,74671,35487,9743,22964,5791,1494,92,74671,35487,9743,21536,4947,127,18,2487,63237,36026,2859,20375,3602,511,34,0,0,0,0,64814,36440,3263,21013,3721,474,30,19956,3314,222,30,65469,37202,4401,19468,3632,542,45,18222,3138,197,45,38640,30441,7835,40511,32684,7827,26014,21096,4393,43882,36355,5804,43505,35177,7404,43524,36259,6578,42517,35804,6713,41837,34001,7836,42725,34405,7253,42157,35750,6407,41944,34309,7635,46446,38999,6558,48141,41121,6324,47827,39398,6981,47950,41420,5877,47337,40478,6859,47077,40506,6571,47392,40200,7192,47156,40589,6567,46887,38672,8215,45005,38157,6027,34737,29956,4157,34532,29845,4687,34502,29924,4578,34469,29964,4505,45245,38737,5714,47306,39970,6390,46764,41319,4087,46559,40530,6029,46200,38753,6302,46529,39855,5758,46298,40357,5941,46043,38745,7298,46377,39442,6126,46348,40010,6338
31,31,64735,15553,10298,37316,1802,871,79,0,0,83783,22181,14685,43873,3646,854,89,0,0,91241,25788,17264,42808,5048,2275,116,86299,23990,16036,42724,4123,1125,306,39783,3471,138,55,2709,89355,27958,15253,41106,5580,1871,320,48073,13304,6472,26938,1408,607,54,0,0,56338,19164,3123,31532,2125,446,10,31006,1985,166,10,184,0,71456,22950,11220,32607,4215,1648,79,71456,22950,11220,30979,3738,191,11,2015,58911,20929,4021,31308,2095,529,58,0,0,0,0,62907,24711,4230,30075,2795,857,79,29120,2645,206,79,66096,25425,6056,30386,2963,820,82,29399,2785,187,82,30635,25048,5321,33285,27556,5729,19239,15590,3311,36903,29159,6335,36678,28672,7109,36764,29257,6863,36159,29410,6749,35777,28847,6930,36338,28362,6956,35929,29543,6386,35828,28595,7233,43365,34463,8015,46961,37483,8711,46660,35874,8849,46894,38220,7905,46284,37317,8967,46058,37319,8739,46369,37076,9293,46168,37525,8643,45881,35392,10489,42501,33840,7812,31477,24964,5887,31334,24764,6570,31292,24968,6324,31247,24860,6387,45786,36687,8173,50300,39767,9515,49833,41217,6808,49726,40713,9013,49423,39060,8918,49664,39795,8568,49514,40544,8970,49261,39029,10232,49545,39614,8950,49547,40143,9404
32,32,89349,44728,6415,37399,715,878,90,0,0,87528,43197,6669,36673,857,1507,196,0,0,88602,42293,8510,35818,962,1796,104,88670,43869,7156,36420,925,1752,369,33623,516,247,236,2878,89047,43313,8005,36012,981,1948,340,68654,35929,4014,28084,497,644,47,0,0,66203,35666,2072,27363,275,624,65,26718,232,277,65,398,0,69546,35064,5372,27565,643,1322,63,69546,35064,5372,26552,466,226,16,1671,67485,36427,2520,27278,322,606,115,0,0,0,0,67340,36212,2689,27183,451,840,125,26265,379,182,125,65842,35449,2616,26347,579,818,68,25704,337,230,68,38791,22702,15659,39665,23256,16409,25537,14601,10125,40282,21786,17373,39945,21448,17459,40133,22327,17228,39138,22938,16200,38661,23457,15204,39480,21253,17387,38902,24582,14320,38752,22115,16637,43034,23107,19169,44783,23311,20978,44442,22918,19772,44703,24911,19292,44126,24320,19806,43837,24615,19222,44155,23246,20909,44027,24968,19059,43714,22482,21232,41512,22053,18760,30244,14823,14731,30096,14669,15427,30052,15153,14899,30021,14906,15115,41887,21823,19282,44345,22034,21836,43620,24372,17484,43640,23139,20501,43264,21692,20466,43659,22510,20044,43565,23847,19718,43375,21975,21400,43513,21878,21211,43287,22533,20754
33,33,71223,28706,9176,31726,1894,892,84,0,0,88513,30576,14074,42218,2443,1679,236,0,0,85001,30371,14426,36353,3168,1911,128,88684,30569,13033,42910,2531,1902,239,39879,2048,476,8,2426,90143,31967,12647,42881,2517,1653,170,52295,23706,5576,21748,1325,586,57,0,0,58819,25506,2873,28457,1173,1042,15,27835,1080,331,15,212,0,64467,25677,9252,26568,2304,1371,78,64467,25677,9252,25087,1895,243,24,1946,60032,25842,3036,28993,1304,1201,7,0,0,0,0,62405,27344,3192,29708,1258,944,82,28897,1003,208,82,65182,28690,4938,29015,1902,636,41,28013,1616,156,41,34206,23560,10326,36345,25546,10799,24347,16824,6874,38309,26328,10408,38102,26075,10909,38214,26878,10581,37389,27042,10347,37034,26862,10172,37715,25685,10967,37202,27669,9533,37023,25980,11043,42467,30169,11310,44953,32081,12028,44635,30827,11707,44804,33110,10912,44288,32533,11755,43979,32797,11182,44326,31936,12390,44088,32917,11171,43841,30522,13319,41109,29322,10851,29878,20940,8192,29614,21388,8226,29710,21226,8484,29631,20994,8637,42781,30613,11024,46216,32071,13064,45699,34218,9041,45483,33503,11980,45283,31862,11940,45523,32599,11485,45287,33616,11671,45126,31854,13272,45471,32210,12159,45099,32811,12288
34,34,81980,52590,10545,16546,2684,833,142,0,0,87407,58059,9995,16826,3156,512,55,0,0,89807,57722,10999,16269,3970,1505,114,88602,59348,9491,17089,2946,671,28,15570,2354,88,0,1644,88702,58752,9805,17143,2970,829,28,63995,43424,7050,11644,2006,599,100,0,0,62906,47097,2760,11404,1281,244,0,11224,1056,98,0,140,0,71556,48225,7484,12068,3022,1100,75,71556,48225,7484,10944,2439,104,22,2051,64500,48626,2943,11257,1231,393,0,0,0,0,0,63985,47885,2920,11256,1457,358,0,10756,1144,89,0,65977,48292,4016,11115,1756,587,4,10436,1299,181,4,44271,25546,18285,45818,26152,19666,32275,18484,12890,47376,28535,16192,47258,27144,18786,47362,29932,16486,46186,29370,16816,45465,27726,17739,46539,26379,18721,45781,30033,15748,45469,26776,18693,50615,31818,17513,52721,34111,17565,52320,31566,18627,52541,35472,16217,51816,34069,17747,51190,34239,16951,51731,32639,19092,51443,34534,16909,51028,30805,20223,49124,31434,16472,38254,24821,12487,38105,25230,12875,38037,25103,12934,37948,25001,12947,48996,32432,15287,50854,32772,17118,49840,37172,9901,49967,34036,15931,49327,30249,17425,49922,32828,15834,49502,34092,15410,49138,30038,19100,49991,32294,16825,49339,32584,16755
35,35,60094,48423,3054,6801,1614,487,47,0,0,71373,55359,4187,9348,2111,623,144,0,0,83094,61091,6014,11048,3530,1522,112,76571,58443,3768,11325,2709,543,150,9747,1703,14,0,2500,82586,60536,5449,12907,3108,808,73,42386,34727,1833,4619,1031,329,29,0,0,50174,40877,1612,6207,1186,183,0,5980,886,34,0,137,0,61153,46240,3768,7768,2298,1030,76,61153,46240,3768,7072,1820,96,13,1908,54168,43540,1544,7333,1392,222,0,0,0,0,0,59101,46069,2363,8722,1558,349,10,8196,1153,34,10,62933,47801,3001,9884,1556,455,4,9269,1263,32,4,31677,12697,18605,34743,13086,21657,25758,9889,15165,41261,16856,22055,41056,15951,23942,41198,17978,22435,40068,17284,22784,39528,16823,22705,40585,15233,24337,39679,17917,21762,39460,15484,23976,48603,21769,25678,52723,24554,27128,52395,22663,27667,52554,26169,25695,51751,24360,27391,51202,24882,26320,51856,23426,28430,51465,24826,26639,51066,22118,28948,48479,22286,25084,40470,19077,20528,40302,19224,21078,40270,19179,21091,40200,19039,21161,52990,26108,25497,58177,28056,29146,56974,32801,20586,57378,29505,27873,56725,26125,28135,57375,28141,27821,56927,29472,27455,56617,26033,30584,57083,27379,29329,56715,28201,28514
36,36,62220,47918,4410,6862,2796,574,92,0,0,76757,57433,6727,8252,3879,683,172,0,0,86038,62471,7654,8185,6164,1489,127,77152,57685,6055,9191,4135,827,125,7632,2871,147,27,2619,84907,62677,6114,9451,6001,843,228,42698,33507,2549,4682,1770,355,57,0,0,51560,41074,2413,5724,1972,187,40,5416,1753,38,40,167,0,61271,45582,4695,5742,4097,990,79,61271,45582,4695,5001,3558,139,18,1950,51690,41037,2524,5742,2086,192,29,0,0,0,0,56962,45119,2584,5737,3089,215,18,5515,2668,78,18,57730,45054,3126,5374,3565,332,53,5184,3074,93,53,31569,14973,16217,35640,15634,20006,25272,11463,13087,41717,20003,19242,41509,18789,21295,41651,21175,19482,40391,20156,20235,39716,19069,20647,40746,18245,21174,39922,20280,19642,39601,17814,21787,48115,24980,21827,51801,28115,22593,51421,25662,23443,51663,29717,21099,50742,27534,23208,50080,27853,22227,50783,26592,24191,50276,27745,22531,49963,25089,24874,47816,25475,21088,39699,21780,16935,39390,22700,16690,39417,21777,17640,39315,21654,17661,50492,28354,20649,54000,29534,23222,53010,33996,15570,53099,31047,22052,52516,27720,22716,53028,29854,21660,52632,30578,22054,52318,27372,24946,52741,28534,23285,52455,29742,22713
37,37,68642,50744,6577,9763,1281,1013,77,0,0,79725,58093,8310,10892,2609,724,236,0,0,90307,63171,10196,12483,2776,2171,167,83366,60083,9383,12148,2479,771,235,10291,1390,236,0,1664,93818,65569,11074,14685,2763,1321,198,48732,37285,3842,6554,775,626,35,0,0,55437,43113,3179,7326,1127,496,0,7241,874,134,0,200,0,66740,48200,6496,8931,1814,1508,123,66740,48200,6496,8081,1364,213,32,2096,57418,43928,3647,8085,970,525,0,0,0,0,0,65465,49105,4500,9942,996,645,10,9691,783,256,10,69654,52003,4494,10796,1435,651,14,10331,1102,223,14,34094,14327,19346,36023,15032,20991,25282,9998,14397,41490,16449,22755,41249,16103,23649,41438,18136,22361,40285,17644,22641,39746,17450,22296,40679,15724,23728,39912,18616,21296,39641,15895,23746,49010,21771,25896,53283,24279,27849,52933,22765,27449,53140,26228,25998,52298,24678,27620,51802,25185,26617,52398,23620,28778,51938,25181,26757,51655,22452,29203,49058,22287,25483,41394,19288,21074,41085,20135,20950,41122,19554,21568,41008,19261,21747,54662,26695,26346,60913,28984,30733,59813,33981,21951,59966,31000,28966,59324,27789,29212,59912,29721,28336,59505,30812,28693,59263,27696,31567,59566,28484,30684,59270,29496,29774
38,38,79541,21193,13596,43029,2289,1121,103,0,0,91234,29516,14596,44167,3585,1614,237,0,0,86444,28528,18107,35777,3838,2028,140,91893,29508,16169,42533,4594,1795,170,38380,3998,268,21,3154,89223,28417,16728,40219,4536,1729,160,58887,18176,8217,31000,1681,752,65,0,0,63026,25393,3624,31606,1762,1091,33,30721,1645,175,33,117,0,67496,24985,11530,27602,2977,1466,87,67496,24985,11530,26090,2407,209,26,1945,64469,26015,4993,30307,2434,1253,20,0,0,0,0,63691,25074,5737,29178,2732,1036,0,27892,2339,252,0,62104,24188,6534,27043,3405,927,6,25628,2847,199,6,33867,28291,5309,36724,30820,5904,22830,18755,3519,36858,29977,5484,36615,29377,6324,36729,30165,5887,35880,30099,5781,35362,28787,6575,36196,28895,6266,35604,30146,5458,35554,29050,6504,39125,32017,6298,40647,33382,6610,40321,31922,6728,40502,33969,5878,40064,33398,6666,39757,33293,6464,40108,33072,7036,39910,33549,6361,39708,31684,8024,37461,30785,5901,26486,22007,3862,26313,22263,4050,26296,22129,4167,26247,21985,4262,37201,30510,5880,38990,31208,7034,38599,32525,4526,38319,31943,6376,38151,30586,6421,38396,31233,6044,38193,31913,6280,38013,30495,7518,38334,31042,6322,38069,31400,6669
39,39,65097,33263,9090,21215,1600,1010,74,0,0,79297,37289,12833,27986,1482,1054,87,0,0,85371,36739,14633,30335,2932,2265,167,79643,36088,14897,27195,1727,1076,16,25113,1465,42,0,1762,84498,37090,15474,29175,2310,1883,27,47015,26107,5500,14250,1079,650,49,0,0,54424,30036,3989,19017,864,407,0,18479,838,64,0,358,0,64158,29995,9377,21957,2110,1670,129,64158,29995,9377,20471,1701,270,40,1993,54799,29634,4909,18498,1081,289,0,0,0,0,0,59317,30860,5772,20646,1123,322,0,20304,975,82,0,62314,30991,7304,21347,1925,485,21,20592,1773,112,21,29976,16807,12849,32735,18939,13796,21214,12039,8535,36017,20517,13885,35811,20185,14476,35961,21277,14014,35109,21322,13787,34713,21298,13415,35451,20082,14454,34807,22078,12729,34702,20389,14313,41997,25538,15500,45454,27976,16719,45117,26794,16186,45341,29162,15480,44714,28531,16183,44378,28789,15589,44852,27863,16989,44559,28997,15562,44298,26540,17758,41178,25314,14952,30646,18828,11117,30515,19114,11401,30483,19013,11470,30428,18875,11553,45335,28658,15585,50859,31369,18603,50113,34160,13492,50040,32782,17258,49720,30845,17266,50041,31697,16798,49753,32864,16889,49570,30934,18636,49936,31375,17594,49611,31935,17676
40,40,78623,58688,4957,10673,4234,649,102,0,0,82211,62967,4811,10171,3892,994,80,0,0,86359,60771,6523,12520,5398,1503,139,83876,63367,4770,10963,4524,804,37,9624,3762,220,11,1962,84461,63093,4901,10791,4910,724,16,60801,46475,3374,7801,3012,446,63,0,0,61713,49507,1956,7516,2185,465,20,7322,1862,191,20,142,0,68402,49311,4602,9493,3995,1100,100,68402,49311,4602,8427,3339,151,27,2215,63130,50047,2053,8007,2526,330,10,0,0,0,0,64200,50783,2255,7969,2782,356,0,7583,2470,55,0,66146,50399,3091,8436,3620,495,5,7869,3311,67,5,45688,24625,20554,46898,24486,22412,32675,17241,14540,49665,27897,18749,49488,26475,21481,49700,29454,19147,48288,28473,19815,47547,26599,20948,48756,25521,21625,47798,28718,19080,47483,25457,22026,53404,32016,19949,55773,34916,19682,55391,32095,21041,55590,36405,18332,54722,34333,20389,54015,34654,19361,54663,33257,21406,54285,34734,19551,53940,31194,22746,51991,31888,18753,41101,25644,14452,40988,26005,14983,40834,25679,15155,40744,25674,15070,52302,33492,17409,54585,34276,19166,53533,38574,11818,53739,35502,18237,53100,31635,19186,53704,34270,18044,53273,35395,17878,52881,31452,21429,53766,33323,19509,53041,34041,19000
41,41,63737,38871,3249,7409,14140,561,98,0,0,81230,41798,4297,10600,23979,813,136,0,0,89876,40326,5330,10594,32549,1197,156,85285,43505,3981,10441,26686,779,147,8532,25040,264,95,3157,89744,43091,4754,12311,29432,355,146,46036,29167,2154,5176,9416,361,59,0,0,50279,31434,2152,7475,8739,450,120,6942,8555,207,120,15,0,66844,32398,3651,7719,22178,820,118,66844,32398,3651,6837,21524,107,27,1961,54599,33820,2279,7385,10662,520,95,0,0,0,0,57984,34346,3010,8356,12122,210,33,7365,11819,38,33,60133,34995,3674,9178,11843,156,3,8187,11286,23,3,28094,15745,12027,32780,18257,14523,21536,12010,8925,37429,22883,12562,37096,21346,14637,37245,23365,13019,36117,22579,13538,35502,20968,14534,36373,20765,14364,35629,22437,13192,35346,20166,15180,42162,27260,13923,45029,30139,14147,44684,28023,15007,44838,31577,12620,44107,29554,14553,43583,29678,13905,44126,28919,15207,43745,29755,13990,43511,27790,15721,41174,27200,13054,31158,21021,9442,31052,21379,9673,30952,21044,9908,30870,20917,9953,42689,28976,12663,45603,30023,14479,44938,33299,9347,44816,31334,13482,44385,28879,13934,44825,30530,13154,44485,31046,13439,44208,28428,15780,44788,29667,14199,44349,30457,13892
42,42,78328,30467,10278,35202,3141,1832,842,0,0,85385,29779,12824,40393,3497,2156,798,0,0,82965,25844,13118,40409,3571,2731,941,86757,28978,13172,41691,3688,2008,781,36884,2032,523,269,4414,85419,27985,13810,40894,3335,2688,818,55380,23058,6310,23836,2094,1160,490,0,0,63284,23849,8093,28006,1754,1086,190,26687,1269,463,190,577,0,63563,21375,9444,29622,2669,1854,586,63563,21375,9444,26806,1901,499,364,2881,64043,23467,8473,28798,1723,1054,224,0,0,0,0,62367,22681,8634,27727,1505,1256,184,26344,1061,379,184,62624,22566,8742,27658,1896,1177,203,26183,1455,351,203,25423,18698,6538,24154,18477,5677,13019,9723,2964,24130,18015,5234,23847,17561,5499,23815,17469,5753,23377,17998,5379,23257,18027,5230,23512,17421,5278,23304,18204,5100,23168,17618,5550,26219,19601,5864,27598,20624,6396,27310,19622,6031,27428,20975,5692,27068,20716,6352,26932,20701,6231,27128,20654,6474,27029,20976,6053,26879,19655,7224,24619,18487,5466,14157,10840,2983,14073,10869,3204,14080,10901,3179,14051,10840,3211,24050,17819,5614,25473,18442,6606,25058,18521,5271,24938,18654,6284,24751,18077,5798,24998,18248,5742,24906,18766,6140,24802,18369,6433,24794,17226,6221,24739,18502,6237
43,43,78160,45204,4731,24974,1450,2926,361,0,0,82936,46328,7487,25877,2109,2962,629,0,0,85335,44901,7229,27630,2568,4382,525,84163,47434,7577,26360,1919,2660,625,22983,998,1204,290,3510,85223,46997,7087,26897,2560,3609,637,57868,35238,2896,17309,977,1947,200,0,0,60851,36334,3930,17376,972,1921,75,16930,663,1434,75,349,0,64314,35692,4555,19844,1703,3035,294,64314,35692,4555,18191,1125,1410,131,2858,61667,36754,3688,18433,882,1642,68,0,0,0,0,62341,36311,3527,19365,1121,1632,146,18655,748,977,146,63987,36750,4470,19335,1146,1762,194,18358,840,951,194,34405,16152,17908,34838,16841,17997,22487,10221,11449,36881,15494,20118,36453,15276,20009,36572,15660,20175,35658,16493,19165,35413,16849,18564,35881,15083,19724,35466,17596,17870,35269,15756,19513,41272,18057,22315,43859,18899,24297,43487,18365,23087,43717,20268,22777,43161,19855,23306,42851,19746,23105,43247,18999,24248,43067,20119,22948,42781,18498,24283,39764,17450,21506,27441,11582,15277,27258,11458,15800,27284,11785,15499,27277,11678,15599,40968,18260,21794,44314,19106,24652,43512,21348,19868,43530,20132,23398,43184,18805,22950,43516,19391,22667,43385,20476,22909,43214,19242,23972,43179,18702,24477,43104,19627,23477
44,44,84351,37152,7398,36196,3552,1944,564,0,0,83180,32978,8319,37669,3782,2235,497,0,0,82683,30306,8778,38748,4167,3100,693,83035,31401,8722,37756,4027,2320,601,33886,2768,833,380,4318,82442,29998,9117,37775,4181,2489,810,65131,30916,4909,26239,2637,1317,359,0,0,63044,27456,5209,26764,1996,1227,175,25814,1675,633,175,426,0,65452,25997,6102,29034,3222,2249,481,65452,25997,6102,26529,2473,655,261,3047,62961,27088,5496,26436,2252,1299,259,0,0,0,0,61593,26104,5643,25621,2343,1348,318,24615,2013,648,318,61569,25598,5558,26400,2141,1471,277,25116,1880,628,277,37637,22720,14587,36181,22372,13809,21807,12258,8892,34731,20651,12748,34265,19967,13100,34317,20254,13256,33492,20988,12504,33178,21127,12051,33714,19804,12832,33295,21708,11587,33094,20230,12864,36358,22194,13247,37741,23026,13980,37300,21952,13427,37542,24002,12728,36922,23415,13507,36671,23373,13298,37036,22900,14136,36908,23869,13039,36595,21926,14669,34255,20893,12567,21376,12162,8727,21217,12040,9177,21194,12301,8893,21166,12259,8907,33130,20214,12148,34817,20688,13578,34079,22080,10133,34033,21282,12751,33729,19859,12652,34053,20603,12148,33917,21538,12379,33745,20462,13283,33793,19161,13327,33719,20810,12909
45,45,78652,37955,7786,29269,2735,2853,554,0,0,81374,35582,9926,31988,4043,2886,450,0,0,83745,32150,10373,35600,4085,4200,626,80607,34367,10610,31772,3946,2840,404,27677,2303,1247,122,4081,82123,32395,11978,33772,3840,2703,467,55555,28760,4664,19306,1796,1833,303,0,0,55361,26136,5525,20251,1690,1368,164,19679,1410,820,164,374,0,61152,25331,6640,24668,2739,2939,399,61152,25331,6640,22300,1925,1095,198,3293,55134,25646,5911,20069,1614,1592,104,0,0,0,0,56304,24764,6478,21823,1562,1393,96,21125,1245,783,96,56909,23757,6701,23109,1715,1372,111,22391,1362,753,111,30516,17149,13142,31179,18050,13129,18100,9941,7518,31813,17468,13190,31386,16953,13319,31466,17089,13604,30812,17919,12893,30582,18012,12570,30918,16839,12923,30683,18405,12278,30514,17211,13303,35607,20474,14246,37952,21920,15359,37622,21062,14576,37806,23033,14000,37267,22294,14973,37019,22259,14760,37344,21932,15412,37203,22620,14583,36957,20981,15976,33837,19601,13466,21033,11865,8687,20898,11830,9068,20927,12000,8927,20884,11873,9011,33748,19675,13274,35909,20395,15004,35261,21688,11742,35218,21035,14183,34904,19981,13672,35212,20476,13506,35080,21101,13979,34906,20265,14641,34937,19574,14755,34848,20652,14196
46,46,95602,51245,7403,26990,430,10440,114,0,0,92006,47458,8555,25527,456,11096,33,0,0,83701,43090,8140,22943,416,10377,125,91423,46714,8838,24998,403,11329,38,23697,326,9994,10,1588,82714,41779,8545,23289,438,9978,121,71631,40731,4404,19537,291,7100,74,0,0,68402,38843,2177,19069,251,8183,8,18755,237,7696,8,79,0,64953,35486,4988,17427,296,7373,79,64953,35486,4988,16526,171,5931,31,1675,67975,38452,2123,18970,266,8396,14,0,0,0,0,61674,34442,2341,17673,275,7338,50,16886,246,6414,50,60636,34002,2385,17049,249,7183,54,16244,195,6184,54,35594,16033,19001,35338,16376,18962,21672,9748,10697,35096,13276,21174,34289,13092,20172,34562,13613,20510,33250,15445,17805,32646,15431,17215,33623,13611,19400,32827,16418,16409,32686,14620,18066,37881,14202,23134,39881,14030,25580,39307,14204,23720,39562,15457,23782,38784,15021,23763,38598,15135,23463,39011,14144,24867,38688,15696,22992,38411,14453,23958,36797,13645,22646,26845,9262,17006,26834,9616,17218,26654,9417,17237,26669,9288,17381,37422,13251,23596,40007,12910,26825,39128,14690,22950,39097,13954,25143,38667,13263,24683,39037,13648,24454,38896,14184,24712,38711,13317,25394,38886,12635,26251,38648,13605,25043
47,47,96678,19986,6189,25189,1077,45661,123,0,0,96658,19131,6202,24757,921,46371,112,0,0,83452,16088,6230,21276,1062,40942,146,95892,18907,5911,24700,925,46165,122,23881,689,44485,33,1834,85686,16616,5456,21618,950,41827,93,71189,17005,3776,18124,815,32058,83,0,0,70083,15997,1377,18370,495,33720,20,18198,408,33082,20,159,0,63818,13858,3885,16062,872,30185,101,63818,13858,3885,15154,708,28052,29,1888,69950,15753,1462,18268,534,33846,20,0,0,0,0,62611,13997,1367,15890,453,30854,14,15572,379,30159,14,60670,12907,1584,15649,397,30320,48,15052,343,29383,48,30037,18117,11415,30954,19578,11376,17951,10254,7103,29506,14820,13856,28603,14818,13254,29039,14256,14530,27556,16548,11008,27189,17026,10163,27850,15525,11720,27393,17823,9570,27368,17075,10293,31593,15178,15933,33753,14436,19058,32744,14530,17054,33273,17133,15819,31965,15639,16326,31844,16308,15536,32229,14904,17325,31902,16796,15106,31593,15052,16541,30236,14260,15525,19244,8362,10449,19310,10149,9161,18779,8367,10412,18786,8137,10649,30477,12890,17142,33165,12466,20414,31966,13982,16824,31769,13095,18674,31123,13331,17175,31571,13670,16952,31436,14051,17385,31198,13441,17757,31461,12346,19115,31125,13198,17927
48,48,83051,35715,6575,31072,1269,9831,258,0,0,89033,36667,8251,33756,1677,10355,355,0,0,86256,33914,8793,32762,1922,10725,432,89511,36210,8718,34009,1853,10383,478,31261,1046,8277,67,3521,86834,33980,8992,33811,1677,10389,529,59808,27741,3843,21607,805,6345,152,0,0,63575,28560,3133,24229,825,6794,40,23725,720,6100,40,259,0,64317,27041,5528,23852,1282,7465,269,64317,27041,5528,22280,820,5582,125,2695,64070,28379,3398,24302,897,6945,70,0,0,0,0,62695,26870,3859,24242,789,6913,54,23370,553,5784,54,62609,26381,4203,24142,991,7046,72,22828,738,5733,72,30000,17372,12285,30863,18247,12616,20453,11593,8158,32116,17031,13989,31469,16708,13754,31567,17025,13864,30504,17460,13044,30014,18036,11978,30778,16841,12980,30220,18378,11842,30045,17276,12769,34564,18442,15331,36414,18990,16926,35844,18316,15704,36175,20268,15296,35388,19350,16038,35237,19801,15436,35543,19018,16525,35327,19969,15358,35072,18518,16554,33184,17625,14820,22619,11477,10516,22545,11613,10932,22357,11648,10709,22352,11517,10835,34232,17810,15674,37393,18650,18314,36587,19833,15065,36446,19243,17203,35878,18489,16247,36374,18791,16295,36275,19471,16804,36014,18611,17403,36108,17238,17454,35910,18907,17003
49,49,71378,49873,4485,10992,5961,742,95,0,0,84351,59146,4956,12674,7375,715,70,0,0,84251,56412,6424,12111,8198,1314,141,86769,60716,5596,13311,7162,646,163,11859,6217,193,99,1766,82423,57497,5961,12476,6353,1038,128,61992,44738,3239,8787,5071,582,72,0,0,66845,51468,1897,9601,3235,496,45,9233,3004,274,45,155,0,73023,50180,4890,9740,7179,1044,99,73023,50180,4890,8643,6308,160,38,2449,68749,52641,2446,9997,2931,461,99,0,0,0,0,66304,50244,3268,9268,2715,650,4,8576,2161,222,4,68043,50474,3629,9834,3335,465,0,8928,2749,175,0,33903,21737,11708,35415,22139,13276,22385,14180,7445,39443,25799,11095,39207,24483,13389,39368,27045,11319,38142,26225,11917,37405,23796,13609,38408,23622,13218,37594,26079,11515,37392,23745,13647,41093,28219,11687,42331,30121,11258,42025,28094,12207,42155,30823,10560,41527,29930,11597,40970,29731,11239,41473,28924,12549,41162,30022,11140,40847,27130,13717,39369,27578,10704,28890,20652,7459,28731,21083,7648,28672,20828,7844,28577,20856,7721,39869,28553,10229,42594,29328,12205,41843,32576,7026,41748,30538,11210,41287,27765,11998,41734,29557,11058,41379,30376,11003,41066,27348,13718,41805,28754,11970,41260,29407,11853
50,50,79482,55043,5270,16653,2042,1014,81,0,0,83350,57092,7804,15391,2440,1068,27,0,0,86290,57261,9056,15517,2567,2188,134,83431,58110,7753,14540,2535,1148,23,13083,2185,402,23,1726,85426,59298,7808,14806,2309,1452,60,61429,43717,3111,12854,1343,677,50,0,0,61793,45728,1866,12258,1294,711,28,11896,1232,401,28,69,0,68379,47108,5651,12349,1801,1616,98,68379,47108,5651,11614,1409,184,18,2140,62890,47266,2090,11602,1369,638,24,0,0,0,0,64750,48783,2172,11774,1241,551,34,11190,1168,113,34,65533,48961,3080,11099,1643,633,52,10134,1405,68,52,40736,23271,16939,41811,23622,18189,29293,16844,11567,44149,24228,18199,43851,23599,18971,43966,25245,17925,42933,25091,17842,42245,24080,18165,43254,23260,18956,42540,25780,16760,42282,23668,18614,48580,27573,20120,51226,29101,21473,50933,28333,20881,51178,30574,20042,50474,29688,20786,50025,29515,20510,50507,28474,22033,50274,29784,20490,49884,27796,22088,47842,27541,19480,38788,22913,15133,38674,22882,15718,38606,23088,15518,38592,23044,15548,49486,29001,19595,52636,29908,21979,51648,32620,17037,51594,30955,20639,51312,28904,21011,51715,30218,20300,51435,31054,20381,51082,28956,22126,51436,29802,20872,51198,30174,21024
51,51,75723,48190,11647,14648,857,1143,87,0,0,79610,50127,12914,15213,1081,992,128,0,0,83073,51084,14752,14411,1331,2408,173,80922,50329,13143,15919,1184,1188,57,14213,925,611,0,1646,83539,51011,14189,16499,1475,1387,93,56509,38285,6969,10303,562,758,52,0,0,56533,40675,4345,10406,452,550,20,10189,399,413,20,69,0,63333,41384,9137,10594,921,1689,113,63333,41384,9137,9777,627,324,37,1853,57938,41045,4683,11040,598,716,0,0,0,0,0,58774,41714,4547,11117,689,770,0,10639,406,111,0,61723,42929,5948,11050,895,829,14,10463,497,49,14,31429,13665,17329,31724,13548,18176,20795,8603,11223,33568,12925,19457,33188,12877,19147,33345,14142,18487,32366,14280,18086,31806,14834,16972,32740,12676,19218,32178,15728,16450,31806,13603,18203,37143,14782,21549,39427,15116,23773,39041,14770,22353,39218,16881,21772,38482,16030,22452,38207,16320,21887,38599,15068,23531,38390,16896,21494,37993,14579,23414,36062,14283,21056,26295,9648,16082,26170,9460,16710,26144,9985,16159,26134,9943,16191,37817,14906,22102,41570,15217,25888,40701,18212,20215,40630,16395,24235,40208,14829,24026,40662,15823,23465,40484,16971,23513,40138,14984,25154,40518,14357,25065,40114,15765,24349
52,52,80440,51870,4393,21414,1055,2218,117,0,0,82818,53522,4726,21498,1354,2085,78,0,0,84383,53230,5768,20653,1601,3650,175,83907,54906,5093,20311,1479,2325,288,19464,995,1575,127,1473,84915,55248,6007,19854,1802,2382,142,61537,41792,2692,15141,730,1463,66,0,0,62278,42587,1566,15749,810,1500,11,15692,681,1190,11,79,0,65479,43375,3562,15104,1099,2505,105,65479,43375,3562,14252,757,1013,30,2301,63222,43511,2069,15191,650,1724,60,0,0,0,0,63959,43735,2570,15196,929,1613,30,14904,761,975,30,64143,43389,2905,15095,1075,1785,44,14272,806,801,44,36632,17298,18779,36854,17339,19515,25265,11433,12716,38390,15975,21096,37761,15704,20667,38054,16939,20359,36598,17323,19275,35738,17327,18411,36973,15613,20321,36119,18363,17756,35802,16564,19238,41345,17572,22862,43570,18242,24770,42986,17316,23582,43318,19811,22818,42243,18524,23719,41862,18851,23011,42380,17783,24597,42022,19184,22838,41610,17039,24571,39997,17004,22200,28700,11480,16560,28540,11032,17508,28424,11516,16908,28411,11434,16977,40880,17339,22682,44030,17613,25923,42869,20180,20430,43061,18625,24436,42316,17003,24067,42927,17988,23702,42721,18605,24116,42339,16994,25345,42936,14904,24021,42442,18041,24401
53,53,71297,49936,8136,11892,749,1206,99,0,0,79851,54857,9421,13681,1106,1099,50,0,0,83312,53961,11712,14599,1369,2364,154,81403,56243,10157,13323,1526,797,56,11905,843,357,0,1847,84718,55630,11818,14516,1857,1609,73,52451,38386,4846,8242,515,770,57,0,0,58041,43459,3489,9906,466,725,0,9642,385,561,0,48,0,63226,43154,7207,10588,951,1702,89,63226,43154,7207,9813,634,384,12,1777,59200,44588,4166,9341,576,455,0,0,0,0,0,61953,45360,5037,9986,825,706,8,9585,505,286,8,64957,47303,5303,10525,995,890,13,9908,606,347,13,29292,10729,18232,30798,10780,20018,20370,6972,12622,33982,10993,21697,33775,11049,21607,33877,12077,21155,33117,12225,20892,32736,12923,19813,33438,10815,21809,33020,14355,18665,32763,11253,21510,39859,14194,24745,43134,15345,27127,42762,14807,25900,43010,16765,25617,42136,16008,26128,41908,16554,25354,42296,15172,27124,42075,17292,24783,41677,14805,26872,39089,14053,24193,29234,10185,18409,28983,10542,18441,29107,10497,18610,29084,10375,18709,42586,16242,25302,47526,17322,29509,46582,20981,22921,46620,18784,27836,46227,16976,27670,46603,18040,26989,46452,19804,26648,46101,17077,29024,46381,17093,29288,46099,17971,28128
54,54,70674,50646,8899,9885,951,769,57,0,0,78064,55963,9690,10049,1593,837,150,0,0,83475,58178,11263,10062,2276,1949,113,79762,57303,9815,10424,1721,932,62,9037,1199,139,0,1932,84203,59878,10502,10458,2081,685,36,55074,41261,5307,7614,642,526,35,0,0,57821,46584,2171,7747,912,359,45,7303,739,87,45,70,0,66342,48601,7032,7695,1622,1417,69,66342,48601,7032,7026,1350,185,21,1898,59313,47652,2475,7754,962,392,0,0,0,0,0,62855,50497,2526,8093,1173,521,0,7719,849,110,0,64654,50863,3564,8033,1519,632,71,7740,1275,52,71,36151,19037,16571,38077,19318,18759,29830,15644,13275,43157,21974,19420,42978,21423,20287,43159,23159,19215,42174,22997,19177,41594,22451,19143,42454,21182,20284,41898,23686,18212,41609,21486,20123,49031,25853,22270,52346,27826,23857,52044,26735,23545,52257,29317,22432,51399,27879,23520,50900,28153,22747,51452,26946,24506,51125,28218,22907,50731,26115,24616,48936,26188,21910,41984,23153,18086,41806,22982,18824,41706,23264,18442,41791,23322,18469,52149,28789,22440,56161,30030,25322,55110,33554,19194,55366,31194,24172,54679,28785,24409,55267,30274,23762,54820,31080,23740,54567,28782,25785,54393,28210,24741,54836,30295,24541
55,55,86218,47623,11600,25964,726,898,46,0,0,87730,48446,12634,25658,1075,730,15,0,0,82927,44798,13292,22696,930,1946,97,88243,48975,12934,25274,911,757,16,23882,702,119,10,1432,83998,45361,13643,23504,887,2041,12,64113,37896,6948,18496,487,610,36,0,0,62592,39739,3092,18769,477,474,10,18396,443,156,10,126,0,63977,36904,8298,17116,655,1342,71,63977,36904,8298,16327,487,257,10,1470,63330,39996,3542,18711,514,490,14,0,0,0,0,59720,37346,3697,17458,475,702,8,17046,388,104,8,62094,37734,5257,17542,745,1029,16,17024,642,143,16,33577,16342,16758,34822,17347,17475,20966,9877,10308,35384,14852,19545,34847,14484,19121,35067,14953,19545,34097,16040,18057,33562,15722,17840,34410,14193,19512,33671,16508,17163,33606,15274,18332,37860,15636,21528,39572,15814,23347,39218,15416,22273,39484,16770,22227,38794,16565,22229,38543,16275,22268,38820,15727,23093,38739,16575,22164,38437,15347,23090,36445,14793,21073,25616,8803,16323,25523,8694,16829,25478,8790,16688,25472,8840,16632,37220,14578,22030,40052,14679,25011,39351,16470,21193,39346,15605,23741,38840,14649,23267,39307,15208,23035,39151,15451,23700,38913,14614,24299,39260,14725,24535,38930,15231,23699
56,56,78019,54121,6489,8744,8314,749,80,0,0,84149,57259,5346,10755,10712,599,64,0,0,85142,53312,7758,10008,12810,1404,120,85542,57193,5578,11510,11102,699,214,10305,9322,174,0,2775,83240,54218,6021,11111,11061,1169,220,63228,45545,4578,6719,6053,555,56,0,0,63164,47634,2630,7610,4826,402,6,7194,4295,200,6,173,0,69744,45289,5640,7846,9895,1060,91,69744,45289,5640,6795,8854,160,19,2649,64600,47694,2923,8228,5117,504,0,0,0,0,0,62815,45812,2984,7897,5370,670,0,7408,4980,293,0,64625,45689,3890,8712,5673,631,15,8126,5267,247,15,45115,36071,8509,44437,35555,8882,30597,25295,4678,49211,40474,6349,48853,38935,8871,48924,41116,6957,47541,39589,7952,46592,36636,9956,47767,37761,8525,46940,39072,7868,46662,37133,9529,46695,39181,6551,45822,39353,5792,45553,37797,6624,45657,39753,5402,45026,38697,6329,44612,38409,6203,45029,38246,6783,44738,38559,6179,44465,36614,7851,44524,37910,5747,35926,31349,3946,35780,31449,4331,35751,31450,4301,35720,31428,4292,44622,38422,5426,47236,40024,6270,46671,41544,3796,46344,40391,5953,45955,38458,6287,46368,39798,5809,45989,40040,5949,45785,38097,7688,46382,39562,6063,46019,39809,6210
57,57,84721,44121,5658,30890,3958,1005,108,0,0,88836,43763,6438,34335,3905,1221,37,0,0,90259,40658,7591,36048,5342,1880,81,88736,40873,6976,35923,4297,1376,51,33615,3791,233,5,2536,88738,40061,7528,36000,4944,1685,19,63503,36025,3445,21288,2588,639,65,0,0,63370,36343,2271,22906,1457,462,8,22391,1317,144,8,136,0,69599,34543,4753,25818,3790,1367,64,69599,34543,4753,24210,3442,229,12,2135,63242,34782,2597,23754,1824,564,9,0,0,0,0,63281,33490,3029,23963,2455,543,10,23156,2219,75,10,65663,33462,3461,25471,2659,661,4,24458,2456,45,4,43142,26688,16050,44290,27193,17097,30062,18287,11109,44525,28294,14365,44150,27136,15816,44252,29424,13960,43249,28633,14616,42732,27624,15108,43507,26900,15444,42858,28658,14200,42532,26489,16043,47556,31329,15202,49612,33296,15603,49188,31753,15614,49282,34462,14083,48700,33028,15672,48142,33093,15049,48823,32281,16542,48355,33303,15052,48153,31446,16707,45747,30441,14371,33413,21825,10862,33374,22101,10943,33254,21659,11595,33181,21683,11498,45941,31366,13606,48441,32360,15255,47523,35358,10084,47626,33522,14104,47100,31175,14696,47603,32542,13794,47235,33040,14195,47040,31197,15843,47411,31267,16144,47185,32365,14820
58,58,82483,25031,8584,44126,4702,1312,148,0,0,92128,25933,9757,48477,7742,1709,82,0,0,90051,22351,13163,48201,5985,2331,182,92936,25179,8934,49587,8315,1335,80,46869,7839,464,15,2665,93706,22656,10083,52570,8046,1183,180,61551,21133,5292,31623,3297,864,84,0,0,63833,22192,2666,34373,3586,813,17,33490,3464,542,17,285,0,69130,19255,8502,36425,4457,1705,132,69130,19255,8502,34376,4060,346,46,2245,64198,20856,2711,35835,3778,776,10,0,0,0,0,66131,19876,3609,38204,3629,650,0,37205,3339,236,0,63762,18658,4303,36470,3725,562,5,35299,3519,187,5,37216,28231,8682,38627,29844,8783,23920,18054,5373,39422,29562,8589,38975,28945,8934,39081,29871,8431,38329,29808,8521,38080,29580,8500,38541,28683,8738,38146,30132,8014,37934,28911,9023,40849,31174,8852,42118,32068,9517,41726,31130,8865,41782,32826,8232,41453,32359,9094,41211,32202,9009,41581,32023,9558,41288,32518,8770,41178,31081,10097,38381,29316,8337,24007,17970,5537,23956,18196,5505,23852,17947,5905,23809,17854,5955,37526,28512,8256,39544,29260,9576,38990,30260,7149,38872,30186,8686,38652,29163,8523,38983,29579,8188,38633,30046,8587,38624,29312,9312,36875,22430,9975,38649,29671,8978
59,59,76691,56820,3834,13850,1745,866,72,0,0,82831,55841,5354,18921,2308,1235,175,0,0,90829,57239,6357,22586,3082,2287,92,83988,56167,5960,18778,2850,861,11,17659,2541,76,0,1516,89674,57996,6313,22605,2409,2005,18,59024,45521,2236,9738,1159,602,47,0,0,62274,44857,1728,14247,1075,609,8,13740,1057,118,8,47,0,71067,47493,4000,16030,2164,1669,72,71067,47493,4000,14962,1855,302,24,2169,63687,46871,1866,13241,1358,491,0,0,0,0,0,68353,48875,2491,14865,1229,928,0,14242,1087,102,0,69574,47145,3139,16120,1847,925,59,15671,1694,114,59,40002,15486,24002,42127,16015,26112,29245,11161,17291,45208,17088,26511,44857,16689,26703,45023,18892,25202,43980,18458,25522,43351,17885,25466,44237,16490,26586,43447,18974,24473,43169,16663,26506,50881,21731,28138,54317,23604,29969,53869,22945,28621,54006,25574,27698,53251,24198,29053,52682,24215,28467,53486,23066,30420,52906,24563,28343,52742,23176,29566,49910,21656,27313,38792,16328,21637,38762,16722,21627,38643,16352,22291,38593,16316,22277,52491,24085,27302,56935,25238,30860,55824,29343,23738,55869,26992,28877,55233,24572,29194,55848,26006,28262,55354,26607,28747,55199,24636,30563,54957,22108,30038,55290,25773,29517
60,60,84835,39431,7488,32115,5612,1063,116,0,0,90193,36802,9269,37214,6915,1194,228,0,0,90340,36521,10876,33864,8143,1969,142,89927,37921,9886,36426,5947,1053,407,33935,5453,410,13,2099,90372,38328,10617,34217,7257,1394,352,63808,32842,4573,22379,3766,754,67,0,0,62512,30519,2792,25972,2468,640,28,25532,2403,333,28,174,0,70183,31703,7024,24718,5769,1434,94,70183,31703,7024,23397,5415,290,31,1814,63929,31461,3204,26368,2078,630,23,0,0,0,0,65195,32571,3614,25132,2821,672,34,24602,2635,231,34,65503,30855,4359,25874,3551,607,5,24888,3318,119,5,35738,21777,13614,36723,22435,14288,22562,12886,9078,36864,22253,13236,36317,21272,13783,36423,22776,12739,35496,22403,13093,35100,21879,13221,35685,21078,13487,35157,22512,12645,34903,21111,13792,39149,24575,13667,40888,25942,14315,40465,24879,13802,40521,26984,12785,40013,25981,14032,39669,25997,13672,40077,25348,14729,39763,26210,13553,39653,24885,14768,37176,23485,12898,24317,14816,8960,24255,15098,8905,24173,14726,9447,24123,14738,9385,36897,23490,12528,39310,24049,14491,38363,26058,10196,38366,25113,13253,37993,23474,13317,38387,24275,12759,38040,24712,13328,37949,23514,14435,31841,0,15492,38018,24289,13729
61,61,81341,39971,5395,33827,2194,1020,133,0,0,87874,41531,6466,36955,2521,1181,291,0,0,90183,38196,8181,40452,2965,1873,123,88071,40363,7415,38094,2212,1236,237,36056,1739,437,96,1784,87342,38141,7472,38998,2406,1168,52,67163,34800,3658,26929,1696,764,101,0,0,67887,35441,2222,28690,889,562,14,28007,748,351,14,247,0,74833,33461,5798,32792,2319,1384,84,74833,33461,5798,30908,1887,203,31,2229,67881,34531,2597,29140,930,619,20,0,0,0,0,66848,32618,3050,29296,1292,644,4,28624,1103,304,4,69487,34385,3803,29284,1405,729,9,28255,1086,120,9,44358,32600,11345,45688,34175,11513,27060,19065,7412,44957,33355,9702,44477,32174,11135,44555,34077,9584,43485,33280,10205,43013,32377,10636,43684,31576,10699,43034,33286,9748,42644,31195,11449,43658,32971,9719,43554,33461,9414,43239,31882,9712,43244,33904,8606,42799,33102,9697,42386,33137,9249,42942,32668,10274,42538,33325,9213,42342,31406,10936,40915,31073,8986,27889,20729,6483,27812,21015,6478,27684,20640,7044,27659,20704,6955,40906,31804,8258,44178,34025,9292,43449,35765,5955,43404,34786,8618,42972,32755,8978,43404,33898,8338,43059,34438,8621,42920,32985,9935,39071,21478,10816,43049,33902,9147
62,62,78297,59836,3861,10860,3471,621,81,0,0,86006,61911,4787,12790,5576,999,156,0,0,89637,60675,5984,13956,7431,1761,130,89298,63994,4208,13554,6668,883,135,12324,5972,371,22,2102,89725,62263,4416,14468,7316,701,23,58847,46043,2467,7834,2286,413,47,0,0,62444,48773,1784,9088,2109,625,37,8938,1971,307,37,42,0,68951,48391,3961,10295,5005,1269,94,68951,48391,3961,9422,4578,172,22,2119,64133,49969,1999,9054,2289,512,29,0,0,0,0,64677,49015,2142,9923,2838,444,22,9424,2616,68,22,64569,46987,2808,10617,3288,473,20,9987,3085,46,20,41323,16987,23886,43491,16640,26851,30375,11264,18329,46414,18690,25650,46143,17694,26961,46218,20646,24541,45050,19329,25721,44354,18334,26020,45293,17255,26731,44369,19389,24980,44009,16954,27055,51113,22538,27442,53997,24715,28476,53650,23234,28294,53757,26410,26569,52936,24285,28651,52242,24629,27613,53091,23386,29705,52470,24752,27718,52284,23278,29006,49920,22423,26460,38951,17059,21063,38874,17315,21142,38728,16969,21759,38662,16904,21758,52353,24954,26158,56733,26169,29583,55376,30803,21413,55671,27737,27934,54847,24600,28403,55546,26563,27471,55022,27181,27841,54714,24530,30184,52941,16490,30645,54986,26427,28559
63,63,74443,51393,6268,15181,1357,696,97,0,0,81055,53338,8857,16346,1953,705,97,0,0,83847,52355,9808,18436,2050,1936,133,83655,54698,7890,18274,2101,702,140,16787,1825,129,34,1868,84661,54111,9184,18716,2133,909,71,58518,42268,3708,11338,973,483,69,0,0,60975,44547,2620,12145,1094,506,38,11798,966,159,38,91,0,66864,44134,6334,13836,1527,1406,80,66864,44134,6334,12818,1253,211,40,1835,63132,45561,2570,13213,1206,504,33,0,0,0,0,62994,44835,3053,13330,1247,503,4,12841,1108,78,4,63456,43358,3806,14417,1294,473,38,13815,1160,93,38,33200,14966,17851,34458,14918,19540,23167,9656,12700,36195,15638,19244,35933,14959,19784,36012,16698,18689,35177,16420,18757,34694,16000,18694,35434,14541,19870,34835,16949,17886,34588,15146,19442,40526,18646,21147,43044,19821,22644,42750,19381,21880,42954,21479,21000,42460,20367,22093,42128,20147,21981,42631,19477,23154,42340,20717,21623,42195,19448,22747,39547,18328,20550,29918,13069,16256,29810,12829,16981,29800,13051,16749,29841,13086,16755,41030,19511,20728,44159,20068,23448,43394,23372,17911,43573,21452,22121,43149,19570,22507,43420,20667,21557,43361,21378,21983,43043,19537,23506,43234,18635,22835,43239,20634,22605
64,64,76722,50353,10374,14850,937,1184,69,0,0,82269,51285,11654,17889,1165,1182,75,0,0,87568,50132,14895,19331,1764,2757,115,82489,50119,13263,17158,1250,1181,67,15863,788,296,20,1934,87118,51061,14016,19077,1968,2127,71,57193,39847,5985,10466,619,762,38,0,0,57620,41173,2538,12773,564,566,8,12254,500,264,8,151,0,67105,41203,9296,14042,1212,1995,79,67105,41203,9296,13026,958,278,24,2078,57548,40959,2978,12389,558,550,8,0,0,0,0,62811,42420,4551,13968,869,797,29,13318,682,110,29,64885,42728,5511,14597,1045,798,24,13888,793,204,24,31400,13984,17035,32549,13903,18646,21132,8513,11699,35038,14237,19602,34764,13956,19628,34882,15380,18843,34134,15317,18817,33737,15185,18552,34351,13748,19562,33785,16044,17741,33652,14334,19318,40199,17740,21666,43047,19004,23412,42758,18657,22366,42981,20500,21918,42498,19749,22749,42181,19643,22538,42666,18944,23722,42378,20014,22364,42234,18837,23397,39448,17526,21179,30095,12797,16610,30040,12692,17348,30002,12887,17115,30030,12872,17158,41887,19473,21537,45672,20556,24489,44951,23746,19068,45071,22039,23032,44716,20357,23136,44954,21309,22325,44862,21952,22910,44654,20367,24287,44806,19270,23631,44783,21283,23500
65,65,93640,68741,5159,18577,592,874,103,0,0,91077,65897,5560,18255,730,1059,70,0,0,91096,64218,6086,18444,770,1902,97,91051,65584,5630,18113,753,1088,241,16474,639,314,16,2246,91209,64861,5910,17828,841,1667,746,72852,55142,3049,13821,392,623,60,0,0,70520,53895,1648,13961,396,606,8,13579,341,243,8,79,0,72783,52981,3752,14158,547,1469,63,72783,52981,3752,13360,391,236,28,1856,70675,53900,1752,13909,392,625,12,0,0,0,0,70585,53755,1698,13760,435,737,107,13216,270,103,107,71757,53711,2579,13948,563,824,102,13337,262,115,102,41717,17252,23891,41540,16322,25218,28034,10553,15985,42267,14226,26821,41877,14191,26148,42004,16331,24823,40886,16151,24735,39995,16214,23781,41136,14465,25679,40362,17315,23047,40100,14823,25277,45599,15995,28689,47809,15992,31301,47313,16189,28971,47652,18197,28891,46952,16993,29959,46531,16900,29631,47041,15871,31170,46697,17342,29355,46493,16191,30302,44180,15362,27992,32566,10110,21617,32527,10482,21654,32365,10064,22301,32364,10048,22316,45663,15800,28916,49595,15676,33447,48598,19133,27050,48624,17409,31215,48121,15601,31148,48656,16508,30584,48415,17369,31046,48197,15705,32492,48591,15298,33293,48296,16551,31745
66,66,70691,40835,7351,18703,4009,849,98,0,0,86400,47480,9284,24573,5595,817,38,0,0,88717,44624,11693,26286,5608,1798,151,85327,44344,8876,27924,5289,1324,46,24586,4386,18,15,2851,88945,45328,11182,28119,5082,1530,117,48768,29307,4563,12295,2617,489,59,0,0,58493,35711,3419,15869,3079,255,27,15489,2401,10,27,212,0,65836,34695,7696,18904,3987,1246,97,65836,34695,7696,17381,3440,187,28,2139,59143,34347,4005,17541,2765,463,15,0,0,0,0,61551,35491,4608,17865,2865,542,0,17286,2274,34,0,65640,35568,5221,20530,3634,550,38,19599,3335,83,38,32412,18553,13546,36178,20138,16040,24054,13415,9984,40249,23349,14896,39986,22502,16218,40138,24119,15134,39067,23708,15359,38564,22884,15680,39562,21844,16550,38752,23915,14837,38486,22083,16403,46123,28393,16604,49530,31281,17373,49174,29479,17558,49342,32533,16031,48635,31176,17459,48191,31283,16908,48757,30532,18225,48407,31459,16948,48054,28969,19085,45030,28160,15813,33421,21058,11577,33302,21379,11923,33242,21222,12020,33183,21056,12127,46716,30044,15459,49951,31375,17625,49186,34394,12064,49066,32559,16507,48675,30098,16762,49137,31501,16256,48763,32487,16276,48486,30148,18338,49092,31052,16993,48574,31633,16941
67,67,88378,67748,6092,12463,1714,589,74,0,0,88839,67017,6774,12916,1918,799,27,0,0,88255,65149,7010,12529,1805,1960,83,89273,67163,6907,12908,1985,895,65,11740,1477,188,0,1790,88562,66182,7107,12768,1782,989,55,67900,54172,3336,8976,1089,462,44,0,0,66695,54390,1511,9347,988,474,0,9094,930,154,0,25,0,69441,53204,4276,9285,1235,1482,46,69441,53204,4276,8751,1094,241,11,1759,67110,54680,1643,9374,892,506,0,0,0,0,0,67110,54265,2155,9190,985,515,0,8969,928,148,0,68419,54940,2421,9225,1077,551,127,8955,958,122,127,39896,13788,25471,39413,13091,26322,27229,8750,16796,41460,11245,29096,41090,11462,27672,41312,12823,27713,40178,13510,26668,39301,13497,25804,40472,11092,28409,39561,14665,24896,39444,12575,26869,44559,12585,31057,46788,12456,33869,46271,12424,31632,46642,14482,31644,45517,13584,31933,45362,13361,32001,45771,12312,33459,45431,13885,31546,45136,12400,32736,43261,12087,30418,32310,7830,23761,32149,7703,24446,32141,7918,24223,32154,7890,24264,45267,12701,31694,49785,12871,36473,48790,16141,30119,48958,14538,34420,48335,12898,34122,48894,13809,33699,48673,14147,34526,48442,12883,35559,48700,12994,35706,48417,13708,34709
68,68,64532,52954,3701,5534,2061,433,58,0,0,80154,61572,4902,7990,5474,485,44,0,0,88209,63668,6948,8408,7391,1584,111,81597,60454,6123,9096,5853,658,45,7518,5189,138,13,2038,88355,63785,6975,10000,7137,764,35,42597,35534,2173,3471,1190,295,30,0,0,54003,43011,2492,5497,2595,311,24,5196,2414,103,24,94,0,61549,45843,4307,5674,4467,1048,75,61549,45843,4307,5033,4087,105,31,1895,54259,42320,2998,5822,2735,330,4,0,0,0,0,59117,46001,3097,6108,3579,289,4,5475,3344,36,4,62157,47556,4042,6077,4136,310,0,5282,3858,40,0,29333,9647,19378,33167,10144,23023,21747,6308,14768,39571,12681,24826,39171,11543,26075,39390,13347,25099,38181,12772,25409,37633,11931,25702,38531,10904,26455,37670,12404,25266,37321,10918,26403,47711,17403,29193,52371,20500,31030,51900,18420,31539,52117,21379,30012,51034,19690,31344,50279,19440,30839,50972,18999,31973,50660,19637,31023,50107,18133,31974,47430,17832,28601,37438,13986,22673,37289,13774,23515,37219,13836,23383,37165,13803,23362,51388,20633,29491,56394,21911,33559,55103,25835,25850,55245,23128,32117,54160,20162,32188,55088,22001,31731,54641,21809,32832,54176,19774,34402,55119,21501,33618,54426,22139,32287
69,69,77490,61865,6478,7041,1698,728,70,0,0,88067,67762,9200,8134,2201,1080,166,0,0,89186,63240,10535,9888,3570,1989,132,90357,70141,8471,8420,2686,1035,121,6980,2228,273,42,2008,89956,67943,8714,9072,3131,1256,172,54684,44804,3877,4582,1113,479,37,0,0,60530,50240,3293,5213,1100,593,20,4838,942,187,20,98,0,66183,48720,6740,6831,2424,1409,85,66183,48720,6740,6086,2016,200,26,2087,63611,53254,3116,5366,1325,610,19,0,0,0,0,64173,52343,3361,6231,1638,542,15,5459,1311,125,15,66563,52337,4468,7161,1669,622,31,6337,1331,56,31,34243,11656,22194,36553,11869,24684,22732,7021,14899,41300,12663,26842,40802,11882,27080,41065,13472,26606,39808,13557,26251,39226,12757,26469,40182,11278,27717,39303,13378,25925,39016,11895,27121,46879,16238,29548,50262,18200,31326,49834,17016,30814,50076,19273,30043,49141,18206,30935,48589,17893,30696,49091,17484,31607,48922,18182,30740,48397,16725,31672,45785,16235,28601,34212,11889,21597,34105,11814,22291,34047,11896,22151,34040,11861,22179,48871,18516,29238,53802,19831,33226,52650,23023,26674,52757,21126,31631,51923,18919,31365,52693,20202,31097,52308,20287,32021,51888,18667,33221,52656,19742,32914,52019,20158,31861
70,70,86453,68769,9807,5910,1381,1006,79,0,0,85349,66203,10244,6796,1734,1101,93,0,0,89118,64745,12729,7325,2211,2476,66,86359,65538,11644,6972,1767,1161,78,5440,1376,200,0,1938,88842,66404,12154,7300,2279,1620,138,65410,54206,5799,3997,919,702,46,0,0,62185,53368,2758,4442,890,627,0,4124,756,224,0,89,0,69471,53041,8093,5128,1521,1865,53,69471,53041,8093,4588,1348,385,5,1876,62229,52830,3067,4694,963,697,0,0,0,0,0,64342,53856,3863,4908,913,728,0,4512,660,114,0,64895,53673,4170,5315,1076,669,0,4841,839,87,0,35062,10098,24411,35834,9174,26660,21653,5010,15722,38730,8442,29057,38408,8413,28316,38518,10371,27233,37587,9930,27657,36706,9854,26852,37828,8382,28466,37052,10688,26364,36951,8738,28213,41954,10094,30960,44064,10146,33424,43631,10278,31396,43842,12108,31204,43243,10975,32268,42938,10863,32075,43438,10058,33380,43058,11122,31936,42927,10698,32229,40315,9723,29843,28257,5963,21688,28072,5887,22185,28148,6040,22108,28155,5964,22191,41599,10483,30258,45442,10472,34518,44353,14106,27783,44618,12003,32615,44202,10242,32867,44625,11189,32148,44460,11709,32751,44232,10269,33963,44263,9242,33313,44171,11324,32847
71,71,81668,39628,12496,27298,2594,861,126,0,0,87460,42064,12886,29519,3374,515,94,0,0,88823,39699,15759,29567,3309,2189,123,90205,43513,14996,28651,3370,607,98,26336,2554,126,0,2495,89461,43758,17076,25652,2841,959,144,62763,33682,7371,20033,1792,608,71,0,0,62473,35327,3558,21831,1355,329,0,21479,1161,144,0,132,0,69886,34211,9980,22648,2452,1624,78,69886,34211,9980,20897,2070,211,21,2215,64124,36442,4482,21577,1111,424,0,0,0,0,0,63353,37197,5337,19171,874,446,35,18659,748,62,35,63333,35333,5507,20174,1236,755,137,19323,1020,144,137,37135,24344,12436,38341,25400,12941,22769,14514,7613,39805,25986,11927,39508,24827,13360,39514,26771,11786,38607,26489,12118,38070,25800,12270,38737,24739,12729,38136,26502,11634,38063,24175,13888,42088,28279,12736,43670,29948,13021,43253,28488,12676,43445,30918,11740,42963,29311,13652,42419,29713,12706,42777,29196,13581,42441,29837,12604,42411,27785,14626,40014,27214,11854,27249,18502,8102,27102,18253,8849,27041,18363,8678,27005,18425,8580,40147,27971,11237,42926,29338,12880,42050,31358,8783,41928,30114,11814,41416,28177,11900,41914,29080,11585,41667,29745,11922,41445,28302,13143,40701,24575,12340,41475,29176,12299
72,72,79211,32630,9229,36297,1417,794,154,0,0,81477,33248,9847,36540,1781,918,253,0,0,84444,34459,12156,35110,2143,1705,220,81602,32623,9639,36487,2096,1154,283,34740,1707,115,177,1592,82086,32011,10676,37062,2359,1138,143,61085,27838,5520,26748,1092,538,92,0,0,59132,27691,2963,27362,700,509,85,26936,536,84,85,159,0,66125,29728,7511,26531,1773,1217,139,66125,29728,7511,25139,1390,135,78,1911,59536,27470,2902,27674,764,523,100,0,0,0,0,58964,27120,2952,27487,864,475,69,27130,718,65,69,59521,28986,4270,24623,1169,549,39,23872,932,70,39,38450,28038,10110,39656,28516,11140,24973,17274,7209,39142,28593,8910,38873,26876,11180,38824,28716,9383,37963,28340,9623,37397,27438,9959,38095,26665,10477,37549,28229,9320,37544,25803,11741,40276,29521,9919,41385,31183,9526,40942,29161,10173,41094,31659,8799,40643,29706,10937,40049,30328,9721,40414,29828,10586,40031,30439,9592,40072,28110,11962,38323,28322,9214,26964,19661,6794,26766,19175,7568,26742,19321,7421,26684,19497,7187,38241,28729,8723,40829,30009,10067,39849,31926,6263,39762,30370,9392,39148,28157,9875,39722,29411,9273,39457,30059,9398,39198,28264,10934,39617,27385,9864,39298,29310,9988
73,73,75495,51955,9475,12857,1172,720,72,0,0,83819,52847,11072,18106,1762,920,163,0,0,90036,52168,13532,20879,2304,2365,163,85267,51821,12081,18916,1894,1156,89,17071,1312,325,58,1826,89567,52214,13264,21126,2057,1082,62,55336,40457,5520,8491,786,461,43,0,0,60047,42352,3633,12458,945,564,85,12271,727,289,85,88,0,67814,42268,8451,14451,1591,1696,95,67814,42268,8451,13147,1291,200,37,2184,61386,41625,4418,13340,1057,598,60,0,0,0,0,64664,42618,5050,15222,1072,538,16,14549,787,4,16,65979,42727,5733,15701,891,743,36,14585,741,40,36,32144,13471,18343,33048,13693,19355,20460,8202,11299,36113,14020,20559,35744,13519,20451,35952,14978,20004,34920,15195,19725,34149,14798,19351,35236,13126,20925,34389,15373,19016,34283,13890,20393,41835,18347,22351,45264,20505,24022,44811,19342,23050,44904,21528,22540,44340,21026,23314,43903,20778,23125,44418,20055,24363,44046,21081,22965,43653,18901,24752,40660,18160,21540,28670,12342,15581,28495,12339,16156,28475,12260,16215,28452,12327,16125,42097,19809,21221,45320,20888,23764,44432,23419,18578,44463,22286,22177,43781,20193,22025,44396,21293,21679,44129,21478,22651,43855,20166,23689,42006,13704,23726,43897,21295,22602
74,74,73193,59661,4311,6676,2276,499,54,0,0,81304,63610,5354,8568,3648,1125,309,0,0,83545,62199,6569,9085,4108,1729,93,81140,62004,5650,10027,3687,1474,413,8449,2809,303,0,1489,84148,62907,5070,11639,3643,1405,160,54972,46149,2495,4680,1442,339,38,0,0,60425,50849,2083,5777,1203,477,0,5558,1114,255,0,65,0,64731,50004,4138,6587,2754,1220,64,64731,50004,4138,5980,2458,119,16,1819,59595,49615,1941,6517,1077,412,0,0,0,0,0,61851,50038,1770,8143,1322,502,45,7734,1142,122,45,63806,49175,2723,9243,2146,372,41,8813,1841,46,41,39274,15263,23600,41002,14995,26007,27966,10191,16938,43570,16643,24744,43433,15320,26738,43469,18698,23860,42436,17724,24712,41727,16610,25117,42702,15196,26377,41809,17677,24132,41838,14589,27249,48487,20494,26838,51369,22688,27807,50987,21395,27382,51219,24791,25716,50499,21955,28544,49777,22504,27273,50390,21564,28826,49913,22732,27181,49949,20708,29241,47625,20761,25787,38205,16950,20409,38076,16606,21470,38022,16762,21260,37991,16916,21075,49867,23464,25139,53707,24399,28384,52408,29180,20201,52683,26188,26495,51912,22775,27436,52636,24558,26654,52251,25338,26913,51937,22686,29251,50636,17518,28090,52074,24348,27726
75,75,80175,53566,11197,14197,1279,825,88,0,0,86444,52944,14951,17334,1526,942,290,0,0,87378,52689,13980,17731,1749,2433,136,86115,53629,14178,17729,1954,1134,135,14568,1527,216,0,1877,88470,53211,14278,20034,2564,1514,180,59125,42447,6405,9395,836,541,52,0,0,59290,43340,4307,10345,713,519,20,9952,669,245,20,196,0,67042,43486,8574,12664,1221,1758,85,67042,43486,8574,11633,969,232,9,1946,60697,44445,4783,10020,868,532,0,0,0,0,0,62820,44072,4810,12198,1205,415,0,11665,1052,148,0,64484,43634,5606,13445,1143,452,44,12987,943,117,44,35216,14664,20120,36695,14636,22059,22738,8716,13305,38631,14736,22314,38338,14279,22601,38387,16431,20954,37502,16064,21438,36991,15473,21518,37736,14162,22465,37065,16348,20717,36985,14172,22813,42868,17884,23958,45450,19275,25492,45103,18549,24367,45248,20809,23692,44755,19400,25355,44259,19598,24661,44691,18764,25927,44369,19761,24608,44303,18516,25787,41577,17553,23101,30079,12250,17157,30010,12437,17305,29957,12174,17783,29914,12216,17698,43556,19534,22954,47696,20680,26355,46606,24203,19682,46697,22185,24512,46086,19884,24608,46675,20952,24101,46381,21695,24686,46138,19938,26200,40660,1647,26918,46171,21077,25094
76,76,84674,57856,6382,18847,1158,771,79,0,0,85083,57726,7395,19118,794,1258,48,0,0,89815,57008,9487,20000,1451,2358,110,86952,59135,8154,18744,779,1439,19,17217,616,296,11,1434,91662,61856,8024,20290,909,1643,21,64793,46371,3759,13537,789,557,51,0,0,63756,47186,2037,13548,419,717,8,13103,332,166,8,69,0,70633,47291,5921,14823,1027,1715,74,70633,47291,5921,14050,849,233,34,2023,64706,47873,2247,13495,449,657,8,0,0,0,0,68460,50170,2472,14594,622,623,4,13986,546,117,4,68723,48906,3334,14957,739,655,15,14320,597,95,15,38091,16761,20804,38142,16550,21592,24268,9882,13057,39400,14393,23643,38976,14168,22916,39187,15685,22493,38124,16375,21749,37435,15755,21680,38382,13936,23315,37668,16807,20861,37523,14951,22572,42228,16139,25039,44072,16534,26945,43649,16079,25362,43967,17965,25337,43248,17444,25804,42953,17165,25788,43337,16382,26955,43086,17645,25441,42703,15888,26815,40589,15513,24202,28794,10235,17832,28625,10168,18457,28609,10172,18437,28595,10299,18296,41496,16242,24281,44887,16781,27587,43719,19440,21762,43898,18077,25821,43191,16233,25734,43855,17192,25277,43625,17526,26099,43275,16111,27164,38006,0,27826,43366,17281,26085
77,77,89892,76319,6919,5756,513,635,62,0,0,89804,75083,7652,5505,495,1468,137,0,0,90628,73297,8656,5773,826,2333,90,90289,75663,7622,5034,638,1507,118,4411,438,301,22,1654,90907,74794,8452,5066,797,2077,64,68594,59952,3944,4087,323,437,35,0,0,67947,60791,1920,4139,273,864,30,3843,189,181,30,80,0,71640,59962,5364,4154,557,1656,46,71640,59962,5364,3694,383,148,4,1929,68295,61373,1805,3957,327,815,20,0,0,0,0,69110,61420,2469,3778,371,1114,0,3478,203,141,0,70209,61904,3075,3557,335,1363,5,3216,176,98,5,42389,12366,29447,41837,11226,30611,28462,7128,19962,44631,9721,33311,44350,9591,32921,44487,11981,31514,43280,11746,31534,42460,11508,30952,43564,9474,33005,42530,12765,29765,42504,9906,32598,48857,11796,35948,51274,11973,38628,50909,12086,36435,51204,14345,36300,50567,12832,37735,50146,12992,37154,50696,11746,38950,50325,13231,37094,50199,12096,38103,47498,11549,34994,36149,7865,27469,36076,7697,28379,36043,7936,28107,36061,8007,28054,49332,12501,35670,53353,12125,40488,52292,16766,32524,52531,14263,38268,52064,11944,38781,52571,12962,38057,52386,13648,38738,52142,11823,40319,50394,3397,40074,52300,13162,39138
78,78,84726,71096,6758,5599,668,878,71,0,0,91385,74250,8536,6560,1140,1075,50,0,0,86365,69260,8470,5400,1235,2094,92,90468,74070,7420,6805,1604,1049,130,5077,1061,174,126,2308,87126,71046,7477,6406,1410,1059,102,65541,56857,3751,4049,452,587,47,0,0,68538,60586,2180,4484,651,586,28,4323,608,291,28,39,0,68320,56850,5167,3945,794,1511,58,68320,56850,5167,3528,581,287,11,1748,68903,60952,2111,4233,739,469,75,0,0,0,0,66800,59123,2137,3927,599,596,48,3224,573,143,48,68671,59951,3053,3944,448,745,24,3251,324,106,24,40722,12171,27988,41301,10747,30554,28314,7311,19984,43704,10244,32108,43371,10204,31689,43523,11974,30694,42445,11661,30784,41520,11622,29898,42795,9948,31913,41867,12342,29525,41637,10409,31228,48050,12364,34750,50618,12751,37319,50173,12565,35623,50441,15058,34875,49488,13338,36150,48995,13300,35695,49657,12410,37247,49211,13507,35704,48901,12592,36309,46926,12201,33919,36767,8957,27121,36609,8627,27982,36572,9124,27448,36556,8984,27572,48873,13205,34730,52851,13098,39248,51488,17347,31465,51901,14535,37366,51295,12321,37771,51868,13812,36763,51646,14334,37312,51319,12309,39010,51726,10230,37712,51313,13623,37690
79,79,88261,63472,5724,18127,521,847,71,0,0,88528,63002,7076,17674,598,832,64,0,0,84681,61023,6187,15357,730,1565,108,88297,62681,7235,17519,623,717,62,16323,293,131,0,1485,84980,60405,6997,15988,844,1009,85,69960,52044,3540,13624,377,631,48,0,0,68934,52792,2060,13252,341,513,0,13057,273,235,0,48,0,69383,51882,3919,11853,534,1194,72,69383,51882,3919,11252,321,181,17,1606,68952,52824,2119,13065,389,477,0,0,0,0,0,67107,51245,2578,12122,483,675,4,11970,205,111,4,67490,51783,2306,11961,544,759,50,11630,231,129,50,43506,18635,24318,43088,17809,25279,32551,13341,17750,44962,16552,26975,44249,16161,26551,44564,17297,26493,43132,17615,25517,42488,18223,24265,43601,16584,25938,42798,19135,23663,42401,16579,25822,48757,18661,29172,51244,19423,31265,50665,18875,29629,51025,20691,29763,49927,19731,30196,49598,20633,28965,50144,18939,31205,49806,20704,29102,49390,18624,30766,47746,18228,28676,37688,13315,23472,37575,13156,24419,37395,13227,24168,37396,13438,23958,49140,18827,29394,52437,18786,33100,51491,21860,27416,51401,20300,31101,50717,18427,30909,51446,19526,30465,51187,20681,30506,50770,18309,32461,45626,0,35724,50860,19447,31413
80,80,81154,66908,5369,7475,894,814,43,0,0,80978,64782,6254,8173,1501,1090,6,0,0,83289,63900,7098,9129,1330,2026,71,81898,65004,6726,8147,1522,1276,5,7013,906,58,5,2129,84068,65907,7231,8493,1408,1108,13,61580,52257,3175,5186,562,567,28,0,0,60677,51937,1413,6126,529,641,4,5938,499,70,4,124,0,64923,51584,4472,6447,923,1554,56,64923,51584,4472,5922,753,282,14,1737,60514,51847,1520,5916,534,685,4,0,0,0,0,62194,52884,2158,5843,523,711,15,5631,350,92,15,64282,52501,3135,7147,746,561,23,6753,551,83,23,34346,10166,23742,35461,9447,26014,21678,5320,15557,37721,8556,27985,37377,8392,27599,37548,10297,26459,36676,9885,26791,36234,9845,26389,36771,8496,27377,36235,10622,25613,36090,8692,27398,41585,10416,30305,43721,10532,32590,43567,10883,30837,43678,12400,30744,43365,11470,31895,43149,11478,31671,43442,10549,32893,43247,11618,31629,43185,11226,31959,40176,10103,29345,29079,6588,21957,29019,6516,22503,29044,6621,22423,29050,6656,22394,41842,11113,29812,45516,10975,33900,44762,14846,27367,45085,12900,32185,44756,10921,32648,44970,11941,31629,44925,12344,32581,44757,10859,33898,42537,0,34153,44811,11842,32969
81,81,81766,66594,5047,7995,1534,772,46,0,0,84403,67816,5500,8736,1844,883,72,0,0,85641,65587,6804,9306,1841,2272,81,84939,67659,5539,9445,2032,839,208,8378,1617,192,8,1485,85430,66496,6060,10169,2091,737,31,62456,52319,2951,5710,1024,534,30,0,0,63098,54273,1505,6036,790,519,8,5844,765,260,8,84,0,67256,53465,4127,6668,1305,1668,48,67256,53465,4127,6130,1117,283,19,1981,64276,54863,1565,6512,752,500,8,0,0,0,0,65636,54601,2121,7400,1042,467,19,7051,979,48,19,66700,55089,3061,6676,1340,618,0,5970,1128,64,0,34447,12271,21684,34440,11138,23302,21265,6548,13720,37153,9563,26340,36792,9371,25944,36950,11657,24409,36072,11315,24757,35640,11474,24166,36247,9423,25836,35655,12350,23305,35522,9967,25555,42131,11908,29292,44793,12104,32068,44621,12777,29849,44752,14198,30027,44398,13033,31365,44145,13370,30775,44453,12140,32313,44250,13393,30857,44191,12668,31523,41025,11668,28562,30220,8091,21436,30156,8051,22105,30187,8150,22037,30187,8123,22064,43629,13148,29430,47955,13175,34059,47294,17578,26876,47500,15321,32179,47141,13215,32510,47365,14193,31575,47375,14831,32544,47141,13131,34010,44430,0,34565,47277,14307,32970
82,82,66452,51378,3749,8584,2510,540,91,0,0,81539,56492,5904,12384,6664,492,129,0,0,91227,55542,7924,16409,9961,1874,143,83928,57017,6308,13037,7214,591,99,11876,6595,136,0,1780,93305,59442,7965,15977,9568,775,215,47234,37879,2177,5412,1568,343,51,0,0,55735,42818,2330,8182,2021,219,0,7750,1911,80,0,144,0,66559,42905,4891,11400,6272,1300,100,66559,42905,4891,10315,5839,176,35,2087,57344,43425,2648,8680,2444,282,0,0,0,0,0,63470,45397,3476,10274,3752,340,13,9552,3520,22,13,63969,43930,3252,11694,4781,385,41,10382,4512,12,41,30358,11305,18774,32775,11975,20800,21039,7749,12447,38839,14155,22944,38462,13667,23106,38678,15198,22512,37481,15036,22445,36668,14579,22089,37821,13179,23501,36972,15114,21858,36741,13603,23138,45577,19105,25348,49535,21714,27090,49064,20278,26462,49190,22799,25663,48410,21807,26603,47859,21648,26211,48596,20926,27670,47984,21762,26222,47631,19940,27691,44615,19204,24440,32692,14127,17817,32499,14084,18415,32428,13999,18429,32421,14065,18356,47256,21722,24340,51544,23113,27485,50453,26350,21277,50534,24748,25786,49787,22285,25787,50410,23678,25358,50086,23753,26333,49817,22123,27694,47912,16046,27919,49904,23715,26189
83,83,79577,60283,7131,10973,962,642,58,0,0,86525,61803,8966,13759,1503,736,94,0,0,90899,61067,11361,14533,2031,2408,116,86279,60542,8153,15063,1826,834,141,13330,1569,92,75,2180,88332,59872,9775,15595,2213,1333,154,59720,47503,4079,7265,644,457,33,0,0,61445,48848,2788,8639,666,428,49,8289,461,109,49,85,0,69129,49248,6936,10057,1312,1739,68,69129,49248,6936,9222,1099,196,26,2211,62259,49014,2678,9490,750,465,48,0,0,0,0,64306,49474,3368,10103,872,533,23,9605,802,12,23,66923,49785,4077,11407,1155,468,69,10498,961,42,69,33829,11385,21963,34599,11542,23057,21404,6704,13628,38075,11080,25656,37689,10846,24834,37928,12198,24734,36968,12893,24075,36366,12472,23894,37254,10647,25469,36546,13081,23465,36416,11586,24830,42871,13927,27841,45724,15026,30010,45347,14322,28581,45469,16182,28532,44890,15799,29091,44555,15553,29002,44956,14820,30136,44652,15732,28920,44341,14408,29933,41531,13631,26997,29479,8993,19807,29346,9011,20335,29328,9019,20309,29333,9066,20267,43450,15183,27227,47561,16073,30913,46602,18963,24762,46709,17687,29022,46131,15711,28907,46611,16641,28445,46415,16852,29563,46198,15588,30610,41873,0,31207,46245,16890,29355
84,84,80741,57966,7054,14217,1322,662,65,0,0,87103,60679,8247,16085,1631,1198,131,0,0,86773,58820,9068,15604,1760,1977,101,89289,62592,8539,15730,1917,1339,129,14487,1604,136,0,1899,88417,61028,10085,14978,1736,1324,143,61085,45872,4296,9887,819,448,39,0,0,64307,48942,2796,11269,741,660,0,11010,647,125,0,8,0,67498,48120,5755,11200,1175,1398,71,67498,48120,5755,10389,980,177,16,1884,66099,50633,2709,11239,1062,627,0,0,0,0,0,65176,49659,3174,10842,951,746,0,10466,846,138,0,68474,52162,3336,11141,1196,571,13,10383,1055,95,13,36441,14601,21381,36403,13853,22550,24445,8374,14616,38066,12011,24897,37610,11816,23930,37816,13070,23844,36761,13654,23107,36072,13323,22749,37090,11511,24590,36235,14112,22123,36149,12380,23769,42148,13934,27192,44627,14481,29577,44196,14047,27844,44511,15796,28005,43631,15176,28455,43467,15301,28166,43792,14375,29417,43559,15468,28091,43307,14083,29224,40812,13399,26562,29629,8650,20322,29557,8399,21136,29494,8649,20845,29471,8821,20650,43075,14454,27704,47689,15071,32128,46796,18053,26336,46629,16566,30063,46228,14880,30167,46714,15644,29803,46464,15874,30590,46363,14978,31385,46452,13944,30662,46463,15844,30619
85,85,91267,82588,4524,2897,626,861,34,0,0,90443,80603,5300,3002,842,840,73,0,0,90770,78935,5501,3203,787,2262,61,90450,80579,5427,3015,851,982,67,2254,622,424,8,1122,90804,80143,5650,3109,843,1063,12,72901,66998,2703,2285,417,623,19,0,0,71430,66792,1373,2224,398,622,4,2048,305,412,4,39,0,74294,65817,3486,2560,558,1740,37,74294,65817,3486,2185,399,222,2,2029,71810,66946,1484,2281,352,761,4,0,0,0,0,72466,67113,1745,2371,437,850,10,2116,330,385,10,73313,67292,2444,2448,481,675,11,2257,396,165,11,41957,14880,26242,40123,13094,27029,28195,8956,17758,43836,10730,31667,43148,11447,29863,43532,13383,29008,41778,13201,28577,40689,13064,27625,42372,11279,29890,40904,13782,27122,40609,11842,28767,47599,12890,33755,50086,13031,36465,49549,13196,34436,49932,14839,34506,48996,13887,35109,48281,13795,34486,49172,12931,36241,48671,14170,34501,48216,13116,35100,46650,12632,33170,36392,9451,26032,36244,9325,26544,36106,9498,26608,36189,10104,26085,47476,13291,33323,50371,13122,36740,49345,16308,31034,49230,14454,34776,48523,13105,34034,49244,13761,34151,48881,14006,34875,48567,13167,35400,49342,12507,36835,48718,13842,34876
86,86,90840,75408,4632,6727,3422,829,371,0,0,89967,73374,5498,6585,3636,1095,187,0,0,87570,68664,7184,5998,3498,3155,162,90148,73345,5622,6583,3513,1295,156,5490,3343,272,91,1398,87799,71070,5858,6439,3458,1547,99,70665,60369,2875,4892,2070,591,224,0,0,70805,61160,1781,5055,2141,493,110,4748,2032,274,110,64,0,70018,56880,4464,4485,2419,2274,95,70018,56880,4464,3978,2253,202,41,2064,71070,61440,1864,5011,2107,544,84,0,0,0,0,69865,59990,2261,4836,2138,611,60,4306,1998,79,60,69822,58980,3319,4838,2115,556,37,4444,2007,62,37,37495,14886,22064,35857,13649,22208,24553,8831,14177,38869,11244,26194,38355,11463,25123,38659,13360,24423,37615,13831,23784,37203,13471,23732,37884,11328,25626,37202,14552,22650,37064,12423,24641,42388,13039,28353,44602,13118,31019,44170,13108,28934,44459,15028,28898,43839,14224,29615,43521,14022,29499,43918,13191,30727,43657,14569,29088,43358,13068,30290,41032,12654,27560,29978,8847,20456,29935,8655,21251,29810,8878,20932,29923,10133,19790,42332,13230,28241,45847,13272,32130,45029,16274,26602,44967,14807,30160,44496,13159,30159,45002,14103,29723,44742,14386,30356,44587,13285,31302,44890,13316,31574,44597,14113,30484
87,87,87252,77582,3880,4768,603,659,70,0,0,86898,76242,4564,4772,757,556,105,0,0,85009,71796,5065,5269,924,2046,87,87199,76246,4750,4795,753,574,179,3528,483,213,87,1767,85503,73950,5090,4986,991,585,112,67863,61659,2273,3161,385,486,44,0,0,67774,62150,1430,3275,376,459,41,2873,346,306,41,56,0,68047,59045,3205,3576,630,1590,61,68047,59045,3205,3045,457,160,15,1970,68045,62170,1657,3271,363,407,85,0,0,0,0,67075,60654,2025,3326,515,445,80,2698,420,59,80,67303,60368,2436,3337,401,503,76,2679,254,61,76,37648,13136,23830,36472,11868,24604,22741,6980,14302,38941,9517,28008,38524,9582,26996,38764,11214,26561,37678,12184,25494,36899,11579,25320,38070,9191,27954,37142,12227,24915,37013,10280,26733,43248,11491,30705,45831,11707,33597,45340,11659,31454,45667,13468,31638,44843,12821,32022,44489,12471,32018,44938,11582,33356,44611,12873,31738,44312,11365,32947,41845,11171,29833,30191,7469,22069,30049,7309,22731,30019,7447,22572,30047,7956,22091,43103,11684,30497,46548,11597,34488,45665,14573,28707,45761,13207,32554,45235,11306,32640,45722,12397,32051,45489,12609,32880,45276,11417,33859,45715,11312,34403,45362,12510,32852
88,88,69910,30651,15811,20633,2993,801,127,0,0,85889,37620,21759,21490,5166,700,47,0,0,84505,37415,21465,20025,5086,2169,151,86658,37495,22416,22219,4774,776,40,20764,4000,135,0,1639,84762,37812,21688,20009,5108,944,71,54555,26201,10754,15224,2421,578,93,0,0,54085,32020,4317,15519,1540,456,0,15196,1353,324,0,295,0,66939,32274,14354,15807,4059,1583,96,66939,32274,14354,14480,3579,139,17,1725,53926,31424,4503,16021,1471,491,0,0,0,0,0,53679,31781,4655,14834,1953,532,0,14222,1749,78,0,55618,33111,4125,15513,2382,597,18,14411,2024,67,18,29220,19795,9131,31764,21313,10451,17629,11604,5475,32631,22104,8663,32204,20502,10485,32413,22295,9246,31422,21610,9812,30978,20485,10493,31592,19712,10608,30936,21149,9787,30726,19202,11524,36372,24842,10495,38715,27456,10452,38472,25098,11521,38554,27528,10265,37928,26393,11535,37481,26286,11195,37980,26117,11863,37709,26473,11236,37442,24231,13211,35164,24351,9907,25114,17660,6873,25066,17982,7084,24962,17499,7463,24943,17548,7395,36914,26009,9914,40121,27213,12028,39654,29764,7752,39782,28888,10894,39284,25806,11960,39591,27278,11174,39415,27465,11950,39284,25494,13790,39514,27265,12249,39442,27620,11822
89,89,82364,68769,4575,6387,2217,565,43,0,0,84637,69123,5566,6989,2451,690,73,0,0,85577,67606,6344,6565,3159,1995,84,86167,69822,5806,7548,2107,717,66,6412,1930,283,0,1611,85690,68179,5988,7635,2475,818,230,63024,54149,2724,4515,1312,423,30,0,0,63987,55435,1821,5004,1329,445,0,4595,1311,243,0,39,0,68050,55537,4076,4777,2079,1500,61,68050,55537,4076,4272,1894,136,17,1962,66158,56773,2218,5509,1225,528,0,0,0,0,0,65812,56113,2359,5460,1394,421,0,5172,1308,105,0,69018,57647,3554,5174,1947,533,10,4665,1796,68,10,38202,12381,25266,37564,11313,26251,24506,6850,16252,40702,9703,29642,40199,9666,28542,40433,11293,28150,39377,11805,27572,38724,11269,27455,39585,9134,29353,38766,12085,26681,38606,10197,28409,45089,11454,32539,47554,11749,35214,47239,11435,33443,47448,13109,33693,46915,12728,34187,46638,12447,34191,46976,11705,35271,46733,12695,34038,46541,11417,35124,43880,11145,31852,32787,7620,24459,32739,7348,25303,32707,7563,25144,32736,7931,24805,46515,12412,33107,52059,12985,38535,51163,16517,31903,49070,14012,35058,50416,12643,36454,50489,13493,35641,50217,13474,36743,49957,12340,37617,51155,11936,37404,50357,13718,36639
90,90,91729,79565,7746,3527,519,619,59,0,0,89987,76398,8842,3856,633,670,245,0,0,88208,73266,9091,3607,611,1764,47,90015,75661,9422,4176,659,676,190,3082,482,220,142,939,88730,74364,9136,4614,827,961,40,70477,63023,4323,2475,351,463,36,0,0,68065,62032,2555,2700,306,345,125,2576,252,188,125,55,0,69845,59865,5688,2568,445,1387,27,69845,59865,5688,2145,309,132,13,1605,67658,61522,2671,2755,297,332,115,0,0,0,0,67293,60920,2817,2874,254,406,22,2573,192,180,22,66684,59633,3613,2704,310,378,13,2430,232,64,13,37136,12360,24185,36174,10801,25373,23779,6881,15610,40360,8777,30343,39879,8857,29544,40062,11322,27975,38887,11103,27784,38193,11153,27040,39074,9192,29003,38216,12529,25687,38123,9849,28274,43591,10490,32283,45720,10143,35123,45293,10870,32508,45646,12781,32424,44968,11277,33691,44556,11399,33157,45043,10290,34753,44761,11769,32992,44586,10744,33842,42189,10161,31303,31057,6783,23587,31064,6581,24483,30980,6876,24104,30963,6951,24012,43474,10717,31944,47005,10035,36564,46082,14347,29516,46226,12089,34137,45772,10198,34526,46231,10960,34067,46019,11710,34309,45768,10182,35586,46500,9995,36505,45796,11051,34745
91,91,83827,63906,5794,13115,594,814,67,0,0,84313,62561,6420,14620,646,1076,5,0,0,82920,58689,7680,14082,777,2252,153,85125,62024,6346,16105,700,973,5,13772,510,424,4,1942,84270,60005,6928,16319,314,979,5,64206,50704,3335,9395,395,567,36,0,0,64551,50939,2161,10410,381,601,0,10240,258,314,0,187,0,65653,48345,4813,10549,533,1666,85,65653,48345,4813,9828,354,225,35,1884,65663,51236,2467,11085,365,632,0,0,0,0,0,65912,50432,2949,11654,216,480,0,11081,168,217,0,66485,50203,3597,11736,173,548,5,11044,136,87,5,37638,15277,21783,37486,14722,22764,24254,9051,13967,39708,13168,25193,39500,13133,24820,39536,15247,23329,38612,15031,23581,38001,14987,23014,38772,13302,24347,38098,16118,21980,38097,13581,24516,43057,14995,27104,45101,15225,29364,44705,15295,27230,45001,17053,27379,44395,15955,28440,43976,16084,27892,44436,15194,29242,44109,16384,27725,44024,15381,28643,41598,14487,26259,30538,9987,19789,30428,10003,20357,30370,10051,20319,30369,10034,20335,43014,15151,26906,46733,15094,31149,45829,18623,24800,45849,16767,29082,45301,15085,28867,45892,15844,28534,45695,16559,29136,45420,15065,30355,45781,14664,30244,45444,15977,29467
92,92,62222,24675,10135,23418,4286,675,134,0,0,83125,28553,14498,34494,6282,1122,345,0,0,87079,28434,16734,34111,7582,1925,161,88976,28205,15223,40287,6364,1039,284,36001,5864,89,115,3265,96057,28277,17909,42686,7944,1504,159,45370,19845,6518,16031,3042,455,77,0,0,54666,23082,4885,23113,3019,467,70,22199,2930,55,70,266,0,66379,23950,11467,24978,5611,1371,111,66379,23950,11467,23265,5146,137,43,2042,58355,22306,5273,26938,3310,522,65,0,0,0,0,64412,23300,6867,29131,4367,470,50,28011,4072,210,50,66434,23781,7528,29273,4478,588,73,27952,4039,224,73,23065,15226,7638,26886,18096,8790,14647,9504,4701,31854,21039,9390,31367,19964,10070,31512,20836,9782,30683,20948,9735,30432,20527,9905,30894,19508,10172,30388,20719,9669,30192,19704,10488,38374,26071,11269,42130,29175,12236,41773,27559,12162,41884,29731,11267,41329,28946,12383,41026,28827,12199,41424,28813,12611,41197,29159,12038,40908,27351,13557,37326,25643,10796,25271,17450,7265,25263,17653,7610,25186,17397,7789,25193,17389,7804,40487,28310,11141,45049,30764,13272,44530,32540,9745,44604,32444,12160,44259,30558,12286,44496,31142,11902,44392,31469,12923,44251,30462,13789,44452,31093,13359,44341,31394,12947
93,93,85307,78545,3945,1447,784,712,65,0,0,87822,80061,4329,1753,1051,802,196,0,0,87194,74272,6186,3045,1512,1719,250,88620,80690,4447,1770,1076,761,156,1247,768,378,62,1001,87501,79280,4551,1982,1036,961,87,71298,66334,2764,1112,616,540,51,0,0,72877,68885,1668,1146,563,419,63,1073,449,345,63,117,0,73905,63651,4650,2601,1230,1344,186,73905,63651,4650,2083,864,134,14,2119,73735,69565,1738,1177,674,459,59,0,0,0,0,73735,68821,2078,1397,665,606,30,1205,584,223,30,74218,68152,3046,1608,761,599,12,1137,527,155,12,44382,20377,23044,41673,17626,24047,28807,11686,15389,46093,17850,25528,45532,17702,25761,45885,20437,24096,43816,20064,23752,42580,19240,23340,44315,17317,25170,43013,20749,22264,42586,17914,24672,49124,20445,27233,51159,21316,28995,50589,20695,27474,50957,23004,27134,49745,21840,27905,48993,21633,27360,49833,20860,28973,49314,22251,27063,48823,20052,28771,47840,20042,26528,37346,15055,21284,37310,15207,22103,36997,15182,21815,36992,15402,21590,49094,21238,26684,52789,21727,30255,51520,25210,23712,51346,23333,28013,50318,20764,27776,51326,22081,27727,50786,22795,27991,50320,20839,29481,51665,22056,29609,50551,22213,28338
94,94,88466,77289,4782,5178,750,546,63,0,0,87605,75939,5007,5242,842,605,203,0,0,85564,71714,5895,5309,937,1819,52,87501,76160,4694,5353,889,807,248,3928,771,260,202,1468,85329,73244,5582,4539,839,1372,292,68513,61102,2727,3825,477,430,40,0,0,67658,61603,1380,3579,499,421,110,3515,424,292,110,70,0,68517,58849,3644,3964,671,1406,38,68517,58849,3644,3522,518,157,1,1720,68377,62198,1358,3664,509,364,150,0,0,0,0,66952,60055,2040,3286,595,736,185,2945,435,117,185,66940,60059,2118,3620,447,635,0,3063,441,90,0,39570,12194,26602,38230,10990,27240,25810,7004,17163,41413,9119,30980,40958,9300,29728,41327,11232,29238,39935,11857,28078,38832,11558,27274,40327,9216,30154,39189,12669,26520,39062,10203,28859,44477,10576,32883,46567,10228,35849,46075,10751,33153,46439,12600,33349,45587,11633,33954,45096,11366,33730,45723,10265,35458,45272,11804,33468,45046,10855,34191,43339,10221,32274,33469,6856,25841,33316,6653,26636,33222,6905,26317,33234,7230,26004,44321,10424,32958,47396,9805,37120,46420,13277,30865,46489,11643,34846,45817,9853,34791,46535,10719,34516,46270,11129,35141,45930,10024,35906,46739,10149,36590,45972,10677,35295
95,95,65371,54641,3379,4983,2021,609,59,0,0,73753,59983,4655,5637,3546,501,22,0,0,85366,65470,6035,7760,4086,1708,143,74644,60341,4939,5738,3536,573,45,4873,2603,46,16,1624,84575,66935,5075,7913,4185,1005,49,47507,40561,2058,3306,1291,396,37,0,0,52674,45768,1938,3399,1257,166,0,3234,1084,68,0,160,0,64652,51246,3984,5243,2692,1230,95,64652,51246,3984,4600,2333,146,36,2111,53200,46069,2305,3369,1038,173,0,0,0,0,0,61913,52295,2885,4756,1466,254,0,4389,1253,22,0,65071,52929,3874,5558,2254,328,4,5221,1943,24,4,30225,10672,19188,32077,10302,21775,21106,6623,13473,36980,10952,24359,36522,10626,23906,36634,13431,21888,35457,12122,23335,34580,11146,23434,35785,9958,24567,34889,11771,23118,34632,10269,24363,44426,14945,28304,48857,17150,30916,48359,15723,30243,48619,18144,29648,47448,16928,30520,47010,16974,30036,47585,16335,31250,47058,17049,30009,46646,15431,31215,43893,15053,27857,33415,11197,21441,33294,10897,22380,33220,11150,22070,33143,11182,21961,47612,17731,28610,52674,18824,33138,51271,23020,24910,51352,20475,30877,50572,17657,31255,51270,19105,30654,50897,18929,31968,50645,17263,33382,51143,16915,32203,50894,19175,31719
96,96,85751,63503,8886,9436,3734,610,66,0,0,87660,62643,10175,9715,4854,629,97,0,0,89587,60617,11707,10495,4996,2533,147,87260,60985,10310,9994,5528,668,48,8442,5197,122,0,2191,90168,62158,11068,10419,6068,1089,260,65131,50943,5317,6356,2282,414,49,0,0,63992,51470,2949,6696,2566,248,0,6226,2506,107,0,39,0,70161,50636,7406,7349,3255,1818,106,70161,50636,7406,6481,2994,190,37,2242,62908,49920,3056,6704,2862,224,0,0,0,0,0,65519,51148,3787,6876,3052,356,0,6242,2645,44,0,65838,50409,4623,7110,3158,397,28,6394,2862,53,28,38370,15373,22453,37888,14614,23274,24382,8775,14459,39459,13347,24406,38953,12886,24195,39177,14627,23523,38190,14925,23265,37610,14282,23328,38434,12424,24793,37661,15043,22618,37395,13110,24285,42802,15465,26223,44758,16197,27891,44475,15533,26793,44667,17593,26418,44246,16951,27295,43990,16759,27231,44285,15987,28298,44098,17067,27031,43902,15320,28582,41243,15009,25307,29360,10051,18628,29316,9632,19611,29309,9879,19430,29313,10305,19008,41821,15809,25088,45562,16428,28577,44752,19646,22931,42356,16802,25554,43981,15693,27088,43914,16640,26054,43677,16721,26956,43369,15421,27948,44739,15052,28146,43759,16608,27151
97,97,77948,66860,5222,4828,606,563,49,0,0,82917,70324,6014,5118,777,626,71,0,0,86810,71661,6412,5477,1104,2024,94,84580,71335,6083,5226,863,602,70,4164,683,119,54,1946,87933,73286,6642,5701,1035,654,48,59543,52202,3281,3384,380,404,27,0,0,63460,56460,2464,3632,407,454,35,3423,353,125,35,34,0,68416,57748,4261,3975,744,1484,76,68416,57748,4261,3539,538,187,13,2000,64705,57665,2334,3731,493,449,35,0,0,0,0,67670,59740,2823,4057,554,514,4,3829,480,110,4,71070,62240,3101,4512,651,501,25,4323,528,75,25,35671,11653,23502,36112,10969,25143,23642,6656,15756,39808,9845,28643,39368,9747,27711,39639,11274,27406,38488,11842,26646,37654,11521,26133,38843,9235,28530,37979,12726,25253,37672,10272,27400,46403,12475,32881,50217,13274,36341,49776,12858,34673,50108,14730,34711,49075,14201,34874,48719,13974,34745,49242,12883,36359,48836,14377,34459,48396,12597,35799,45938,12449,32598,36285,9418,26130,36265,9036,27191,36157,9348,26809,36133,9577,26556,50037,14408,34521,55582,14842,40183,54497,19084,32188,54612,16898,37714,54031,14557,38019,54674,15822,37360,54306,15938,38368,54132,14273,39859,54554,13722,39117,54356,16179,38177
98,98,65742,54751,3879,4763,2154,435,52,0,0,76321,61218,4946,7876,2135,550,26,0,0,82789,64321,6392,6917,3722,1339,79,78163,62734,4600,7848,2503,593,128,6652,1937,42,7,2048,83120,66682,4581,6686,3640,860,241,48625,41130,2573,3335,1451,287,35,0,0,53469,45830,1507,4739,1054,377,4,4315,859,34,4,72,0,62963,50206,4199,4979,2505,904,58,62963,50206,4199,4324,2011,108,4,1852,55945,47855,1662,4823,1127,458,4,0,0,0,0,60828,52291,2070,4248,1635,516,8,3691,1433,12,8,63094,53189,2546,4615,2126,516,3,4094,1774,7,3,31528,13462,17767,36003,14079,21924,22097,8762,12714,41098,17579,21319,40586,16181,22777,40755,19732,19626,39420,17593,21827,38731,16139,22592,39830,15244,23262,38583,16678,21905,38177,14537,23640,46906,21837,23975,50542,25175,24615,50084,22593,25587,50241,25627,23863,49285,23755,25530,48511,23557,24954,49285,23152,26133,48817,23846,24971,48321,21540,26781,46238,22170,23085,36336,18182,17442,36256,18017,18239,36176,17919,18257,36161,18047,18114,48971,25379,22417,53030,26773,25376,51780,31162,17497,52258,28417,23841,51543,25032,24943,52028,26972,23770,51796,26748,25048,51530,24431,27099,52026,25818,26208,51744,26944,24800
99,99,63999,19656,10319,29159,5140,800,138,0,0,73241,19363,10607,37015,6284,660,217,0,0,84406,19401,15402,41425,8284,1780,158,79348,21928,11588,38405,7523,777,232,35941,6659,125,54,2241,80124,19905,13380,40077,7398,928,185,49370,17483,6773,21109,4128,540,95,0,0,49744,16848,3337,26856,2173,271,8,26335,2035,50,8,370,0,67036,17588,10434,31904,6950,1293,129,67036,17588,10434,29937,6454,259,61,1916,53973,19093,3720,28129,2350,430,28,0,0,0,0,55465,17703,4597,29970,2389,428,19,29392,2171,135,19,57320,17496,5186,30770,3224,562,43,30020,2960,96,43,23534,18654,4700,26017,21392,4625,12973,10745,1953,28468,22623,4688,28103,21973,5164,28171,22401,5042,27540,22453,5087,27416,22208,5208,27716,21529,5175,27319,22405,4914,27163,21751,5412,30481,24961,4739,31780,26458,4776,31536,25380,4610,31632,26735,4255,31321,26521,4800,31197,26420,4777,31404,26478,4926,31265,26602,4663,31114,25227,5887,28467,23553,4251,16255,13580,2278,16225,13788,2437,16195,13678,2517,16188,13618,2570,29846,24690,4389,33377,26837,5515,33202,27712,4103,33155,28126,5029,33028,27301,4811,33113,27352,4769,33062,27824,5238,33015,27354,5661,33080,27868,5212,33033,27666,5367
100,100,78976,38825,13450,23054,3562,1067,156,0,0,92791,40541,18633,27140,6923,1196,141,0,0,86763,35545,17793,25031,7464,2029,127,93838,38794,18971,27700,8561,1180,155,25697,7747,313,16,2033,88548,36227,16714,27410,7948,947,108,58455,31319,8598,15774,2533,683,94,0,0,58811,32142,5313,18603,2214,460,10,18237,1969,343,10,103,0,65896,29556,11950,18352,5126,1477,75,65896,29556,11950,16812,4656,185,26,2125,59722,30750,5799,19566,3078,389,4,0,0,0,0,57102,28908,4975,19756,3140,287,10,19320,3024,137,10,56246,28984,5150,18043,3623,395,9,17294,3531,83,9,33207,20005,12896,34877,21433,13444,19656,11524,7589,35513,21696,12155,35118,20673,13065,35302,21767,12687,34368,21908,12460,34024,21094,12930,34661,19998,13504,34008,21644,12364,33786,20123,13663,38453,24156,13204,40360,25979,13675,40035,24269,13770,40159,26542,12763,39642,25770,13872,39255,25526,13729,39650,25279,14371,39453,25843,13610,39159,23811,15348,36670,23227,12495,24351,15146,8627,24336,15487,8849,24282,15113,9169,24262,15151,9111,36307,23156,12124,38042,23292,13735,37473,25226,10186,37697,24939,12758,37270,22896,13121,37531,23833,12588,37437,23986,13451,37259,22778,14481,37402,23926,13476,37379,23896,13483
101,101,66509,32746,6293,24435,3002,927,97,0,0,81270,31251,9833,35334,4683,1156,172,0,0,84368,30474,12980,36150,4272,1926,105,79407,29565,9605,35362,4686,879,124,33728,4313,54,0,1979,83815,30569,9118,39023,5193,1042,214,48120,25837,3820,16269,2051,597,61,0,0,55598,24938,3023,24809,2227,674,20,24187,2107,39,20,204,0,63513,25182,8504,26144,3089,1416,58,63513,25182,8504,24585,2691,167,11,2098,55631,23988,3686,25374,2046,457,0,0,0,0,0,59685,24857,3825,27800,2394,394,21,27397,2214,57,21,62574,25872,5347,28362,2261,530,29,27441,2026,52,29,28811,17478,11051,31977,20184,11793,18250,11513,6189,34907,21915,11525,34526,21178,11931,34648,22168,11519,33812,22351,11461,33480,21811,11669,34045,20657,12212,33395,22171,11224,33225,21040,12185,39422,26196,12195,42134,28709,12692,41805,27297,12413,41946,29276,11810,41418,28657,12761,41109,28582,12527,41503,28467,13036,41279,28893,12386,41015,26961,14054,37776,25398,11486,24661,16476,7595,24639,16668,7971,24607,16506,8101,24604,16521,8083,39135,26981,11167,42467,28732,12861,42010,30486,9410,42100,30237,11863,41785,28580,11853,42020,29264,11452,41920,29567,12353,41759,28599,13160,41964,29374,12590,41844,29408,12436
102,102,69558,33580,8450,24904,2667,678,106,0,0,79587,41916,8880,24717,3576,797,388,0,0,84206,45759,10832,22708,4178,1564,116,81710,43487,10447,23995,3520,872,279,22335,2980,281,157,1798,85326,44886,11510,25432,3565,1015,97,55702,29316,5773,18515,2037,527,72,0,0,57554,36113,2557,16861,1346,469,13,16087,1054,248,13,176,0,69991,40521,7609,17653,3444,1153,95,69991,40521,7609,16329,2800,172,23,2229,59608,37721,3183,16255,1789,524,10,0,0,0,0,63700,39334,3661,17929,2104,508,10,17275,1808,183,10,66904,40291,4669,18339,3121,385,0,17630,2625,101,0,29644,21293,8067,32599,22785,9814,18037,12459,5064,36142,25798,8166,35692,23892,10383,35912,26312,8546,34735,25069,9666,34258,23789,10469,34975,23268,10118,34202,24585,9617,33903,22239,11664,41450,29901,10372,44656,33564,10235,44320,30742,11621,44426,33282,10203,43683,32145,11538,43186,31800,11386,43773,31833,11940,43376,32161,11215,43090,29610,13480,40384,29649,9691,29199,22268,6240,29130,22625,6505,29055,22185,6870,29037,22271,6766,42607,32154,9403,46226,33741,11382,45748,36681,6891,45876,35863,10013,45349,32242,11397,45673,33917,10494,45486,34187,11299,45316,31688,13628,45598,33777,11821,45499,34363,11136
103,103,71201,49538,6508,8292,6747,555,80,0,0,83743,51122,8198,11820,12653,483,32,0,0,89354,49263,10587,12455,15876,1465,133,83124,48746,8430,12084,13725,688,36,9916,11862,162,0,3786,86797,47827,10297,14106,14117,1016,126,51963,37320,4360,5573,4557,378,60,0,0,54534,38620,3850,7551,4189,242,0,7212,3810,104,0,145,0,66788,39209,7223,8826,10484,1069,95,66788,39209,7223,7759,9871,142,34,2172,52980,36528,4292,7263,4521,356,0,0,0,0,0,55931,37251,5012,8622,4394,495,57,8147,4014,170,57,55410,36217,4998,8551,4912,463,95,8072,4502,193,95,31378,14852,16245,35058,15958,19100,19650,8730,10342,38200,19280,17006,37786,17466,18783,37952,19589,17384,36793,18861,17932,36301,17691,18610,37117,16723,19129,36191,18184,18007,35875,16372,19503,43400,23434,18855,46527,26572,19216,46145,24302,19888,46301,27257,18295,45541,25695,19846,45046,25631,19415,45660,25247,20413,45202,25768,19434,44897,23742,21155,42123,23351,17817,30311,16978,12659,30296,17257,13039,30178,16818,13360,30160,16871,13289,43069,24961,17002,45661,25647,19041,44732,28824,13490,45097,27458,17639,44496,24567,18486,44880,26169,17595,44722,26034,18688,44490,24363,20127,44842,25517,19325,44624,26081,18543
104,104,75523,58353,4792,9472,2774,533,107,0,0,82168,60749,4839,12212,4213,770,38,0,0,83554,60996,6360,10747,4284,1231,106,83223,62240,4918,10721,5002,656,64,9896,4143,179,20,1707,83242,61661,5362,10446,4840,1082,87,58512,46341,3273,6665,2053,381,72,0,0,58689,46890,1581,8175,1762,416,15,7620,1479,192,15,20,0,64906,48523,4440,7987,2994,919,76,64906,48523,4440,7135,2544,130,19,1824,59250,47916,1693,7248,2145,267,20,0,0,0,0,59652,47520,1904,7582,2115,488,15,7233,1732,50,15,59816,47286,2838,7166,1914,463,47,6956,1554,80,47,41309,19805,21110,42879,19201,23678,26847,12102,14045,44160,23209,18268,43953,20456,22155,44177,23406,19830,42831,22469,20362,42057,20436,21621,43162,19513,22318,42089,21885,20204,41652,18009,23643,48411,26691,20494,51015,30494,19601,50657,26801,22063,50818,30667,19393,49831,28389,21442,49096,28196,20900,49866,27482,22384,49448,28631,20817,48907,25137,23770,47298,26898,19290,37468,21856,14835,37448,22206,15242,37271,21245,16026,37244,21674,15570,48200,29189,17781,50530,29571,19916,49471,34445,12051,50158,31999,18159,49192,26645,20934,49823,29511,19192,49550,29570,19980,49271,25819,23452,49508,28772,20736,49474,29440,20034
105,105,76969,62822,4225,5748,3788,592,75,0,0,88399,68265,5649,8487,5230,954,75,0,0,85671,62940,6891,8217,6141,1481,108,87334,68279,5147,7976,5331,763,69,6910,4496,154,0,1974,84019,63985,5873,7635,6251,703,75,57031,47682,2671,3856,2521,381,46,0,0,62567,52121,2155,5448,2259,528,0,5271,2052,223,0,75,0,65377,49706,4486,5887,4114,1063,82,65377,49706,4486,5158,3688,157,26,1900,63440,53014,2176,5431,2371,386,0,0,0,0,0,61093,49928,2710,5295,2671,396,3,4961,2506,122,3,62251,48512,3406,6648,2818,483,1,6248,2650,59,1,40805,15942,24528,43631,16030,27601,27507,10293,16487,45811,19037,24386,45449,17248,26527,45703,19489,25191,44360,18975,25385,43668,17576,26092,44751,16303,27212,43597,18446,25151,43328,15805,27523,50986,22964,26777,54089,26042,27121,53705,23542,28236,53908,26838,26293,53041,25006,28035,52394,24870,27524,53097,24097,29000,52627,25090,27537,52258,22370,29888,50065,23309,25661,40041,19344,19897,40023,19607,20416,39881,18902,20979,39855,19093,20762,52085,26172,24636,55586,27383,27037,54320,31426,19818,55059,29374,25685,54166,25500,27035,54728,27727,25803,54476,27605,26871,54207,25060,29147,54527,26868,27659,54390,27394,26996
106,106,69812,30687,6014,27873,5527,726,123,0,0,78080,28962,7014,35571,6034,814,16,0,0,86716,28578,9656,40917,7480,1615,161,80470,28394,7695,38045,6067,578,16,36624,5452,152,4,1625,83976,27691,8809,41308,5990,696,14,51150,23932,3799,19380,4076,495,79,0,0,54574,23196,2719,26112,2156,412,4,25641,2002,120,4,109,0,66270,23533,6530,30475,5437,1167,117,66270,23533,6530,28638,4970,187,36,2004,56462,23418,2856,27784,2164,314,4,0,0,0,0,58744,23398,3750,29471,1779,349,8,29123,1533,84,8,60881,21863,3960,32660,2014,399,5,32242,1813,144,5,30778,20879,9668,33833,23472,10361,19258,13306,5528,36505,25221,9682,36143,24391,10541,36257,25250,10151,35450,25244,10206,35198,24679,10519,35700,23740,10798,35094,24986,10108,34901,23858,11043,41878,30315,10542,45018,33526,10798,44679,31673,10959,44846,33911,10108,44263,33152,11111,43957,33060,10897,44358,32984,11374,44110,33360,10750,43847,31359,12488,40561,29728,9909,28160,20913,6688,28122,21089,7033,28065,20889,7176,28072,20883,7189,43246,32509,9690,47527,35242,11102,47130,36869,8204,47110,36791,10319,46862,35094,10448,47052,35729,10116,46942,36089,10853,46831,35002,11829,46988,36011,10977,46900,35957,10943
107,107,72147,10318,5118,54764,2237,1037,137,0,0,79023,15055,5780,55853,2497,862,38,0,0,88854,18298,10815,56131,3614,1491,139,80695,17380,6216,54424,2467,1005,64,52323,2187,251,7,2088,82397,18986,8285,51977,3105,785,41,52384,9024,3076,38851,1451,706,90,0,0,57319,13175,1441,40795,1365,413,7,40361,1298,217,7,244,0,69075,16920,7153,42104,2657,1145,101,69075,16920,7153,40212,2309,207,40,1938,59323,15435,1940,39697,1390,527,10,0,0,0,0,60751,17477,2618,38140,1866,466,14,37100,1796,190,14,63911,18909,3602,38008,2630,594,17,36713,2514,139,17,31547,28242,3083,36182,32580,3602,18877,16645,1895,36289,30792,4318,35752,29593,5070,35845,30115,4957,35098,30135,4963,34926,29909,5017,35270,29338,4928,34964,30249,4715,34807,29511,5296,40516,33615,5948,43111,35932,6407,42777,33892,6715,42891,35878,6095,42392,35554,6838,42240,35453,6787,42546,35628,6918,42323,35700,6623,42183,33968,8215,38321,31840,5642,22703,18977,3222,22693,19263,3430,22643,19102,3541,22643,19041,3602,39105,31875,6252,42252,33149,8029,42048,34475,5760,42036,34763,7273,41814,33239,7343,41915,33589,7120,41880,34041,7839,41797,33283,8514,41911,34126,7785,41835,34030,7805
108,108,80518,63779,4085,11022,1069,774,58,0,0,85903,64008,6249,13515,1539,1195,156,0,0,89468,61740,7445,16214,1892,2371,107,87483,63176,6352,15517,2072,1762,149,13480,1716,268,71,2274,88992,62284,7060,16915,2356,1734,187,61801,50434,2559,7646,733,558,39,0,0,64160,51626,2097,9071,577,739,55,8707,515,216,55,84,0,69939,50561,4858,11464,1255,1802,60,69939,50561,4858,10675,996,272,21,2360,65764,51322,2231,10192,823,924,65,0,0,0,0,67386,51235,2788,11222,908,969,20,10718,796,209,20,70615,51849,3666,12713,1136,1016,14,11949,853,212,14,31488,10729,20459,33607,11400,22207,20215,6438,12773,36497,10425,24840,36021,10360,23896,36260,11528,23899,35268,11888,23380,34537,11436,23101,35704,9864,24863,34700,12077,22623,34574,10894,23680,41574,13491,27098,44630,14670,29393,44086,14172,27768,44375,15784,27939,43740,15266,28474,42964,14946,28018,43370,14426,28944,43193,15266,27927,42967,14201,28766,40226,13297,26149,28071,9079,18424,27993,9177,18815,27962,9028,18934,27903,9105,18798,42089,15003,26151,46118,15921,29723,45098,18629,23835,45279,17639,27640,44787,15598,27829,45201,16581,27324,44870,16528,28342,44768,15508,29260,45161,15793,29368,44846,16816,28030
109,109,77057,56882,5032,13141,1663,697,87,0,0,83102,58689,5137,16397,2618,842,85,0,0,88881,59042,8046,17621,2453,2132,123,83517,59692,5072,15903,2458,830,137,13769,1888,232,72,2550,89220,61930,6898,17054,2658,838,342,58494,44955,3159,8941,1128,490,53,0,0,61807,46860,1818,11331,1143,466,30,10966,996,252,30,219,0,69386,48324,5265,12613,1792,1569,71,69386,48324,5265,11713,1520,236,24,2098,62247,47526,2187,10691,1226,463,35,0,0,0,0,66288,49750,3421,11183,1306,357,94,10570,1148,108,94,67859,49179,4748,11854,1574,399,44,10850,1457,55,44,34541,13362,20872,36891,14303,22588,23460,8669,13870,40336,14612,24016,39914,14078,24075,40160,15515,23728,39062,15751,23311,38237,15132,23105,39441,13360,25006,38433,15922,22511,38183,14282,23901,45137,17814,26270,48074,19250,28110,47609,18415,27126,47902,20566,26590,47138,19736,27402,46280,19257,27023,46850,18616,28234,46533,19759,26774,46221,18051,28170,43811,17580,25323,31895,12738,18488,31809,12863,18946,31722,12569,19153,31676,12811,18865,45946,19814,25045,50198,20999,28497,49006,24403,21623,49276,23007,26269,48621,20212,26795,49179,21560,26301,48670,21381,27289,48521,20029,28492,49129,20393,28736,48673,21531,27142
110,110,88016,62999,4262,19760,592,728,70,0,0,88738,62443,5128,19950,682,761,19,0,0,89459,59764,6169,20956,785,2126,69,90745,62483,5692,21182,789,671,297,20349,406,127,82,1475,90152,61810,5642,20686,864,733,358,67131,50106,2560,13719,402,528,42,0,0,67309,50310,1887,14211,335,510,0,14024,288,178,0,67,0,70090,48981,3921,15167,543,1618,52,70090,48981,3921,14303,400,209,13,2106,68772,50648,1905,15266,281,424,80,0,0,0,0,69207,50898,1920,15304,365,454,95,15049,235,53,95,66994,49633,2025,13708,393,836,78,13327,218,83,78,36570,15269,20829,37097,15677,21420,23218,9365,12738,38251,13399,23821,37766,13340,22912,37975,14320,22946,36964,15156,21808,36179,14719,21460,37359,13013,23585,36439,15538,20901,36261,14113,22148,41632,14760,26082,43849,14926,28472,43338,14785,26754,43639,16308,26821,42862,15810,27052,42354,15515,26839,42711,14882,27829,42566,15928,26638,42323,14778,27545,39878,14045,25173,27124,8801,17783,27044,8563,18458,26954,8773,18181,26947,8930,18017,40635,14472,25411,44022,14731,28922,42978,17304,23428,43171,16319,26852,42676,14755,26840,43126,15536,26450,42856,15611,27245,42691,14725,27966,43218,14394,28824,42748,15656,27092
111,111,85225,69680,2338,12060,792,570,43,0,0,84383,67075,3649,12367,804,583,118,0,0,84508,64934,3546,13139,985,1884,67,82940,66192,4213,11190,769,499,95,10078,628,221,0,1349,84632,65572,4285,12872,930,578,49,64898,54395,1406,8225,556,429,26,0,0,64727,53705,1323,8930,329,341,0,8638,318,171,0,130,0,66181,52446,2254,9283,722,1386,48,66181,52446,2254,8717,586,174,12,1836,63827,53457,1499,8040,389,372,0,0,0,0,0,64655,52984,1668,8995,583,448,0,8376,456,85,0,65640,53099,1524,9263,588,1002,5,8213,451,100,5,36047,11786,23783,34930,11353,23577,22668,7502,14015,37456,9569,26876,36892,10035,25485,37143,11179,25269,36175,11469,24706,35611,11318,24293,36532,9666,26026,35748,12201,23547,35603,10528,25075,41034,11269,28974,43212,11373,31371,42774,11372,29686,43028,12845,29725,42221,12150,30071,42016,12014,30002,42375,11462,30913,42105,12370,29735,41900,11475,30425,39532,10802,28064,27960,6999,20365,27909,6769,21121,27811,7064,20747,27816,7171,20645,40539,11301,28493,43827,11285,32186,42831,13991,26753,43031,12722,30309,42587,11451,30165,43020,12028,29970,42788,12225,30563,42628,11363,31265,43119,10940,32179,42621,12146,30475
112,112,77042,18761,16949,38795,3102,1269,207,0,0,90843,18598,21836,45383,5776,1652,96,0,0,87217,17259,24015,40873,5029,2120,168,92224,19444,21454,46672,5037,1643,101,44048,4258,414,0,2099,93220,18991,21955,47176,5321,1326,17,55041,15818,10639,26645,2148,822,137,0,0,52545,15598,4943,28952,2337,645,0,28525,2219,362,0,234,0,64892,14977,15630,30481,3574,1568,114,64892,14977,15630,28628,3226,161,59,1707,53555,16059,5034,29907,1931,669,0,0,0,0,0,55178,15675,5512,31813,1763,448,0,31164,1529,117,0,55815,15431,7098,31295,1674,422,5,30655,1378,107,5,29751,23075,6460,31943,25600,6343,17338,13674,3298,31250,24250,5942,30837,23483,6310,30929,23750,6530,30287,24206,6081,30154,23966,6188,30506,23192,6365,30224,24342,5882,30050,23561,6489,34815,27162,6788,36976,29025,7387,36684,27627,7148,36827,29454,6513,36448,29154,7294,36259,29013,7246,36470,28994,7476,36365,29327,7038,36147,27616,8531,33123,25927,6420,20563,15984,4121,20549,16160,4389,20514,16016,4498,20509,16000,4509,34404,26611,6915,37703,28120,8482,37367,29284,6490,37385,29573,7812,37219,28602,7582,37352,28833,7451,37290,29240,8050,37221,28683,8538,37252,29247,8005,37263,28978,8285
113,113,89465,75698,4977,7664,586,805,92,0,0,91620,76416,5576,7836,827,654,22,0,0,89151,71840,6807,7281,884,2182,336,94118,78535,5719,8159,919,724,23,6893,740,253,19,1693,90622,74262,6241,8146,782,1018,37,70926,61798,2971,5330,394,576,51,0,0,71972,63996,1851,5262,352,437,14,5070,290,222,14,39,0,72670,60431,4466,5234,641,1726,257,72670,60431,4466,4661,424,196,81,2214,74075,65631,2089,5523,369,512,18,0,0,0,0,71847,62922,2326,5618,399,675,4,4990,314,184,4,72845,62912,3061,5623,496,725,15,4698,329,187,15,42861,16097,26034,42044,15105,26939,29699,10750,17682,45308,13783,29901,44618,14403,28583,44799,16125,27621,43674,15058,28616,43241,15135,28106,44060,13774,29043,43192,16040,27152,42855,14063,28792,49571,16689,31930,52063,17455,33941,51589,17012,32747,51880,19097,32197,51172,17649,33523,50733,17618,33115,51276,17095,34181,50861,17948,32913,50543,16675,33868,48594,16418,31306,38239,12425,24926,38177,12268,25392,38072,12547,25525,38077,12891,25186,49923,17585,31403,53232,17953,34650,52190,21361,28344,52344,19193,33151,51688,17359,32833,52342,18196,32744,52034,18549,33485,51786,17419,34367,52350,17093,35257,51901,18426,33475
114,114,77136,66768,4219,4101,1385,787,96,0,0,84164,71628,4914,4680,2470,642,48,0,0,91120,73896,6995,5400,2223,2165,186,84775,72136,5164,4525,2290,616,21,3873,1810,112,21,1520,86123,73553,5064,4155,2040,794,37,60856,54052,2613,2767,911,585,59,0,0,66077,59454,1770,3203,1175,396,20,3069,1029,174,20,83,0,74324,62235,4616,3818,1576,1670,120,74324,62235,4616,3224,1217,210,59,2438,66843,60224,1781,3411,1146,352,20,0,0,0,0,68376,61900,1934,3153,1052,529,0,2663,810,69,0,70506,62407,2799,3742,1085,599,0,2761,877,55,0,40644,20140,19957,41598,20471,21127,29487,14880,13482,46908,22813,21403,46457,22607,22021,46648,24904,20320,45290,24161,21129,44493,23341,21152,45685,22445,21416,44779,24349,20430,44224,22159,22065,52217,27882,22889,55440,30580,23894,54934,29024,23541,55076,31687,22404,54075,30233,23842,53561,30169,23392,54252,29640,24612,53733,30319,23414,53325,28212,25113,51423,28050,22063,41840,23698,17071,41798,23601,17477,41614,23629,17985,41630,23975,17655,53081,30843,21004,56348,32597,22763,55203,35720,17048,54816,33383,21433,53791,30878,21090,54975,32365,21157,54591,32729,21862,54239,31011,23228,54718,30859,23859,54495,32426,22069
115,115,81234,73444,4461,1854,717,935,86,0,0,86833,76984,5617,2553,582,1047,95,0,0,88875,74536,7302,2964,1169,2571,168,88204,77365,6020,3048,631,1009,56,2129,425,227,48,1965,95426,81740,7281,4062,1007,1081,58,63589,58687,2637,1125,501,702,61,0,0,67541,62984,1806,1544,420,753,69,1324,224,350,69,10,0,71356,61515,4725,1952,824,1970,113,71356,61515,4725,1446,512,234,60,2634,68563,63528,1948,1854,396,721,37,0,0,0,0,73490,67350,2328,2238,554,776,5,1542,283,84,5,73246,65678,2835,2789,898,979,4,1915,487,69,4,39303,17483,21213,39714,17279,22435,27001,11927,13846,44082,17446,24370,43648,18025,23774,43812,20168,22296,42612,19790,22822,41912,19266,22646,42908,17946,23278,42049,20271,21778,41625,18086,23539,48863,21650,25912,51779,23243,27749,51247,22533,26544,51447,24648,25929,50613,23624,26989,50226,23589,26637,50823,22877,27946,50311,23742,26569,50015,22042,27973,47947,21618,25188,38049,17865,19251,37994,17887,19454,37893,18007,19886,37892,18339,19553,49332,23910,24310,52548,25124,26643,51540,28474,20698,51037,26318,24719,50117,24326,24093,51151,25448,24235,50978,25868,25110,50680,24654,26026,50890,24300,26590,50863,25583,25280
116,116,79972,61052,5575,11490,1127,925,268,0,0,85889,66003,6358,11162,1278,1076,313,0,0,89457,66430,7625,10743,1972,2130,390,86597,66759,6212,10811,1514,1106,463,9900,992,464,268,1858,87900,67062,6748,10675,1715,1016,648,65052,51930,3658,8070,822,696,152,0,0,66862,55202,1939,8011,784,774,65,7747,577,439,65,133,0,74194,57374,5238,7896,1472,1703,263,74194,57374,5238,7083,957,161,184,2773,67904,56123,1949,7737,950,822,77,0,0,0,0,70339,57005,2936,8194,1089,681,145,7762,800,180,145,71804,59427,3346,6982,1010,580,93,6299,645,16,93,43902,31999,11314,43962,32832,11130,30316,22657,6564,48017,35212,9981,47471,35286,10328,47644,36827,9293,46327,36498,9829,45651,35369,10282,46691,34624,9898,45870,36441,9429,45360,34576,10784,51823,40004,10373,54350,42692,10769,53861,41107,10603,53919,43060,9820,53229,42532,10697,52796,42283,10513,53306,42047,11259,52926,42450,10476,52551,40243,12308,50665,39489,9867,40298,32270,6899,40208,32416,7171,40049,32509,7540,40054,32700,7354,50314,40208,8941,51614,40941,9610,50912,42417,6627,50442,41565,8877,49659,39420,8656,50529,40811,8489,50220,41220,9000,49941,39846,10095,50270,40130,10140,50202,41081,9121
117,117,83814,70032,8315,3504,1209,902,205,0,0,89930,74450,8878,4054,1415,962,0,0,0,91035,71526,11555,4000,1676,2081,528,90093,74391,8878,4408,1547,1086,0,3289,1337,290,0,1424,90599,74658,9135,4163,1689,1088,205,66423,57604,5092,2313,840,645,117,0,0,68780,61721,2835,2825,694,674,0,2655,644,259,0,25,0,73629,60192,7730,2774,1182,1513,357,73629,60192,7730,2311,918,164,104,2002,69570,61895,3176,2859,836,713,0,0,0,0,0,70356,62448,3347,2665,982,620,110,2404,844,145,110,70241,61166,4402,2710,1063,564,173,2126,869,110,173,39863,15893,23383,39709,14849,24860,27755,10491,16159,44945,15823,27090,44400,15809,26792,44525,17950,25274,43479,16818,26661,43094,16532,26562,43873,15186,27370,42997,17354,25643,42646,15174,27472,49968,19831,28951,52904,21651,30352,52515,20514,29784,52744,23155,28743,52061,21459,30602,51648,21474,30174,52232,20934,31298,51846,21804,30042,51533,19958,31575,49120,19837,28213,39110,15872,22300,39136,15660,22817,38985,15765,23220,39006,16186,22820,50900,22201,27555,54191,23436,29875,53451,27171,23607,53563,24579,28984,53097,22356,28960,53490,23417,28565,53316,23824,29492,53090,22349,30741,53689,21345,32344,53282,23474,29808
118,118,79800,75101,2422,1070,416,856,56,0,0,82552,76763,2948,1368,619,1065,40,0,0,83282,74918,3577,1488,776,2309,61,83470,77377,3090,1540,723,1016,37,843,519,390,0,1173,83566,76699,3383,1784,762,1272,32,64173,61012,1491,789,282,627,38,0,0,66485,63220,1269,997,307,681,0,794,289,249,0,40,0,68572,62567,2397,1053,532,1769,37,68572,62567,2397,739,355,278,2,2054,67450,63900,1496,986,330,683,0,0,0,0,0,67680,63805,1616,1095,416,756,0,676,207,204,0,68760,64296,1997,1148,498,752,9,653,240,180,9,38649,17758,20106,37323,16288,21035,26492,11594,13461,41996,14399,25712,41359,15224,24159,41613,17660,22674,40385,17208,23177,39890,17049,22841,40735,15199,23996,39848,18178,21670,39512,15724,23788,46860,17632,28097,49618,18045,30813,49226,18100,28901,49510,20268,28537,48784,19119,29665,48422,19140,29282,48922,18082,30840,48533,19573,28960,48241,17803,30438,46186,17445,27710,36897,13957,21875,36858,13866,22338,36712,14053,22659,36737,14496,22241,48043,18830,28088,51505,19003,31668,50681,23429,24698,50737,20843,29894,50216,19267,29396,50637,20037,29130,50554,20427,30127,50236,19203,31033,50941,18270,32671,50472,20210,30262
119,119,87322,71993,3541,2594,752,8971,87,0,0,90973,73962,4433,3356,899,9310,137,0,0,90212,69883,5582,2978,1206,11003,171,91715,74450,4654,3209,968,9298,142,2359,426,7338,1,2398,89649,71943,4889,3354,905,8936,58,71101,60577,2290,1935,519,6004,51,0,0,73060,62915,1258,2214,340,6141,0,2092,198,5509,0,152,0,74064,59758,3774,2183,866,7594,115,74064,59758,3774,1559,588,5576,25,2584,74065,63585,1348,2170,416,6357,0,0,0,0,0,72460,61935,1541,2184,513,6166,4,2034,312,5470,4,73912,62565,1963,2455,599,6039,70,2126,367,5159,70,39593,18749,20087,38346,17497,20849,28197,12611,14016,42695,16463,23948,42145,17079,23165,42275,19461,21420,41138,18597,22541,40650,18477,22173,41501,16853,23015,40613,19369,21244,40238,17163,23075,46564,19868,25392,48900,20815,27153,48415,20236,25818,48700,22675,25166,47886,21304,26582,47480,21430,26050,48062,20418,27644,47714,21782,25932,47383,19889,27494,45588,19575,24812,35878,15132,19636,35912,15053,20162,35750,15255,20495,35770,15741,20029,46743,20846,24736,49774,21361,27599,48863,24845,21607,48746,22716,26030,48096,20893,25635,48621,21701,25392,48481,22228,26253,48124,20884,27240,49008,20328,28680,48389,21931,26458
120,120,80828,73975,3371,1178,536,1945,57,0,0,82237,74040,3863,1475,603,2151,49,0,0,84907,73830,5054,1454,782,3775,104,83236,74724,4226,1505,747,2093,78,1094,568,1535,45,952,85189,75705,4753,1675,862,2200,43,65109,60635,2093,730,370,1370,41,0,0,65685,61680,1057,1023,286,1637,15,858,233,1164,15,24,0,70000,62317,3243,920,564,2768,74,70000,62317,3243,556,362,887,7,2482,66960,62475,1202,1256,425,1627,45,0,0,0,0,68900,63740,1767,1190,544,1623,15,829,406,998,15,70589,64728,2117,1371,586,1725,0,1110,394,859,0,39764,13388,25478,38451,11643,26808,29066,9374,18218,42104,9875,30698,41133,10935,28598,41306,12829,27228,39967,11794,28173,39211,12217,26994,40481,10907,28303,39425,13023,26402,38986,10987,27999,46231,12186,33071,48724,12417,35661,48163,12526,33708,48537,13699,34165,47648,12952,34696,47311,13168,34143,47857,12371,35486,47479,13447,34032,47154,12518,34636,45642,11929,32816,37003,9049,27056,36949,8870,27411,36674,9138,27536,36667,9368,27299,48064,12831,34297,52265,13099,38508,51230,15588,33512,51037,14144,36893,50388,12913,36095,51019,13528,36017,50777,13909,36868,50344,12920,37424,51321,12322,38999,50545,13832,36713