ID,Label,T_10_CENS_Total,T_10_CENS_White,T_10_CENS_Hispanic,T_10_CENS_Black,T_10_CENS_Asian,T_10_CENS_Native,T_10_CENS_Pacific,T_10_CENS_BlackAlone,T_10_CENS_NativeAlone,T_19_ACS_Total,T_19_ACS_White,T_19_ACS_Hispanic,T_19_ACS_Black,T_19_ACS_Asian,T_19_ACS_Native,T_19_ACS_Pacific,T_19_ACS_BlackAlone,T_19_ACS_NativeAlone,T_20_CENS_Total,T_20_CENS_White,T_20_CENS_Hispanic,T_20_CENS_Black,T_20_CENS_Asian,T_20_CENS_Native,T_20_CENS_Pacific,T_20_CENS_ADJ_Total,T_20_CENS_ADJ_White,T_20_CENS_ADJ_Hispanic,T_20_CENS_ADJ_Black,T_20_CENS_ADJ_Asian,T_20_CENS_ADJ_Native,T_20_CENS_ADJ_Pacific,T_20_ACS_Total,T_20_ACS_White,T_20_ACS_Hispanic,T_20_ACS_Black,T_20_ACS_Asian,T_20_ACS_Native,T_20_ACS_Pacific,T_20_ACS_BlackAlone,T_20_ACS_AsianAlone,T_20_ACS_NativeAlone,T_20_ACS_PacificAlone,T_20_ACS_OtherAlone,T_20_ACS_TwoOrMore,T_22_ACS_Total,T_22_ACS_White,T_22_ACS_Hispanic,T_22_ACS_Black,T_22_ACS_Asian,T_22_ACS_Native,T_22_ACS_Pacific,V_10_VAP_Total,V_10_VAP_White,V_10_VAP_Hispanic,V_10_VAP_Black,V_10_VAP_Asian,V_10_VAP_Native,V_10_VAP_Pacific,V_10_VAP_BlackAlone,V_10_VAP_NativeAlone,V_19_CVAP_Total,V_19_CVAP_White,V_19_CVAP_Hispanic,V_19_CVAP_Black,V_19_CVAP_Asian,V_19_CVAP_Native,V_19_CVAP_Pacific,V_19_CVAP_BlackAlone,V_19_CVAP_AsianAlone,V_19_CVAP_NativeAlone,V_19_CVAP_OtherAlone,V_19_CVAP_TwoOrMore,V_20_VAP_Total,V_20_VAP_White,V_20_VAP_Hispanic,V_20_VAP_Black,V_20_VAP_Asian,V_20_VAP_Native,V_20_VAP_Pacific,V_20_VAP_NH_Total,V_20_VAP_NH_White,V_20_VAP_NH_Hispanic,V_20_VAP_NH_BlackAlone,V_20_VAP_NH_AsianAlone,V_20_VAP_NH_NativeAlone,V_20_VAP_NH_PacificAlone,V_20_VAP_NH_OtherAlone,V_20_VAP_NH_TwoOrMore,V_20_CVAP_Total,V_20_CVAP_White,V_20_CVAP_Hispanic,V_20_CVAP_Black,V_20_CVAP_Asian,V_20_CVAP_Native,V_20_CVAP_Pacific,V_20_CVAP_BlackAlone,V_20_CVAP_AsianAlone,V_20_CVAP_NativeAlone,V_20_CVAP_PacificAlone,V_20_CVAP_OtherAlone,V_22_CVAP_Total,V_22_CVAP_White,V_22_CVAP_Hispanic,V_22_CVAP_Black,V_22_CVAP_Asian,V_22_CVAP_Native,V_22_CVAP_Pacific,V_22_CVAP_BlackAlone,V_22_CVAP_AsianAlone,V_22_CVAP_NativeAlone,V_22_CVAP_PacificAlone,V_24_CVAP_Total,V_24_CVAP_White,V_24_CVAP_Hispanic,V_24_CVAP_Black,V_24_CVAP_Asian,V_24_CVAP_Native,V_24_CVAP_Pacific,V_24_CVAP_BlackAlone,V_24_CVAP_AsianAlone,V_24_CVAP_NativeAlone,V_24_CVAP_PacificAlone,E_08_PRES_Total,E_08_PRES_Dem,E_08_PRES_Rep,E_12_PRES_Total,E_12_PRES_Dem,E_12_PRES_Rep,E_16_PRES_Total,E_16_PRES_Dem,E_16_PRES_Rep,E_16_SEN_Total,E_16_SEN_Dem,E_16_SEN_Rep,E_18_SEN_Total,E_18_SEN_Dem,E_18_SEN_Rep,E_18_GOV_Total,E_18_GOV_Dem,E_18_GOV_Rep,E_18_AG_Total,E_18_AG_Dem,E_18_AG_Rep,E_16-20_COMP_Total,E_16-20_COMP_Dem,E_16-20_COMP_Rep,E_20_PRES_Total,E_20_PRES_Dem,E_20_PRES_Rep,E_22_CMPTR_Total,E_22_CMPTR_Dem,E_22_CMPTR_Rep,E_16-22_COMP_Total,E_16-22_COMP_Dem,E_16-22_COMP_Rep,E_22_SEN_Total,E_22_SEN_Dem,E_22_SEN_Rep,E_22_GOV_Total,E_22_GOV_Dem,E_22_GOV_Rep,E_22_AG_Total,E_22_AG_Dem,E_22_AG_Rep,E_22_CONG_Total,E_22_CONG_Dem,E_22_CONG_Rep,E_20-24_COMP_Total,E_20-24_COMP_Dem,E_20-24_COMP_Rep,E_24_PRES_Total,E_24_PRES_Dem,E_24_PRES_Rep,E_24_SEN_Total,E_24_SEN_Dem,E_24_SEN_Rep,E_24_CONG_Total,E_24_CONG_Dem,E_24_CONG_Rep
0,Un,0,0,0,0,0,0,0,0,0,0,0,0,0,0,0,0,0,0,0,0,0,0,0,0,0,0,0,0,0,0,0,0,0,0,0,0,0,0,0,0,0,0,0,0,0,0,0,0,0,0,0,0,0,0,0,0,0,0,0,0,0,0,0,0,0,0,0,0,0,0,0,0,0,0,0,0,0,0,0,0,0,0,0,0,0,0,0,0,0,0,0,0,0,0,0,0,0,0,0,0,0,0,0,0,0,0,0,0,0,0,0,0,0,0,0,0,0,0,0,0,0,0,0,0,0,0,0,0,0,0,0,0,0,0,0,0,0,0,0,0,0,0,0,0,0,0,0,0,0,0,0,0,0,0,0,0,0,0,0,0,0,0,0,0,0,0,0,0,0,0,0,0,0,0,0,0,0,0,0,0
1,1,110668,84594,19297,4467,1659,1454,156,0,0,112776,85524,20809,3983,2597,300,49,0,0,132589,94173,28227,4672,3216,2925,141,132674,94199,28255,4702,3202,2858,137,111701,85509,19591,3905,2888,406,42,2771,2321,82,10,199,1223,131203,94957,26876,5344,3122,1931,103,87731,68966,13830,3236,1155,1065,101,0,0,82493,71867,6871,2611,957,143,4,2484,842,82,28,0,108010,80348,19939,3528,2343,2125,104,108010,80348,19939,2616,1721,711,19,511,2145,83418,72511,6806,2536,1362,115,8,0,0,0,0,0,96175,81116,9537,3046,1752,452,14,2660,1567,291,14,97356,81713,9855,3081,1969,535,21,2572,1703,316,21,59924,33053,26017,54611,29107,25504,59651,29918,27208,57477,35784,20632,51449,30781,20655,51659,29367,21230,50611,28421,21275,56815,32565,23265,71718,41275,29445,54197,29950,24243,57729,31496,25751,54783,29693,24893,55225,28742,26448,54331,28559,25766,54617,29658,24953,62246,34220,27768,69848,38156,30905,68085,38642,29264,67598,37145,30453
2,2,129243,107936,11617,6580,3047,799,126,0,0,127745,101181,15347,8810,2424,869,0,0,0,132163,100178,19444,7611,3739,2070,132,132272,100222,19459,7626,3747,1865,124,126622,100633,14887,8294,2442,758,4,6469,1852,233,0,497,2045,130536,101016,16335,8762,3577,922,69,98949,84141,7988,4589,2072,565,89,0,0,95673,81644,6578,5647,1400,494,0,5359,1293,256,39,0,105709,83333,13115,5556,2668,1475,90,105709,83333,13115,4351,2174,135,19,343,2239,95157,81115,6677,5511,1405,539,0,0,0,0,0,0,99020,82488,7763,6205,2212,415,4,5826,2035,74,4,100640,82746,10161,5204,2254,383,4,4575,2087,70,4,61555,29298,31528,52250,23979,28271,63823,23468,37899,60913,33005,26931,50457,23906,26530,50873,22185,27577,49869,21851,27080,58018,25787,31215,72813,30394,41398,56396,23031,33360,59497,23408,35586,56851,21609,35037,57512,20535,36939,56301,20725,35572,56227,20981,35240,64712,25237,39192,73832,28619,44495,71262,29426,41632,70462,27537,42925
3,3,132780,93173,22714,13712,3966,1809,175,0,0,134283,89647,27743,13795,3881,1270,64,0,0,132085,79693,30875,16198,4672,3043,223,132373,79776,30935,16239,4618,2729,191,135196,91119,27389,13599,3698,1469,108,10626,3142,531,5,480,1904,132244,86629,28582,13354,4765,1950,193,99640,73723,14833,8427,2779,1149,118,0,0,97615,73832,13864,7706,1425,753,8,7289,1212,593,62,0,103712,67102,21177,11081,3522,2200,142,103712,67102,21177,8554,2835,477,23,536,3008,97428,74393,13769,7201,1360,687,4,0,0,0,0,0,95219,71786,14104,6551,1826,656,18,5965,1702,413,18,96238,68445,15999,8753,2210,656,6,7801,2057,276,6,51214,28103,22456,42733,24147,18586,52718,21612,28910,49431,28766,19647,39624,20859,18754,40054,19766,19242,39100,19261,19015,46608,22939,22760,59298,27424,30970,40751,17164,23579,45700,19727,25580,41089,16658,24245,41782,15686,26063,40752,16055,24688,40623,15564,25048,49618,21005,28390,58864,24812,33538,56382,25366,30832,54893,22635,32258
4,4,131518,97091,14426,10809,9766,929,115,0,0,128870,86926,18324,11475,12666,350,175,0,0,132839,83741,21022,15638,12296,1982,174,132978,83777,21048,15481,12271,1733,157,127389,85170,17834,11773,13085,335,406,9369,11497,35,143,472,2871,131495,84912,19692,14454,13233,1066,142,102330,77147,9921,7802,7632,626,79,0,0,95080,69946,10848,7046,6837,103,58,6632,6319,10,234,0,108556,70672,15175,12501,9909,1501,114,108556,70672,15175,10050,9041,127,16,588,2887,95412,69386,11115,7594,6902,116,44,0,0,0,0,0,99137,70325,11735,8752,7727,357,29,7549,7156,37,29,98925,68271,12170,9477,8038,673,23,8034,7476,83,23,58607,33141,24798,48656,26588,22068,60252,29559,28151,57420,36134,20077,47107,27776,19320,47404,26141,20002,46504,25990,19665,54172,30166,22936,66909,35464,30421,48034,24123,23904,53129,26968,25640,48447,23527,24693,48916,22678,26196,48011,22793,25211,47902,23018,24869,57264,28476,28454,67236,32881,33292,64609,33407,30916,63658,31743,31915
5,5,137266,110450,15298,4539,7128,674,112,0,0,135256,100479,19877,6496,8396,1150,324,0,0,134041,95987,20877,6849,9452,1537,144,134158,96047,20905,6787,9562,1408,137,136936,97056,22242,8744,9639,850,213,6124,8225,165,33,514,2575,139990,95999,24963,10274,8958,1599,140,104407,85967,10309,2934,5149,455,80,0,0,101455,81155,11174,3693,4597,402,77,3375,4240,184,324,0,107073,79579,14726,4693,7223,1124,110,107073,79579,14726,3458,6484,93,21,531,2181,101252,78450,11834,4596,5716,303,31,0,0,0,0,0,103380,78627,13468,5044,5504,449,4,4594,5174,225,4,100454,74676,14446,4633,5968,513,16,4125,5532,227,16,58968,28406,29938,53395,25897,27498,62035,22584,37100,58629,32864,24649,45740,21990,23743,46211,20547,24582,45161,20166,24145,54625,24559,29088,70336,29179,40190,50567,19502,31055,55076,21237,33386,50971,18476,32271,51741,17437,34264,50557,17727,32818,50285,17417,32859,60341,22739,37285,71063,26216,43838,67915,27343,40295,66580,24614,41966
6,6,128273,28312,73587,25712,4444,2209,287,0,0,131056,29493,75446,24321,4522,3302,341,0,0,133800,22358,85353,22893,4926,4963,152,134144,22396,85505,22184,4772,4081,117,132406,25960,79290,24250,6781,1994,406,18757,5815,43,110,856,1580,137119,25400,85248,23530,7045,2456,502,93877,23597,51354,18099,3264,1511,224,0,0,74265,23116,33485,15031,2087,266,100,14788,2053,66,256,0,100573,19152,61292,17581,3742,3559,106,100573,19152,61292,14205,3186,179,14,888,1657,76648,20977,38342,13808,3103,204,109,0,0,0,0,0,80213,21623,42027,13123,3040,170,89,12721,2854,58,89,43821,13647,19789,7626,2402,258,24,7234,2275,36,24,34511,25224,8942,32276,25032,7244,36114,25357,9600,34046,26805,6561,26401,20535,5856,27127,20659,6018,26283,19955,5908,31519,23475,7580,39516,27524,11524,20614,12561,8050,27364,18547,8633,20945,12909,7925,21298,12430,8858,20740,12512,8223,20595,12272,8321,29198,18153,10898,37712,21795,15463,35463,21856,13403,33965,19751,14214
7,7,129007,105520,14972,5822,3004,806,97,0,0,124882,96181,19312,7272,3202,728,41,0,0,129805,98126,19843,7138,3906,1599,125,129904,98161,19864,7112,3919,1494,117,124318,96487,18284,6170,3364,762,64,4515,2544,171,0,127,2193,125710,98208,15749,7088,4060,602,79,98800,82718,10165,3878,2131,548,68,0,0,93027,77774,9303,4033,1553,301,0,3933,1346,123,88,0,104323,81898,13770,5103,2806,1094,91,104323,81898,13770,3937,2232,108,11,359,2008,94937,78401,9655,4459,1927,345,0,0,0,0,0,0,97979,81187,8712,5052,2653,299,0,4133,2264,124,0,97003,78377,9757,5413,3000,557,8,4311,2603,82,8,62417,29944,31758,58624,28153,30471,64356,25061,36489,61435,35189,25097,50691,25305,25374,51077,23283,26443,50056,23005,26034,58352,27339,29854,73212,32283,39785,54981,22766,32207,58911,24274,34093,55382,21781,33391,56049,20643,35363,54837,20619,34213,55026,19456,35560,63705,25695,37726,72800,29099,43010,70496,29684,40615,69411,24576,44835
8,8,133996,118150,7701,2105,5948,396,67,0,0,132289,112880,9574,2877,6870,335,72,0,0,132400,107474,12115,3497,8046,965,106,132444,107506,12121,3510,8087,940,105,130876,110709,10543,2823,6677,580,54,1738,5950,18,0,254,1668,131536,105917,13651,3609,8164,1122,192,100348,89580,5102,1458,4072,250,47,0,0,101825,90370,6021,1801,3341,179,0,1668,3160,67,168,0,106013,88399,8369,2351,5843,680,78,106013,88399,8369,1608,5128,64,7,543,1895,101428,89243,6805,1731,3306,210,0,0,0,0,0,0,101317,86946,8102,1879,3895,295,0,1377,3557,12,0,100669,84687,8610,2542,4510,213,9,1886,4202,8,9,68588,29598,38297,60562,24341,36221,71259,25625,42969,68432,36180,31223,55205,25133,30052,55563,23458,30965,54588,22884,30718,64161,27636,35467,80677,32627,46933,62086,24003,38074,65600,24774,40300,62474,22558,39716,63168,21423,41700,62011,21390,40608,61883,21631,40243,71189,26274,44603,80842,29248,50618,78446,30210,48005,77332,27751,49581
9,9,129150,111188,10354,3666,3868,496,67,0,0,126773,104416,14586,3970,4327,568,125,0,0,128462,100702,16192,5907,5107,1295,118,128532,100741,16204,5927,5103,1202,115,126516,103948,14490,4812,3794,824,131,3084,2838,83,8,281,1785,128419,101684,16327,5919,3816,930,57,98872,86495,7040,2451,2777,338,52,0,0,97830,84809,8200,1982,2566,220,7,1886,2390,69,103,0,102675,82971,11309,4119,3727,928,79,102675,82971,11309,3008,3035,78,6,397,1871,98292,85157,8496,2073,2220,325,9,0,0,0,0,0,100686,85502,9733,2920,2196,371,17,2749,1838,37,17,100231,84569,10325,3231,1808,300,15,2917,1527,16,15,63237,27466,35095,54894,23706,31188,64741,23155,39072,61630,34138,26540,49609,22929,26671,49689,21244,27346,48963,20747,27342,57973,25312,31715,73706,29546,43154,54454,20093,34350,58632,21795,36397,54864,19178,35498,55445,17903,37494,54477,17990,36474,54205,17518,36658,63598,22943,40417,73108,26147,46291,70796,26901,43712,69214,22948,46266
10,10,126706,89585,18510,9833,9225,924,105,0,0,125784,86217,18991,8520,11143,432,120,0,0,130075,80744,25604,10018,13388,2254,141,130189,80778,25636,9955,13404,1905,125,126385,87299,19056,8239,11466,957,153,6122,9855,460,24,1016,2543,128584,87130,19511,9019,11575,1588,76,95638,69688,12701,6820,6592,599,72,0,0,89689,68897,8789,5059,6764,84,30,4636,6451,20,66,0,103188,67681,17675,7482,9974,1522,99,103188,67681,17675,6162,9154,87,19,475,1935,91971,70142,10166,4885,6253,354,25,0,0,0,0,0,94225,71181,10658,5213,6628,428,0,4780,6254,330,0,98268,70754,11625,6820,8153,523,46,6225,7567,314,46,59116,32856,25739,54431,28539,25892,60398,31847,26375,58455,37410,20022,47136,28775,18349,47263,27691,18622,46694,27150,18697,54897,32210,21755,69728,40318,28435,49786,26963,22815,54496,29844,24203,50169,26848,23169,50464,25664,24760,49847,25683,24155,49356,25647,23703,59237,31677,27155,69101,35385,32124,66672,36088,30209,65591,34800,30791
11,11,133264,68424,27882,34645,3865,1527,225,0,0,130602,57940,33929,35307,4028,2602,439,0,0,137316,58541,39756,34964,4958,3057,207,137627,58588,39813,34701,4880,2512,191,131176,56962,34207,36858,3799,2258,599,32719,2573,518,39,525,3637,137314,61232,35403,38428,4647,2059,830,101768,56146,19120,24593,2782,1064,161,0,0,91386,47902,16351,23404,2286,1111,19,22740,2179,473,618,0,108597,50495,27960,26710,3790,2198,172,108597,50495,27960,23403,3115,260,15,804,2545,93249,47481,16547,25426,2024,1144,44,0,0,0,0,0,97957,50524,17970,25806,2212,1003,114,24717,2052,335,114,88528,47296,18697,18820,2899,595,35,18000,2741,190,35,49724,31407,17804,44797,29371,15426,51053,28294,21096,48468,33971,13636,38812,25230,13577,39362,24588,13989,38470,24071,13770,45531,28258,16594,57932,33464,23734,36711,19115,17585,43049,23801,18958,37155,19056,17936,37557,18298,19225,36866,18520,18333,36860,18312,18527,46800,24794,21789,57137,29590,26910,54697,29755,24682,53090,26975,26115
12,12,127072,101472,13445,6583,5993,713,106,0,0,128221,96611,17288,7717,7110,1219,21,0,0,127974,90763,19310,8583,8622,1643,140,128050,90783,19329,8513,8634,1500,136,126434,94791,16969,7671,7077,669,35,5984,5803,70,6,832,1976,126256,93437,15552,8306,8270,594,93,95728,78073,9120,4501,4194,471,68,0,0,96301,78614,9705,3908,3686,321,3,3642,3475,142,148,0,102008,75369,13658,6082,6276,1137,104,102008,75369,13658,4739,5663,92,9,559,1919,96002,77413,10433,4219,3940,153,6,0,0,0,0,0,96739,77243,9919,4796,4591,139,3,4510,4134,23,3,95568,74297,10782,5406,4605,200,9,4799,4134,41,9,63212,31403,31119,57233,27454,29779,65460,29539,33176,63123,37212,24773,51152,27860,23272,51451,26498,23805,50582,25899,23675,59077,30702,27266,73197,37212,34902,53760,25455,28295,58581,27937,30110,54158,24972,28970,54567,23988,30541,53800,23964,29826,53563,24045,29509,63132,29618,33166,73014,33401,38369,70600,34025,36296,69640,31895,37745
13,13,125621,74199,24956,13278,13781,902,168,0,0,128101,69999,24376,14490,18536,965,164,0,0,130496,63426,30620,13211,22982,1612,94,130588,63439,30662,13148,22991,1513,89,128311,68422,27186,13629,18902,708,144,11503,17496,85,0,1109,2507,129603,67457,27313,12482,21439,996,207,97023,59659,17471,10051,10156,628,132,0,0,86948,56400,10653,9409,10007,207,0,9261,9563,99,294,0,103133,53549,21820,10454,16996,1143,75,103133,53549,21820,9110,16144,106,15,518,1871,86256,55699,11662,8579,9880,199,0,0,0,0,0,0,88708,55708,12486,8528,11238,292,80,8357,10931,85,80,88437,53244,15268,7879,11184,335,47,7525,10757,37,47,55369,32584,22255,46667,26886,19781,55582,31944,21747,53496,36853,15787,43489,28286,15188,43136,27022,15301,42942,26589,15605,50060,31371,17941,62447,37614,24093,42469,23824,18624,48178,27588,20254,42793,23486,19179,43098,22072,20985,42507,22226,20256,41952,22456,19472,51409,28085,23073,60177,31280,28036,58066,31818,25914,57548,33315,24233
14,14,133273,117688,8590,1899,5042,343,54,0,0,128361,108660,11358,2861,5629,557,18,0,0,133707,107943,13539,3263,7775,895,92,133747,107974,13543,3274,7797,872,92,129922,109252,11871,3327,5871,487,52,2020,4695,58,0,338,1685,131671,105883,14218,4653,6594,541,102,100836,90238,5734,1283,3475,217,36,0,0,98256,85870,7463,1619,2987,232,0,1529,2750,49,64,0,104911,87059,9188,2299,5493,622,71,104911,87059,9188,1612,4737,33,5,477,1800,98523,86046,7528,1781,2921,203,0,0,0,0,0,0,99949,84839,8706,2541,3506,208,35,2357,3321,85,35,101412,85042,9507,2581,3912,160,57,2279,3735,57,57,72318,33828,37807,61689,28577,33112,74008,30171,41064,71233,42167,28101,57904,29167,28720,57477,27327,28969,57232,26680,29574,66853,32190,33587,84046,37574,45239,63345,27122,36215,67744,28517,38672,63781,26010,37598,64310,24038,40205,63392,24194,39185,63163,24462,38690,72930,29586,43042,82609,32443,49352,80157,33270,46646,79828,31932,47896
15,15,130730,101740,10258,2590,16110,476,85,0,0,134008,96121,11282,3254,22837,939,104,0,0,134401,88405,13937,2929,28175,937,131,134447,88431,13948,2921,28212,926,125,133260,92169,12961,2964,24986,675,84,1904,23661,158,8,508,1897,134479,88276,15165,2707,27454,862,79,100398,79477,7269,1934,11687,311,62,0,0,98146,77238,5843,2030,12520,367,10,1860,11973,184,158,0,106379,73109,9851,2125,20469,710,104,106379,73109,9851,1425,19578,77,16,463,1860,97024,74336,6655,1675,13945,363,10,0,0,0,0,0,97796,72262,7933,1419,15681,389,24,1334,14966,180,24,96811,68706,9237,1499,16939,268,43,1407,16480,105,43,65680,32597,32453,58795,27984,30811,66769,31039,33272,64346,38623,24790,50697,27718,22964,50262,26189,23037,50086,25637,23565,59544,31294,27297,75646,38464,36167,53188,24908,28266,58760,27778,30517,53519,24311,29066,53847,22610,31196,53169,22655,30498,52425,23039,29370,63161,28694,34145,72871,31849,39902,70605,32356,37851,69690,33578,36112
16,16,132266,92177,10724,3237,26014,568,165,0,0,134330,85584,12653,3227,32081,888,249,0,0,138770,80662,13185,3420,40376,1060,171,138807,80670,13195,3433,40378,1038,165,134174,84485,12432,3578,32975,837,197,2729,31051,293,51,763,2364,136682,82914,13120,3750,35331,798,63,100738,71723,7881,2487,18537,392,118,0,0,93387,66023,6137,2236,18396,346,126,2119,17991,242,175,0,107328,64877,9671,2622,29286,741,121,107328,64877,9671,1900,27830,89,22,562,2377,93499,65360,6260,2529,18843,265,77,0,0,0,0,0,96598,64760,7289,2765,21370,271,4,2449,20788,138,4,97138,62654,7205,2590,24291,289,16,2239,23668,128,16,62767,35016,27199,51900,27551,24349,63719,35939,25472,61568,41041,19653,49647,31045,18568,48957,30124,18010,48980,28998,19202,57681,34905,21907,73823,42237,30623,52292,27956,24322,57360,31216,25693,52622,27387,25093,52918,25335,27535,52259,25391,26850,51905,26322,25564,62166,31742,30113,72098,34691,36242,70175,35491,34333,69365,36697,32668
17,17,129039,104138,12697,3161,9094,377,100,0,0,131030,99605,15928,4265,11358,848,50,0,0,129135,90879,18053,4387,15090,1167,131,129186,90909,18065,4341,15127,1137,124,130980,98774,15649,4025,11892,767,116,2876,10837,69,0,845,1931,129338,94959,16131,3745,13774,592,115,100319,82563,8784,2330,6558,240,54,0,0,100820,81647,9498,2366,6919,253,0,2227,6553,75,198,0,103631,76033,12748,3143,11027,837,97,103631,76033,12748,2218,10149,76,26,494,1887,101701,82034,9534,2211,7496,189,0,0,0,0,0,0,100500,80436,9441,2123,8181,163,10,1924,7763,4,10,98505,75105,11138,2632,9046,342,29,2310,8616,11,29,63668,28895,34162,58316,26816,31500,65954,25321,38281,63256,35853,26429,49733,23848,25867,49446,22315,26084,49180,21920,26391,58622,26902,30807,74843,32155,41731,53709,21386,32310,58597,23230,34981,53998,20258,33585,54462,18743,35680,53671,19024,34634,53092,18948,34134,63370,24277,38827,73212,27363,44966,70902,28220,42343,69801,26926,42875
18,18,125367,9939,49241,67113,2586,2237,283,0,0,127391,9085,55865,65503,3106,4319,74,0,0,134564,7679,62408,63274,3630,3329,253,135092,7693,62524,62538,3396,2720,213,127613,9082,55083,65846,3440,3897,110,57856,2677,125,0,276,2523,136610,8657,60099,68746,3507,3118,280,93511,8936,34724,50116,1944,1556,212,0,0,71011,7977,18040,42992,1612,336,0,42104,1594,76,301,0,102839,6703,44586,50401,2850,2604,194,102839,6703,44586,45466,2248,213,30,927,2666,74060,7913,20439,43431,1818,315,34,0,0,0,0,0,81833,7794,24855,46525,2197,326,94,45556,2113,40,94,83544,7436,26031,46743,2639,614,96,45658,2457,70,96,43988,40145,3620,40055,37622,2433,43286,38874,3451,41495,38134,2754,33114,30752,2351,33113,30399,2347,33147,30515,2405,38257,34880,3023,46092,40569,5135,24823,21377,3440,32970,29208,3603,25242,21829,3346,25465,21569,3881,25152,21648,3498,24776,21136,3633,34660,29382,5168,44171,35576,8321,42341,35120,7054,41952,34851,7101
19,19,128342,96598,13771,4002,13894,501,115,0,0,133397,89630,19369,5423,18635,387,161,0,0,135282,86138,18928,5798,23367,1160,160,135329,86161,18936,5799,23403,1131,157,132098,89737,17989,4700,18975,604,123,3301,17426,126,19,974,2532,135919,89161,17384,5372,21583,1077,143,99882,76650,9909,2961,10202,311,87,0,0,96534,71268,10950,3460,10483,221,28,3171,10121,192,116,0,107921,71500,13626,4340,17464,858,126,107921,71500,13626,3263,16471,122,32,805,2102,96856,71929,10553,2974,10961,339,8,0,0,0,0,0,99685,72946,10184,3137,12905,384,0,2743,12619,163,0,99904,70371,10714,2977,15331,356,14,2635,15061,32,14,62847,27004,35252,57604,24569,33035,64173,26961,34625,61803,34988,25938,49101,24125,24956,48621,22868,24830,48493,22043,25647,57405,27480,28990,73013,33880,37995,52135,22129,29992,57176,24215,32474,52549,21223,31173,52905,19381,33474,52202,19596,32587,51885,19856,32016,61760,25476,35975,71561,29056,41431,69399,29764,39317,68715,29374,39341
20,20,124464,97523,15839,6762,4490,504,132,0,0,123162,93302,18283,7335,4653,583,19,0,0,132107,96354,21541,7593,5407,1165,133,132181,96385,21556,7558,5438,1085,127,121933,90458,19025,7726,5112,680,28,5756,4404,232,10,341,1702,127584,94191,19702,8052,5598,455,30,96689,77134,11462,4822,3357,353,92,0,0,89709,72648,9244,4755,2839,197,4,4666,2710,125,115,0,103032,76513,15752,5653,4187,866,97,103032,76513,15752,4541,3603,62,24,762,1775,89749,71286,10164,5109,2948,215,10,0,0,0,0,0,93920,73845,11083,5550,3312,165,4,4903,3111,40,4,95318,74320,12339,4817,3473,134,17,3582,3254,16,17,60508,30225,29774,47969,23385,24584,59188,27378,29626,56922,36422,19778,44669,23999,20654,44189,23498,19801,44030,22480,20745,52785,27563,24393,68192,31656,35675,49730,21281,28441,53666,23775,29484,50197,21151,28910,50735,19058,31624,49814,19248,30555,49856,19248,30600,58668,24127,34317,67854,26152,41149,65618,27426,37992,65940,25457,40483
21,21,132342,83373,24339,19933,5976,924,161,0,0,133542,73741,30256,26325,6781,2159,90,0,0,139601,71764,32229,27664,8679,1876,239,139710,71789,32261,27442,8611,1757,221,134638,72870,29122,28538,7748,1860,150,22207,5910,25,64,508,3929,139690,71941,29573,32117,9354,1380,178,102094,67301,17331,13816,4322,616,116,0,0,97379,60453,16873,15261,4272,290,79,14582,3940,14,242,0,110251,59948,23456,20522,6551,1367,166,110251,59948,23456,17444,5521,152,18,1022,2690,99090,59818,17048,16926,4430,262,145,0,0,0,0,0,102914,58767,17676,19692,5712,389,49,18916,5210,14,49,101736,55143,18219,21443,5925,542,54,20731,5515,68,54,66324,36101,29597,60792,34097,26695,66706,36089,28079,64334,42501,20938,52852,32796,20036,52470,31158,20351,52281,30614,20832,60455,36186,23324,74608,43834,29700,52013,28395,23607,58411,32325,25618,52442,28003,24273,52847,26559,26246,52133,26672,25450,52056,26724,25318,62526,34118,28122,72954,39650,32537,70824,39964,30599,70838,39053,31785
22,22,122641,52747,21382,34490,14818,996,262,0,0,128796,43157,25297,42518,19090,642,280,0,0,130082,41054,26326,40731,22320,2094,230,130180,41066,26343,40659,22248,1994,221,128163,40517,24901,42353,20448,661,151,37788,18057,182,16,2640,4057,131664,39614,26461,40900,24638,960,93,94169,43872,15175,24589,10935,602,182,0,0,91451,36252,15285,27779,11144,319,95,27424,10760,233,625,0,103434,35042,19555,32012,16873,1604,167,103434,35042,19555,28098,15424,248,30,1848,3189,92118,34190,16252,29025,11964,286,18,0,0,0,0,0,95855,33574,17335,29330,14944,280,0,28795,14738,118,0,90901,30746,17362,26510,15389,468,4,25728,15214,20,4,53196,32514,20192,49484,32774,16710,57131,36370,18933,55070,39988,14258,43806,30899,12895,43669,29921,13017,43528,29717,13227,51178,34966,15514,64291,42832,20720,40050,23915,16122,47666,30060,17287,40484,24052,16291,40820,22980,17807,40260,23191,17057,39835,22878,16941,51472,31260,19921,63088,36857,24898,61087,37637,22860,60435,36982,23453
23,23,124670,65638,26475,23668,9926,1411,385,0,0,138254,65147,34863,26454,14305,1227,196,0,0,134751,60441,32716,27083,14667,2313,388,134937,60471,32753,26317,14645,2037,313,140889,63070,35482,28989,16168,1403,324,22761,13713,205,36,1798,3819,146583,66205,37713,29758,16680,1331,350,96332,53017,19007,17407,7439,967,292,0,0,95039,50389,20295,15602,7776,485,64,15357,7613,120,457,0,105761,48780,24687,20832,11308,1832,308,105761,48780,24687,16681,9828,341,43,2141,3260,95898,48883,20485,16392,9017,621,28,0,0,0,0,0,99957,50539,21583,16919,9828,566,35,16418,9513,75,35,98334,50301,20385,16781,10098,606,58,16073,9808,81,58,41512,22629,18537,30481,18910,11571,42828,22768,18804,41133,29864,10691,30117,18372,11725,30769,18244,11896,30221,17947,11616,37489,22203,14725,50202,26070,23606,31709,13534,18149,36672,17769,18646,32412,13928,18330,32888,12572,20278,32050,12863,19168,31977,13382,18563,40194,17860,22129,47840,20310,26869,46140,21371,24498,45477,20216,25261
24,24,126828,27106,28211,23852,44935,2658,996,0,0,135511,24301,31939,21422,48559,2138,939,0,0,132016,21746,29134,21791,52058,4240,740,132122,21762,29164,21979,53354,4021,611,134236,24507,30592,21568,48986,2132,821,17062,45155,926,23,9987,5976,134139,25619,29106,22749,48724,2911,805,99935,22920,21510,18807,34688,1766,759,0,0,83774,20014,17069,14040,30045,1028,464,13661,29682,801,1189,0,106628,18064,22732,18037,41732,3389,615,106628,18064,22732,13314,36850,1154,98,7538,6878,83403,20662,16348,13735,30310,983,352,0,0,0,0,0,85820,21475,16607,14728,30709,805,315,14382,30189,637,315,85335,19733,17377,15136,31004,665,115,14485,30057,482,115,34991,26188,8528,34309,27286,7023,39061,30208,7928,37440,31146,5660,25416,20890,4515,25795,20698,4530,25316,20283,4502,32807,25887,6441,44064,32127,11521,21814,14507,7287,29120,21048,7864,22174,14978,7079,22426,14029,8343,21865,14041,7806,21679,14541,7112,31215,20241,10671,39301,22612,15574,37985,23784,13694,36955,23379,13576
25,25,120239,33467,15112,7178,65289,663,212,0,0,123160,27965,17498,8260,70105,842,108,0,0,129217,26023,17384,7640,78780,1151,225,129259,26029,17399,7539,78799,1092,216,122375,26877,17657,8902,70328,706,306,6933,67739,380,50,522,2212,123614,27288,17468,9099,70849,873,158,97676,28869,11676,5839,51762,504,168,0,0,76305,22956,11522,5555,35539,571,35,5173,35004,397,204,0,105582,22220,13748,6293,63625,889,182,105582,22220,13748,4760,62279,67,12,715,1781,76278,22690,11657,5705,35627,442,45,0,0,0,0,0,77387,23072,11623,5491,36491,430,49,5178,35899,221,49,73588,21889,10560,4792,35851,282,85,4380,35228,131,85,33759,21759,11712,29617,20718,8899,33427,21824,10475,30840,23211,7016,22607,16138,6447,22943,15773,6465,22259,15376,6259,28438,19437,8439,38779,24286,14043,21129,11419,9699,26426,15968,10238,21369,11880,9343,21700,10760,10904,21160,10908,10238,21395,13157,8218,28012,15336,12475,33549,16665,16233,32047,17591,14129,31334,19245,12089
26,26,124828,64622,12844,3773,43826,439,157,0,0,125110,54511,15639,4272,50678,1026,110,0,0,129591,51248,16042,4948,57306,960,248,129632,51266,16053,4899,57348,926,244,126210,53038,17429,4626,51090,1248,54,2730,49193,214,45,974,2594,129841,53366,18496,4683,53325,1088,46,103193,56503,9904,2972,33904,321,127,0,0,90123,47391,10102,2735,29471,340,25,2526,29052,131,45,0,108800,46082,12463,4016,46026,703,203,108800,46082,12463,2776,44826,75,25,732,1821,90032,45747,11077,2513,30360,300,20,0,0,0,0,0,94227,46411,12144,2598,32784,219,0,2354,32127,119,0,93568,43532,12310,3031,34004,502,16,2872,33427,385,16,47063,28707,17898,40726,25981,14745,47391,28359,17470,45185,32981,11385,34374,23142,11205,34670,22435,11378,33914,21534,11381,41764,26940,14046,55346,33213,21481,34636,18922,15699,40228,23235,16653,34907,19215,15473,35256,17724,17481,34535,17795,16716,34699,18930,15746,43057,23483,19315,50102,25967,23378,48670,26935,21377,48181,27750,20431
27,27,117336,56200,23654,9522,29168,820,258,0,0,120651,48766,28362,9949,35031,944,448,0,0,128701,45301,31194,11277,41902,1798,289,128799,45314,31236,10683,41917,1570,257,120482,47539,30303,9418,34321,961,366,6753,32478,138,61,366,2843,129435,48526,33646,11566,36445,1354,451,92610,45245,17685,7178,23213,612,191,0,0,75506,36418,16088,5585,16844,419,90,5250,16203,95,164,0,101683,36344,23813,8695,33479,1367,233,101683,36344,23813,6350,32093,103,17,827,2136,77027,35639,18400,5793,16642,399,54,0,0,0,0,0,83873,36823,20126,6711,19329,514,61,6346,18643,140,61,81663,35527,19134,5780,19764,1011,82,5376,18767,748,82,35416,21465,13645,31575,20097,11478,35245,21189,12822,33179,24699,7807,24039,16136,7876,24383,16184,7559,23747,15716,7413,30372,19559,10243,41830,23431,17961,24097,12710,11372,28908,15766,12886,24103,12106,11858,24663,10743,13869,23962,10969,12977,24194,13509,10544,31551,15393,15970,38236,17030,20718,36716,18074,18401,36095,20091,16004
28,28,128013,78633,20720,4606,24649,716,262,0,0,134098,73399,25783,6732,29566,1363,180,0,0,136954,69658,26878,7191,33198,1754,259,137009,69682,26898,6985,33293,1584,235,133233,70232,27013,7146,30065,1337,115,3710,27087,190,6,1138,3859,139845,69261,29900,8103,32773,1705,196,106515,66929,16212,3715,19985,532,206,0,0,92421,56306,16055,3385,15866,618,15,2894,15314,169,243,0,112990,59366,21191,5697,26527,1309,196,112990,59366,21191,3654,24323,61,13,1123,3259,91219,53577,17026,3714,16109,624,4,0,0,0,0,0,95870,53143,18588,4484,18619,663,29,3957,17378,179,29,95125,51485,18883,4864,19429,300,74,4234,17823,113,74,45006,27629,16881,39848,25732,14116,46944,29411,15652,44704,32978,10554,34589,24819,9721,34770,23646,9767,34206,23371,9773,41805,28082,12709,55765,34244,20800,35440,20929,14487,40754,24907,15382,35834,21354,14239,36149,19769,16316,35440,19861,15547,35474,21561,13886,44247,25663,18231,52030,28854,22290,50513,29865,20242,49353,29859,19494
29,29,126463,3684,18138,87549,17429,2111,523,0,0,130918,3226,17087,87263,22459,1322,398,0,0,139597,3209,20915,87769,26613,2944,574,139909,3210,20955,87510,26698,2496,489,131400,3493,15470,88068,23406,1247,375,83334,21349,456,81,3645,3577,135939,3934,16332,88705,24119,1257,306,97369,3339,13469,67281,13289,1501,406,0,0,85877,2907,9217,59948,12542,685,74,59563,12385,448,701,0,110941,2711,15600,70917,20460,2357,480,110941,2711,15600,63671,18301,645,124,3863,6026,86799,2835,8781,60762,13074,771,66,0,0,0,0,0,91861,3278,9053,63195,14907,669,132,62410,14496,381,132,89826,3032,9316,61981,14525,629,155,61034,14105,204,155,44240,41918,2130,43042,41641,1401,45830,42857,2247,44908,42472,1874,34671,33475,1182,35231,33709,1193,35008,33674,1162,40997,38839,1881,51000,46850,3874,25650,23282,2354,34960,32394,2446,26245,23991,2160,26400,23633,2737,25983,23603,2368,25810,23519,2260,36415,32234,3996,45167,37488,6914,44187,37838,6000,43593,37253,6340
30,30,128535,32130,35696,2768,58669,1556,378,0,0,122889,29156,34218,3065,56846,1228,292,0,0,138969,26445,37853,4225,70838,2778,314,139023,26459,37881,3920,70581,2583,277,123286,27161,35059,3081,58985,893,317,1461,56559,321,0,430,2289,131908,26906,41062,3332,61054,1555,196,104066,27780,27667,2223,46868,1083,302,0,0,63908,21639,14845,1458,25280,392,10,1343,24955,213,327,0,113548,22989,29938,3164,57639,2130,227,113548,22989,29938,1829,56370,88,26,706,1602,63255,19877,15392,1291,26014,334,0,0,0,0,0,0,66768,19710,16955,1517,27880,451,0,1278,27470,281,0,67213,18902,16279,1880,29357,460,0,1525,28964,246,0,27708,18345,9117,27449,20515,6934,34203,24340,8769,32248,25498,5921,23013,17883,5107,23361,17313,5205,22719,17021,5042,29309,21524,7130,40305,27076,12730,20201,11828,8357,26454,17422,8765,20436,12310,7932,20708,11389,9284,20112,11449,8645,20183,12222,7924,28776,16988,11488,36362,19192,16268,34965,20543,14000,33757,20194,13563
31,31,122611,6761,26577,73474,15457,2591,864,0,0,133983,7235,30360,72190,22021,1839,1007,0,0,132877,5829,28505,74474,19410,4964,803,133271,5837,28561,73248,19740,4362,574,130385,7580,27888,69909,23335,2273,1028,62402,19769,779,187,5440,6347,139727,7475,29844,74119,25948,3212,1557,89498,5824,18527,52829,11667,1639,643,0,0,85585,5558,18079,46701,13492,729,300,46246,13333,483,895,0,103110,4835,21133,57389,15509,3904,666,103110,4835,21133,48213,11832,1643,113,6975,8366,84196,6185,16350,46289,12772,822,337,0,0,0,0,0,90090,6323,16387,49768,14527,1269,310,48846,14391,953,310,87998,6623,15548,48393,14059,1513,161,47438,13948,1193,161,34891,32202,2535,30227,28802,1425,35877,32700,2606,34756,32381,1928,24914,23489,1412,25467,23788,1426,25193,23629,1358,30886,28440,2200,39501,34639,4603,17808,15001,2797,25838,22865,2863,18318,15678,2559,18481,15349,3107,18144,15299,2828,17906,15118,2760,27211,22599,4510,35151,27255,7527,34076,27384,6465,33494,26617,6877
32,32,116669,1960,22479,82736,10537,2503,605,0,0,128431,2710,23946,80404,16401,1540,499,0,0,134632,2449,26638,81748,21346,4358,646,135108,2453,26703,81878,21320,3468,410,126320,3334,24232,76886,16785,1606,532,71916,15594,217,100,7170,3757,136233,3907,25872,82474,18324,2076,797,87707,1609,16020,62795,7851,1728,444,0,0,80130,2192,11459,56986,8386,722,205,56498,8306,297,447,0,106101,1933,19880,65878,16320,3353,516,106101,1933,19880,57886,14298,1102,109,4383,6510,79429,2752,11874,55056,8806,833,214,0,0,0,0,0,85412,2892,12772,58254,9903,960,308,57407,9850,638,308,85247,2467,13136,56719,11745,1013,36,55742,11636,543,36,40061,38918,996,39263,38603,660,40902,38707,1601,39944,38153,1294,29887,29081,794,30339,29246,792,30303,29347,795,35925,34222,1430,44402,40753,3333,21513,19438,2049,30220,28135,1958,22173,20233,1833,22392,20071,2292,21892,19942,1935,21656,19666,1960,31416,27611,3648,39565,32279,6723,38516,32441,5804,37895,31871,6024
33,33,123623,11469,15968,75890,20915,1696,538,0,0,132807,10015,17589,76491,25867,1592,724,0,0,130308,8388,17547,73316,29227,2615,502,130560,8397,17572,73497,29297,2313,418,133444,9766,17879,75987,26611,1673,690,71261,23910,650,43,5118,4819,136355,8556,19178,75495,30228,1749,335,96518,10166,11793,58935,15895,1196,418,0,0,91657,8977,11212,54378,15479,720,435,53921,15306,455,671,0,106483,7504,13518,60340,23343,2041,408,106483,7504,13518,54049,20963,592,89,4101,5667,92753,8783,11767,54453,16149,632,340,0,0,0,0,0,95815,7951,12939,55049,18810,497,50,54537,18701,217,50,92827,6675,12262,51798,20623,483,0,51065,20507,109,0,48771,43284,5239,45045,41201,3844,48341,42345,5076,47164,43009,3515,36243,33316,2901,36727,33195,3026,36452,33187,2935,43129,38667,4056,54390,46894,7079,28558,23771,4766,37690,32514,5004,29182,24545,4497,29415,23966,5413,28905,23920,4964,28751,23931,4789,39738,32490,7028,49283,37522,10744,48061,38137,9430,47385,37964,9421
34,34,135513,40142,69191,6463,21432,1881,337,0,0,127038,36626,66072,6384,19675,1331,94,0,0,137133,37886,68598,6879,24072,4481,356,137269,37900,68695,5819,23515,3547,269,124849,36092,63058,7053,19997,1347,145,4415,18470,70,30,364,2355,129586,34714,65642,8700,22188,2208,667,109280,35181,53393,5121,16924,1420,272,0,0,72517,29134,28138,3494,11495,147,40,3267,11030,58,123,0,112301,32994,54296,5415,19728,3461,280,112301,32994,54296,2796,18439,111,30,1213,2422,72372,28298,28142,3649,11713,108,30,0,0,0,0,0,74033,27141,29168,4029,12939,140,0,3648,12577,88,0,72479,28207,27947,3099,12255,187,164,2746,11951,110,164,34294,26667,7307,31314,25983,5331,37248,29008,6900,35167,29255,4783,26724,22665,4037,27082,21913,4031,26441,21875,3870,32563,26008,5750,42794,31344,10894,21868,14786,7060,28887,21316,7226,22180,15404,6556,22594,14780,7761,21929,14712,7196,21978,14579,6920,30549,20311,9869,37794,22398,14415,36108,23211,12399,35698,22763,12935
35,35,118991,19673,64348,21148,16925,2172,347,0,0,116291,16214,64964,16899,21413,1281,310,0,0,128669,15910,73062,18043,23683,5156,301,128837,15925,73152,16614,23112,4016,208,112708,16624,60507,16521,22391,1301,254,12583,19976,206,27,657,2130,119943,16362,66313,18209,23015,2771,188,92406,16312,47568,17079,13766,1599,273,0,0,57426,11621,24281,10646,10465,309,4,10442,10150,155,152,0,100268,13080,54639,15068,19195,3902,241,100268,13080,54639,11629,17689,168,26,929,2108,56838,11744,23401,10435,10974,244,25,0,0,0,0,0,59297,11805,24861,10822,11701,338,22,10494,11051,100,22,59911,11197,22974,13125,12500,335,26,12803,11865,76,26,25920,21441,4327,24743,21050,3693,27779,22546,4570,26262,22701,3068,18610,16199,2400,19136,16342,2389,18604,15929,2325,23618,19383,3893,31503,22600,8636,14260,9545,4710,20239,15129,4967,14517,10075,4355,14852,9717,5125,14351,9654,4687,14351,9940,4242,21502,14012,7365,27704,15754,11586,26234,16277,9742,25579,16266,9313
36,36,118707,50165,34925,13716,20665,1564,275,0,0,113376,50348,29592,11767,22387,1144,444,0,0,141107,59171,35261,16033,30219,2831,363,141276,59196,35313,14600,30374,2414,268,113644,50424,28792,12024,23426,1140,516,8582,21090,235,9,679,3834,116425,50358,30062,11905,24346,1928,344,98805,45391,26777,10185,16706,1130,233,0,0,77547,39435,18893,7159,11561,289,70,6675,11076,81,177,0,122425,53490,29032,12665,26335,2284,269,122425,53490,29032,9083,24466,162,38,1620,4534,77470,39813,18177,7077,11639,348,20,0,0,0,0,0,80522,40821,18442,6963,13176,502,4,6288,12488,255,4,84276,42288,18687,7773,14184,601,91,6724,13410,310,91,37105,30773,5940,34177,29573,4604,43217,35661,5872,41456,35361,4479,33497,29794,3661,33816,28214,3734,33380,28855,3607,39478,33263,5071,51522,41738,9056,29512,23321,6163,36299,29630,6216,29869,23872,5758,30137,23422,6644,29622,23279,6306,29588,23076,6013,39494,30739,8257,48708,35800,11542,47285,36358,10290,46770,35661,11109
37,37,128929,54351,47914,5082,23110,1643,327,0,0,139922,60677,49765,4831,25982,1023,223,0,0,141438,58173,48161,7503,28257,3436,347,141348,58172,48157,6892,28185,3132,303,137306,58672,49359,5397,25681,1228,292,2310,22672,103,0,568,3622,139949,57296,47545,6801,29701,2257,242,104571,47226,35731,4004,18655,1199,264,0,0,81860,43177,24362,2233,11569,373,35,1964,11092,175,142,0,117425,50629,37987,5887,23334,2752,271,117425,50629,37987,3263,21696,98,60,1010,2682,82436,42717,25015,2324,11745,268,25,0,0,0,0,0,84532,42431,24513,3045,13812,459,10,2517,13153,89,10,84065,42248,23753,3113,13782,868,55,2574,13018,477,55,32105,23458,8284,30955,24563,6392,41229,31469,8141,39483,32214,5776,32136,27104,4984,32349,25452,5050,31809,25852,4967,37611,29673,6826,48772,35979,12061,28436,20502,7914,34701,26056,8214,28744,21116,7387,29053,20371,8629,28439,20293,8127,28483,20752,7702,37627,26642,10503,46227,30557,14268,44653,31506,12573,43978,31276,12702
38,38,122258,29550,61413,12319,20410,2739,660,0,0,131223,29020,68780,8211,26424,1131,249,0,0,130157,25745,65330,13070,26173,4943,628,130308,25766,65424,11717,26392,4354,451,126603,27004,66790,9685,25458,1115,190,4156,22709,45,0,2491,3403,131075,26686,67967,11368,26214,2047,247,92280,25091,43665,8875,15596,1811,473,0,0,76168,21917,35473,3233,14959,181,50,3151,14625,154,369,0,103097,22112,49976,10164,20761,3773,487,103097,22112,49976,4983,18433,712,52,3473,3356,76171,20733,36038,3656,15193,177,35,0,0,0,0,0,80141,21117,37158,4908,16297,298,35,4707,15877,166,35,77266,20558,35244,5173,15594,349,28,4886,15190,147,28,27496,20133,7157,26729,21520,5209,32571,24501,7030,31000,25502,4680,21456,17540,3908,21887,17208,4003,21441,17013,3946,27548,21336,5685,37166,26238,10533,16925,10341,6564,23736,16566,6938,17156,10821,6179,17396,10093,7268,16938,10224,6693,16804,10389,6387,25490,15812,9442,33052,18252,14024,31544,19279,11908,31088,19300,11788
39,39,126922,19383,70566,4277,34709,2136,323,0,0,119932,17232,66489,2984,34763,1704,248,0,0,130727,16401,72268,4142,39011,5645,267,130839,16409,72357,3358,37999,4494,186,119273,17521,66315,3915,34537,1506,379,1206,31699,132,55,222,2122,124574,18280,68582,5020,36037,2197,348,100034,16738,53482,3458,27998,1532,253,0,0,55502,13085,23809,1184,17122,242,0,1073,16886,80,87,0,103879,14131,55360,3381,31973,4213,216,103879,14131,55360,1469,30844,130,9,615,1321,57004,13480,25374,1181,16745,251,54,0,0,0,0,0,61647,14702,27322,1476,17827,215,22,1104,17356,35,22,59927,14776,26121,1594,16942,174,47,1223,16413,42,47,25065,18628,6249,23563,19048,4515,29555,22912,5782,27588,22821,4014,20121,16731,3367,20545,16341,3388,19976,16126,3331,25197,19774,4883,33393,23657,9412,16748,10984,5753,22346,16125,6010,16997,11519,5323,17343,10987,6323,16778,10933,5833,16634,11228,5319,23794,15231,8335,29971,16804,12561,28433,17567,10538,27593,17324,10269
40,40,119137,21742,19323,4173,74746,727,244,0,0,113480,16249,18515,3691,75795,851,138,0,0,128620,15335,20375,4355,89213,1080,185,128688,15343,20405,4064,89214,958,155,114333,16844,17832,3632,76818,1002,109,2293,75052,294,79,428,1511,115655,16180,17079,3685,78454,915,387,99671,18903,14949,3382,63030,505,200,0,0,57039,14017,9975,2059,30573,284,35,1940,30196,210,120,0,108447,13613,16061,3607,75595,828,144,108447,13613,16061,2565,74754,51,11,427,965,57214,14386,9518,2008,30539,421,94,0,0,0,0,0,60327,14063,9814,1921,33728,435,119,1756,33222,349,119,64275,14047,10089,2249,37058,382,199,2060,36906,282,199,25412,16474,8734,23172,17079,6093,24745,16415,7596,22391,17088,4807,16225,11640,4568,16661,11489,4701,16019,11048,4525,20864,14266,6204,29247,17899,11042,15751,8098,7641,19712,11804,7726,15972,8880,6944,16433,7905,8505,15764,8072,7678,16070,9719,6338,21246,11408,9682,25922,12543,12994,24337,13199,10917,24088,14560,9528
41,41,129962,72751,9819,32516,16241,630,181,0,0,136855,69254,11398,35252,22618,531,90,0,0,138539,67778,11298,34940,25098,1320,143,138682,67803,11327,34381,24978,1072,119,134248,66773,10649,35227,22749,667,124,31753,19991,93,89,745,4153,137346,67280,10929,34126,25804,1023,64,101904,58016,7195,25217,12451,447,143,0,0,90228,47266,6938,22896,12806,233,15,22610,12175,90,107,0,109067,53497,8499,28049,19330,985,112,109067,53497,8499,24416,17166,106,19,957,4407,89059,45945,7006,22822,12885,274,60,0,0,0,0,0,91837,46771,7236,23277,14074,311,55,22868,13438,110,55,87807,43920,6925,23044,13357,289,81,22411,12769,94,81,40924,24784,15843,37849,24069,13780,41156,24106,15845,38859,29849,8328,28861,19581,9258,29046,19488,8987,28770,19407,8785,35727,23061,12094,47809,25903,21377,28662,14957,13686,34215,18733,15190,29087,15205,13740,29649,13465,16152,28954,14158,14771,25902,14384,6734,36712,18489,17972,43700,20696,22349,41305,21472,19468,40244,20557,19687
42,42,127753,19349,20740,86910,5685,1281,342,0,0,125084,25220,19150,76949,6859,697,60,0,0,127609,24143,20392,77650,8735,2177,271,127923,24148,20428,75437,8029,1431,163,122900,24373,18412,75794,6915,907,62,69984,5642,399,0,837,3257,128647,24994,17783,80682,7612,1803,63,96045,14383,14666,66334,4250,897,295,0,0,76481,17754,9110,46028,3135,192,0,45605,2807,77,302,0,101654,19193,15413,63016,6730,1679,214,101654,19193,15413,54597,5548,174,25,1138,5566,76831,17084,9108,46894,3048,325,0,0,0,0,0,0,83100,18151,9118,51626,3461,372,15,50861,3120,245,15,79772,17934,9450,47112,4564,491,79,46276,3876,191,79,40669,35679,4809,38970,34975,3995,42012,36716,4261,40792,37391,2280,33028,30370,2636,33310,29664,2456,33161,30416,2290,38295,34273,3331,47577,41053,6117,26407,22501,3879,33993,29431,4305,27077,23133,3794,27410,22466,4902,27007,22866,4118,25525,22971,0,35828,30121,5420,43923,35645,7429,42163,35575,6133,41241,35051,6190
43,43,134588,21211,13136,103003,2771,1186,328,0,0,137457,33725,14188,88587,5125,1141,107,0,0,140765,36420,15002,85565,5843,1709,238,141202,36430,15062,84315,4894,812,120,135350,33802,14418,86200,4748,1158,61,79112,3382,82,0,707,3850,141835,35865,16527,87988,5658,1276,133,103894,14790,9975,80989,2291,878,265,0,0,91749,23289,8966,56011,2734,573,0,55234,2355,62,416,0,114279,27836,12188,71092,5064,1430,195,114279,27836,12188,62166,3791,169,24,1838,6267,93143,24605,8960,56487,2522,351,0,0,0,0,0,0,98782,25859,10361,58759,3152,348,4,57458,2731,45,4,95268,26631,9026,55934,3017,533,13,54411,2501,57,13,45655,42133,3394,44170,41318,2852,47708,42640,3744,46188,42063,2599,40698,38301,2358,40968,37179,2010,40959,38675,1750,45249,41229,3075,55026,48548,5947,32593,27825,4749,40660,35839,4476,33303,28647,4470,33881,28374,5438,33519,28542,4958,32548,28734,0,42826,36676,5717,51605,42411,7949,49700,43589,5524,49061,42920,6141
44,44,130628,70568,20825,17916,22810,1491,241,0,0,134984,76799,20034,14993,24030,1299,201,0,0,140119,73126,19890,16157,30273,2162,211,140224,73137,19919,16102,29960,1792,173,136360,77032,18890,16093,25622,1606,198,11702,21015,59,0,921,6732,138673,78239,19241,16100,26269,1394,31,101960,56463,15529,14228,16789,1035,172,0,0,90100,54929,11882,10168,12297,215,0,9523,11490,53,561,0,108360,57484,15163,13065,22174,1682,167,108360,57484,15163,10317,19604,104,20,1135,4533,92202,55896,11737,10571,13121,155,0,0,0,0,0,0,94064,56965,11815,10573,14060,307,0,9779,12832,25,0,92918,55680,12669,9795,14177,314,9,8844,12936,93,9,50008,41510,8020,47401,40748,6653,54615,46208,6385,52781,46156,4338,45629,41452,4130,45285,38047,4125,45267,39858,4085,50779,43886,5303,61021,51523,8749,43489,37381,6063,48922,42004,6376,44072,38164,5605,44341,37203,7045,43814,37450,6317,41333,36602,2233,51643,43255,7694,59291,47222,9968,57382,47986,8488,55272,45439,8077
45,45,122719,89713,11501,3377,18235,538,142,0,0,124738,82939,14552,4345,22671,1013,168,0,0,132611,84457,14059,4987,28372,1247,180,132683,84481,14084,4814,28391,1161,165,124110,82074,14249,4754,22291,653,190,3545,18800,21,166,1173,4080,123874,79321,13891,5766,24199,487,123,95311,70468,8311,2497,14055,378,114,0,0,75721,54722,6863,2279,11342,520,0,2114,10960,250,59,0,102030,65884,10109,3752,21694,924,122,102030,65884,10109,2841,19285,60,17,747,3087,76404,55045,7134,2474,11270,380,0,0,0,0,0,0,76606,54011,7101,2941,12261,155,0,2718,11601,55,0,74928,53097,5635,3810,11973,329,14,3494,11049,169,14,28449,10807,17409,24523,9436,15087,29787,11110,17736,26900,17333,9030,19544,9209,10308,19917,9495,9885,19410,8900,9937,25478,11356,13650,37478,12116,25003,22858,7499,15347,26049,8438,17411,23078,6825,16142,23704,5423,18251,22970,5882,17076,19447,6123,9775,28685,7916,20605,33908,8282,25164,31212,8961,21989,29835,8300,21535
46,46,134691,85157,20936,14691,15397,1038,207,0,0,133287,80220,20863,13855,19244,1039,269,0,0,139502,79589,23249,15754,22232,1969,243,139704,79627,23300,14596,21957,1626,185,132504,77156,22230,14185,20407,930,225,11229,16328,138,51,268,5109,139667,78940,24303,15278,22601,1513,202,110155,73955,14888,10240,11784,736,167,0,0,91830,60324,12290,8406,10207,395,54,8117,9855,141,166,0,113750,68583,17031,11499,17233,1427,188,113750,68583,17031,8931,15510,95,19,730,2851,91279,59320,12901,8789,10031,369,33,0,0,0,0,0,96570,60766,13942,9591,11942,436,20,9002,11204,205,20,94330,57889,14860,9517,11655,419,78,8849,10756,218,78,42062,23672,17994,33921,20230,13691,42043,22333,18207,38568,26806,10836,30874,19411,11426,31577,19107,11575,30902,18524,11537,37111,21891,14419,48819,25163,23024,29557,14297,15237,35323,18177,16756,29847,14616,15028,30693,13696,16941,29765,13846,15896,30104,14112,15946,37622,17928,19314,44792,19793,23981,41918,20430,20965,40741,19167,21574
47,47,126440,64172,17207,2859,42529,617,205,0,0,132514,53111,21506,4266,54422,751,103,0,0,138689,51598,21052,4223,62266,2160,196,138775,51635,21077,3845,62043,1971,157,130072,52464,19832,4435,53893,831,112,2954,50505,180,28,288,3820,132443,52314,21548,4995,54481,1176,555,100726,53903,12293,2010,32653,444,153,0,0,76444,35635,7824,2455,30237,290,19,2230,29847,46,74,0,109180,42826,15030,3056,48491,1534,155,109180,42826,15030,1931,46181,39,26,407,2740,75497,34786,8212,2571,29564,362,29,0,0,0,0,0,75330,35068,8283,2282,29337,354,10,1954,28907,100,10,73893,32341,8690,2802,29513,242,90,2497,29207,104,90,24501,12236,12027,21717,12652,9065,26590,14052,11677,23633,16497,6535,17857,11170,6669,18207,10925,6691,17686,10588,6568,22703,13353,8851,32288,16860,14998,17057,7369,9673,21404,10548,10636,17146,7602,9381,17657,6696,10939,17089,6919,10157,16041,7347,7779,23427,10124,13069,29661,11063,18040,26839,11633,14878,25536,9948,15588
48,48,126051,102435,9938,2615,11054,508,132,0,0,120208,96057,9377,2944,11878,339,203,0,0,136798,100231,11203,3423,16026,1091,103,136841,100248,11214,3432,16407,1026,90,119979,95364,9737,2722,11390,776,215,1980,10164,64,74,1018,1575,127408,96886,10911,3481,12150,1607,357,78665,61479,7118,2003,8052,338,93,0,0,62472,50288,4575,1823,5457,171,35,1812,5322,91,96,0,83747,58795,7956,2719,11384,758,82,83747,58795,7956,2011,10154,55,7,2458,2311,61658,49293,4837,1602,5597,114,70,0,0,0,0,0,64540,50181,5271,2550,6206,301,50,2402,5962,50,50,66458,51331,5266,2873,6651,281,26,2672,6261,129,26,28163,6544,21460,28011,6836,21175,26330,7476,17679,23792,15582,7851,16969,6272,10632,17935,7543,10044,17265,7536,9245,22605,8563,13609,33409,6943,26231,24519,7370,17024,25975,7040,18668,26004,10386,15448,27466,3267,24149,25816,7855,17873,19388,6744,4234,29036,6689,22154,33135,4675,27993,28519,6994,21207,27534,6758,20141
49,49,127325,45408,17164,1849,63525,731,201,0,0,122718,34355,19398,2305,66862,843,64,0,0,139892,34426,21908,2768,81211,2227,155,139957,34448,21929,2486,80924,2015,123,120285,32830,19353,2469,65817,957,70,1301,64792,227,0,393,1395,121755,34093,19405,2888,64934,1456,119,99043,37372,12519,1386,48133,505,163,0,0,64364,24546,7557,1098,30723,336,5,938,30519,234,131,0,107919,28365,15686,2087,62054,1575,124,107919,28365,15686,1099,60992,71,10,345,1351,62864,23507,7454,1178,30168,404,0,0,0,0,0,0,63054,24012,7272,1305,29662,559,0,1035,29396,445,0,58198,21729,7516,1722,26586,533,3,1462,26418,409,3,21059,11356,9483,19429,12090,7339,21988,12180,9044,19747,14108,5146,14989,9720,5260,15394,9474,5395,14856,9312,5151,18850,11560,6871,26185,14551,11278,14116,6126,7976,17686,9069,8425,14238,6443,7672,14675,5623,9025,14190,5907,8269,13964,6101,7621,18925,8548,10188,23226,9063,13691,21140,9697,11158,19889,8294,11313
50,50,112184,87367,16509,3697,5136,702,187,0,0,127738,96044,18697,6388,7834,959,162,0,0,140941,101700,19512,7286,10715,1683,257,141017,101711,19558,7036,10733,1557,232,129523,93918,20374,6768,9648,1173,146,3537,6801,242,0,455,4194,138223,97166,21386,9492,10522,1814,223,83297,63124,13150,2884,4518,567,156,0,0,83203,61736,13128,2892,4788,397,15,2476,4056,140,224,0,107693,75564,16081,5746,9177,1347,215,107693,75564,16081,3521,7383,98,32,1308,3706,84828,61050,13978,3337,5603,562,15,0,0,0,0,0,91376,64594,14909,5078,5922,437,20,3933,4613,39,20,95980,66710,14141,6723,7289,560,5,5526,5981,87,5,31254,22665,8204,30482,24995,5487,36738,30265,4973,35010,29711,3394,30485,27654,2782,30504,25571,2727,30309,26887,2574,35210,29353,4672,48250,36045,11593,34689,26850,7769,37017,28976,7637,35315,28264,6820,36268,24784,11412,35127,26798,8268,34906,27532,7292,41713,31410,9887,48925,35894,11925,46339,36599,9260,45464,36244,9220
51,51,123951,26458,63972,11782,25623,2963,373,0,0,123196,29358,56548,12141,27307,1503,404,0,0,131056,29749,58648,12352,32797,5109,326,128680,28864,58033,9212,31587,3856,209,121757,28912,55274,12490,27796,1844,339,8314,25910,154,272,449,2471,124669,30138,57199,11808,27812,2937,588,94474,22088,46516,8854,19768,2110,269,0,0,65306,21680,25487,6147,11456,283,240,5798,11082,119,131,0,100819,23950,43984,9704,25023,3825,268,100819,23950,43984,6094,23879,114,33,740,2025,65863,21284,26135,6319,11517,234,209,0,0,0,0,0,67547,22172,27033,6352,11306,158,364,6078,11007,70,364,67473,23331,26067,6350,11137,495,9,5854,10912,160,9,27711,23054,4416,26276,23075,3201,30577,25505,3985,28665,24665,2743,23587,21084,2466,23921,20049,2464,23554,20537,2391,27398,23222,3365,34159,27522,6170,19403,15111,4268,24596,20067,4239,19705,15690,3837,20037,15246,4751,19624,15367,4238,19041,14748,3945,25690,19733,5624,31241,22161,8160,29532,22485,6595,28007,20735,5514
52,52,116075,77215,16130,14103,10211,1052,204,0,0,135656,89229,15534,15602,16429,1284,265,0,0,141205,89597,16771,15270,19374,1688,359,141299,89606,16806,14837,19291,1505,328,136513,88709,14612,15635,18008,1342,327,12211,13035,173,65,610,7104,143468,92861,15332,15664,19234,1506,265,97426,65890,12987,11452,8183,827,177,0,0,98472,67302,10726,10297,9181,531,55,9720,8002,95,456,0,116047,74406,13459,12477,15366,1331,305,116047,74406,13459,9357,12909,99,33,790,4994,97394,66535,9824,10432,9587,657,44,0,0,0,0,0,102222,69900,10216,10372,10601,694,10,9744,9046,140,10,105498,70818,11767,10540,11354,615,10,9596,9672,102,10,57948,52610,4776,52192,47876,4316,62515,56914,3368,61070,54958,3815,57421,54247,3096,56560,49632,3245,56599,51535,3504,60659,55249,3624,69949,64263,4776,52887,48286,4554,58390,53619,4153,53661,49395,3941,53687,48635,4940,53182,48300,4825,52300,47673,3998,61725,56163,4947,70571,63411,5539,69286,62945,5659,67350,60003,4900
53,53,127737,24012,79919,20007,9839,2678,545,0,0,128952,34192,68561,21854,12111,1889,436,0,0,135472,39992,65938,20958,13233,4451,456,135789,39997,66116,17356,12356,3197,297,127361,36554,64824,21170,11720,1936,406,12840,9997,145,53,459,2490,131014,38941,63284,23345,12178,3585,470,99211,21403,58874,14826,8254,1962,421,0,0,84619,27593,39458,10389,6662,293,10,9986,6094,80,190,0,112879,35343,52297,16657,11855,3568,377,112879,35343,52297,10417,10072,176,75,994,3505,85439,28979,38647,10650,6690,262,19,0,0,0,0,0,90788,31155,39467,11815,7638,231,4,11116,6923,49,4,89266,32283,35540,12429,8331,336,66,11671,7250,56,66,34293,31499,2514,34940,33236,1704,41460,37721,2309,38998,35145,1921,31856,30496,1335,32562,29111,1298,32013,30063,1253,37105,33743,2218,45877,39902,5296,23592,20305,3257,31942,28466,3076,23980,21038,2729,24588,20807,3737,23952,20841,3082,24175,21289,2845,33367,28145,4750,42010,33020,7660,39891,33272,6021,39769,34561,5208
54,54,119445,3646,65280,48432,8998,2616,622,0,0,120975,8860,63698,48792,7563,882,232,0,0,128104,10595,65925,43623,14146,3851,556,128540,10607,66093,39220,13658,2696,313,120587,9393,63654,47560,8433,1504,261,35860,7026,192,5,1658,2800,126069,10837,65208,46812,9619,1909,219,85753,3134,45946,34600,6626,1801,456,0,0,72929,7356,33034,27878,4277,115,33,27653,4042,25,223,0,100006,9482,49779,34275,10919,3011,448,100006,9482,49779,24593,9390,384,51,2224,4103,73334,7748,32874,27243,4990,254,43,0,0,0,0,0,79933,9030,35243,29529,5715,321,44,28942,5446,10,44,78072,9706,34460,26181,7135,439,27,25219,6792,48,27,27421,25704,1616,28214,27281,933,31259,28764,1708,29696,27440,1387,22232,21294,923,22577,20901,889,22346,21191,871,26953,24830,1635,33710,29328,4037,14282,12083,2189,21862,19513,2169,14621,12667,1857,14888,12495,2371,14552,12484,2059,14569,12641,1913,22451,18476,3722,29355,21962,6578,27856,21960,5476,27333,22555,4778
55,55,116673,1561,21815,98741,1315,1758,360,0,0,117114,5440,23847,92606,2121,999,176,0,0,129495,6304,26884,101070,2945,2248,365,130273,6311,26987,94887,2289,1228,168,116550,6579,23531,90874,2481,877,188,81615,1801,104,53,467,2402,129166,7951,28256,97433,2808,1699,377,82561,1265,14644,69899,976,1220,266,0,0,78120,4153,14644,57965,974,322,4,57591,811,38,217,0,98830,5461,19602,76566,2326,1729,280,98830,5461,19602,65871,1634,269,32,864,5097,79211,4870,14336,58370,1264,348,4,0,0,0,0,0,86539,6173,16749,61507,1398,714,0,60762,1136,419,0,88048,6328,15610,63643,1622,828,46,62413,1360,342,46,36193,35586,528,37309,36973,336,36830,35356,835,35606,34169,766,27875,27329,528,28325,27272,520,28236,27578,466,32682,31489,824,39456,37288,1868,17505,16473,1016,26440,25252,1022,18107,17136,871,18367,17189,1152,18121,17192,915,17720,16953,673,26670,24781,1723,33773,30246,3074,32469,29703,2486,32038,29622,2416
56,56,124082,5539,25788,96408,2942,1889,278,0,0,136900,21247,27270,89627,5933,1942,325,0,0,139122,26365,28751,81934,8033,2792,330,139818,26375,28856,77582,6653,1354,146,139754,24040,27371,88582,6699,2077,588,77702,4812,182,39,631,4975,146533,27845,28326,88515,7507,2355,704,93073,5038,17759,72194,2273,1338,207,0,0,97111,17314,16006,60232,2918,631,54,59140,2558,249,225,0,113785,23259,22039,65827,6786,2234,261,113785,23259,22039,56568,5210,266,40,920,5483,100308,19252,16974,59887,3372,733,40,0,0,0,0,0,106004,22431,18436,59981,4180,787,85,58485,3328,94,85,106778,23332,20097,57136,5045,779,36,55490,4161,26,36,43618,42879,597,43681,43291,390,45345,43149,882,43850,41135,895,37433,36760,625,37774,35202,625,37770,36691,591,42011,39998,964,49879,47054,2184,27299,25838,1434,36132,34433,1320,27928,26512,1211,28242,26495,1684,27983,26635,1319,27181,25985,1090,37297,34608,2197,45823,40570,3814,44027,40409,2966,43219,40488,2731
57,57,117094,31470,17323,64898,7502,1573,299,0,0,132890,48866,18096,58044,11579,1413,190,0,0,140822,53640,20001,54857,14942,2080,356,141198,53649,20052,53048,14027,1305,228,134381,52552,18492,55059,11843,1345,204,48526,9035,137,5,687,4946,139808,56532,20058,52976,14621,1939,154,93319,25230,13134,51524,6251,1235,233,0,0,92758,35197,11732,39015,5995,478,14,38179,5172,115,500,0,113334,41867,15781,44946,12783,1670,286,113334,41867,15781,38032,10781,167,46,1218,5442,94665,37350,12428,37754,6474,398,4,0,0,0,0,0,97652,39642,13825,35312,7884,489,10,34033,6343,205,10,100468,40131,13619,38083,7527,343,81,35982,5967,75,81,46723,45310,1141,48462,47401,1061,52095,49066,1349,50590,46946,1399,44644,43643,955,44678,40972,982,44767,43001,911,49111,46295,1444,58002,54165,3148,38581,36165,2368,45520,42913,2163,39386,37167,1975,39700,36434,3196,39329,36942,2346,38376,36158,1993,47834,44190,3099,56236,50180,4445,54438,50236,3517,53278,49829,3408
58,58,122249,2851,7611,113198,2182,833,316,0,0,125232,3119,9017,112911,3026,616,25,0,0,129796,3165,9722,117327,3047,1293,239,130097,3170,9742,115818,2728,840,159,123417,4041,9152,110083,3155,845,25,103442,2079,195,0,656,3852,125612,4297,10110,111348,3363,816,83,94549,2544,5668,87172,1755,646,263,0,0,80434,2242,5453,70770,1334,431,0,70480,1243,231,312,0,104413,2368,7407,94834,2371,1005,191,104413,2368,7407,84326,1782,184,38,1086,7222,78998,2455,5819,68700,1498,443,0,0,0,0,0,0,82961,2466,6282,71963,1941,253,0,71140,1853,54,0,81214,2520,5421,70833,1756,362,21,69839,1720,17,21,43008,41864,1049,43319,42694,625,42880,41137,1161,41962,40537,947,34649,33937,700,34959,33914,695,34861,34066,637,39202,37923,1004,46106,43919,1932,23503,22212,1281,32638,31233,1288,24109,22848,1178,24293,22788,1478,24076,22795,1270,23679,22970,312,33132,31160,1861,40770,37539,2925,39729,37116,2440,39342,37017,2325
59,59,121423,40415,9783,68665,5080,629,250,0,0,126041,35299,10984,74168,7896,223,43,0,0,128580,34265,10899,76928,8613,1165,197,128774,34281,10922,76078,8350,907,147,122397,32748,10214,73245,7655,256,40,69547,6287,143,0,782,2676,124994,32612,10060,74643,8666,487,70,92976,32957,6946,50858,3829,437,206,0,0,86566,27807,6886,47286,4290,103,0,47084,4122,70,237,0,101907,27664,8107,60971,6599,853,152,101907,27664,8107,55099,5735,116,14,858,4314,84328,26372,6535,47056,3979,109,0,0,0,0,0,0,86873,26311,6596,48797,4531,238,10,48403,4291,144,10,78412,22631,6068,44395,4513,405,8,43662,4399,131,8,42401,31152,11019,39087,30776,8311,44580,32777,10869,43269,36660,6063,33547,26958,6568,33784,26745,6612,33522,26692,6428,39394,30906,8077,48011,35652,11966,28728,19068,9650,35584,25457,9933,29170,19544,9536,29459,18788,10644,29022,18999,10015,28810,19107,9615,37682,25871,11675,46125,31056,14697,44462,31112,13127,43769,30725,13044
60,60,115822,4647,26228,89173,2735,1676,326,0,0,121131,4632,25417,93446,2987,1126,73,0,0,127493,4525,29841,95726,5641,2211,362,128033,4533,29937,89529,5205,1245,189,122777,4385,25948,94985,3232,1081,121,86585,2650,115,109,943,2040,131132,4272,26756,101545,4544,1143,255,83697,4159,18342,63712,1967,1175,244,0,0,79687,3788,14450,59370,1427,513,0,58972,1416,205,320,0,97333,3905,21937,72761,4224,1752,281,97333,3905,21937,61733,3548,290,24,894,5002,81130,3845,15468,59898,1543,306,0,0,0,0,0,0,89316,3847,16725,65936,2423,180,55,65337,2150,15,55,85050,3653,17155,61129,2520,345,59,60210,2264,91,59,38863,36995,1787,36863,36142,721,39188,37153,1503,37748,36183,1098,29045,28228,798,29552,28477,816,29375,28495,749,34390,32846,1304,41782,38565,2997,18970,17346,1615,28189,26406,1670,19725,18197,1450,19993,18129,1835,19690,18144,1533,19489,18052,1424,28432,25723,2605,35617,31032,4316,33981,30295,3475,33715,30470,3245
61,61,122918,44492,36231,34550,11780,1870,282,0,0,122480,43835,35440,33023,13679,991,108,0,0,138818,44524,42751,38207,17656,4010,331,139215,44556,42858,35504,17353,3128,246,123372,45747,35323,32357,13728,1109,111,26706,11794,46,5,471,3273,130063,46850,36043,34476,16287,1952,72,91724,37533,23950,23299,9162,1229,203,0,0,80037,33684,18766,19660,7493,338,22,18709,7056,73,265,0,106332,37647,29817,27435,13676,2856,257,106332,37647,29817,22157,12504,200,40,804,3163,81400,34914,19355,19170,7430,274,10,0,0,0,0,0,87563,36230,20428,21416,8905,408,0,20270,8312,246,0,87018,34098,22444,20543,9293,480,0,19457,8825,271,0,39269,28645,10256,37585,28428,9157,43474,30612,11209,42030,33421,7714,35258,27530,7692,35716,26787,7954,35295,26676,7951,40210,30022,9401,49823,35203,13915,29002,18977,9998,36152,25214,10549,29574,19834,9545,29763,18996,10711,29391,19112,10258,29613,19476,10037,37853,25119,12406,44980,28471,15665,43843,29079,14284,43303,27074,15922
62,62,131131,112102,10715,2028,6284,368,97,0,0,135720,112629,14237,1557,7046,549,63,0,0,134635,106506,14398,2337,10696,918,128,134685,106543,14409,2288,10742,867,125,134168,110238,14456,1594,7736,535,55,770,6923,241,27,236,1280,136849,109422,15540,1640,9441,358,14,101077,87292,7409,1580,4757,254,73,0,0,102407,88164,8554,803,4433,358,15,635,4311,230,54,0,107139,86932,10092,1593,7926,669,109,107139,86932,10092,906,7196,67,13,391,1542,101306,86067,8856,718,5326,380,0,0,0,0,0,0,103019,86272,9504,744,6383,176,15,531,5711,99,15,103857,85544,10135,804,7143,144,11,608,6426,41,11,50228,16939,32867,45860,16182,29678,56749,13700,41598,54307,27606,26125,41053,14261,26762,41552,13592,27341,40895,12980,27260,50568,16694,33279,69311,17927,50713,48443,10730,37689,52150,12620,39218,48671,10711,37787,49149,9522,39583,48538,9644,38870,48910,10037,38789,58108,12910,44980,67403,14061,52689,65961,15486,50200,66094,12587,53507
63,63,129521,75909,22603,15899,16888,1020,222,0,0,134117,73883,25245,15301,21359,820,252,0,0,138376,70058,26998,17569,24913,2169,263,138551,70089,27047,16552,24880,1846,234,135090,72505,25743,16589,22537,989,264,12803,20649,152,28,164,3048,140769,74378,27545,16898,23012,1161,30,100548,62236,15409,11007,12743,683,160,0,0,93525,57268,15342,8498,12020,123,80,8193,11678,20,221,0,108532,57457,19141,12980,19399,1592,196,108532,57457,19141,10464,18433,132,33,738,2134,95018,56890,16140,9333,12102,132,95,0,0,0,0,0,100766,58690,17765,9986,13707,359,0,9432,13318,112,0,99143,56124,16429,10613,15351,466,4,9851,14509,184,4,45927,24092,21449,42700,24349,18351,48425,23447,23485,46588,31751,14108,37156,21957,15159,37884,21459,15610,37158,20877,15547,44087,24629,18757,57566,28257,28615,35627,15493,20107,41820,19808,21677,36066,15799,20079,36461,14627,21785,35860,14877,20964,36245,15362,20824,44816,19552,24945,52354,21080,30291,51048,22641,27904,50985,20120,30865
64,64,131807,98078,17455,4070,12709,721,160,0,0,131860,89400,19827,6503,16774,959,85,0,0,139004,89434,20603,6136,23063,1480,238,139099,89476,20630,5757,23110,1368,215,132314,88259,19665,7024,18333,691,97,5020,16221,84,0,251,2810,137125,86248,21158,6911,24429,845,221,104429,79621,12328,2845,9817,520,116,0,0,94118,69456,11798,3263,9156,329,10,2955,8688,118,130,0,111498,74210,14989,4333,17813,1064,182,111498,74210,14989,2798,16672,94,39,591,2105,93634,68063,11710,3406,9988,268,0,0,0,0,0,0,96408,66928,13064,2813,13160,182,0,2535,12113,23,0,96416,65894,12623,2557,14782,219,12,2114,13619,83,12,47645,20404,26770,41558,19270,22288,51069,19351,30000,48794,28709,19153,38426,18943,19455,38957,18134,19905,38213,17523,19896,45920,21104,24013,60422,23977,35681,38829,13698,25112,44480,16939,27167,39119,13931,24986,39598,12748,26787,38964,12859,26081,39374,13180,26127,47692,16847,30470,55158,18080,35815,53568,19417,33536,53286,16534,36686
65,65,132673,39616,25949,11052,58666,1229,268,0,0,129720,42971,25038,12574,51911,1856,199,0,0,139899,46931,26723,14322,54416,1712,559,139363,46727,26579,12037,53649,1031,307,130030,43878,24998,13279,50005,1613,174,8729,47876,471,7,1062,3010,130112,45105,26093,15010,45843,1422,305,115047,36968,21074,8838,49939,983,217,0,0,95323,35853,18913,6959,32501,914,58,6597,31870,545,154,0,123156,43455,22319,11426,47436,1453,512,123156,43455,22319,7787,45223,101,57,861,3353,96780,37133,18779,7009,32799,790,0,0,0,0,0,0,99091,38867,20161,7966,31218,386,25,7318,30357,225,25,97389,40304,18705,8005,29726,243,58,7280,28703,127,58,41777,33746,7651,37145,31637,5508,43507,36241,5690,39608,33489,4750,34130,30072,4008,34537,28877,4012,33855,29043,3904,38953,32873,5038,48124,39552,7892,27149,20930,6198,34902,28362,6092,27793,22038,5501,28435,21272,7095,27412,21002,6382,26881,20921,5486,36329,28233,7704,44417,33020,10500,41794,32508,8829,39112,30135,7419
66,66,133336,102232,9640,4990,16430,790,204,0,0,132513,98852,10352,6185,17078,573,163,0,0,140360,100576,11917,6249,20013,1076,780,140431,100593,11938,6166,20274,915,743,133102,97109,12126,6245,17937,566,115,4640,14473,43,23,381,4308,132358,90759,13866,6605,20747,724,234,121218,93426,8550,4440,14683,675,181,0,0,104012,80807,7662,4763,10209,209,14,4428,9075,44,355,0,125770,91204,10348,5447,17220,899,731,125770,91204,10348,3776,14268,78,71,957,5068,104940,80363,9025,4683,10359,168,18,0,0,0,0,0,106452,76865,10753,4840,13421,200,18,4413,12272,55,18,104735,76311,9745,4784,13185,234,28,4026,12124,102,28,65011,57408,6866,54235,45854,8381,61923,54500,4748,60094,51424,6731,50544,45886,4574,49473,42636,4477,49354,43022,5083,55474,48783,5159,61607,55209,5468,42718,36338,6353,50636,44398,5591,43635,37995,5430,43383,36673,6623,42915,36152,6727,42921,37135,5365,51564,44179,6913,59632,50106,8217,58335,48942,8975,56419,46875,8084
67,67,118588,84870,12671,7392,14374,657,172,0,0,127004,84829,16209,7986,18360,987,51,0,0,141147,89346,17411,10305,23469,1342,355,141206,89363,17434,9667,23750,1050,304,127466,85752,15979,7431,18745,1126,20,5451,16551,51,0,366,3316,129306,83660,16501,9123,20078,1111,73,102534,74031,10452,6201,12344,537,144,0,0,93294,67123,10985,5392,9442,304,0,4906,8824,59,268,0,121355,78008,14587,8638,19411,1125,313,121355,78008,14587,6115,17612,99,37,949,3948,93465,68499,10692,4614,9396,428,0,0,0,0,0,0,95752,66836,12437,5197,11056,284,0,4773,10141,70,0,98066,66968,12706,5571,12552,285,5,4999,11305,87,5,57553,48143,8910,51612,41826,9786,59224,51021,5968,57691,49579,6789,49064,43661,5320,48255,41266,5169,48049,41023,5816,54215,46906,6041,62970,54893,7168,46411,39072,7307,52106,44798,6697,47394,40917,6227,47258,39413,7731,46667,38876,7732,47074,40063,6790,54911,46560,7838,63221,53006,8951,61967,52253,9235,60521,50516,10005
68,68,134592,26988,60946,45625,10054,2602,393,0,0,138897,29546,57852,46203,12610,2190,304,0,0,140527,31210,58166,45784,14496,4229,428,141182,31229,58434,37689,12966,2367,202,137088,28134,56126,45890,12979,2268,276,37405,11289,106,33,1597,2393,139071,28005,56997,48199,13080,3681,153,106061,23919,45387,34431,8322,1943,307,0,0,96458,23732,37324,28655,6053,345,39,28166,5609,105,420,0,114753,27554,45573,35750,12078,3331,350,114753,27554,45573,26694,10659,193,36,823,3221,95590,22424,36416,28843,7257,259,34,0,0,0,0,0,99210,22863,37978,29740,8033,341,35,29084,7501,57,35,99683,23181,36330,29758,9749,859,136,28486,9264,158,136,48116,43986,3875,44789,41610,3179,49036,44220,3348,46443,41930,3313,37296,34688,2571,37433,33710,2495,37400,34087,2674,43213,39024,3328,51695,45531,5573,26472,22313,4130,36699,32438,3874,27424,23751,3485,27793,23436,4293,27024,23030,3961,24387,22622,1595,37306,31640,5295,46106,37364,7854,43947,36797,6647,41806,34881,6925
69,69,138749,76931,29271,22448,14306,1737,275,0,0,135783,74815,29425,18560,16383,1425,424,0,0,140505,73255,27882,21870,19817,2157,275,140726,73264,27982,19468,19490,1362,169,136961,77252,28941,18418,16391,1122,134,12118,14349,142,14,539,3606,143623,78776,30715,20462,17464,1842,482,118917,67009,24020,18569,12487,1371,232,0,0,101313,59106,21601,11508,8455,544,22,10670,7965,138,260,0,121924,64545,23412,18246,17193,1871,225,121924,64545,23412,13064,15265,166,24,1065,4383,102705,61711,21827,10909,7626,473,18,0,0,0,0,0,104370,62183,20659,12542,8220,479,0,10995,7658,123,0,102734,61396,17757,13346,9407,596,5,11415,8518,102,5,67939,61250,6097,59419,53454,5965,65114,58582,4113,62918,56327,4706,53362,49567,3709,52726,46750,3579,52546,47177,4005,58613,52893,4219,65014,58949,5222,44676,39833,4808,53416,48267,4522,45862,41564,4043,45872,40744,5040,45174,40172,4957,43965,40533,3224,53771,47902,5380,61244,53405,6689,59451,52570,6336,57846,51161,6685
70,70,130530,14740,39916,79228,5044,2739,402,0,0,146088,23797,41638,82147,9276,2683,541,0,0,140367,23953,41430,74687,9022,3213,382,141177,23963,41618,67458,7494,1299,167,145058,23331,41274,81016,9137,2886,127,67901,7280,191,4,781,4299,145187,24214,40199,79776,9416,3054,142,102990,13233,29204,62072,4201,2030,315,0,0,99525,18364,25027,51152,4054,405,100,50184,3561,92,684,0,115677,21200,32414,60588,7681,2656,308,115677,21200,32414,50098,6300,227,56,1013,4369,101034,18151,25164,52430,4340,366,8,0,0,0,0,0,101236,18951,24885,51664,4905,455,8,49908,4285,108,8,99976,19995,24490,49493,5266,692,8,47025,4721,58,8,51867,50408,1209,50523,49477,1046,53850,50810,1527,51538,48342,1585,43506,42226,1231,43935,41167,1216,43720,41808,1267,48870,46176,1689,56731,52738,3316,30302,28018,2253,41386,38899,2065,31401,29344,1842,31667,29224,2380,31194,29064,2100,27764,27524,0,41706,38074,3213,50634,44356,5350,48626,43746,4290,46346,41876,4470
71,71,128296,23171,61311,48401,5290,2668,402,0,0,140269,32672,64400,49761,7464,4699,268,0,0,132163,29992,55810,47916,7463,3926,398,132649,30003,55971,40185,6278,1963,181,137191,32058,62208,47187,7811,3882,501,32814,5023,102,50,739,4196,143499,30870,66016,49637,8915,3835,468,103269,20789,46894,38503,4476,2058,310,0,0,94381,26324,37062,26546,3787,559,75,25534,3208,110,510,0,110894,26850,45212,39364,6416,3206,322,110894,26850,45212,29214,5056,207,43,782,3530,94773,26206,37171,26368,4158,477,50,0,0,0,0,0,99767,25526,39892,28361,4826,282,4,27273,3592,70,4,100340,26190,36405,30924,5380,462,28,29357,4200,33,28,49964,46400,3222,47483,45002,2481,51557,47304,2616,48939,44969,2275,41048,39175,1829,41606,38188,1718,41160,38562,1796,46313,42705,2530,53604,48024,4975,29796,26481,3270,39795,36219,3139,30805,27808,2757,31183,27596,3512,30562,27390,3123,26596,26219,0,40137,35117,4626,48475,40151,7417,46199,39730,5941,44369,38471,5898
72,72,136888,15873,107464,24138,3560,3911,767,0,0,150102,19816,114261,26725,4328,6240,528,0,0,128935,18683,94773,25445,3914,3933,451,129220,18681,95031,14478,2816,1934,203,149722,20194,113294,27609,4588,6577,597,10681,3094,98,0,824,1539,146841,18776,112478,27158,4557,6921,479,107831,14267,82403,19299,2933,2908,586,0,0,88238,17046,59949,8779,2061,189,0,8427,1898,48,281,0,107099,16914,77031,21237,3315,3215,372,107099,16914,77031,8159,2346,74,29,664,1882,92240,17480,63557,8682,1963,347,0,0,0,0,0,0,92096,16421,65056,7938,2169,535,4,7583,2043,198,4,85438,16499,58098,8335,1959,536,15,7755,1811,158,15,42979,39340,3314,40618,38286,2332,48543,43976,3231,44422,40594,2464,34241,32198,1991,35597,32273,1941,34652,32036,1886,40957,36912,3143,48351,40431,7365,20426,16385,4019,32657,28283,4020,21437,17939,3329,22146,17692,4409,21195,17409,3768,18100,17774,0,31826,25056,6480,40847,28816,11468,37079,28080,8585,36841,29120,7721
73,73,130202,106727,7157,2942,13201,358,119,0,0,123484,95192,9009,2929,16430,488,64,0,0,141224,105329,9560,4218,20561,723,254,141269,105348,9573,4147,20817,620,229,124370,94475,10704,2893,16361,463,61,1946,14152,87,3,322,2684,124150,90410,11690,3587,17372,748,143,114036,93882,6065,2571,11375,305,101,0,0,97454,79431,6251,1940,9468,207,0,1779,8943,80,189,0,123749,93399,8097,3647,17243,580,222,123749,93399,8097,2502,15751,52,44,711,3193,97887,79110,6914,2056,9396,299,4,0,0,0,0,0,95828,76273,7260,2309,9351,403,44,2035,8683,44,44,98036,77512,6363,2700,10802,549,20,2074,9860,140,20,63645,46775,16387,52793,34915,17878,59832,46480,10701,58438,45292,12161,47802,38242,9491,46907,36359,9308,46643,35221,10465,53778,41998,10632,63152,50457,11699,45530,33259,12251,51556,39445,11447,46465,35408,10890,46334,33261,12994,45725,32758,12926,45999,34050,11803,54354,40867,12999,62806,47047,14402,61709,46260,15131,60039,43883,16156
74,74,134595,80612,22713,11463,21870,1126,274,0,0,130261,76294,20215,11549,23734,634,177,0,0,141134,78657,23054,12963,27131,1550,731,141347,78672,23173,11295,26877,1038,635,130800,76299,19845,12467,24122,542,341,8958,20901,77,59,580,4079,130493,74415,20473,11975,24975,741,496,121254,75504,18423,9119,19539,897,232,0,0,102905,64851,15005,7653,14768,222,110,7287,14094,59,361,0,126446,72807,19418,10345,23986,1326,666,126446,72807,19418,7142,21655,142,180,909,4193,101506,64076,14489,8215,13995,171,58,0,0,0,0,0,101513,62995,14790,7601,15045,370,10,6879,14097,135,10,101371,61941,16167,8152,14184,470,28,7058,13149,186,28,60449,50207,9588,49483,40592,8891,55627,46752,6478,53369,44962,6727,44491,39191,5225,44152,37062,5191,43820,37170,5537,49703,42272,6101,56830,48511,7456,37151,30586,6520,45048,37981,6446,37976,31939,5802,37988,30960,6926,37380,30562,6767,37298,30869,6113,46386,38344,7570,54820,44375,9377,53294,43689,9099,50967,41563,8936
75,75,114293,73056,15891,8479,17789,949,204,0,0,120430,73822,17961,8026,21040,1413,102,0,0,141213,77965,22583,14672,26926,1696,490,141338,77981,22635,14074,27081,1327,434,120582,72938,18063,8477,22073,1127,133,5319,19386,86,98,666,4027,125687,71795,20948,11171,22590,1928,289,104791,68196,13644,7321,16246,806,179,0,0,91848,61018,13061,5630,11621,358,65,4775,10895,146,185,0,128179,72314,19750,12201,24370,1448,432,128179,72314,19750,8784,21987,156,81,907,4200,91713,59510,14128,5621,11831,338,100,0,0,0,0,0,98073,60317,16458,7373,12904,670,50,6423,11433,70,50,100921,61667,14023,8809,15094,875,161,7961,12714,126,161,50767,43128,7073,45099,37585,7514,52566,44951,5625,50747,43089,6337,44203,39473,4667,43586,37175,4630,43369,37313,4960,48470,41752,5544,56463,48532,7129,37525,31071,6413,44581,37981,6061,38280,32408,5612,38251,31404,6733,37732,31068,6613,38005,31820,5991,46838,38961,7419,55902,45625,9189,54442,44746,9234,53038,43555,9466
76,76,133390,103523,9134,6045,14861,549,209,0,0,134462,97924,13104,4914,18727,750,241,0,0,141155,101618,11022,5570,21171,1147,289,141180,101632,11025,5411,21598,999,263,133381,96369,12486,4377,19937,862,330,2894,17698,506,134,294,3000,130943,97250,10406,4600,17187,688,302,116850,91456,7803,5220,12472,442,160,0,0,97555,78556,7810,2322,8516,350,4,1999,7898,170,49,0,121969,89101,9266,4672,17330,956,230,121969,89101,9266,3201,15761,161,94,693,3692,97135,77597,8055,2089,9093,304,4,0,0,0,0,0,96929,78255,7414,2871,7953,415,0,2505,7420,145,0,99596,79374,7612,3231,8815,262,5,2963,8043,50,5,61035,46296,14263,52454,37814,14640,59578,47393,9559,58175,46985,10029,49492,41404,8021,48710,39257,7801,48350,38369,8789,54730,44355,9100,64058,52734,10382,45937,35821,10094,52112,41677,9777,46803,37506,9073,46683,35828,10763,46102,35206,10857,46332,36296,9834,54844,43329,11020,63249,49508,12465,62192,49165,12595,60488,47048,13440
77,77,129484,1912,78311,60269,2172,3254,635,0,0,132596,2585,84993,55842,1686,2039,288,0,0,134506,2791,83084,61180,2419,4165,552,134978,2797,83280,47176,1733,1998,206,129912,2980,81619,57787,2016,2033,154,41461,1462,130,16,841,1405,136194,3997,82260,64634,2454,5123,359,91410,1490,54224,43024,1593,2294,463,0,0,69307,1695,40535,25853,834,415,20,25551,791,195,116,0,99903,2160,61317,45414,1852,3036,422,99903,2160,61317,32713,1270,165,31,682,1565,69360,2005,39944,26129,1060,391,15,0,0,0,0,0,76335,2727,42620,29551,1082,595,0,28906,952,75,0,74763,2550,41263,29508,863,740,4,28777,713,345,4,32457,31200,1170,31674,30977,697,34441,32499,1457,31830,30319,1138,22824,21967,849,23554,22402,832,23112,22161,781,28442,26576,1604,34972,30125,4585,13198,11043,2145,22340,20055,2155,13884,11994,1820,14281,11918,2344,13793,11841,1946,12820,11163,1647,21928,17783,4030,28354,20587,7557,26438,20230,5974,25891,19117,5746
78,78,131743,12330,86812,36657,6849,3415,703,0,0,139205,9843,100773,32086,5065,1879,305,0,0,134907,9866,93345,38784,5964,4601,569,135251,9878,93560,27725,4809,2713,242,135280,9295,98192,32196,4046,2077,706,22118,3221,438,41,739,1234,134555,8815,98725,32045,5400,3054,592,95597,10799,60365,26407,5363,2332,502,0,0,73308,7497,46560,15838,2860,393,50,15578,2556,334,147,0,103054,8598,69626,29653,4936,3429,451,103054,8598,69626,18131,3983,164,21,795,1736,71107,7099,45606,15577,2262,414,40,0,0,0,0,0,70884,6762,46548,14146,2723,177,0,13749,2451,104,0,70060,8194,43717,14891,2398,257,13,14408,2143,151,13,28924,26206,2605,27622,26019,1603,30267,27491,2109,28097,26005,1580,19891,18574,1294,20488,18868,1242,20000,18546,1239,25379,22918,2129,33606,28018,5310,11846,9239,2597,20224,17341,2714,12453,10085,2275,12845,10017,2810,12348,9873,2467,10490,9898,552,20400,15659,4612,26467,17948,8245,24785,17977,6594,24471,17925,6176
79,79,116730,1436,67384,59770,1224,3501,706,0,0,128130,1783,74743,63646,1639,1986,406,0,0,132073,2274,74590,69938,1696,3297,578,132589,2283,74781,56245,1145,1806,283,126913,1659,72787,67421,1815,1801,372,49434,1016,317,13,500,1185,128215,1910,72890,70518,1536,2641,85,80354,1132,45656,41028,861,2421,462,0,0,74358,1373,42242,29789,521,380,0,29441,501,208,89,0,96364,1766,54630,49752,1280,2443,411,96364,1766,54630,36840,743,162,27,564,1632,77775,1262,43269,32125,762,268,15,0,0,0,0,0,80597,1577,44962,33248,572,390,0,32682,433,204,0,81015,1645,43593,34756,634,444,0,34229,501,264,0,31358,30152,1129,32381,31729,652,34695,32820,1382,32188,30783,1042,23370,22620,743,24210,23213,745,23691,22832,712,29039,27375,1419,36163,31973,3952,13026,11091,1931,22609,20586,1907,13773,12110,1596,14151,12081,2057,13643,11915,1724,12944,11421,1507,22349,18718,3527,29194,22313,6678,27347,21940,5180,26968,20829,4924
80,80,131944,29866,60222,37119,12057,2304,468,0,0,133215,25495,65233,36055,12621,1739,403,0,0,140713,25285,67338,40185,16501,4192,539,140978,25308,67460,34708,15356,2764,314,132058,25198,64257,36150,12484,1457,703,27982,11063,237,5,1290,2031,130170,22379,64079,36337,13667,2267,668,99841,25391,42730,27578,8961,1585,357,0,0,82503,17870,37834,20174,6156,435,0,19930,6037,271,110,0,109029,20928,50556,31115,12460,3025,403,109029,20928,50556,22765,11078,214,37,1148,2303,81711,17734,37863,19476,6118,356,80,0,0,0,0,0,82387,15679,39308,19315,7234,463,270,19042,6658,223,270,79567,14210,36750,19600,8242,400,188,19334,7665,139,188,34398,27414,6798,31933,26894,5039,35949,29328,5705,34174,29769,3744,25199,21801,3382,25732,21785,3406,25250,21577,3290,30776,25668,4644,38481,29746,8353,18525,13159,5355,26163,20322,5639,19157,13982,5079,19475,13532,5926,18963,13545,5409,18101,13099,4942,27347,19413,7708,34889,22665,11591,33237,22972,9813,32758,21718,9417
81,81,120000,46657,42370,27523,8438,1758,346,0,0,123804,41917,49060,29758,9003,1772,501,0,0,128094,40490,53333,32089,9383,3112,495,128252,40505,53404,28078,8884,2262,333,123200,40726,50745,30183,8817,1828,311,21158,6400,255,44,903,2969,126238,38555,55560,30751,8376,3027,293,95542,40440,30943,20966,6622,1222,259,0,0,83251,33162,29009,16178,4316,290,91,15640,4006,65,209,0,103043,34833,40508,25375,7521,2329,381,103043,34833,40508,17253,6288,203,46,1390,2522,84749,32334,30843,16661,4216,349,45,0,0,0,0,0,86467,31358,33129,17249,4264,470,35,16673,3738,175,35,85780,31727,32113,16794,4642,470,4,16143,4284,234,4,42308,32843,9126,39259,31808,7451,44426,35717,7164,42656,36677,4971,34475,29611,4820,34761,28885,4765,34252,28620,4818,39676,32815,6010,47520,37355,9540,27687,21063,6609,35253,27803,7062,28465,21995,6297,28738,21138,7557,28136,21066,7056,26159,21187,4914,36009,27056,8630,42519,30186,11559,40909,30641,9786,40284,30019,8725
82,82,119623,44542,41031,32987,5755,1452,229,0,0,122523,33996,51494,37253,6502,2112,225,0,0,129256,34594,51739,41058,8726,2696,326,129399,34612,51803,38009,8397,2131,264,124800,33447,53056,36414,8157,2032,234,28406,6808,28,65,823,2166,126985,31851,54816,39634,9010,2238,277,96186,38904,30064,25922,4365,1084,180,0,0,91659,29253,36454,22117,3213,217,59,21701,3073,38,498,0,105148,30433,39856,32960,6647,2085,258,105148,30433,39856,25737,5827,167,28,999,2101,91285,27975,37718,21500,3416,190,60,0,0,0,0,0,92370,25977,38611,22721,4404,154,0,22299,4241,19,0,89519,24298,35715,23278,5354,482,15,22860,5123,176,15,43396,31462,11652,40809,31681,9128,43954,31679,11155,42225,34754,6832,34258,27305,6929,34801,27014,7168,34411,26963,6925,40008,30611,8853,50400,35801,14100,29469,19146,10308,36541,25589,10698,30283,20160,10000,30694,19303,11361,30040,19377,10648,29398,18102,10720,38615,25741,12671,46090,29755,15879,44451,30056,14066,42704,27861,14842
83,83,125969,3242,28665,97540,2529,1822,469,0,0,138189,3386,34252,103391,3725,2370,146,0,0,134315,2674,35162,100794,3572,2275,420,134658,2677,35242,95823,3030,1461,261,140283,2810,36188,104700,3534,1439,289,93581,2860,402,0,1882,2556,135983,3339,38187,97079,2737,1317,263,92639,2887,19412,72036,1951,1271,347,0,0,88062,2699,21018,61731,1724,644,9,61527,1714,368,344,0,103739,2156,25380,78559,2764,1693,315,103739,2156,25380,69766,1980,245,25,1296,2891,89050,2306,20814,63231,1889,573,0,0,0,0,0,0,86192,2901,20593,60454,1799,413,0,59759,1774,181,0,83628,2251,19564,59143,1739,556,89,58052,1675,254,89,38837,37394,1327,39225,38345,880,39710,37794,1361,38420,36935,1074,30379,29535,842,30943,29846,839,30637,29717,795,35377,33886,1260,42555,39534,2759,20146,18483,1654,29254,27513,1631,21034,19515,1443,21314,19445,1850,20890,19312,1568,19782,18346,1402,29691,26911,2680,37018,32125,4645,35602,31536,3823,34288,29749,3724
84,84,125071,2068,90435,43351,2199,3822,651,0,0,128125,3269,89865,43389,2127,1634,453,0,0,133452,3230,93369,49424,2757,5455,540,133962,3237,93648,35894,1938,3014,272,127576,3773,90023,45294,1882,1935,994,30940,1256,85,82,637,779,135167,4201,94478,50533,2407,3477,945,87939,1600,63386,29864,1657,2660,472,0,0,68678,2165,45705,19763,664,264,110,19538,587,124,143,0,98324,2489,68911,35551,2063,4045,391,98324,2489,68911,23269,1423,132,24,621,1455,70361,2343,47828,19267,526,245,80,0,0,0,0,0,77679,2746,52328,21075,673,510,344,20683,614,200,344,79349,2960,52061,22440,633,608,503,21593,591,269,503,31601,29844,1646,31383,30446,937,33686,31484,1617,31020,29309,1228,22154,21253,888,23125,21904,868,22307,21235,836,27834,25875,1646,34889,30102,4502,12950,10607,2334,22001,19625,2233,13699,11683,1932,14175,11721,2439,13542,11496,2039,12879,11038,1816,22260,18031,4086,29626,21702,7639,27740,21462,5989,27231,20686,5643
85,85,135400,2504,86195,56375,2619,3656,677,0,0,132797,3440,86071,49940,2754,2347,246,0,0,138172,2632,89132,55191,4132,5051,553,138570,2643,89335,44153,3406,3072,266,133237,3017,88578,49733,2988,2445,254,36824,2457,325,44,859,1130,134165,3040,89368,51781,2947,2549,240,99256,2065,61789,41443,1998,2536,491,0,0,78066,2349,47224,26658,1320,556,0,26392,1291,348,137,0,103305,1942,65985,41093,3133,3764,388,103305,1942,65985,29707,2349,257,30,1276,1759,79932,2438,49504,26170,1356,490,15,0,0,0,0,0,82738,2666,51166,27200,1433,316,15,26748,1339,85,15,78412,2369,47697,26331,1501,508,15,25780,1430,198,15,33711,31670,1940,33026,31984,1042,34609,32288,1773,32255,30580,1287,23428,22384,1029,24378,23092,1016,23779,22601,994,29118,27085,1773,36395,31550,4584,13987,11462,2516,23138,20586,2420,14742,12558,2107,15160,12428,2718,14618,12297,2314,14152,11879,2077,23151,18910,4123,29966,22451,7260,28178,22208,5756,27872,22481,5351
86,86,129866,2028,91522,46105,3579,4021,768,0,0,135106,1543,99324,48038,2461,1487,440,0,0,136666,2689,97426,47948,3300,4571,653,137163,2693,97709,34572,2476,2416,233,133341,2037,98047,50349,2369,1859,651,29455,1842,103,0,782,1076,136760,2329,98695,57992,2119,3373,644,90638,1498,62938,32584,2718,2709,565,0,0,64577,882,43891,18173,1201,295,65,17892,1107,160,100,0,101452,1975,72095,35643,2586,3403,472,101452,1975,72095,23199,1952,186,22,680,1343,66271,1395,45609,17620,1185,204,70,0,0,0,0,0,68926,2049,46016,19333,811,475,0,18841,771,185,0,70533,2307,45789,21263,769,342,5,20795,737,117,5,28900,27393,1434,28482,27680,802,31413,29437,1475,28460,26974,1112,20341,19522,818,21147,20089,832,20579,19675,786,25604,23726,1657,31875,26711,4954,11086,8790,2289,19796,17423,2265,11651,9689,1911,12110,9668,2429,11570,9492,2073,10155,9237,891,19726,15177,4456,26683,17846,8626,24631,17686,6753,24150,17274,6365
87,87,119278,4624,68466,43926,11664,3006,561,0,0,121340,3853,68185,41212,15836,1664,391,0,0,130500,4271,67945,44098,23159,4090,501,130818,4276,68096,37284,22274,2712,327,120456,3775,66273,40790,17382,1900,644,29934,15113,562,64,2386,2354,118797,3486,64959,41209,18784,2717,477,87510,3999,48890,32227,8384,2101,423,0,0,74911,3242,41114,22456,7330,357,101,22080,7054,240,411,0,99714,3305,51472,34140,17027,3159,370,99714,3305,51472,24885,15812,341,34,1608,2257,75114,3176,40802,22560,7663,587,65,0,0,0,0,0,73899,2695,39804,22161,8352,894,45,21557,8094,499,45,71574,2866,36840,21478,9795,702,35,20597,9556,336,35,35702,32682,2856,33294,31593,1701,36103,32848,2592,34166,31763,1893,24704,23249,1440,25321,23560,1365,24907,23288,1352,30851,28209,2295,39895,34509,5110,16681,13545,3127,25496,22296,3043,17425,14661,2670,17795,14312,3457,17255,14218,3028,16975,14003,2730,26169,21015,4933,33255,24092,8495,31513,24285,6835,31038,24411,6463
88,88,132682,91122,16661,14670,10979,843,202,0,0,136456,89024,19694,14831,13713,520,104,0,0,139777,85862,21494,15312,16363,1579,172,139840,85869,21509,15140,16326,1503,165,135165,87041,19171,15118,14010,624,147,12407,11958,45,8,712,3821,139218,85737,21871,15039,16629,746,124,98127,68805,11424,10824,7474,568,137,0,0,92082,66148,9318,9595,6778,172,14,9120,6499,43,152,0,105540,67044,15221,11690,10900,1134,132,105540,67044,15221,9807,9910,59,26,874,2599,91231,64894,9614,9603,6915,188,25,0,0,0,0,0,94518,64978,11833,8964,8454,137,0,8623,8000,23,0,93228,63092,11464,9710,8714,221,5,8999,8292,31,5,66438,41027,24785,61887,36209,25678,67181,43403,20751,65137,45663,18463,53741,37459,16229,53713,35602,16503,53113,35353,16740,60865,41198,18539,72974,49599,22529,54248,33917,20325,59598,38525,20559,55063,34709,20178,55291,33177,22065,54524,32899,21613,52654,30687,21879,63542,40412,22913,72624,45832,26389,71380,46159,24914,69723,47985,21738
89,89,128718,29195,35803,62630,4878,1895,309,0,0,130304,26516,39574,64504,5406,2140,244,0,0,140205,23255,46523,69493,5570,3115,328,140597,23268,46598,66552,5159,2228,226,131014,26323,42459,62026,5770,2381,409,52044,4671,228,91,2703,2493,138078,25697,45819,67612,4658,2281,489,98218,25140,24857,46495,3811,1377,211,0,0,86357,21237,21169,40667,2615,466,50,39952,2576,192,345,0,110086,20094,34197,54240,4447,2314,239,110086,20094,34197,46888,3595,203,28,1507,3574,87790,21476,22736,39853,2840,425,90,0,0,0,0,0,94306,21670,25897,43253,2751,858,0,41924,2612,265,0,91636,20528,27642,39524,3275,660,0,37852,3071,74,0,45711,37783,7628,42240,36389,5851,44318,36741,6494,41672,36180,4711,32381,28258,4102,32933,28109,4237,32495,28005,4073,38464,32675,5286,47431,38822,8256,25318,19837,5476,33665,27428,6036,26094,20541,5455,26391,20171,6187,25799,20087,5703,24981,19728,5241,35243,27483,7635,44300,33084,10969,41717,32230,9243,39840,31543,8297
90,90,128459,61082,40302,20739,9633,1669,315,0,0,130608,54681,45634,24932,10732,1736,383,0,0,137768,51427,54165,25844,10992,3055,267,138014,51449,54259,23427,10725,2448,202,129862,51942,46607,26135,10078,2598,209,19252,8802,660,10,599,1994,136348,53465,50894,27628,10054,2468,242,100023,52058,27867,14554,7405,1148,252,0,0,89331,44829,24284,13385,6243,362,18,13055,5981,268,211,0,108144,44379,38759,18885,8808,2221,197,108144,44379,38759,13913,7965,135,16,864,2113,89280,43799,24960,13692,6276,612,18,0,0,0,0,0,94458,44482,28538,14371,6571,500,34,13918,6354,353,34,96440,41200,33079,15298,6434,489,24,14590,6262,282,24,47727,27384,19914,43493,26916,16577,49149,29525,18148,46205,32060,13386,35534,23477,12034,36063,22720,12641,35244,22407,12172,42518,27053,14824,53142,32048,20593,32950,17904,15038,39733,22902,16538,33662,17996,15525,34110,17136,16950,33200,17173,16021,31776,16829,14928,42327,23109,19036,51489,26974,24050,48778,27342,21072,46861,28066,18795
91,91,131043,72646,41134,11812,6304,1232,141,0,0,133456,69467,45044,11862,7449,962,211,0,0,139313,67133,49623,13178,8606,3015,152,139395,67148,49653,12936,8595,2778,140,134562,69325,44487,12974,8717,858,249,10749,7264,142,47,594,1957,139606,69856,45988,14730,9223,2073,191,98754,56277,29506,9080,4420,867,111,0,0,81207,51631,18314,7448,3475,282,35,7236,3323,149,94,0,106409,53319,36000,10402,6059,2265,118,106409,53319,36000,8328,5290,61,13,807,2591,83729,51093,19668,8373,3962,332,45,0,0,0,0,0,89962,52771,22735,9615,4366,304,0,9329,4001,170,0,92463,54035,23007,10193,4415,436,0,9738,3885,187,0,50419,32029,17927,47257,29395,17862,52190,34911,15084,49767,36001,12934,40807,29617,11169,40980,28244,11798,40305,28007,11542,46946,32938,13186,58116,40761,16685,39030,25013,14011,44843,30078,14369,39769,25842,13786,39967,24867,15059,39241,24615,14617,37871,23674,14153,48319,31837,16317,57354,37614,19468,55637,37299,18124,54397,39223,15174
92,92,130711,83829,21163,15567,11346,907,184,0,0,134860,82063,25468,16777,12097,932,37,0,0,139493,81454,27902,15940,14596,1746,140,139561,81471,27917,15831,14628,1647,126,135475,81950,25586,17425,12140,831,44,13800,9977,84,18,272,3782,139400,83551,27208,16462,13683,976,87,100198,66268,14846,11554,8184,631,136,0,0,94816,64319,13383,10269,6345,251,15,9972,5851,109,205,0,110301,66927,20175,12471,10761,1271,117,110301,66927,20175,10099,9694,97,9,686,2614,95659,64468,13711,10551,6393,295,20,0,0,0,0,0,100343,67668,14654,9513,7953,328,0,8820,7482,53,0,100340,66440,15552,9428,8162,397,97,8660,7568,58,97,64010,41181,22182,59512,38136,21376,65149,43097,19532,62645,45443,15926,53129,38545,14554,53223,36042,15565,52583,36495,14960,59773,41641,16966,72552,50305,21430,52628,34939,17684,58352,39344,18525,53428,35464,17767,53627,34322,19269,52912,34247,18656,51924,33667,18225,62521,41676,20609,72376,47810,24127,70544,47809,22412,70196,46169,22514
93,93,138044,99065,22095,8377,8976,1114,188,0,0,141049,95354,25804,9673,10854,792,147,0,0,141744,90135,28275,8853,13395,2009,182,140891,89797,28159,8218,13373,1776,162,140517,93782,26016,9966,11356,703,133,7577,9927,210,16,575,2417,140665,91935,27486,11128,10711,868,59,104142,75276,16195,6686,6302,804,138,0,0,96436,73714,11558,5753,5010,244,10,5441,4700,96,154,0,110370,72577,20488,7034,9376,1454,138,110370,72577,20488,5439,8491,60,12,631,2672,96114,72549,11959,5923,5437,223,14,0,0,0,0,0,97756,72266,13918,6032,5163,201,4,5598,4661,28,4,100120,71919,15001,6762,5913,353,0,6240,5165,9,0,65264,39624,24913,60890,34488,26402,66948,42237,21734,64810,43922,19707,54099,37394,16667,54302,35612,17342,53521,35287,17267,61104,40624,19301,73413,49247,23202,54081,33859,20216,59652,38313,20751,54801,34556,20089,55038,33328,21669,54303,33185,21106,53636,33288,20330,63960,40750,22967,74145,47170,26600,72630,47120,25178,73144,44210,26860
94,94,134198,112268,13887,3866,4306,676,129,0,0,133952,106535,17859,5140,4731,1014,96,0,0,133459,99854,21890,5586,5285,1676,170,133509,99881,21907,5554,5312,1597,160,133885,104257,19211,5789,4576,947,98,3889,3701,234,39,998,1556,132850,99082,21578,6557,4798,1280,134,101770,86672,9636,2646,2846,472,96,0,0,100988,84998,9879,2808,2676,520,34,2594,2453,360,89,0,106479,82662,15165,3959,3800,1220,112,106479,82662,15165,2658,3224,76,15,474,2205,101000,84060,10837,3211,2502,356,40,0,0,0,0,0,101285,81560,12839,3485,2929,379,4,3261,2618,164,4,101134,79421,14731,3547,2921,431,29,3013,2602,137,29,66157,30163,35282,60294,26483,33811,67557,27400,37230,64438,34818,28540,53592,26504,27067,53986,23566,29130,53007,24149,27741,61432,28513,31727,76497,34765,40627,57307,24186,33110,61759,26355,34793,57841,23746,33880,58290,22793,35452,57509,22876,34620,57584,23313,34262,67275,28540,38436,77908,32946,44464,75835,34158,41388,79963,29009,45166
95,95,124894,78044,27600,15013,5750,1125,151,0,0,127026,72297,34768,15295,5836,754,91,0,0,130366,70506,37222,16074,7039,2501,161,129103,70396,36881,14933,6979,2276,147,126972,72759,33293,16360,5648,693,68,13070,4409,74,6,277,3084,129681,74885,33243,16290,6573,1094,13,95883,62165,19573,10943,4029,778,107,0,0,87008,58586,15103,9591,3383,421,4,9049,3042,44,166,0,103383,59645,26327,12379,5105,1864,128,103383,59645,26327,9795,4378,117,12,523,2586,89582,60309,15473,10319,3183,339,0,0,0,0,0,0,94067,63029,17354,9580,3681,275,0,9138,3203,42,0,92843,60865,19291,8754,3486,257,15,8192,3046,31,15,55194,34233,20338,51842,32265,19577,56730,34980,19291,54654,38444,15049,46431,32024,14380,46740,29348,15879,45899,30041,14811,52250,34456,16664,63378,41854,20700,46308,29442,16856,51080,32669,17900,46915,29661,17074,47155,28821,18282,46492,28783,17695,46413,28972,17427,54883,34921,19718,63656,39960,23281,62036,40410,21266,64326,36630,23945
96,96,130412,76894,26140,17221,11986,1040,230,0,0,133300,71265,31996,20236,12596,880,128,0,0,135037,66757,36415,19436,13745,1990,200,135165,66781,36457,19088,13699,1804,180,133152,70002,33214,19682,13551,872,178,14793,11928,150,5,723,2337,134550,66522,35466,21926,14561,990,101,100273,62038,18048,12371,8816,701,176,0,0,94310,58639,16535,11166,7530,327,0,10652,7190,60,229,0,105657,55791,25181,14729,10609,1462,141,105657,55791,25181,12103,9837,78,14,587,2066,94459,57856,17064,10801,8308,267,0,0,0,0,0,0,96369,55847,18836,12290,9065,225,0,11750,8709,28,0,92925,52811,18875,11811,9026,234,0,11193,8649,37,0,61540,35345,25658,57946,33962,23984,62839,35081,25520,59478,39780,18707,48153,30671,17456,48888,27853,19774,47689,28782,16844,55818,33851,20814,68652,41040,26787,46035,25560,20457,53095,30183,22466,46493,25484,20851,47033,24458,22521,46200,24501,21680,46426,24391,22000,56472,31388,24835,67330,36311,30340,63909,36713,26925,67566,32795,30876
97,97,119908,76837,16436,20301,7142,690,251,0,0,128552,84800,17983,19922,6707,493,76,0,0,136316,89881,20582,17013,6662,1365,166,136440,89893,20623,17093,6613,1231,149,128759,86353,17380,19337,6094,493,114,17279,5345,119,0,522,1759,137464,93432,19128,18326,6355,717,98,80501,48717,11862,14955,5506,467,197,0,0,71598,49379,5795,11620,4493,183,0,11351,4243,63,192,0,86624,52962,13917,13549,5268,896,116,86624,52962,13917,12455,4829,91,7,839,1524,71739,49947,5959,11374,3968,249,0,0,0,0,0,0,76326,53089,7349,11348,4033,313,10,10929,3827,10,10,76047,53708,7045,10535,4112,256,41,10009,3934,23,41,42151,21803,20012,38602,20548,18054,44110,23102,19472,40949,27800,12530,30988,18747,12227,31843,17909,13150,31673,19010,11326,38274,21405,16116,50534,21897,28112,34840,17448,17321,39201,19160,19725,35744,18276,17311,38828,15612,23147,35467,17301,18095,38617,16568,21990,42929,19272,23455,52184,18680,33061,45047,23865,20979,53742,16560,33842
98,98,133094,107528,13556,8404,3964,1360,101,0,0,132555,105125,14839,7794,4413,1851,188,0,0,139282,102820,19315,10121,5502,2461,147,138233,102499,19046,9655,5548,2292,134,132904,104361,14013,9576,4651,2237,202,6906,3666,344,55,598,2962,136948,102408,17374,12322,5176,2689,130,97699,79824,9096,6086,2708,967,73,0,0,95664,79142,8578,4758,2241,879,60,4369,2049,308,96,0,104523,78419,13454,7342,4031,1784,111,104523,78419,13454,5491,3395,232,11,796,2725,94895,78501,7979,5411,2083,895,55,0,0,0,0,0,97692,78000,9446,6605,2682,813,0,6026,1996,249,0,96946,75721,10561,6620,3241,763,10,6058,2573,265,10,60933,28087,32130,53897,24307,29590,60264,23508,34071,56590,30749,24680,44999,22153,22821,45830,18346,25480,44540,19175,22745,53075,23712,27917,67285,28595,37724,47768,19368,28366,53028,21687,30841,48372,19296,28841,50203,18135,31992,48139,18467,29640,49387,18433,30921,57553,23021,34285,68183,26172,41674,63472,27262,35867,67502,26292,39538
99,99,110742,85908,13805,7406,4192,867,151,0,0,117368,82792,18958,10608,5576,508,241,0,0,128737,80496,21298,12210,5546,2070,248,128817,80525,21320,12068,5525,1961,245,118984,81872,21015,12189,5252,648,210,9379,4326,82,56,305,1950,129721,89710,22408,12540,5384,1012,179,76002,59423,9027,4908,2849,591,109,0,0,76369,55480,10815,6557,3207,261,59,6242,2978,131,98,0,87506,56601,14407,8720,4023,1380,178,87506,56601,14407,6772,3364,141,54,3833,2334,77352,55362,11813,7144,2705,196,59,0,0,0,0,0,83732,60329,12674,7170,3103,290,43,6663,2605,48,43,85861,62295,13429,6893,2753,429,5,6338,2339,45,5,42847,19749,22595,39076,19321,19755,43534,18794,22610,42932,26881,15275,35959,21328,14615,36607,18243,17230,35551,19513,14779,40885,21216,18730,51136,22674,27835,37627,20098,17497,40763,19909,20421,37885,19922,17794,38674,17544,21044,37771,19208,18526,37788,18070,19677,44525,21422,22944,52318,20904,31286,49694,28314,21161,51789,30033,21146
100,100,128121,79284,27697,20031,3081,1879,167,0,0,126995,72949,30178,22349,3932,2130,572,0,0,134928,70450,35448,24875,4987,3620,234,134135,70385,35210,23208,4908,3109,209,127458,72990,29869,22344,4373,1922,170,16126,3488,308,6,1263,3408,134819,72948,33000,25997,5305,2732,434,97398,64486,17972,13499,2234,1234,110,0,0,93010,59630,17127,13345,1826,747,0,12348,1674,355,393,0,105314,58896,24394,17996,3873,2681,196,105314,58896,24394,14108,3267,290,20,832,3507,92085,59785,16593,13034,1803,683,8,0,0,0,0,0,96915,60840,17658,15091,2236,802,18,14002,2014,286,18,96204,57757,19244,15774,2212,815,45,14428,1924,158,45,48657,28199,19548,42672,25531,17141,47308,23186,22011,44500,28633,14897,37302,22247,15038,37833,18859,17439,36677,19492,15332,42723,23461,18183,55008,29091,25167,35578,17909,17654,41279,21094,19823,36156,18048,17880,36790,16776,19982,35942,17225,18700,35940,16836,19094,45267,22863,22222,55569,27415,27967,52569,28633,23643,54096,27893,26203
101,101,133502,106116,15038,9633,3072,1428,86,0,0,132314,100982,18629,10518,3286,1536,141,0,0,133088,95263,20696,11899,3795,2937,154,130805,95033,20020,10536,3750,2729,147,132121,98754,18525,11095,3355,1709,177,8193,2028,64,15,444,4098,133033,96354,21311,10300,3273,1618,185,102053,83249,9786,6884,2090,1017,57,0,0,102163,80936,12100,6552,1869,575,15,6173,1324,101,174,0,104876,77542,14448,8787,2741,2163,97,104876,77542,14448,6601,2104,231,16,620,3314,101638,80505,11589,6969,1704,606,30,0,0,0,0,0,102225,80373,13315,6294,1557,607,40,5747,1082,62,40,101082,75993,15228,7356,1805,565,11,6794,1363,47,11,59826,29340,29441,55783,27168,28615,58843,22895,32897,56049,30148,24616,48273,24047,24207,49070,18635,27914,47774,20699,24527,54117,24269,28212,66436,29734,35494,49301,21057,28231,53603,22622,30396,49682,20415,28997,50284,19240,30982,49444,19604,29826,49542,20137,29385,57862,24590,33007,66981,28458,38257,64843,29949,34528,65294,29787,35507
102,102,142946,130279,5321,5257,1532,1151,116,0,0,137187,123573,5806,5443,1850,1082,57,0,0,135492,116945,6701,5552,2139,3035,191,133533,116631,6192,4481,2158,2858,175,136198,121397,6257,5551,1997,1112,145,4026,1446,379,19,219,2456,134844,118253,6623,5734,2195,1279,123,114800,105609,3618,3984,1068,851,83,0,0,112285,103028,3735,3848,947,610,12,3513,799,246,175,0,111584,97749,4812,4143,1558,2281,130,111584,97749,4812,3104,1137,205,9,452,4116,112171,102411,3990,3836,1076,683,18,0,0,0,0,0,111401,101022,4415,3769,1285,763,41,3148,1045,159,41,110720,100214,4767,3230,1363,904,101,2781,1124,100,101,66801,30531,34396,59321,27630,31691,64700,22844,37401,62369,32983,27887,56113,27146,28935,56154,18275,34237,54665,22341,30494,60593,25433,33175,73222,30289,41146,58481,25941,32519,61424,24881,35716,58628,23921,34335,59321,22256,36937,58442,23039,35381,58738,23285,35438,65657,27106,38135,73839,30451,42664,71915,32623,38904,72085,30397,41688
103,103,132514,112046,8930,8259,3286,1322,132,0,0,130660,106759,10462,9736,3969,1653,191,0,0,131945,102922,12567,9273,4506,2712,164,132196,103028,12614,9401,4576,2454,145,130560,104277,10482,10272,3862,1470,63,6520,2785,120,11,815,5550,132417,101784,12494,11141,3741,1407,135,106934,92786,6104,5418,2406,947,91,0,0,102835,89415,5460,5325,1903,625,39,4350,1618,141,187,0,109428,88374,8765,6403,3427,2087,101,109428,88374,8765,4639,2654,174,14,702,4106,103130,89025,5580,5746,2033,585,10,0,0,0,0,0,105800,88845,7216,6545,2362,613,59,5457,1764,67,59,107591,90495,7412,6227,2633,580,76,5065,1935,39,76,70338,45395,23646,61422,40242,21180,66444,38760,23801,64375,44255,17780,62551,43568,18952,63293,35877,24402,61654,39256,20079,65530,41866,21549,75457,49402,24592,60903,40917,19955,64528,41734,22010,61299,40008,20861,61680,39199,22363,60949,39496,21424,61424,39735,21647,68241,44883,22899,76016,49707,25518,74829,51416,22895,75066,51284,23782
104,104,137114,72909,31577,31855,3125,2064,215,0,0,133884,69770,31297,32402,3102,1588,345,0,0,136456,64660,36176,33275,3578,3796,281,137192,64768,36312,32259,3353,2897,222,132760,67418,34201,30259,3338,1669,302,23406,2341,175,35,514,4670,136488,66032,35700,33609,4217,2758,115,104005,60585,20605,21630,2239,1424,144,0,0,96465,59230,15295,19834,1223,700,24,18382,1141,188,450,0,106676,55434,24842,23957,2714,2768,197,106676,55434,24842,19910,2096,182,44,647,3521,94854,57297,16994,18352,1488,608,24,0,0,0,0,0,100035,57020,19945,20345,2103,581,0,18623,1793,67,0,99337,55031,20751,19908,2745,475,13,18433,2036,10,13,51915,32097,19162,48031,30794,17237,49986,28133,19545,47123,31445,14459,40703,26294,14389,41561,22921,17320,40456,24294,14806,46063,28043,16870,56990,35215,20773,39198,22948,16240,44274,26142,17645,39524,22712,16580,39896,22156,17693,39358,22389,16956,39409,22598,16794,48076,28564,19239,57537,34176,22937,55519,34644,20567,55836,35282,20554
105,105,135013,105829,13619,9456,6489,876,138,0,0,134440,100932,16763,10805,6834,994,203,0,0,137050,96508,19946,12806,6610,2376,155,132965,95844,18894,10324,6610,2137,133,135616,99386,17684,11949,6920,842,190,9076,5122,186,18,1018,3126,137118,96893,20008,12770,6572,1406,81,102987,82186,9286,7145,4482,609,94,0,0,102420,81800,9873,6744,3526,320,8,6341,3274,116,219,0,110393,80230,14145,9879,4955,1758,113,110393,80230,14145,7921,4248,152,22,558,3117,104281,81608,10624,7740,3838,391,18,0,0,0,0,0,104980,81160,11529,8013,3759,431,14,7318,3161,102,14,104801,78974,13191,7991,3963,583,14,6949,3330,125,14,61271,28332,32122,57348,26172,31176,63066,24951,34953,60020,31070,27685,51831,25470,26344,52955,20397,31314,51218,22652,27278,58619,26343,30978,73124,33605,38207,54943,23552,31370,58927,25144,33078,55351,22791,32286,55775,21848,33865,55063,22173,32869,55309,22632,32659,64345,27809,36162,74554,32398,41453,72750,34001,38423,73996,32094,39863
106,106,138616,113971,8813,10594,5124,1190,147,0,0,136046,106165,11810,12021,5942,1489,282,0,0,138420,102290,13709,13163,6543,2850,230,138581,102369,13736,13341,6596,2570,202,135678,104930,11516,13053,5852,1434,269,10076,4429,136,29,409,4155,138228,105921,11553,12429,6598,1640,441,110021,93026,5881,7150,3726,832,114,0,0,106643,89050,6195,7568,2976,724,94,6804,2546,121,235,0,113885,87353,9481,9478,5105,2161,157,113885,87353,9481,7494,4379,117,21,795,4245,106785,88795,6019,8236,2949,625,54,0,0,0,0,0,110542,91481,6643,8023,3503,697,83,7171,3042,94,83,111515,90705,8063,8011,3845,446,41,7121,3422,57,41,65372,36166,28078,58092,32625,25467,62770,30757,28385,59959,36530,21838,56081,33911,22140,56927,26240,28813,54912,29757,23605,60331,32970,25780,72611,40882,30302,56554,31791,24744,60260,32718,26797,56945,30794,25886,57405,29752,27564,56674,30227,26427,56978,30269,26688,64887,35903,28589,74043,40903,32341,72509,42751,29361,72646,41631,31015
107,107,129416,121295,2743,2577,2315,835,62,0,0,130767,121384,3838,2257,2856,641,26,0,0,129053,113719,4504,3481,3611,2497,148,129186,113824,4511,3649,3692,2371,137,130956,120793,4014,2345,3022,711,58,1485,2228,65,11,215,2142,129744,117901,4795,2500,2778,848,78,100056,94983,1631,1588,1432,571,32,0,0,102508,97810,1875,1316,1183,280,0,1163,955,66,56,0,103970,93280,2914,2346,2478,1902,99,103970,93280,2914,1642,2054,144,17,311,3608,102239,96979,2261,1527,1080,380,8,0,0,0,0,0,101676,95197,2736,1855,1386,476,4,1252,1124,44,4,101140,93610,3277,2025,1617,407,27,1490,1340,39,27,70305,37563,31312,65322,35614,29708,69412,32373,32186,67643,41983,23988,61311,35125,26151,61061,24065,32645,59629,29468,28215,65942,33933,29689,77750,40865,35049,63637,35460,28149,66491,33908,31595,63884,32751,30787,64309,30697,33454,63467,31581,31851,63956,32226,31702,70578,36248,33847,77969,39932,37233,76786,41679,34686,76573,39956,36617
108,108,125534,101137,6487,14104,4280,1121,113,0,0,125085,94691,8354,17619,5495,1761,149,0,0,130315,91049,9855,20282,7577,3022,142,130799,91192,9924,20417,7692,2410,124,124806,93835,8898,17595,5446,1648,153,10946,4628,177,19,331,5972,129950,94499,9588,19472,6213,1876,148,99885,83830,3983,8679,3345,784,89,0,0,97190,79415,4835,9607,2201,783,15,8129,1975,165,412,0,105227,77593,6560,13115,6048,2245,108,105227,77593,6560,10206,5207,221,13,478,4949,97005,79350,5148,9489,1992,632,20,0,0,0,0,0,101780,81320,6011,10760,2759,507,60,8946,2301,51,60,101930,80866,6598,10725,2933,406,44,9582,2484,46,44,52163,30442,20644,44720,28258,16462,49375,25689,20178,47719,33424,12840,39774,25563,14184,39662,18398,18234,38397,22014,14853,44812,26142,16966,54768,31895,21527,39411,24597,14801,43649,24788,18164,39604,22679,16655,40018,21026,18915,39337,21786,17531,39624,22239,17372,46240,26453,19416,52989,29863,22465,51449,31539,19507,51073,31545,19528
109,109,130069,80434,9346,33847,7976,1291,205,0,0,130371,76268,11108,34332,10963,1325,142,0,0,132968,70611,13030,36918,12700,2420,309,133919,70723,13141,36342,12602,1553,239,129660,74509,11440,34999,10557,1779,134,27382,9178,73,0,463,6616,133645,77043,11604,34825,11289,1726,239,106277,70792,6479,23384,6245,984,149,0,0,99705,66749,6912,21516,3780,621,10,19881,3458,83,504,0,109115,62458,9600,26746,9927,1853,205,109115,62458,9600,22777,8952,219,88,823,4198,98882,65466,6732,21911,3929,906,0,0,0,0,0,0,104589,68705,7799,22832,4581,973,0,20521,4091,53,0,105375,67864,8779,22530,5591,874,23,20620,4996,44,23,56975,42442,13406,50170,38319,11851,51529,36240,12081,49601,39315,8627,41124,31860,9201,41047,25803,11580,40629,29378,9691,46355,33864,10627,54699,40704,12639,38893,29793,9057,44028,32134,11140,39104,28525,10326,39395,27548,11688,38869,27957,10868,39081,28318,10725,45870,33484,11950,52594,37917,13732,51046,38265,12364,50907,38887,12020
110,110,124880,104214,3880,7598,8994,660,130,0,0,126896,99812,5745,9178,12626,1278,230,0,0,131219,95812,6482,11452,15223,2027,187,131384,95883,6495,11572,15525,1775,161,126722,98286,5703,8659,14001,953,326,5676,12025,120,70,325,4519,131695,98180,6408,10642,15838,778,298,99066,84895,2534,5207,6220,468,92,0,0,96359,81242,3238,5619,5668,476,99,5023,5335,130,135,0,105465,80333,4491,8011,10789,1517,124,105465,80333,4491,6289,9915,160,30,581,3666,95876,80903,3427,4984,5879,458,134,0,0,0,0,0,99245,82199,3843,5517,6887,419,150,4669,6087,66,150,98774,79526,3751,7401,7293,377,140,6342,6447,48,140,66491,37605,27645,58755,34539,24216,64871,35046,25656,63324,43168,18803,54051,33965,20046,53803,25536,24863,53088,29789,21729,60160,35233,23025,72620,43919,27189,55380,34862,20488,59592,34550,24141,55624,32484,22895,55915,30556,25195,55294,31222,24038,55673,31782,23853,63122,36851,25756,70824,40782,28706,69084,42109,26475,69001,43308,25693
111,111,128307,93533,12607,16644,4000,1776,366,0,0,127176,85721,14573,18956,5795,1385,674,0,0,129021,79474,16354,20616,7394,3854,554,129817,79670,16503,22624,7338,3160,407,127656,85188,15620,19951,5829,1544,625,14773,3876,372,57,2270,5499,129689,83946,17010,21050,6954,2393,347,98419,76598,7517,10050,2845,1172,231,0,0,96014,72486,8498,10866,3044,656,129,9640,2772,346,415,0,101073,67463,10390,13180,5451,2747,415,101073,67463,10390,9929,3821,668,74,2973,5755,96852,71898,9041,11413,3166,783,97,0,0,0,0,0,98922,71778,10196,12252,3442,1050,113,10882,3054,302,113,99713,71478,10868,11970,4152,1211,89,10095,3904,251,89,51641,27782,22715,50274,29083,21191,48590,22737,22738,46585,30317,15139,38137,21745,16369,38463,15707,20443,37251,18627,17411,43682,22877,19410,53993,28199,24496,36868,19937,16912,41916,20970,20316,37165,18354,18553,37731,17070,20549,36873,17646,19201,37445,17912,19513,44396,22336,21731,51738,25802,25446,49304,26868,22099,49364,27929,21435
112,112,123275,113848,2871,2370,3725,639,96,0,0,127797,113752,4516,3942,5601,699,468,0,0,131449,112118,4976,4029,6792,2329,136,131598,112237,4985,4251,7075,2047,136,128007,114193,4118,3494,5979,729,361,1761,4723,103,5,285,2819,131730,116252,4106,3825,5923,789,202,94378,88458,1780,1384,2385,444,55,0,0,97395,89975,2709,1773,2256,418,29,1533,1948,147,288,0,104105,91037,3259,2579,4529,1684,75,104105,91037,3259,1783,3924,107,15,339,3641,97670,90465,2469,1424,2623,402,4,0,0,0,0,0,100855,93580,2438,1806,2568,307,0,1388,2140,52,0,102038,93446,2762,2238,3168,304,9,1702,2748,9,9,65209,31783,32138,60897,29784,31113,67166,29281,32983,65406,37755,26253,56059,29762,26284,55881,20863,31730,54732,24870,28217,62563,30255,30265,77086,39197,36211,60326,31114,29195,63600,30539,32027,60635,29162,31121,61202,27690,33412,60295,28172,32103,60892,28617,32261,68185,33570,34207,76014,38164,37339,74565,39111,35058,74303,39366,34937
113,113,129796,121503,3040,3003,1786,898,81,0,0,133262,122670,3995,3128,3315,595,123,0,0,137535,121046,4824,3874,3521,2867,158,137845,121281,4841,4329,3770,2477,150,133650,121563,4362,4007,3559,727,90,2186,2459,298,30,110,2642,137854,124058,5046,3957,3962,939,95,101350,95673,2050,1945,1254,661,48,0,0,105125,98840,2649,1985,1316,290,60,1560,1045,117,52,0,111103,99361,3295,2510,2607,2191,118,111103,99361,3295,1634,2014,184,33,320,4262,106335,99255,2842,2334,1358,508,50,0,0,0,0,0,111010,102610,3509,2316,1914,578,0,1843,1355,156,0,111661,102994,3548,2464,1983,486,69,1866,1474,125,69,61727,33283,27291,54200,30120,24080,61450,28811,27600,59579,37054,20721,51825,30623,21192,51739,21471,26862,50607,25070,23895,57744,30306,25300,72209,38929,31653,54953,30197,24735,58423,30450,27022,55387,28923,26129,55830,27400,28335,54998,27906,27071,55484,28379,27084,63334,33352,29632,71771,37774,33715,70588,39347,30907,70530,37473,33057
114,114,133005,125950,2489,2780,937,1031,81,0,0,129275,121155,2938,3427,870,1354,135,0,0,131207,118668,3360,3174,1429,3099,144,129173,118418,2836,2064,1623,2790,141,129344,120587,3072,3454,860,1315,67,2235,679,275,31,310,2155,131315,120804,3515,3408,1234,1018,154,105754,100444,1798,2232,623,770,55,0,0,104950,99260,1883,2242,575,967,8,2033,526,360,178,0,107220,97757,2402,2456,1007,2423,106,107220,97757,2402,1875,713,242,20,272,3939,105487,99402,2046,2457,577,961,32,0,0,0,0,0,107002,101137,2013,2347,705,753,28,1823,479,156,28,106516,100812,2294,1826,851,670,10,1431,579,70,10,62428,30055,30997,56288,27990,28298,59969,22410,33259,57246,30938,24728,49201,25065,24123,49617,16478,30566,47887,18792,27606,55046,23687,29601,68670,29158,38037,53416,23154,30247,56412,23293,32346,53887,21979,31619,54589,20120,34388,53532,20975,32544,54395,21869,32510,61092,25261,35491,69416,28425,40511,67170,30728,36143,68013,26548,41465
115,115,149096,130932,4283,7942,1631,5084,98,0,0,145772,126457,4903,8198,1893,4701,186,0,0,141093,119781,4748,6625,1955,7533,166,136107,118937,3455,3886,2122,7038,151,145125,125760,4920,8333,2398,4152,158,6849,1557,3348,93,259,2339,141203,123315,4400,6734,2082,4661,45,119754,104820,3590,7249,1201,3545,75,0,0,115685,101419,3384,6345,990,3443,113,6124,922,2990,59,0,114354,97517,3809,5628,1438,5546,111,114354,97517,3809,4554,1048,3201,20,326,3879,115320,100985,3390,6459,1257,3146,85,0,0,0,0,0,111695,99530,2822,4772,1113,3410,44,4424,921,2806,44,110205,98365,2875,4356,1118,3351,84,3919,870,2621,84,58095,35016,21883,51148,32346,18802,55522,25927,25067,52980,32475,18996,45258,27970,17283,45600,20166,22141,44030,23044,19671,50573,26921,21899,62126,32304,28795,47832,26016,21811,51027,25689,24632,48281,23801,24180,48723,21350,27314,47829,22841,24980,48879,25048,23819,54990,27255,27479,62607,30758,31542,60802,32501,28050,61718,29813,31905
116,116,140300,126540,4187,5756,2235,2131,257,0,0,136496,120221,5291,7480,2577,2071,252,0,0,135945,116421,5308,7151,2705,3959,275,134131,116286,4746,6125,2810,3664,264,135595,119809,5289,7522,2481,1751,242,4903,1740,764,41,221,2832,136494,119873,5111,7411,2878,1743,260,109606,99801,2892,4049,1659,1497,144,0,0,105239,94942,3236,4482,1073,1339,61,3768,837,745,220,0,108398,93712,3852,5412,2044,2933,215,108398,93712,3852,4105,1539,860,53,359,3918,105196,95032,3429,4635,918,1189,31,0,0,0,0,0,106796,96706,3372,4266,1155,1102,34,3346,899,337,34,104716,95553,2878,3781,1153,921,50,2891,862,231,50,53023,27861,24054,47073,25745,21328,50602,20953,26089,48507,29700,17683,40860,22537,18310,41021,14313,23984,39580,17877,20624,45985,21646,22907,57654,25202,31235,41761,18791,22962,45667,19538,25531,42304,17923,24146,42669,14498,28119,41710,16389,25314,42192,16724,25446,48939,20482,28203,56120,23687,32034,53738,25238,28298,54110,21214,32896
117,117,132736,120652,4543,4942,1590,1522,386,0,0,129523,114948,6216,5873,2110,1342,436,0,0,133232,114031,6214,6381,2338,3011,478,132589,114036,6013,6025,2433,2888,478,129001,112931,6607,6109,2381,1676,446,4211,1297,370,242,154,3193,133383,115581,7659,6141,2449,1941,500,99531,91695,2812,3155,1023,1059,221,0,0,97902,88592,3961,3542,784,860,183,3100,611,341,137,0,102544,88669,4394,4576,1631,2190,266,102544,88669,4394,3701,1244,444,153,254,3685,97891,87801,4037,3659,1012,1070,226,0,0,0,0,0,100633,89755,4887,3617,1020,1079,217,3132,655,286,217,99262,88678,4695,3353,1186,929,195,2668,827,268,195,46803,21737,23840,41459,19836,21623,45671,14186,28443,43339,22576,19833,35993,15986,19995,36915,9275,24800,35174,12187,21941,40966,15048,24692,52453,17309,34075,39561,13238,26315,42020,13487,28062,40080,12789,27081,40719,9850,30813,39537,11301,28226,40392,12086,28298,45795,14279,31303,52631,16278,36104,49992,17977,31793,51044,14849,36195
118,118,146172,138850,2765,2812,1103,903,107,0,0,141144,131748,4071,3631,1540,923,172,0,0,139671,125670,4332,3537,1480,2952,174,139573,125850,4223,3701,1648,2651,160,140286,129561,4140,3706,1543,1085,141,1787,781,286,43,237,3446,139453,127732,4103,3540,1584,978,186,113638,108882,1726,1745,728,674,63,0,0,110123,104727,2411,1727,505,587,18,1337,427,243,128,0,110844,101248,2683,2224,981,2274,103,110844,101248,2683,1445,661,170,25,284,4328,109446,103963,2301,1818,588,749,38,0,0,0,0,0,108883,103337,2387,1754,619,601,109,1394,388,63,109,107934,102130,2456,1776,794,619,107,1412,629,38,107,61339,26375,33421,54458,23858,30600,59008,17837,37647,55605,29458,24911,47585,20199,27369,48604,12358,33124,46223,15359,29364,53278,19358,32425,65923,21924,42769,50214,17846,32356,53716,17364,35784,50523,16201,34009,51291,13652,37549,50154,14702,35442,50547,15034,35497,57519,18247,39017,65588,20636,44697,62641,22398,39963,63323,18602,44721
119,119,131702,100787,9429,16203,5860,1049,191,0,0,128140,92841,11380,16005,8808,1259,234,0,0,132021,89582,12877,18788,10018,2172,197,128938,88479,12211,16926,10059,1676,160,127687,91876,11444,16440,8845,1307,302,12018,7923,326,15,251,3835,131468,92696,12140,17722,9543,1121,270,102277,82013,5959,10692,3726,725,129,0,0,94750,75043,6739,9321,2736,470,14,8300,2566,184,436,0,102258,74193,8457,12103,6437,1577,139,102258,74193,8457,9816,5880,253,37,341,3281,93702,73926,6616,9370,2869,481,15,0,0,0,0,0,96204,75594,6780,9971,3115,437,10,8540,2940,195,10,95289,74367,7202,9547,3423,463,27,8167,3101,194,27,47487,23512,23096,41984,21934,20050,44088,18148,23329,41428,26585,13883,36405,20274,16116,37817,15378,19858,35878,17263,17551,40587,19940,19425,49261,22168,26111,34140,15927,18199,38720,16958,21275,34527,14873,19442,34887,12756,22057,34137,13523,20597,34053,13908,20131,40836,17489,23143,47495,20255,27136,45309,21434,23624,45429,19494,25935
120,120,138901,132253,2768,1680,1081,1390,93,0,0,135202,127465,3299,2184,1529,1304,135,0,0,133987,120969,3951,2855,1479,3468,188,134284,121233,3966,3067,1673,3224,178,134077,125577,3597,2419,1486,1282,121,1237,801,127,8,65,2660,134859,124292,3944,2482,1728,1501,229,106473,102256,1646,997,756,967,63,0,0,104733,100162,1927,1126,583,835,14,942,457,145,52,0,105437,96316,2566,1856,1097,2598,138,105437,96316,2566,1163,769,415,17,234,3957,103851,99236,2022,1146,631,855,11,0,0,0,0,0,105101,99873,2260,1274,806,904,5,918,621,106,5,105274,99332,2722,1467,862,812,4,1067,645,71,4,56653,27939,27318,49796,26347,23449,55294,19268,32170,52907,29666,22001,43924,20051,23859,44388,13244,27009,42793,16087,25366,49908,20274,27901,62694,23959,37367,45774,16691,29073,49784,18310,30813,46219,16836,29093,46587,14716,31789,45847,15195,30642,45855,14721,31099,53947,19653,34035,62463,23165,39117,60541,23901,36321,60544,20203,40341
121,121,149985,141694,2917,3113,1450,1136,82,0,0,142691,132975,3951,3312,2035,976,81,0,0,139932,125428,3819,3933,2071,2923,183,140205,125668,3826,4120,2239,2745,175,141913,131890,3872,3259,2168,958,161,1798,1336,210,86,148,2580,139968,128810,3912,3372,2441,918,156,117780,111956,1945,2155,1059,868,47,0,0,112499,106568,2422,1900,862,559,10,1519,599,242,84,0,112631,102206,2586,2653,1512,2235,113,112631,102206,2586,1820,1062,246,18,292,4401,111234,105590,2258,1968,848,557,15,0,0,0,0,0,110498,104230,2547,2034,1186,569,0,1470,931,60,0,108047,101148,2589,1954,1344,870,4,1491,1014,44,4,64296,30761,31934,58112,27684,30428,62093,22018,35907,59235,32440,25241,51872,24403,27436,52380,17208,31572,50880,20062,29166,57099,23741,31497,69627,27401,40612,52948,20609,32314,56905,21569,34589,53387,19931,33117,53801,17576,36137,52947,18601,34318,53339,19832,33476,60919,23125,37427,69501,26870,42160,67277,28516,38368,67738,26994,40744
122,122,143446,134610,2908,2711,2286,1362,109,0,0,140934,130180,3879,3751,2632,945,169,0,0,137003,122326,4187,3496,2999,2667,121,137184,122477,4194,3616,3100,2536,115,140322,128570,4241,3517,2881,880,162,1915,2026,443,130,353,2643,138682,125779,4871,3139,2854,1003,224,113923,107925,1943,1638,1679,942,76,0,0,112754,105821,2786,2057,1309,669,109,1713,1076,341,55,0,110998,100474,2943,2330,2278,1947,86,110998,100474,2943,1616,1757,486,24,279,3419,112647,105523,2886,2068,1431,676,129,0,0,0,0,0,111440,104115,3162,1894,1547,681,90,1479,1244,315,90,111616,103364,3447,2312,1777,556,70,1733,1456,269,70,62055,29437,31205,56254,27059,29195,61667,23285,33778,58966,34357,23149,52258,26338,25892,52896,18423,30317,51189,21909,27766,57243,25557,29704,68963,29595,37765,51833,22510,29310,56262,23326,32083,52303,21802,30174,52661,19277,33229,51850,20148,31683,52016,20743,31242,60175,25047,34780,69035,28992,39673,67038,30316,36363,67392,28701,38691
123,123,131773,107451,5787,11281,7580,1158,204,0,0,127275,99334,6465,13141,8972,1146,91,0,0,133420,97270,8827,15526,10094,2729,262,133933,97501,8878,15609,10276,2068,227,126618,97777,6841,13180,8959,1051,70,8883,7863,179,24,90,4961,133304,100987,7814,14593,9881,1371,61,106502,89478,3732,6960,6210,829,146,0,0,98690,82680,4031,6871,4302,619,25,5701,4006,161,202,0,109761,83447,6129,10067,8349,2017,177,109761,83447,6129,7707,7653,236,45,454,4090,98430,82230,4043,7053,4398,570,20,0,0,0,0,0,103705,85685,4594,7692,4999,622,15,6102,4632,115,15,104283,84003,5856,7955,5721,606,21,6450,5273,51,21,56932,32269,23605,50474,28726,21748,54942,28299,22733,52604,35424,15614,45750,28805,16915,45786,22962,20132,44857,25188,18217,50240,29001,19494,58180,33390,23368,40491,23086,17387,46754,25966,19980,40908,22598,17975,41172,21036,20081,40553,21626,18910,40880,22795,18067,48516,27226,20917,56158,31867,23846,54652,32786,21449,55020,31789,23231
124,124,143037,129759,2968,7995,1808,1140,100,0,0,136227,122396,3427,7949,2064,1232,59,0,0,135311,116263,4051,8575,2460,3016,167,133783,116063,3664,7795,2491,2736,162,135455,121084,3628,7814,2141,1314,89,4935,1682,266,22,96,3742,134736,118929,3891,8050,2304,1134,40,110432,101543,1855,5242,1245,841,70,0,0,105610,97170,2003,4908,817,785,4,4177,635,196,124,0,106570,93384,2678,5617,1740,2283,107,106570,93384,2678,4341,1396,236,23,271,4241,105540,96880,2095,4927,922,726,24,0,0,0,0,0,105035,96085,2206,5098,1053,715,20,3938,853,162,20,104034,94707,2314,5126,1212,660,13,4299,881,131,13,63031,29676,32188,56394,26183,30211,59417,21687,33825,56979,30238,25484,48434,22876,25532,48864,16560,28892,47317,18783,26918,54040,22765,29604,65665,26848,37318,47080,18358,28696,52362,20282,31367,47434,17702,29430,47931,15944,31882,47107,16799,30288,47266,17208,30021,55416,21538,33598,63479,25623,37637,61679,26301,35115,60893,22577,38316
125,125,133388,110924,5069,6390,10401,1463,174,0,0,133766,107423,6365,6810,12584,1485,269,0,0,135801,102165,8353,8061,13578,2828,248,135994,102285,8367,8247,13768,2515,238,133288,106719,6393,7117,12427,1404,134,4659,9770,108,40,379,5220,132720,105173,6728,6821,12592,1737,102,110624,92716,3964,4420,8988,1058,134,0,0,105240,89400,4539,4284,5816,915,50,3510,4699,181,484,0,114826,87460,6684,5917,11798,2130,188,114826,87460,6684,4215,10397,288,32,584,5166,105165,88530,4619,4280,6777,910,45,0,0,0,0,0,104390,88005,4959,3903,6648,822,19,3451,5523,113,19,105928,87775,5878,4362,6956,669,30,3842,5871,134,30,56165,37696,17341,49981,34013,15968,54856,34677,15762,52976,37833,12669,46957,34693,12149,46763,28594,13070,45988,31581,12730,50776,34597,13771,58485,40399,16760,43819,30636,13162,48616,33333,14409,44367,30722,13309,44260,29749,14403,43854,29802,14030,44333,30574,13744,51412,35541,15455,60026,41393,17681,58405,41332,16628,58607,40945,17662
126,126,134506,124923,2601,4426,1630,1260,123,0,0,133919,121888,3562,5009,2738,1201,80,0,0,133919,118555,3771,5643,2346,2717,172,133030,118496,3543,5222,2452,2431,170,133504,121294,3568,5001,2423,1227,64,3187,1873,132,32,121,3296,134026,120440,3493,5021,2634,1452,23,103341,97060,1661,2903,1012,843,69,0,0,104418,97446,2005,2989,1127,757,4,2688,943,239,84,0,106544,96301,2408,3549,1573,1932,112,106544,96301,2408,2571,1188,390,32,253,3401,104624,97302,2155,3129,1183,777,19,0,0,0,0,0,105276,97955,2179,2873,1356,826,8,2353,1230,148,8,104106,96648,2495,2870,1182,802,4,2215,1080,153,4,67698,35241,31005,62973,33421,29552,67230,29806,32995,66071,42049,22722,57494,31000,26468,57264,22863,29658,56205,26356,28371,63205,31683,29395,76351,38212,36427,57380,29029,28330,62162,30113,31165,57876,29084,28502,58100,26178,31836,57412,26550,30843,57567,27267,30273,66444,32654,33438,75375,37511,37492,74056,38124,35603,74328,37286,37042
127,127,129513,117954,2630,4650,3606,1108,102,0,0,129376,114775,3474,6337,4183,1448,84,0,0,132414,112440,4357,6643,5598,2558,140,132533,112516,4366,6738,5816,2363,132,128979,114121,3730,6260,3981,1700,103,4028,3091,203,9,91,3706,131801,114354,4973,6303,4512,1686,127,98549,91309,1534,2756,2406,726,68,0,0,99478,91032,1788,3734,2001,828,10,3215,1699,240,198,0,104889,91405,2732,4272,3914,1834,71,104889,91405,2732,3246,3363,385,9,324,3425,99770,91340,1959,3606,1852,881,10,0,0,0,0,0,102435,92765,2623,3731,2215,972,14,2976,1867,112,14,101775,91341,2897,4024,2215,836,24,3176,1891,105,24,66045,35857,28981,61658,33863,27795,65818,31824,29795,64918,43014,20649,56304,32454,23813,56146,24813,26668,55052,28312,25224,62278,33668,26479,76158,41676,32759,55847,30405,25421,60998,32286,27818,56395,30996,25106,56524,28303,28104,55887,28443,27422,56046,29391,26628,65315,35187,29716,74172,40502,33245,73189,41234,31557,73632,40918,32714
128,128,130195,86673,7598,31686,3970,2756,168,0,0,124640,82464,8477,29343,4630,2429,127,0,0,130268,80663,9757,31437,6515,3672,228,131060,80770,9875,31237,6513,3017,180,125033,81604,9193,29307,5070,2428,92,24013,4018,757,28,548,4877,129469,81566,9816,31886,5845,2719,164,98844,70662,4573,20007,2881,1988,108,0,0,93290,67891,4537,17803,1809,1213,14,16897,1597,641,178,0,102087,67938,6352,21261,4787,2529,157,102087,67938,6352,18444,4235,857,17,422,3822,92955,67277,4724,17822,2050,1056,26,0,0,0,0,0,95678,67817,5127,18834,2464,1375,30,17074,2236,795,30,94925,66823,5621,17813,2866,1550,28,16108,2556,633,28,59059,39157,18869,54113,36990,17123,54213,33764,17552,53189,40074,11868,44751,30919,13789,44625,24911,15478,43878,27886,14766,49980,32841,15376,59896,39522,19041,40366,26154,14198,46696,30122,15972,40928,26686,13996,41020,24929,16020,40476,24924,15538,40581,25444,15113,48943,31525,17088,56544,36442,19693,55516,36676,18462,55877,36676,19201
129,129,128166,90510,7387,21525,8090,2824,188,0,0,128426,83760,8877,25419,10010,3076,410,0,0,132872,81262,10364,28998,10225,3856,273,133533,81464,10435,29225,10334,2945,210,127078,82100,8821,25865,10414,2988,362,19974,8732,871,31,208,6337,130146,84770,9010,26170,10462,2246,157,102301,77012,4753,13456,6281,1852,120,0,0,95174,70470,5417,13705,3514,1650,70,12755,3230,785,434,0,106942,70715,7194,19230,7729,2749,197,106942,70715,7194,16120,6951,835,51,442,4634,95506,69891,5662,13836,3987,1699,37,0,0,0,0,0,99046,72848,5867,14478,4570,1200,36,12851,4286,543,36,100011,72883,6322,14836,4767,1105,35,12901,4344,371,35,49741,32334,16391,43672,30244,13428,44446,27366,14477,43235,32594,9355,36611,25448,11116,36633,20302,12442,35857,22938,11770,40958,26837,12496,49526,32384,15956,32698,21357,11327,38107,24508,13040,33136,21556,11333,33178,20122,12979,32733,20223,12494,32801,20542,12234,40437,26119,14039,47891,31058,16507,46687,31318,15056,47039,31199,15840
130,130,136413,124120,4712,4976,2068,987,99,0,0,135047,121617,5263,5035,2671,1022,209,0,0,136610,118450,6601,6045,2332,2546,117,136818,118578,6621,6277,2421,2322,110,134979,120442,5643,5649,2461,1166,63,3006,2011,89,4,221,3563,136547,120390,6106,5974,2725,1147,38,103964,96334,2778,3004,1378,673,56,0,0,104385,96655,3128,2836,1138,520,70,2359,1085,99,63,0,107965,95937,4163,3741,1583,1877,82,107965,95937,4163,2730,1213,185,20,281,3436,105015,96910,3439,2982,1119,502,0,0,0,0,0,0,106885,98090,3725,3334,1242,432,0,2525,1127,40,0,106251,97750,3135,3682,1071,528,29,2937,834,49,29,64820,29801,33934,58257,26958,31299,63843,24125,35363,62186,33968,26946,51780,24787,26977,51644,17569,30389,50917,20371,29044,58486,25322,31293,72607,31532,39334,54495,23061,31413,58649,24061,33682,55029,22572,32188,55337,20748,34488,54533,20770,33742,54662,20467,34169,63335,26513,36440,72332,31272,40474,70687,31944,38495,69439,28718,40721
131,131,135830,125504,4300,4144,1338,1045,102,0,0,132399,120216,5732,4171,1904,785,164,0,0,132340,115543,6641,4963,1672,2614,175,131873,115513,6536,4853,1781,2346,155,131816,119222,6284,4007,1766,780,95,2443,1383,269,34,72,2102,131372,117152,6234,4793,1710,927,49,106262,99401,2774,2655,938,750,59,0,0,104006,96887,3260,2461,707,581,33,2121,631,346,129,0,106346,94614,4445,3271,1205,1965,121,106346,94614,4445,2348,836,237,29,314,3523,104201,96970,3393,2394,892,560,34,0,0,0,0,0,104707,96825,3646,2607,888,640,10,2147,717,151,10,103957,95676,3760,2807,948,624,9,2203,633,61,9,60732,30646,28737,54548,28875,25673,59283,24649,30229,57171,33749,22035,48861,25643,23195,49102,17948,27039,47780,20905,25350,54211,25358,26923,65864,29817,34291,49450,22540,26890,53678,23820,29042,50005,22318,27390,50346,20247,29988,49480,20396,29067,49542,20382,29113,57401,25497,31528,65556,29506,35543,63797,30403,33132,63245,26840,36405
132,132,145901,136899,2432,4050,1624,1136,74,0,0,142639,132133,3024,4501,2103,1116,35,0,0,139621,125805,3136,4011,2486,3035,134,138386,125672,2847,3401,2607,2735,123,142373,131639,2889,4591,1918,1206,103,3298,1565,210,14,324,2434,139864,128946,2893,3995,2302,1130,63,112530,106189,1652,2888,1098,841,54,0,0,111020,104510,1998,2995,704,786,8,2692,604,176,69,0,110131,100262,2132,2788,1705,2230,98,110131,100262,2132,2100,1436,244,19,308,3630,110405,103965,1954,3078,644,803,4,0,0,0,0,0,108950,102900,1760,2633,860,752,4,2273,750,108,4,106818,100633,1873,2338,1108,680,18,2016,897,94,18,62628,27165,34116,55935,25038,30897,62087,20605,37253,59546,29282,28871,50335,22412,27904,50791,15377,30205,49232,17857,29561,55939,21688,32307,68120,25553,41022,50664,18711,31933,55207,19968,34553,51118,18075,32751,51603,16534,34962,50722,17045,33650,50726,16755,33950,58768,21372,37085,66844,25165,41167,65166,25749,39188,64464,21792,42672
133,133,132484,123759,3060,3072,1894,988,88,0,0,131952,121053,4231,4044,2107,1037,176,0,0,133638,117943,5524,4171,2419,2549,168,132966,117731,5412,3970,2546,2305,155,131557,119438,4031,4753,2516,1040,219,3291,1612,215,80,235,2655,133586,120550,4311,4187,2563,978,70,103379,97279,2067,2165,1306,729,58,0,0,103775,97225,2358,2440,1137,455,45,2160,1023,143,116,0,107041,95928,3722,2976,1644,1912,115,107041,95928,3722,2180,1284,263,19,336,3309,103665,96455,2412,2893,1183,561,80,0,0,0,0,0,105510,98530,2611,2349,1345,593,0,1961,960,42,0,104701,97343,3304,1962,1384,587,37,1633,948,35,37,64110,28592,34277,57593,25288,32305,64699,23512,36560,62450,32495,28447,53092,24979,28097,53307,17268,31658,52198,20159,30346,58951,24568,32335,71053,29697,39445,54605,22221,32365,58751,23320,34505,55260,21819,33095,55599,20065,35423,54686,20052,34610,54718,19565,35132,62929,25436,37066,71658,29996,41004,70069,30865,38886,69060,26666,42394
134,134,131631,115978,5488,7537,2435,873,85,0,0,132085,110247,7635,10615,3962,808,105,0,0,133413,106259,9009,12697,3800,1997,125,133576,106349,9035,12732,3836,1752,109,132013,110196,8045,10619,3981,600,94,7428,2515,61,15,227,3526,132709,105788,9314,14232,3788,1278,67,102102,92258,3283,4584,1674,597,51,0,0,101860,88990,4788,5847,1717,436,4,5440,1364,127,129,0,106259,87924,5742,8314,2616,1509,83,106259,87924,5742,6873,2173,201,16,313,3017,101785,88820,5086,5694,1514,335,15,0,0,0,0,0,101645,85740,5940,7545,1710,446,0,6985,1374,34,0,100426,83802,6325,7828,1745,434,13,6783,1444,49,13,67240,31323,35008,59542,28339,31203,66279,26418,35952,64133,37959,25022,51764,25608,26139,52007,19593,29258,50976,21321,28325,59595,27331,30499,73246,33169,38390,52790,23223,29543,58399,24912,32616,53391,22817,30320,53663,20748,32812,52887,20773,32089,53644,21487,32144,62149,26980,34778,71202,31967,38627,69134,32457,36420,67407,32276,35131
135,135,127849,115814,3068,3201,5527,559,72,0,0,129096,114236,4450,3454,6954,596,101,0,0,132963,113957,4678,4435,7593,1495,136,133037,114008,4684,4559,7666,1344,122,129267,113401,4781,4045,7109,487,65,2878,5456,206,9,17,2519,132213,115866,4972,3556,6485,529,134,97391,89636,1840,2066,3603,374,54,0,0,98135,90010,2409,2202,3211,297,20,1964,2921,169,44,0,104985,92087,2978,2938,5148,1061,100,104985,92087,2978,2185,4552,142,19,301,2721,98555,89915,2533,2234,3587,299,10,0,0,0,0,0,101340,93280,2687,2093,2919,210,29,1783,2465,83,29,101378,92512,2946,2268,3292,210,31,1917,2812,26,31,73999,38328,34654,69430,34818,34612,74158,38377,30316,73106,46457,25194,64084,38578,25482,63765,30970,29145,63177,33432,28272,70094,39459,28312,82533,48920,31353,64189,37569,26595,69031,39135,28640,64791,37526,26977,64892,36046,28749,64244,35371,28852,64877,36376,28489,72635,42401,29655,80522,48622,30816,79526,47865,31318,78273,47845,30428
136,136,136233,96081,12405,21684,7250,1152,144,0,0,135291,88524,15971,25236,6819,1151,146,0,0,136461,84450,17226,27472,7844,2387,180,136861,84535,17289,26901,7739,1915,133,135404,86703,15675,26776,7249,1267,339,22278,5951,239,67,667,3819,137984,87221,17492,26676,7679,1566,296,107244,80343,7898,14117,5173,790,93,0,0,102662,74215,9942,15832,2151,542,40,15037,1934,210,115,0,109185,72063,11848,19250,5816,1761,130,109185,72063,11848,16155,5014,211,23,415,3456,103425,73527,10318,16685,2119,619,70,0,0,0,0,0,105205,74417,11224,16285,2505,819,50,14958,2021,131,50,104800,73465,11245,16557,3011,893,8,14731,2477,77,8,67027,43169,22865,62157,41866,20291,63873,40209,19442,62148,45962,14474,52253,37641,14584,52133,31566,16941,51474,33815,16152,58377,39391,16910,68950,47188,20038,48651,33268,15357,55300,37094,17258,49323,33454,15555,49411,32109,17187,48781,31922,16828,49451,32372,17042,57280,38802,18027,64684,44248,19669,63117,43898,18841,62314,44152,18162
137,137,135565,43247,23426,68062,4622,2066,326,0,0,131868,42799,26311,62409,4467,3460,272,0,0,137736,39519,28100,66693,6742,2667,362,139383,39626,28385,65238,6386,1430,199,131732,42811,26686,61873,4506,3278,434,53149,3486,279,40,218,5064,134538,43884,26840,62624,5372,2402,518,97661,37113,14399,44228,3501,1352,197,0,0,93719,36055,15494,39319,1808,764,10,38313,1668,259,498,0,103995,34799,18417,46508,5376,1909,246,103995,34799,18417,41823,4664,272,40,400,3580,94240,36529,15818,38692,1998,797,24,0,0,0,0,0,97164,37809,16337,39710,2449,867,4,38096,2229,192,4,96257,36381,17200,38824,2702,999,14,36267,2484,192,14,48598,38315,9748,45270,37197,8073,44114,33125,9217,41654,34071,6616,30439,23927,6500,30903,22139,7255,30287,22636,6962,36932,28223,7828,45123,33523,10788,24743,17416,7312,32536,23873,8288,25508,17979,7341,25642,17322,8277,25196,17364,7815,25548,17031,8497,33125,23766,9146,39758,28606,10832,37974,27795,9921,37305,27962,9343
138,138,132216,97050,7249,21372,6954,1196,167,0,0,132118,93880,8098,22144,8196,961,286,0,0,136283,90875,9884,22469,11737,2243,178,136684,90954,9922,22595,11683,1702,137,131563,92741,8735,21658,8932,836,189,17624,7761,209,72,614,3811,136462,95192,9987,21425,10388,1056,253,108424,83184,4959,14561,5650,904,129,0,0,102883,79252,5235,13965,3603,623,65,13301,3234,218,218,0,114190,80004,6974,16113,9603,1672,121,114190,80004,6974,13884,8549,199,30,524,4026,103270,78587,5626,13939,4541,563,54,0,0,0,0,0,109051,82323,6281,14200,5357,653,69,12589,4860,125,69,112118,85233,6871,13054,5945,588,14,11200,5281,130,14,58911,36807,21098,52758,33663,19095,57892,33476,19991,56288,38775,15567,47035,31599,15416,46956,25677,17313,46446,28249,16620,52983,33074,17673,63744,40650,21234,45144,28334,16794,50837,31410,18399,45748,28332,17093,45803,27224,18472,45316,27155,18139,45825,27473,18321,53649,33573,19559,61631,39116,21642,60233,38992,20808,59199,38989,20210
139,139,141546,128396,4433,6200,1236,1931,101,0,0,137568,123096,5221,6621,1517,1598,89,0,0,136313,117651,6447,6673,1567,3225,164,135047,117211,6225,6284,1648,2937,155,136944,121580,6022,6554,1565,1561,83,4535,1075,596,0,202,2934,135968,119654,5951,6478,1697,1463,244,110745,101750,2772,4350,834,1366,74,0,0,108655,99145,2985,4588,841,1036,0,3815,713,585,160,0,109579,96380,4417,4564,1104,2355,86,109579,96380,4417,3534,751,584,26,315,3572,108550,98475,3515,4598,832,1050,0,0,0,0,0,0,108165,98130,3525,4498,825,1028,20,3856,714,432,20,107272,96739,4042,4243,1022,1026,32,3536,853,345,32,60515,24641,34714,54123,22063,32060,59843,17807,38056,57314,28082,27959,46878,18665,28194,47692,12848,31108,46176,14251,30350,53729,18983,32977,66654,22742,42266,49640,16658,32962,53729,17377,35598,50238,16217,33743,50737,14453,36193,49699,14591,35090,49380,14128,35227,57696,18842,38569,65875,22057,43527,63701,22762,40673,62214,19358,42856
140,140,130009,114410,5396,7339,2350,1361,98,0,0,127058,107945,6846,9535,2899,1365,8,0,0,129639,104044,7975,11122,4646,2466,123,129821,104130,7994,11183,4681,2253,112,127033,107014,7146,10157,3216,1241,7,6332,2445,365,7,52,3678,129814,105835,7188,12317,4512,1302,2,104269,94324,3172,4552,1716,872,62,0,0,100286,88890,4373,5159,1112,737,4,4646,938,248,50,0,105546,88142,5087,7392,3277,1759,84,105546,88142,5087,5871,2717,484,17,266,2962,100396,88700,4117,5617,1255,765,4,0,0,0,0,0,102534,88390,4461,7090,1937,737,2,6084,1613,206,2,101580,87674,5253,5995,1960,631,6,4982,1596,171,6,63845,36045,26576,56781,33304,23477,60070,30156,26617,58339,40990,15884,46962,29880,17078,47396,25025,20007,46260,24317,20610,54178,31511,21109,66717,38745,26547,47173,28350,18796,52716,30146,21855,47937,28258,19348,48076,26967,21011,47335,26781,20526,47821,30150,17643,56155,32547,23215,64823,36802,27181,62561,37676,24554,61566,38656,22910
141,141,119356,30105,5196,81946,3271,1305,126,0,0,118611,29761,8271,75742,5974,951,236,0,0,127660,28673,9804,80342,9966,2071,192,128781,28711,9854,80401,9778,1265,145,117999,29941,8306,74140,6726,998,205,69122,6050,214,129,425,3812,126403,32816,9405,75109,10170,1289,126,90752,26920,3329,58129,2793,939,84,0,0,87699,25882,5104,53656,2339,527,27,52966,2123,213,331,0,97194,25382,6281,58748,7026,1501,147,97194,25382,6281,55389,6424,318,50,428,2922,87249,26249,4937,52647,2675,578,33,0,0,0,0,0,93455,28832,5635,54224,3927,752,2,52651,3571,254,2,91551,28229,5699,51448,5293,911,8,49686,5084,220,8,54663,49284,4877,49666,45868,3798,46770,41506,4017,44116,40537,2725,33292,30536,2756,34561,30093,3225,33706,29256,3941,40049,35854,3498,48359,43164,4607,26839,23760,3060,35384,31614,3517,28181,24971,3037,28439,24864,3520,27901,24605,3275,28157,25510,2627,35980,31594,4142,43160,36548,5764,40674,35463,4840,40176,35905,4271
142,142,126185,113849,5635,4922,1340,1024,65,0,0,124478,108845,7672,6371,1549,1175,129,0,0,130072,107657,8934,9255,2433,2144,111,130261,107747,8961,9431,2458,1899,109,124225,107571,7474,6490,1552,1250,100,4609,1155,435,39,571,2370,130219,110455,8333,8562,1697,1297,80,98962,91484,3371,2731,918,691,39,0,0,97773,88882,4329,3034,724,690,40,2721,639,383,111,0,103436,89093,5640,5518,1643,1467,87,103436,89093,5640,4281,1172,336,17,263,2634,98508,89781,4400,2977,594,738,39,0,0,0,0,0,103360,92968,5051,3975,855,598,29,3546,724,126,29,102589,90351,6071,4440,983,914,23,3663,810,174,23,60416,33016,26310,55235,31668,23567,57490,26399,28240,55712,39243,15391,44921,26875,18046,45999,21719,22265,44373,21090,21992,52019,28058,22638,64131,33174,29808,45404,25130,20249,50714,26125,23982,46301,24618,21381,46738,22972,23684,45591,22774,22790,45738,24310,21387,54125,27804,25959,62591,30940,30831,59768,32268,27204,59114,33808,25306
143,143,125776,108990,2777,11184,2515,808,73,0,0,123576,100799,3710,14514,4395,671,47,0,0,130298,98535,5610,17249,7511,1714,128,130516,98604,5622,17327,7539,1482,105,124320,100009,4257,14881,5000,1126,45,12280,4256,339,22,146,3016,130173,101333,5460,16136,6178,1299,98,100966,90038,1603,7257,1725,542,43,0,0,97773,84290,2159,9430,1454,352,30,9111,1352,175,49,0,105457,83855,3593,11863,4973,1169,88,105457,83855,3593,10542,4484,210,30,277,2466,98337,84218,2341,9521,1701,360,20,0,0,0,0,0,102271,86077,3236,9873,2431,470,43,9191,2254,181,43,101129,82747,3885,10124,3808,440,42,9235,3467,148,42,58739,32131,25509,53591,30299,23292,55744,25380,27778,53830,37232,15559,42146,25302,16844,42984,20622,20561,41690,19930,20495,49712,26824,21655,62447,32524,28768,42318,22930,19365,48057,24734,22784,43087,22790,20001,43385,21307,21981,42554,21208,21324,42858,23617,19206,51744,26643,24740,61096,30385,29864,58539,31606,26586,57473,31491,25982
144,144,133459,122467,2656,5535,2132,1049,72,0,0,134694,122843,3207,6146,2242,1064,133,0,0,137194,120502,4316,6261,3257,2250,108,136623,120443,4188,6020,3287,2069,106,133917,119517,3685,7545,2151,1430,146,5135,1417,430,17,191,3522,136670,122006,3190,7090,2234,1362,45,101846,94645,1590,3728,1377,683,44,0,0,104451,96929,1766,3692,1185,571,20,3263,1100,260,327,0,108700,97479,2696,4094,2221,1618,78,108700,97479,2696,3224,1856,317,15,272,2841,103662,95090,1832,4416,1211,763,15,0,0,0,0,0,106313,98256,1686,4148,1278,742,0,3585,869,260,0,106952,98639,2118,4074,1208,700,5,3310,827,202,5,63930,27445,35384,59360,24531,34829,65679,22251,40028,63279,34453,27710,53197,24176,29009,54147,18877,33070,52595,18406,32865,60619,24787,34377,75879,30859,43615,56928,22743,34175,61078,23659,36718,57614,22537,34793,58054,21148,36802,57072,20986,36076,56503,20191,36268,66360,26061,39913,76147,29938,45456,73809,30751,42719,71905,25341,46564
145,145,137295,116020,2880,14068,2021,2969,105,0,0,134972,111623,4181,14929,2409,3029,184,0,0,135445,106148,4845,16831,3231,4579,103,135815,106259,4870,17207,3268,4221,83,134801,111693,4532,13630,2323,2388,233,10956,1729,1486,84,470,3849,134690,109435,5616,14329,2928,2916,215,108143,93877,1809,9322,1445,1967,74,0,0,105127,90407,2499,9278,1187,1672,35,8487,1027,1269,176,0,108620,88458,3124,11255,2371,3197,63,108620,88458,3124,9836,1992,1582,13,348,3267,105805,90875,2914,8863,1388,1552,65,0,0,0,0,0,106397,90743,3504,8849,1588,1610,30,7778,1409,909,30,104819,88927,3316,9076,1736,1533,20,7818,1438,845,20,61693,31823,28859,58258,30456,27802,59909,24701,32297,56723,35371,20327,46084,23843,22228,46653,19383,25516,45261,19147,25035,53525,25666,26631,67527,31691,34577,47794,22036,25746,53032,23802,28629,48638,21863,26541,49121,20382,28674,48039,20403,27627,48052,23394,24646,57090,25656,31114,66110,29448,36095,63452,30095,33099,61671,29359,32312
146,146,122366,100778,2870,7946,10683,616,94,0,0,125509,97886,4937,9879,12849,903,146,0,0,129595,95822,4977,10942,16561,1260,108,129656,95851,4983,10955,16592,1183,102,125799,96034,5539,10501,14104,1395,143,7716,12798,401,32,54,3225,129577,99226,5849,10197,13910,1352,155,98132,82100,1897,5469,8503,416,59,0,0,93840,78735,3125,6108,5261,481,34,5745,4893,238,107,0,105827,80073,3491,7975,13207,885,85,105827,80073,3491,6915,12315,167,16,383,2467,93285,77415,3369,6178,5493,538,14,0,0,0,0,0,97025,81580,3364,6048,5162,595,8,5304,4867,231,8,98558,82440,3546,5518,6312,441,23,5134,5721,163,23,62080,34058,27166,57695,30255,27440,60031,31704,25390,58957,40443,17448,49226,30805,18421,49416,26794,20839,48618,25373,22194,55558,32666,21618,67402,40811,25431,49107,29859,19228,54170,31833,21705,49870,30102,19519,49826,29139,20591,49330,28433,20873,49707,31886,17790,57550,34462,22708,65632,39052,25537,64044,39267,24465,63186,39850,23336
147,147,142059,133106,2843,4284,780,1334,66,0,0,140538,131373,3305,3769,1112,1243,68,0,0,137090,125692,3385,3537,1102,2414,101,132049,124332,2378,856,1142,2259,97,140004,130522,3521,3978,895,1160,54,3143,524,459,2,187,1646,136798,127458,2930,2991,1073,1034,75,111798,104657,2113,3830,485,906,37,0,0,112087,105860,2000,2926,466,870,0,2773,367,468,53,0,111458,102772,2506,2990,754,1709,84,111458,102772,2506,2455,510,500,14,218,2483,111655,104976,2271,3312,401,863,0,0,0,0,0,0,108992,103513,1857,2264,712,754,25,1951,567,235,25,108788,102966,2039,2485,516,652,97,2117,429,254,97,70031,29515,39118,65227,26904,38323,69451,21679,44242,67685,36033,30494,56956,24589,32365,58008,17946,37542,56400,18104,36907,64138,24451,38198,78374,28866,47966,60776,22827,37936,64579,22988,40911,61565,22230,38910,61958,20450,41396,60931,20440,40472,60677,19164,41458,69292,24779,44090,78101,27815,49539,75700,28979,46327,74098,23247,50851
148,148,137091,128230,2079,2395,1315,3435,56,0,0,131545,121490,2420,2780,1613,3469,98,0,0,130906,116891,2667,3159,1512,5451,178,131105,117047,2676,3253,1589,5366,173,130636,120120,2502,2841,1754,3404,62,1847,1203,2509,26,101,2328,131445,119464,2760,3092,1855,3390,92,105540,99752,1287,1487,920,2270,35,0,0,101759,95799,1400,1625,667,2236,10,1389,572,1725,74,0,102562,92887,1757,2125,1096,3708,132,102562,92887,1757,1544,775,1979,15,316,3289,101534,95218,1479,1735,882,2253,8,0,0,0,0,0,102780,96038,1697,1835,997,2283,10,1505,662,1461,10,101804,94999,1750,1854,1043,2055,18,1318,866,1228,18,54683,22391,30951,48697,19625,29072,53047,14959,34660,50292,24254,24970,40821,16591,24221,40968,10923,27006,40225,11883,27243,46706,15969,29379,59006,18654,38988,43690,14074,29607,47233,14577,32060,44123,13472,30426,44749,12063,32605,43770,12510,31251,43603,11406,32182,50854,15586,35015,58010,17907,39755,56356,19108,37001,55468,14249,41219
149,149,126079,88594,17113,15839,5073,1914,180,0,0,125941,87042,15902,15991,7628,1758,142,0,0,133764,87322,18455,19064,8498,2695,234,134099,87391,18561,18608,8473,2336,183,125858,87699,15677,16029,7184,1739,147,12674,6206,397,6,101,3093,133109,91229,17299,16894,8054,2237,149,97083,72734,10791,10334,3211,1303,130,0,0,93289,71617,10159,8403,2066,1009,0,7729,1771,405,139,0,105973,73740,12922,12975,5561,1927,158,105973,73740,12922,10615,4930,553,14,388,2811,94243,72319,10165,8687,1988,973,4,0,0,0,0,0,100308,75848,11174,9223,2749,1170,24,8314,2304,355,24,102687,76000,11307,10865,3261,945,42,9860,2793,272,42,53491,33998,18487,48293,31259,17034,51654,29258,19814,49880,36399,12075,41158,27809,13349,41735,23643,15852,40731,23196,16300,47252,29393,16463,58703,36024,21452,40738,25249,15453,45828,27892,17337,41511,25433,15757,41666,24610,16946,40898,24114,16754,41094,24342,16702,48981,29624,18953,56940,33521,22509,54703,33935,20398,53518,31234,22284
150,150,136741,120610,8306,4719,954,3134,100,0,0,130543,112498,9631,4695,1197,3028,133,0,0,129792,106588,11836,5642,1263,4423,168,129360,106458,11746,5402,1283,4265,159,129606,111117,9910,5119,1188,2938,149,3045,735,1675,41,109,2974,129315,109758,10435,5384,1393,2920,173,106720,96636,5016,2783,670,2067,74,0,0,102290,91285,5850,2611,458,1980,62,2308,310,1483,35,0,102803,87250,7573,3586,949,3069,108,102803,87250,7573,2358,683,1379,36,233,3291,101575,90515,5819,2775,554,1843,38,0,0,0,0,0,101480,90235,6143,2785,680,1634,54,2273,544,906,54,99414,87159,7252,2771,604,1647,46,2135,423,876,46,59409,29269,28763,51998,23869,28129,54547,19220,31768,52695,29935,21731,43446,20944,22489,43749,15548,25979,42695,15796,25806,49039,20673,27059,59810,23324,35114,43091,18059,25016,47731,18543,28580,43519,16949,26365,43880,15380,28441,43123,15655,27454,43029,14439,28565,50382,19559,30556,57408,22371,34600,55617,23715,31682,54790,17708,37082