ID,Label,T_10_CENS_Total,T_10_CENS_White,T_10_CENS_Hispanic,T_10_CENS_Black,T_10_CENS_Asian,T_10_CENS_Native,T_10_CENS_Pacific,T_10_CENS_BlackAlone,T_10_CENS_NativeAlone,T_19_ACS_Total,T_19_ACS_White,T_19_ACS_Hispanic,T_19_ACS_Black,T_19_ACS_Asian,T_19_ACS_Native,T_19_ACS_Pacific,T_19_ACS_BlackAlone,T_19_ACS_NativeAlone,T_20_CENS_Total,T_20_CENS_White,T_20_CENS_Hispanic,T_20_CENS_Black,T_20_CENS_Asian,T_20_CENS_Native,T_20_CENS_Pacific,T_20_ACS_Total,T_20_ACS_White,T_20_ACS_Hispanic,T_20_ACS_Black,T_20_ACS_Asian,T_20_ACS_Native,T_20_ACS_Pacific,T_20_ACS_BlackAlone,T_20_ACS_AsianAlone,T_20_ACS_NativeAlone,T_20_ACS_PacificAlone,T_20_ACS_OtherAlone,T_20_ACS_TwoOrMore,T_22_ACS_Total,T_22_ACS_White,T_22_ACS_Hispanic,T_22_ACS_Black,T_22_ACS_Asian,T_22_ACS_Native,T_22_ACS_Pacific,V_10_VAP_Total,V_10_VAP_White,V_10_VAP_Hispanic,V_10_VAP_Black,V_10_VAP_Asian,V_10_VAP_Native,V_10_VAP_Pacific,V_10_VAP_BlackAlone,V_10_VAP_NativeAlone,V_19_CVAP_Total,V_19_CVAP_White,V_19_CVAP_Hispanic,V_19_CVAP_Black,V_19_CVAP_Asian,V_19_CVAP_Native,V_19_CVAP_Pacific,V_19_CVAP_BlackAlone,V_19_CVAP_AsianAlone,V_19_CVAP_NativeAlone,V_19_CVAP_OtherAlone,V_19_CVAP_TwoOrMore,V_20_VAP_Total,V_20_VAP_White,V_20_VAP_Hispanic,V_20_VAP_Black,V_20_VAP_Asian,V_20_VAP_Native,V_20_VAP_Pacific,V_20_VAP_NH_Total,V_20_VAP_NH_White,V_20_VAP_NH_Hispanic,V_20_VAP_NH_BlackAlone,V_20_VAP_NH_AsianAlone,V_20_VAP_NH_NativeAlone,V_20_VAP_NH_PacificAlone,V_20_VAP_NH_OtherAlone,V_20_VAP_NH_TwoOrMore,V_20_CVAP_Total,V_20_CVAP_White,V_20_CVAP_Hispanic,V_20_CVAP_Black,V_20_CVAP_Asian,V_20_CVAP_Native,V_20_CVAP_Pacific,V_20_CVAP_BlackAlone,V_20_CVAP_AsianAlone,V_20_CVAP_NativeAlone,V_20_CVAP_PacificAlone,V_20_CVAP_OtherAlone,V_22_CVAP_Total,V_22_CVAP_White,V_22_CVAP_Hispanic,V_22_CVAP_Black,V_22_CVAP_Asian,V_22_CVAP_Native,V_22_CVAP_Pacific,V_22_CVAP_BlackAlone,V_22_CVAP_AsianAlone,V_22_CVAP_NativeAlone,V_22_CVAP_PacificAlone,V_24_CVAP_Total,V_24_CVAP_White,V_24_CVAP_Hispanic,V_24_CVAP_Black,V_24_CVAP_Asian,V_24_CVAP_Native,V_24_CVAP_Pacific,V_24_CVAP_BlackAlone,V_24_CVAP_AsianAlone,V_24_CVAP_NativeAlone,V_24_CVAP_PacificAlone,E_08_PRES_Total,E_08_PRES_Dem,E_08_PRES_Rep,E_12_PRES_Total,E_12_PRES_Dem,E_12_PRES_Rep,E_16_PRES_Total,E_16_PRES_Dem,E_16_PRES_Rep,E_16_SEN_Total,E_16_SEN_Dem,E_16_SEN_Rep,E_18_SEN_Total,E_18_SEN_Dem,E_18_SEN_Rep,E_18_GOV_Total,E_18_GOV_Dem,E_18_GOV_Rep,E_18_AG_Total,E_18_AG_Dem,E_18_AG_Rep,E_16-20_COMP_Total,E_16-20_COMP_Dem,E_16-20_COMP_Rep,E_20_PRES_Total,E_20_PRES_Dem,E_20_PRES_Rep,E_16-22_COMP_Total,E_16-22_COMP_Dem,E_16-22_COMP_Rep,E_22_SEN_Total,E_22_SEN_Dem,E_22_SEN_Rep,E_22_GOV_Total,E_22_GOV_Dem,E_22_GOV_Rep,E_22_AG_Total,E_22_AG_Dem,E_22_AG_Rep,E_22_AUD_Total,E_22_AUD_Dem,E_22_AUD_Rep,E_22_SOS_Total,E_22_SOS_Dem,E_22_SOS_Rep,E_22_TREAS_Total,E_22_TREAS_Dem,E_22_TREAS_Rep,E_22_CONG_Total,E_22_CONG_Dem,E_22_CONG_Rep,E_22_SC1_Total,E_22_SC1_Dem,E_22_SC1_Rep,E_22_SC2_Total,E_22_SC2_Dem,E_22_SC2_Rep,E_22_SCC_Total,E_22_SCC_Dem,E_22_SCC_Rep,E_20-24_COMP_Total,E_20-24_COMP_Dem,E_20-24_COMP_Rep,E_24_PRES_Total,E_24_PRES_Dem,E_24_PRES_Rep,E_24_SEN_Total,E_24_SEN_Dem,E_24_SEN_Rep,E_24_CONG_Total,E_24_CONG_Dem,E_24_CONG_Rep,E_24_SC1_Total,E_24_SC1_Dem,E_24_SC1_Rep,E_24_SC2_Total,E_24_SC2_Dem,E_24_SC2_Rep,E_24_SC3_Total,E_24_SC3_Dem,E_24_SC3_Rep
0,Un,0,0,0,0,0,0,0,0,0,0,0,0,0,0,0,0,0,0,0,0,0,0,0,0,0,0,0,0,0,0,0,0,0,0,0,0,0,0,0,0,0,0,0,0,0,0,0,0,0,0,0,0,0,0,0,0,0,0,0,0,0,0,0,0,0,0,0,0,0,0,0,0,0,0,0,0,0,0,0,0,0,0,0,0,0,0,0,0,0,0,0,0,0,0,0,0,0,0,0,0,0,0,0,0,0,0,0,0,0,0,0,0,0,0,0,0,0,0,0,0,0,0,0,0,0,0,0,0,0,0,0,0,0,0,0,0,0,0,0,0,0,0,0,0,0,0,0,0,0,0,0,0,0,0,0,0,0,0,0,0,0,0,0,0,0,0,0,0,0,0,0,0,0,0,0,0,0,0,0,0,0,0,0,0,0,0,0,0,0,0,0,0,0,0,0,0,0
1,1,106148,52205,4831,46612,2293,1550,297,0,0,107934,54816,5996,44186,2573,2194,211,0,0,113787,55910,8407,44290,3837,2498,201,110794,55768,6726,44527,3051,1817,229,39304,2043,74,115,1124,5637,111718,57183,7713,42359,4149,1795,75,80403,43219,3046,31956,1825,1116,176,0,0,80628,46359,2303,29519,1499,1160,81,27595,1202,104,367,0,89538,48180,5684,31134,3198,1872,147,89538,48180,5684,28523,2392,247,30,571,3911,84570,48271,2661,30647,1984,1050,83,0,0,0,0,0,84488,49076,3080,29024,2563,992,0,26965,1871,53,0,86646,48942,4028,29790,3058,954,24,27494,2163,97,24,47162,37803,8719,45728,37434,8294,46083,36610,7534,44946,31620,11132,37812,32103,5709,37976,30517,6497,37510,30096,7414,42089,33486,7726,49430,40178,8519,38271,30981,6981,32391,27128,5263,32428,24716,7712,32359,25238,7121,32069,25512,6557,32304,25023,6934,31977,25421,6556,32228,26702,5526,32205,26120,6085,32224,26373,5851,32262,26459,5803,39652,31964,7468,46358,37196,8712,46052,37394,7468,44892,36645,8247,41215,33826,7389,40677,33069,7608,44101,35827,8274
2,2,109287,42124,6208,58631,2476,1435,175,0,0,120787,39147,10035,68348,2775,2115,335,0,0,121520,36075,10076,69578,5136,2739,208,121197,40759,9286,67399,2985,2245,373,62468,2414,483,216,419,5149,123553,40142,9163,70347,3840,2499,172,81170,35154,3917,40108,1822,971,106,0,0,83223,33143,2581,45051,1177,1283,86,43261,1092,438,372,0,90775,30958,6357,48897,3673,2005,146,90775,30958,6357,45745,3174,227,38,423,3853,85379,33741,2845,45576,1491,1167,95,0,0,0,0,0,85958,33391,2706,46838,1744,1335,25,44379,1621,102,25,87386,33749,3163,46797,2624,1233,24,44228,2442,46,24,49515,37733,11198,49797,40165,9632,48448,37024,9869,46888,32832,12024,37457,30701,6756,37519,29155,7590,37034,28625,8409,42830,32850,9194,50077,38728,10622,36852,28004,8553,28487,21963,6524,28533,19446,9087,28574,20126,8448,28330,20999,7331,28551,20346,7890,28264,20915,7349,28476,21754,6722,28424,21348,7076,28383,21316,7067,28428,21410,7018,37417,27932,9185,45313,33745,11139,44058,33550,9242,42606,32835,9771,37962,29236,8726,37435,28561,8874,41401,31616,9785
3,3,106025,53279,4640,45012,2933,1178,147,0,0,116422,51444,7171,51758,6274,1636,294,0,0,115383,48758,8817,50821,5777,2355,212,118055,51627,6401,53624,6077,1281,264,49032,4680,114,0,835,5366,114471,49716,6884,51339,6110,1487,141,82822,46665,3010,30491,2351,872,100,0,0,81911,44949,2318,31089,2614,985,0,29419,2044,214,504,0,88888,42635,5780,34834,4470,1745,144,88888,42635,5780,32431,3677,153,32,463,3717,82987,44634,2305,32567,2725,736,0,0,0,0,0,0,82042,44416,2437,31418,3143,483,0,29550,2411,20,0,80558,42354,3450,31439,2736,556,24,29360,2141,26,24,46964,37241,9114,46509,38158,8351,46354,36822,7610,44959,32225,10487,37396,32280,5116,37488,30874,5711,37028,30558,6470,41456,33413,7138,46151,37841,7616,35484,28873,6267,27803,23182,4621,27839,21251,6588,27830,21785,6045,27600,22174,5426,27802,21777,5735,27549,22060,5489,27773,22988,4785,27709,22573,5136,27654,22599,5055,27743,22710,5033,34721,27915,6584,40120,31728,8019,39378,31660,6727,38281,31064,7217,34728,28242,6486,34171,27572,6599,37326,30064,7262
4,4,99810,82572,2326,10475,4087,736,87,0,0,118135,91875,3718,14830,7237,847,171,0,0,121938,89485,4391,17839,8067,2076,152,120224,91987,4333,15559,8067,678,152,12100,5968,81,25,342,5399,123360,89593,3801,19301,9480,641,616,74987,63726,1392,6846,2712,499,49,0,0,86439,71408,2268,9054,2944,272,29,8355,2447,87,474,0,93822,71370,2914,12186,5632,1470,101,93822,71370,2914,10792,4867,110,20,426,3323,88056,72196,2524,9164,3547,257,25,0,0,0,0,0,89998,71562,1874,12060,3821,296,20,10496,3054,29,20,90042,68754,2014,13542,5010,368,67,11741,4287,31,67,57082,26786,29630,58752,27765,30987,61904,31314,27416,61509,24406,35017,55842,33139,22703,56256,30262,24885,55504,28819,26685,60472,31688,27637,72270,42125,29131,58654,32255,25806,54151,32312,21839,54211,26710,27501,54188,27962,26226,53501,28238,25263,53948,27477,25981,53363,28237,25126,53883,31128,22755,53653,29800,23853,53673,30202,23471,53821,30410,23411,63229,35901,26847,73043,42823,29450,72175,43449,26877,69976,41254,28722,64761,38363,26398,64085,37497,26588,68840,39963,28877
5,5,108908,71877,3677,30882,2153,1237,149,0,0,119175,69182,4540,41313,4229,1328,358,0,0,123578,65669,7095,43725,5282,2978,207,119496,66758,4591,43540,4719,937,280,40167,3588,108,28,169,4084,121778,65448,5968,43437,6159,1322,655,79987,56070,2235,19874,1443,830,87,0,0,86534,55226,2426,26164,1994,756,36,24582,1807,93,218,0,92851,53642,4445,29422,3742,2215,136,92851,53642,4445,26770,3213,188,31,455,4107,85770,54717,1899,26799,1955,658,30,0,0,0,0,0,85929,54293,2282,26102,2488,775,120,24314,2187,58,120,86928,52460,2726,28280,2294,734,29,26516,1867,40,29,50567,28293,21539,50654,30880,19774,51150,28024,20964,49954,24309,23312,40181,25777,14404,40353,23815,15545,39919,23226,16693,46073,26215,18847,55369,32173,22294,41249,23376,17491,33801,19941,13860,33806,16902,16904,33958,17471,16487,33650,18300,15350,33851,17522,15878,33558,18336,15222,33705,18982,14723,33701,18802,14899,33635,18984,14651,33761,19073,14688,43573,24756,18370,53299,30748,21969,51949,31184,18881,49936,29106,20830,44902,27039,17863,44086,26117,17969,48968,29066,19902
6,6,105175,76136,11021,12938,4676,1206,178,0,0,112042,77374,12200,17302,5245,798,33,0,0,116112,71404,15822,20635,6519,3071,180,111033,76213,11534,18444,5079,621,50,14545,4306,88,5,271,4076,115958,76237,12445,20809,6048,1563,472,75955,57962,6539,7809,3273,813,102,0,0,75249,59807,2928,9651,2429,476,10,8656,2201,81,74,0,86082,57140,10099,12744,4559,2169,123,86082,57140,10099,10755,3910,168,29,392,3589,76148,59732,3381,10156,2725,380,4,0,0,0,0,0,79615,60242,3945,11386,3322,562,99,9713,2869,97,99,78326,56136,5388,12447,3504,642,108,10631,3100,55,108,41582,22624,18242,40329,23310,17019,42350,22123,17818,41347,18450,20697,32925,20817,12108,33086,19142,13054,32701,18632,14069,38003,20873,16137,46041,26092,19082,34228,19187,14613,28239,16949,11290,28295,14296,13999,28317,14844,13473,27991,15136,12855,28219,14623,13261,27909,15176,12733,28011,15586,12425,28058,15754,12304,28047,16060,11987,28120,16037,12083,35747,20008,15390,42550,23490,18596,41717,24313,15899,39908,22088,17820,36748,21535,15213,36349,20933,15416,39468,22603,16865
7,7,98826,83938,2878,3957,7679,573,64,0,0,108989,89892,3723,5185,9819,642,21,0,0,116021,94774,4342,5519,9645,1258,215,107921,86827,4398,4992,11086,669,102,4041,8911,134,2,150,3454,109337,86761,4535,5644,11411,766,186,84443,72103,2238,3204,6557,426,52,0,0,86657,75900,2478,3732,3951,393,1,3302,3394,124,177,0,100185,82715,3411,4420,8158,964,182,100185,82715,3411,3512,7195,64,72,354,2862,86040,73739,2722,3837,4896,470,2,0,0,0,0,0,86994,73710,2892,4197,5564,408,0,3769,4468,27,0,88164,73088,3388,4596,6435,343,52,3784,5089,26,52,55815,33643,21398,56195,33184,23011,60856,39836,17817,60463,31642,26898,52520,37969,14551,52923,35434,16351,52252,34128,18124,56771,37209,18468,62157,44205,17062,52927,36524,15870,47668,34963,12705,47715,30627,17088,47487,31550,15937,46857,31150,15707,47305,30713,16222,46726,31038,15688,47169,33647,13522,47094,32644,14450,47114,33148,13966,47252,33384,13868,54151,37899,15972,60476,42667,17221,60333,43423,15768,58390,40874,17516,55694,39570,16124,55327,39096,16231,58167,40676,17491
8,8,101158,80212,4811,6987,8808,646,106,0,0,113155,84978,4724,11692,11472,1173,124,0,0,113396,81732,6754,10862,12038,1998,156,114780,86318,5205,11368,11683,1136,85,9336,9791,166,0,88,3884,115397,84515,6320,12757,11450,1525,87,80075,65408,3155,4570,6630,446,80,0,0,80953,67167,1950,6752,4279,582,0,5879,3618,230,281,0,89588,66830,4407,7407,9301,1459,111,89588,66830,4407,6122,8341,129,27,401,3331,81283,67827,2167,6547,3967,470,0,0,0,0,0,0,81676,67178,2490,7378,3961,466,15,6669,3302,109,15,80572,64763,3475,7123,4579,473,28,6348,3965,57,28,55462,29733,25001,55348,30318,25030,56437,33117,20170,56028,26501,27389,50772,34109,16663,51207,31520,18559,50501,30146,20355,54496,32759,20556,62428,41107,20274,51069,32196,18280,45790,30925,14865,45871,26464,19407,45762,27397,18365,45174,27628,17546,45582,26912,18248,45073,27591,17482,45420,29675,15745,45373,28823,16550,45394,29095,16299,45517,29373,16144,52866,34021,18420,59150,38777,19673,58820,39347,17963,56952,37172,19780,53479,35380,18099,52949,34784,18165,56427,36635,19792
9,9,104457,58199,7443,34823,4033,1026,189,0,0,120657,56510,9125,45732,9074,1281,254,0,0,121586,52182,10268,46922,10570,2487,129,124255,56258,10280,48142,9267,1436,484,44094,7912,185,14,368,5140,123532,53535,9634,51441,7677,1716,336,78574,47884,4792,22850,2856,722,112,0,0,79594,46444,3197,25389,3625,609,0,24444,3185,156,396,0,90901,44151,6540,31289,7458,1850,93,90901,44151,6540,29143,6721,151,19,566,3610,81921,46690,2982,27482,3427,590,0,0,0,0,0,0,81006,45361,2992,28104,3344,623,0,26752,2923,70,0,80612,43942,3320,27989,4236,562,10,26697,3824,73,10,47177,29301,17247,47942,31580,16362,48510,31566,14644,47644,26985,18502,40375,29480,10895,40552,27605,11980,40049,26974,13075,44982,29913,14070,52965,36800,15296,39949,26827,12684,32787,22828,9959,32868,19779,13089,32861,20553,12308,32551,21155,11396,32781,20401,11964,32468,21130,11338,32740,22424,10316,32627,21600,11027,32609,21774,10835,32673,21922,10751,40871,27365,13118,47689,31991,15170,46519,32143,12920,44710,31040,13670,40404,27887,12517,39874,27135,12739,43661,29719,13942
10,10,110452,88508,4562,14183,2495,1118,283,0,0,121798,95328,5470,17018,3660,1200,217,0,0,122260,87656,8676,19690,3710,2832,141,123083,95383,5922,17457,3837,1460,208,14217,3057,130,6,346,4025,122117,91295,7276,18295,3748,1982,363,83068,69652,2695,8495,1684,763,132,0,0,90044,75279,2117,9799,1983,665,4,9012,1791,74,222,0,93539,71364,5447,12098,2564,2049,96,93539,71364,5447,10476,2090,147,23,333,3659,91799,76280,2163,10377,2102,909,4,0,0,0,0,0,91116,73926,2456,11659,2006,1140,54,10512,1708,83,54,90945,72353,3299,12215,1662,1174,58,10817,1247,126,58,48160,23824,23511,48021,25462,22559,50645,23494,24758,49355,19658,27476,40593,23257,17336,40920,21779,18167,40368,20091,20277,46273,22709,22560,56374,27830,27567,43049,21132,21516,37164,19423,17741,37211,16193,21018,37296,16659,20637,36868,17139,19729,37162,16420,20356,36809,17119,19690,36882,17628,19254,36927,17775,19152,36896,18133,18763,37058,18150,18908,46064,22476,23192,55132,26867,27780,54027,27845,24385,51563,24793,26770,47439,24355,23084,46784,23726,23058,50957,25437,25520
11,11,99175,80940,2996,3610,11367,472,69,0,0,117289,89626,4253,5966,17292,541,153,0,0,124039,91551,5879,6625,17893,1711,170,119627,90233,5013,6059,18591,418,214,3669,17333,98,1,154,3124,122270,89872,5051,7193,19069,1228,159,72931,60913,1884,2283,7659,313,42,0,0,80432,68959,2199,3677,5234,286,0,3236,4915,72,162,0,95171,72741,3859,4385,12614,1191,124,95171,72741,3859,3450,11741,100,35,298,2947,81270,69064,2810,3240,5767,330,0,0,0,0,0,0,84005,69565,2354,3864,7465,492,0,3031,7189,81,0,85263,69569,2841,5132,7149,259,10,4136,6728,58,10,53249,24210,28389,55692,25147,30545,58327,28999,26197,58039,21608,34496,52706,30648,22058,53178,27796,24318,52399,26360,26039,57215,29138,26953,69096,39423,28618,55392,29792,25016,50971,29826,21145,50974,24322,26652,50925,25571,25354,50212,25465,24747,50680,24902,25377,50096,25529,24567,50307,26848,23459,50385,27098,23287,50397,27713,22684,50533,27887,22646,59012,32602,25928,66569,37820,28007,66231,38675,25776,64226,34563,29663,60185,34443,25742,59558,33793,25765,63653,35635,28018
12,12,113130,104314,1535,5686,843,810,60,0,0,115874,105423,2039,6537,1332,1165,12,0,0,116550,102596,2821,6550,1253,2746,87,116610,105668,2250,6546,1454,1153,25,4684,839,218,6,141,2796,117428,105028,2753,6977,1254,1753,69,86629,80001,894,4689,524,552,34,0,0,90106,82853,805,4873,707,776,4,4331,535,169,232,0,90926,80657,1773,5199,813,2023,58,90926,80657,1773,4562,533,172,16,200,3013,90897,83697,880,4686,725,722,4,0,0,0,0,0,91608,83719,1172,4752,542,1174,8,4265,330,98,8,93038,84208,1688,4303,672,1827,19,3747,499,146,19,48709,18521,29193,48143,19506,28637,49022,13577,33241,48562,11767,34486,39350,15142,24208,39716,12896,25714,39304,11995,27309,45110,13414,30728,56015,15644,39584,43477,12460,30696,39184,12111,27073,39020,9159,29861,39428,9169,30259,38895,9775,29120,39265,9242,29663,38891,9889,29002,38925,10462,28463,39025,10411,28614,38876,10853,28023,39147,10856,28291,47909,13276,34248,57774,15776,41438,57178,17641,37495,55471,14852,40619,54419,15544,38875,54709,15175,39534,55095,15537,39558
13,13,126832,79026,21259,24673,3052,1674,234,0,0,126724,77062,22786,24676,4140,2741,142,0,0,125138,74538,22373,23775,4262,2544,245,124829,76563,21713,24526,3968,2825,214,18181,2295,218,42,401,5424,122397,76636,21218,23028,3553,3037,423,97216,65751,13731,15763,2240,1174,167,0,0,95923,64493,14503,14167,1913,721,23,13133,1246,240,139,0,101053,65204,15881,15965,3211,1960,179,101053,65204,15881,13225,2427,227,29,496,3564,95127,64580,13970,13931,1920,646,38,0,0,0,0,0,95009,65223,13944,13000,1971,737,29,11167,1608,116,29,95061,65398,13499,12867,2400,618,55,11331,2085,46,55,52651,39295,12567,49093,38386,10707,49424,36475,10743,46810,29713,14009,39303,31767,7536,39504,29705,8531,38897,30365,8532,44523,32963,10395,53562,39745,13038,40584,30686,9484,33949,26976,6973,34034,24202,9832,33780,24887,8893,33224,24700,8524,33621,24653,8612,33166,24720,8446,33434,25610,7824,33397,25686,7711,33471,26017,7454,33628,26181,7447,42223,31632,10290,49585,36672,12477,49168,37288,10518,46267,34540,10441,45724,35227,10497,47017,35895,11122,45466,35048,10418
14,14,126191,106672,9302,7250,2988,904,150,0,0,123200,96738,12630,11062,3534,1420,269,0,0,125130,94251,13777,11625,3923,2527,195,121858,93221,12879,12294,4111,1496,300,9202,3066,145,34,337,2973,123563,92981,12977,14077,3686,1442,328,99443,86816,5810,4412,2191,630,94,0,0,95205,78961,7975,5899,1788,473,29,5393,1460,121,205,0,101103,79727,9203,7650,2983,1870,148,101103,79727,9203,6046,2462,179,13,290,3183,94802,76968,8367,6774,1955,497,25,0,0,0,0,0,97113,78004,8743,7698,1715,662,35,7161,1341,138,35,96004,74672,9268,8781,2353,661,12,8076,2053,132,12,58852,34415,23381,53991,32953,21038,52232,25859,23993,49499,20855,25070,39964,24448,15516,40157,21440,17311,39280,22471,16809,46103,23797,20991,55658,27644,27252,42315,21371,20531,35554,19078,16476,35756,14919,20837,35444,16335,19109,34446,16276,18170,35115,15674,18986,34432,16545,17887,34591,17345,17246,34437,16990,17447,34628,17405,17223,34837,17818,17019,44141,21724,22024,52106,25451,26208,51049,26904,22281,48785,19661,21042,46096,24320,21776,47864,25074,22790,45578,24218,21360
15,15,125239,103454,9394,8390,4033,871,127,0,0,123587,94740,11911,11847,5870,1498,196,0,0,125144,93318,13431,11145,5605,2440,148,124188,93597,12935,12549,6215,1311,263,8663,5065,103,34,262,3530,126075,91968,15429,13352,6047,1722,269,98044,84052,5916,5003,2915,584,82,0,0,93652,77549,6847,6110,2726,370,15,5506,2383,79,121,0,100553,78414,9040,7321,4147,1753,114,100553,78414,9040,5728,3695,152,24,336,3164,93452,76366,7430,6279,2936,421,34,0,0,0,0,0,94912,75687,9174,6355,3162,467,24,5586,2698,70,24,96179,75493,9960,7332,2751,561,41,6414,2250,76,41,61712,35983,24781,57329,34677,22652,56375,28773,25148,53790,22845,27346,44130,27215,16915,44294,23781,19090,43464,24925,18539,50279,26492,22457,59832,31347,27732,46541,24256,21841,39834,22219,17615,39974,17519,22455,39590,18443,21147,38670,18874,19796,39309,18377,20509,38631,19034,19597,38765,20211,18554,38711,19971,18740,38865,20419,18446,39125,20741,18384,48469,24831,23237,56643,28946,27253,55651,30644,23224,53100,22631,22292,50231,27540,22691,52151,28275,23876,49751,27297,22454
16,16,120626,103618,5749,7297,3936,578,130,0,0,120588,99236,7477,8517,5465,814,143,0,0,125130,100722,8263,8878,5756,1659,165,120161,98528,7500,8325,5031,695,59,5737,3517,131,5,1136,3600,123802,101709,7773,8263,5710,931,93,93917,82476,3648,4894,2732,394,75,0,0,92217,79738,4340,5336,2391,369,29,4852,1960,47,92,0,100164,82990,5535,6177,4139,1197,125,100164,82990,5535,5077,3491,94,32,381,2564,91395,79394,4171,5114,2291,381,4,0,0,0,0,0,94436,81598,4683,4911,2793,458,0,4018,2397,81,0,95579,81145,5456,5596,2887,495,0,4709,2413,64,0,68106,36573,30716,66982,36475,30507,64321,34904,26796,62687,26176,33611,55609,34936,20673,55926,31364,23322,55067,32545,22522,60799,33671,25938,71526,42092,28727,57913,32988,24476,52328,32328,20000,52437,26270,26167,51984,27479,24505,50898,27466,23432,51632,27285,23920,50894,27472,23422,51254,29968,21286,51064,29246,21818,51245,30009,21236,51516,30277,21239,60540,34950,25218,67933,40033,27309,67529,41382,24500,64808,33018,24202,62800,38042,24758,64622,39426,25196,62233,37656,24577
17,17,122854,111567,2508,3645,4784,585,87,0,0,122115,108013,2957,4881,5872,657,142,0,0,125002,106637,4180,5114,6871,1554,125,121715,105976,3702,5247,6337,649,121,3840,5155,212,25,187,2618,124411,106052,4347,6077,7015,747,134,95816,88102,1603,2512,3318,392,48,0,0,94607,85837,1892,3301,3136,331,25,2898,2870,158,97,0,101056,87949,2798,3628,5003,1163,89,101056,87949,2798,2876,4471,99,18,233,2612,96014,85816,2576,3712,3508,377,24,0,0,0,0,0,97458,86481,2820,4028,3785,293,19,3370,3279,34,19,96825,85395,3408,3728,3902,302,19,3004,3210,34,19,67809,32814,34169,65446,31167,34279,65411,28345,34445,63224,21548,38641,53642,28450,25192,53908,24979,27626,52842,25991,26851,60086,27139,31708,71666,33462,37519,57292,26179,30636,51233,25842,25391,51287,19788,31499,51067,21253,29814,49998,21448,28550,50739,20981,29344,50058,21499,28559,50152,23427,26725,50042,23005,27037,50207,23584,26623,50423,23840,26583,60339,27730,32192,69036,32030,36469,68218,34057,32437,65913,25201,32181,62943,30575,32368,64720,31104,33616,62334,30133,32201
18,18,130640,42345,2162,82201,4295,1139,74,0,0,126169,41144,2805,77108,5072,1040,35,0,0,125133,40442,3372,75566,5209,1575,147,125557,40110,2881,76532,5103,1060,51,73813,3998,166,16,1312,3262,125567,40756,2858,76191,5016,1060,143,100125,33905,1423,61573,3316,821,48,0,0,94628,32238,1594,58038,2040,484,8,57124,1905,124,364,0,98125,32810,2362,58451,4039,1140,102,98125,32810,2362,55945,3428,129,14,530,2907,93563,32822,1788,56484,1909,440,20,0,0,0,0,0,94243,33190,1659,56760,1952,419,49,55992,1655,110,49,92064,33196,2055,53207,2760,382,34,52498,2358,44,34,77195,68420,8294,76294,67725,8569,68304,60878,5965,66224,53324,10679,56088,51037,5051,56303,49324,6137,55707,49987,5720,61532,54078,6687,67328,59997,6764,54045,47648,6174,44424,39893,4531,44513,36359,8154,44264,37709,6555,43598,37764,5834,44111,37838,5991,43682,37728,5954,44138,39137,5001,43957,38821,5136,43749,38715,5034,44222,39281,4941,53266,46659,6420,60092,53091,6664,59694,52860,5864,58058,51353,5829,56398,50219,6179,57405,50730,6675,56188,50127,6061
19,19,119028,99832,2435,9968,6605,464,80,0,0,118077,95321,3072,11868,7531,344,92,0,0,122370,93455,4190,13259,9976,1302,101,117563,93136,3574,11676,8427,370,88,10139,6774,119,45,328,3450,120819,93037,4596,12248,9916,403,91,92944,79580,1552,7037,4574,345,58,0,0,89791,76123,1744,8562,3149,189,34,8236,2976,81,26,0,97913,77259,2734,9847,6846,980,60,97913,77259,2734,8877,6336,88,6,264,2349,90749,76217,2064,8292,3949,198,33,0,0,0,0,0,93533,76991,2731,8339,5191,179,50,7833,4549,40,50,92813,75348,2810,9077,5270,204,41,8245,4534,53,41,69600,36332,32500,67742,34925,32817,67028,34683,29987,65348,26325,36555,57804,34799,23005,58107,31040,25921,57341,32621,24720,63274,33430,28783,74365,41137,32539,60209,32469,27318,54274,31600,22674,54413,25539,28874,54046,27117,26929,52874,26998,25876,53716,26802,26508,52911,27091,25820,53159,29251,23908,53020,28945,24075,53199,29529,23670,53490,29912,23578,63002,34349,28325,71072,39562,30974,70486,41164,27927,67277,33475,27973,65414,37632,27782,66979,38397,28582,64822,37250,27572
20,20,137973,25940,3884,104616,4164,1099,161,0,0,128479,28842,4773,90170,4789,1593,87,0,0,125134,27200,6321,85511,6051,1767,175,129601,28925,5226,90301,5009,1679,62,86337,4507,288,20,441,3852,127242,28698,6076,87366,5295,1649,98,103125,23615,2633,73272,3756,845,122,0,0,96236,25876,3049,64447,2089,919,23,63294,1863,291,136,0,98870,25506,4641,62881,5552,1370,116,98870,25506,4641,60238,4929,210,23,442,2881,96504,26094,3107,64389,2115,1017,18,0,0,0,0,0,95223,26209,3585,61984,2617,957,20,60125,2160,105,20,92390,24891,4111,59803,2673,1058,8,57817,2254,70,8,64008,59410,4115,59717,56377,3340,49977,45282,3696,46501,38319,5886,34456,31786,2670,34616,30470,3318,34023,30740,3283,40277,35744,3850,43287,38083,4660,31840,28145,3545,21495,19028,2467,21609,16922,4687,21425,17846,3579,21031,18037,2994,21368,17895,3237,21045,17992,3053,21436,18698,2738,21145,18357,2788,21014,18208,2806,21334,18650,2684,29657,25538,3947,35925,30975,4668,35068,30218,3861,33858,29561,3601,31692,27837,3855,32906,28478,4428,31677,27826,3851
21,21,123033,67040,2141,51324,2765,731,70,0,0,118796,56426,2355,56069,3506,1008,81,0,0,125125,54783,3229,62481,3918,1488,126,118485,56204,2275,56369,3231,788,64,53340,2341,105,20,865,3334,124510,56951,2557,61825,3433,954,144,96157,56428,1442,36359,1974,516,48,0,0,92377,48330,1443,40837,1308,514,28,39762,1114,90,272,0,99288,47104,2263,46327,2835,1128,94,99288,47104,2263,44072,2392,112,18,589,2738,92978,47993,1578,41681,1151,475,24,0,0,0,0,0,96666,47781,1833,45013,1328,465,0,43946,1072,95,0,95237,45562,1817,45500,1532,485,8,44193,1255,70,8,67543,49696,17168,64534,48780,15754,62055,47303,13117,59964,39887,17643,51256,41641,9615,51471,38947,11486,50821,40276,10545,56619,43002,12719,64459,49924,13949,49625,37690,11681,40171,31257,8914,40329,27359,12970,40080,28570,11510,39372,28964,10408,39870,28602,10957,39411,29041,10370,39905,30737,9168,39549,29958,9591,39491,29931,9560,39852,30488,9364,50108,37782,12112,58448,44724,13393,57863,44904,11799,55437,43311,11199,53504,41653,11851,55108,42662,12446,53343,41651,11692
22,22,131430,36320,2162,91784,1653,899,80,0,0,123827,28418,2831,91381,1254,883,34,0,0,125090,25070,3798,94726,1531,1660,117,121612,27745,3347,89303,1207,889,36,85205,995,90,21,886,3325,122018,26319,3809,90682,1087,647,38,99818,31368,1365,66011,1270,637,56,0,0,95714,25173,1576,68051,437,530,14,67480,387,107,112,0,97092,22724,2498,70363,1235,1282,77,97092,22724,2498,67758,980,156,22,358,2596,95181,24623,1880,67731,372,522,20,0,0,0,0,0,95882,23918,1989,69080,418,404,4,67209,323,92,4,93195,21579,2629,67820,529,620,0,65574,355,88,0,68733,59680,8465,66803,59744,7059,58256,49890,7232,55357,43850,8868,43222,38788,4434,43466,37153,5430,42855,37531,5324,49384,42225,6393,53967,46168,7334,39961,33755,6040,28303,24121,4182,28494,21254,7240,28281,22385,5896,27807,22982,4825,28227,22628,5366,27851,22996,4855,28302,23752,4550,27877,23316,4561,27791,23148,4643,28176,23714,4462,38176,31797,6204,45827,38618,6867,45060,38246,5623,43623,37639,5279,40734,35032,5702,42376,35980,6396,40680,35194,5486
23,23,122227,107872,1717,9517,2803,533,72,0,0,122163,103709,2217,12764,3100,661,123,0,0,124088,100139,2737,15441,3287,1905,112,123018,102940,2337,13768,3101,765,131,11970,2253,69,26,327,3091,124356,101391,3341,15411,2850,849,62,97775,87634,1104,6730,2041,377,35,0,0,97900,85212,1407,9203,1593,396,4,8956,1323,119,132,0,102323,84769,1785,11330,2506,1412,83,102323,84769,1785,10428,2090,105,22,212,2912,98942,85434,1513,9807,1572,381,8,0,0,0,0,0,100348,85220,2092,11000,1533,334,8,10376,1074,84,8,100517,84103,2062,12390,1378,289,13,11392,1035,57,13,66392,35115,30149,64663,34817,29846,63231,29071,31421,60926,23816,33962,51895,30083,21812,52153,25815,24820,51405,27197,24208,58332,28434,28563,70663,34590,35187,55915,27075,28350,50199,26299,23900,50328,20668,29660,50034,21876,28158,49121,22417,26704,49758,21574,27780,49068,22541,26527,49744,22359,27385,49331,23825,25506,49484,24226,25258,49689,24679,25010,59330,28701,30140,68161,33553,34037,66982,35205,29789,63774,28150,35518,62953,32422,30531,63545,32395,31150,62873,32045,30828
24,24,113230,54806,3927,52429,1758,1116,256,0,0,111799,51722,4497,53523,1940,1319,68,0,0,117767,51185,8394,53738,2789,2137,192,113776,51189,5191,53437,2743,1249,77,49444,1828,33,0,1310,4788,119323,54567,6949,53454,3452,1267,101,85385,46203,2609,34852,1442,810,173,0,0,81497,44366,1550,33809,1059,614,0,32578,814,45,279,0,90236,44787,5167,36557,2373,1594,137,90236,44787,5167,34594,1738,148,36,430,3336,82040,45101,1877,32639,1426,601,0,0,0,0,0,0,85908,47345,2106,34020,1793,647,0,32329,1428,20,0,87472,46425,2600,34731,1691,1964,31,32621,1333,19,31,46918,33544,12788,45302,33384,11918,43110,30602,10698,42084,25605,14337,33281,25344,7937,33397,23520,8813,33092,24269,8823,38030,26914,10206,43844,32144,10935,33209,23946,8941,26534,19634,6900,26599,17568,9031,26504,18301,8203,26224,18314,7910,26459,18036,8015,26257,18302,7955,26626,19370,7256,26361,18753,7608,26445,18863,7582,26434,18916,7518,33683,24100,9247,39629,28444,10788,39473,28423,9570,38597,28660,9937,39005,27227,11778,38932,27905,11027,38403,28037,10366
25,25,109643,43682,2731,59796,3296,960,178,0,0,113504,45782,4835,59008,4222,861,201,0,0,113807,44656,4888,58064,4992,1875,195,113119,46545,4957,58378,4003,868,191,54443,2939,37,126,152,3925,114471,48001,4839,57623,4767,1820,136,85657,38503,1862,42193,2875,700,115,0,0,83594,39101,1654,40675,1453,468,108,39645,1151,95,281,0,90884,39880,3255,42430,4278,1443,122,90884,39880,3255,40320,3606,160,35,401,3227,84976,39774,1858,41354,1244,512,119,0,0,0,0,0,86162,41468,2195,39972,1576,854,28,38484,1257,24,28,86031,41708,2577,38524,1598,1665,74,36554,1153,157,74,53052,43132,9392,51348,42340,9008,48530,39078,7755,47297,33588,11564,38415,32896,5519,38606,31273,6312,38300,31965,6335,42866,34568,7424,46526,38609,7267,37108,30506,6281,29841,25247,4594,29937,23133,6804,29863,24125,5738,29625,24234,5391,29844,23923,5523,29668,24238,5430,29967,25103,4864,29742,24593,5149,29803,24632,5171,29797,24747,5050,36417,29878,6252,41490,34216,6952,41328,33929,6198,40508,33993,6515,40911,32880,8031,40791,33514,7277,40285,33482,6803
26,26,112503,74412,2961,32429,2236,954,89,0,0,115637,77705,3611,31112,3010,743,215,0,0,116550,76645,4434,30190,3454,1880,163,115445,79363,3747,28774,2993,473,292,26171,2341,86,217,533,2979,115101,78479,3909,28680,3256,674,192,89962,61839,2038,23982,1738,722,52,0,0,90292,63488,1553,23169,1482,420,145,22030,1272,109,222,0,94630,64370,3083,22970,2654,1406,117,94630,64370,3083,21500,2035,119,33,376,3114,91299,65252,1886,22250,1502,337,215,0,0,0,0,0,91784,65393,2269,21835,1769,461,150,20643,1457,59,150,90727,66537,2954,18502,1987,977,0,17316,1572,111,0,63043,40941,21428,60420,38718,21702,61317,40537,17750,60649,31453,26841,52390,37750,14640,52776,35136,16180,52173,35965,16208,57576,37968,18353,66552,46873,18633,53720,36914,16238,47547,34364,13183,47687,30255,17432,47549,31764,15785,46911,31396,15515,47346,31166,15579,46976,31320,15656,47659,33916,13743,47186,32392,14794,47310,32936,14374,47347,32934,14413,56033,38831,16747,63915,44801,18453,63806,44863,17089,62658,44735,17923,62893,41993,20900,62713,42582,20131,61789,42958,18831
27,27,121562,94416,2208,21529,2968,703,100,0,0,123659,92127,3333,23704,4494,777,39,0,0,125133,91650,3812,22702,4626,1933,145,124710,91846,2978,25545,4321,572,166,21822,2798,126,36,190,4919,124201,90863,3349,24705,4669,444,148,89988,71329,1343,15068,1980,450,60,0,0,90093,70269,1314,15896,1982,457,20,15271,1627,106,239,0,94409,70894,2356,16317,3152,1356,105,94409,70894,2356,15121,2586,114,25,351,2962,91485,70672,1217,16929,1934,366,35,0,0,0,0,0,91166,70455,1780,16301,2267,319,35,15407,1955,74,35,90546,68846,2145,15794,2436,1179,15,14619,2039,55,15,73144,34010,38355,72638,33316,39322,70446,34466,32620,70319,25359,42773,60467,33374,27093,60753,30115,29057,60254,30960,29294,66322,32716,32276,76183,42043,32978,63023,32828,29530,57093,32140,24953,57306,26557,30749,57162,28398,28764,56344,28122,28222,56841,27904,28347,56400,28053,28347,57152,31169,25983,56667,29443,27224,56909,29993,26916,56878,30111,26767,65649,35215,29833,73439,40872,31799,73193,41225,29792,71697,40856,30841,72329,37101,35228,71955,38159,33796,70902,38600,32302
28,28,119322,82591,5752,23606,6949,739,272,0,0,120675,80245,6391,23824,9472,613,234,0,0,124282,77470,9150,24326,11139,2221,429,120315,79279,6897,23345,9583,552,178,21352,7952,56,152,1227,3397,122783,80524,7812,24259,8944,906,273,90605,65552,3668,16173,4871,522,158,0,0,85585,63794,1993,16046,3310,280,10,15140,3042,29,181,0,95595,62924,5701,17538,7808,1577,278,95595,62924,5701,16220,7107,80,184,354,3025,86051,63435,2291,16228,3622,266,0,0,0,0,0,0,88626,64440,2733,17139,3719,486,0,16556,3258,31,0,87619,61785,2993,17110,4155,1092,247,16339,3580,120,247,66137,31550,33895,64613,30709,33904,64177,32162,29031,63831,24470,37154,54667,30870,23797,54896,28042,25530,54410,28911,25499,60081,30483,28376,68729,38458,29258,56409,29818,26021,50403,28545,21858,50633,23524,27109,50477,25297,25180,49842,25192,24650,50286,25019,24729,49892,25182,24710,50478,27635,22843,50067,26268,23799,50205,26551,23654,50212,26712,23500,58551,31817,26204,65861,37269,27894,65649,37731,25911,64397,37342,27055,64839,34439,30400,64640,35514,29126,63757,35702,28055
29,29,113483,86256,1990,23364,1442,824,121,0,0,115731,80713,1981,29457,3112,972,134,0,0,119289,78897,3743,30889,3138,2545,212,116218,77916,2214,31946,3569,1050,212,28173,3032,278,0,259,4350,120165,78511,2417,34933,2983,1327,284,85563,68141,1203,14913,965,582,79,0,0,87205,64736,736,19895,1122,744,0,18951,977,128,263,0,91339,64083,2246,20715,2239,1893,138,91339,64083,2246,19375,1895,191,60,336,3153,87078,63406,806,20789,1232,811,0,0,0,0,0,0,90351,64715,822,22752,1251,809,54,21441,1084,84,54,88363,62181,1306,21533,1300,2247,76,20046,1135,256,76,59584,24881,33994,58522,25097,33425,57657,22832,32446,56781,18510,35855,46486,22125,24361,46844,19422,26007,46395,20479,25916,52687,21756,29770,62112,27211,34041,48869,20268,28140,42354,18442,23912,42607,15024,27583,42583,16037,26546,42077,16267,25810,42484,15826,26175,42143,16272,25871,42146,16987,25159,42168,16695,25473,42372,16895,25477,42304,17085,25219,51435,21735,29168,59993,26475,32950,59397,27205,29954,57401,25444,31957,58778,24397,34381,58428,25408,33020,57488,25619,31869
30,30,111921,105638,1025,3423,1352,505,59,0,0,112567,102214,2217,6206,1180,1143,39,0,0,113811,99231,1829,8069,2102,1956,121,112207,100806,2038,6976,1413,998,22,5470,1218,34,17,254,2360,111627,97753,1743,9248,1592,1293,55,84999,81089,586,2056,908,347,38,0,0,85724,79720,1127,3448,567,482,30,3291,410,59,304,0,88433,79174,1066,4884,1436,1391,69,88433,79174,1066,4340,1101,105,29,235,2383,83816,77998,1025,3377,672,488,14,0,0,0,0,0,82558,75822,831,4385,747,477,15,4177,594,52,15,84346,75214,678,5737,752,1769,0,5263,531,218,0,63528,17155,45678,59275,15769,43506,62281,16042,43365,61501,11442,47774,51814,18045,33769,52344,14471,36373,51666,15610,36056,57705,16084,40342,66806,20928,44774,54485,15983,37870,48531,16139,32392,48831,11962,36869,48820,12784,36036,48164,13016,35148,48659,12441,35683,48215,12961,35254,48390,14337,34053,48316,13585,34731,48547,13916,34631,48445,14082,34363,57188,17595,38942,65426,21283,43529,64832,22449,40009,62729,20612,42117,64276,18332,45944,63702,19779,43923,62634,20130,42504
31,31,122816,111499,1591,6360,2755,830,65,0,0,122191,106886,2446,8381,3904,804,27,0,0,124335,104262,2560,8512,5569,2562,116,121905,105938,2258,8619,4511,691,30,6892,3550,94,2,126,3045,124052,103752,2931,9719,6225,888,58,95324,87952,975,4062,1839,594,36,0,0,94672,85986,1272,5256,1559,544,1,4823,1289,107,115,0,99191,85455,1629,5707,3783,1911,72,99191,85455,1629,4895,3317,162,24,284,3425,94723,85331,1323,5357,2095,518,0,0,0,0,0,0,96603,85621,1557,5974,2811,463,0,4785,2352,38,0,96842,86567,1161,6008,2449,520,35,4755,2226,49,35,64486,33891,29578,61884,32609,29275,60599,28136,29614,58914,23244,32227,50780,28739,22041,50657,25823,23340,49529,25995,23534,56283,27599,27291,67963,33749,33169,54116,26684,26978,49252,26257,22995,48692,21039,27653,48741,22233,26508,47967,22648,25319,49187,21584,27104,48324,22868,25456,48413,25595,22818,48362,23891,24471,48362,24322,24040,48790,24657,24133,57930,28507,28991,67423,33074,33722,66938,34734,29932,65829,33307,32522,64112,32770,31342,64679,32209,32470,64185,32774,31411
32,32,119295,107197,1395,8180,1705,987,91,0,0,119375,104357,1649,10737,1822,938,94,0,0,117858,97341,2258,11549,2915,2943,105,119122,103128,1758,11292,1812,1716,55,8604,1605,270,20,18,3713,117223,100007,2564,10361,2594,1897,40,92928,85312,846,4945,1193,725,56,0,0,93315,84475,1054,6300,865,620,25,5669,771,258,65,0,94064,80324,1423,7360,1963,2237,68,94064,80324,1423,6389,1639,171,31,288,3799,93141,84040,1067,6486,709,886,0,0,0,0,0,0,92747,82740,1685,6318,1084,967,0,5276,892,60,0,93484,81985,1707,7189,1579,966,9,5727,1263,34,9,57750,30879,25861,53623,29366,24257,53352,22854,28135,51466,19808,27960,42290,22588,19702,42095,20408,20131,41195,20513,20682,48070,21920,24814,58533,25458,32237,45735,20105,25272,40642,19008,21634,40216,14963,25253,40346,15804,24542,39658,16427,23231,40569,15555,24542,39955,16615,23340,39945,18604,21341,39884,17096,22788,39861,17439,22422,40257,17719,22538,48843,20920,27523,57732,24444,32787,56994,25957,28710,56092,25121,30971,54282,24556,29726,54874,23981,30893,54489,24592,29897
33,33,125182,67518,2465,51770,3232,1302,102,0,0,119721,62786,3148,49610,3979,1022,79,0,0,116312,58155,3487,49265,3569,2467,168,119543,63676,3547,47745,4216,1187,75,42185,3571,136,21,493,5923,115815,60436,3623,47420,3464,1880,149,96386,56405,1598,35688,2432,930,64,0,0,91947,53077,1515,34782,1745,681,17,33283,1399,203,204,0,91703,49847,2358,35210,2690,1851,114,91703,49847,2358,32856,2235,176,34,348,3849,91569,54075,1565,33460,1723,727,23,0,0,0,0,0,89314,52282,1829,32913,1415,940,10,29910,1171,89,10,88105,50541,2124,32721,1917,1119,25,29040,1370,80,25,59197,44438,14018,54190,40678,13512,50834,36769,12336,49276,32410,14303,40544,31635,8909,40275,29796,9488,39588,29834,9754,45017,32849,11273,50630,36868,13040,39921,28941,10720,33092,24587,8505,32741,21456,11285,32768,22444,10324,32406,22803,9603,33097,22069,10670,32671,22965,9706,32853,24398,8455,32696,23572,9124,32686,23682,9004,32967,23962,9005,40599,28988,11350,47803,33994,13366,47588,34360,11544,47315,34857,12458,45811,33477,12334,45932,33062,12870,46099,33754,12345
34,34,117813,99168,2476,11852,3920,754,97,0,0,121556,97477,2848,11877,8660,651,94,0,0,121255,92331,3643,12507,10295,2054,117,121507,94564,2878,13970,9177,584,145,11921,8198,136,1,290,3516,121730,93983,2687,14938,8973,600,115,90169,77665,1551,8022,2600,545,49,0,0,90056,78002,1319,7912,2277,440,1,7322,1981,171,90,0,95169,75305,2268,8719,6994,1457,71,95169,75305,2268,7702,6449,105,14,285,3041,90470,76662,1331,9106,2964,461,1,0,0,0,0,0,91133,76117,1325,9711,3592,352,0,8968,3321,94,0,89629,73434,1989,9024,4661,386,5,8047,4325,66,5,65046,34695,29592,62461,33316,29145,60602,30583,27308,59222,24539,31739,51534,30124,21410,51490,27266,22886,50400,27417,22983,56585,29348,25992,66716,36138,29684,54058,28467,25129,49058,27748,21310,48657,22465,26192,48514,23660,24854,47687,23855,23832,48881,22874,25566,48042,24057,23985,48195,27004,21191,48041,25305,22736,48115,25670,22445,48513,26064,22449,56759,29979,26345,64430,34348,29471,64023,35479,26589,63126,34010,29116,61474,33460,28014,61908,33022,28886,61646,33590,28056
35,35,114697,99618,1484,9513,3776,557,57,0,0,117471,98886,2636,11072,4823,464,21,0,0,123182,99888,2704,12143,6110,1547,125,117769,98546,2607,10872,5347,416,30,9376,4428,114,0,205,2497,123175,101566,2211,11441,6433,526,57,87172,76993,872,6504,2540,389,39,0,0,89783,77644,1398,8229,2148,252,0,7921,1924,120,104,0,97937,81351,1728,8773,4324,1152,79,97937,81351,1728,8100,3848,69,22,217,2602,90707,78274,1625,8029,2418,294,0,0,0,0,0,0,95219,81577,1482,8529,3139,442,15,8074,2858,114,15,95887,81178,1402,9537,3339,436,10,8731,3036,77,10,64388,31878,31725,64925,31375,33550,64931,29763,32659,63362,22965,37670,55893,30641,25252,55895,26879,27594,54988,27744,27244,61630,29148,31275,75090,36932,37288,60896,29048,31385,56880,29338,27542,56716,23230,33486,56513,24440,32073,55525,24698,30827,56572,24234,31817,55723,24908,30815,56014,26643,29371,55850,26619,29231,55948,27151,28797,56219,27343,28876,65477,31396,33607,74384,36359,37375,73764,38076,33772,71490,32565,38925,70535,35373,35162,70648,34730,35918,70341,35071,35270
36,36,123500,106036,3897,10071,2701,1155,136,0,0,123438,101323,5664,11762,4013,991,187,0,0,125117,96534,6969,13913,4345,3245,270,122226,99293,5696,11872,4455,886,133,9429,3245,80,3,435,4048,122099,98916,5218,12377,4160,1522,127,95140,83427,2434,6662,1916,836,92,0,0,91348,79769,2255,6897,1642,561,4,6398,1196,105,177,0,97143,77681,4488,9279,3086,2384,171,97143,77681,4488,7933,2296,186,46,378,4135,91314,79440,2493,7032,1778,488,4,0,0,0,0,0,91814,79372,2576,7372,1579,696,21,6429,1180,58,21,91998,77944,3028,8217,1804,680,41,7020,1332,18,41,61460,28800,31621,55274,25752,29522,57684,25037,29381,57054,19315,34885,46770,25464,21306,46982,21700,23600,46326,22221,24105,52562,23960,27219,61395,30140,30139,49161,23476,25183,43485,22571,20914,43740,18295,25445,43529,19524,24005,42991,19637,23354,43286,19398,23327,42935,19968,22967,42877,17483,25394,43154,20624,22530,43255,20770,22485,43359,21143,22216,51433,25090,25867,58958,29455,28885,58388,30443,25737,57631,24025,31688,56425,28580,27845,55221,27785,27436,55981,28492,27489
37,37,115289,93624,2764,13232,5292,822,109,0,0,115640,89745,3969,14968,6554,768,251,0,0,121639,91343,5109,15203,7486,2419,170,115479,88884,4777,14909,6417,887,443,12504,5180,111,16,329,3668,121857,92708,5955,15425,7262,1138,516,89768,74778,1765,9188,3662,588,70,0,0,87533,72585,1555,10264,2483,415,20,9516,2238,58,284,0,96953,75374,3468,10706,5430,1868,123,96953,75374,3468,9585,4720,164,35,280,3327,85540,70611,1983,9705,2359,471,15,0,0,0,0,0,91284,74353,2654,10332,2808,558,12,9728,2480,36,12,90944,72551,2884,11263,3082,635,27,10238,2517,33,27,63383,26949,35629,60566,24958,35608,62264,24771,34512,61732,18738,40712,51816,25281,26535,51960,21329,29200,51323,21771,29552,57715,23729,32766,67729,30569,36121,54995,23470,30994,49564,22867,26697,49814,17867,31947,49601,19438,30163,48952,19453,29499,49334,19102,29739,48906,19776,29130,49173,17646,31527,49098,20603,28495,49227,20732,28495,49372,21217,28155,57989,25344,32132,66305,30112,35556,65684,31139,32344,64848,23968,39003,63457,28729,34728,61920,27704,34216,62990,28625,34365
38,38,130612,52967,2648,73463,1282,1384,145,0,0,127888,54996,3294,67495,1591,1289,286,0,0,124303,46965,4908,68736,2052,2691,208,128981,54959,3426,68155,1555,1200,365,63847,991,288,130,491,4848,126941,53244,4637,66249,1951,1472,359,100536,45519,1718,51966,983,1014,90,0,0,98195,46679,1438,48704,515,747,37,47138,452,244,343,0,96607,40545,3257,49791,1608,2013,145,96607,40545,3257,47284,1128,194,56,483,3660,99746,47599,1532,49382,561,845,18,0,0,0,0,0,97689,45893,2181,47960,785,863,8,45850,555,120,8,96221,45038,2754,46503,959,860,0,44400,549,41,0,65069,51676,12470,60897,49348,11549,53638,40610,11123,52366,35041,14831,40011,32624,7387,40060,30278,8694,39417,30561,8856,45823,34583,10263,50706,38540,11367,39034,29423,9329,30316,23174,7142,30466,20047,10419,30353,21509,8844,29977,21755,8222,30282,21537,8309,30027,22055,7972,29623,19531,10092,30169,22309,7860,30188,22248,7940,30316,22648,7668,38023,28150,9631,44226,32782,11033,43689,32716,9384,43067,28248,13432,42170,31852,10318,40615,30455,10160,41687,31485,10202
39,39,113354,86483,2281,21610,2458,941,144,0,0,112529,81761,2292,24950,2521,1800,26,0,0,114226,78407,3221,27099,3025,2467,210,113380,81771,2067,25718,2718,1613,29,22248,1751,267,0,229,5058,113577,79277,1956,28599,2520,1125,61,86655,68645,1367,14510,1672,659,87,0,0,85457,65439,1160,16464,1363,1082,0,15182,1090,327,214,0,89494,64070,2067,19076,2233,1860,150,89494,64070,2067,17519,1686,167,32,367,3586,86271,65282,1210,17269,1460,1023,0,0,0,0,0,0,86343,63942,1272,19082,1436,740,8,17578,1185,130,8,86776,62737,2302,19334,1821,604,20,17601,1359,20,20,60876,29154,30802,58133,28155,29978,56515,24734,29471,55701,19804,33546,45011,24149,20862,45061,20494,23280,44471,20999,23472,51010,22990,26903,59619,27820,30859,47268,21371,25488,41047,19491,21556,41194,15303,25891,41138,16709,24429,40633,17137,23496,40956,16773,23737,40649,17414,23235,40820,15255,25565,40812,17861,22951,40877,17848,23029,40962,18295,22667,49012,22158,26407,56299,26295,29517,55579,27278,26251,55008,21511,31817,53753,25521,28232,52182,24558,27624,53331,25456,27875
40,40,115091,110488,1101,1795,903,864,39,0,0,115028,108414,1522,2990,1009,1113,207,0,0,114443,105244,1795,2932,1226,2631,119,114564,108858,1367,2246,1178,1089,259,1147,662,50,3,168,2307,114224,107077,1264,2856,1490,1142,447,86518,83743,621,996,561,616,17,0,0,87385,83697,665,1645,476,643,54,1383,361,60,203,0,87954,81982,1079,1657,815,1937,77,87954,81982,1079,1184,531,157,20,200,2801,87563,84527,655,1102,455,618,4,0,0,0,0,0,87076,83379,697,1327,564,703,4,944,379,38,4,87777,83546,890,1678,637,648,5,1089,394,34,5,58786,19464,38111,55950,17911,38039,57767,13155,42345,56848,10248,44142,44912,14686,30226,45096,11446,31972,44380,11745,32635,51615,12619,37893,61531,14879,45828,49336,11959,37058,44339,11692,32647,44480,8416,36064,44578,9127,35451,44175,9422,34753,44452,9303,34708,44137,9731,34406,44489,9216,35273,44240,10091,34149,44219,10191,34028,44379,10451,33928,52763,12586,39794,61638,14777,46401,61003,16413,42311,60079,12857,46351,59026,14587,44439,58356,14310,44046,58568,14575,43993
41,41,113794,83231,6051,21893,2511,1073,82,0,0,115337,81277,7486,23447,3180,1183,82,0,0,113497,74612,7616,26728,2824,2401,102,114465,81777,7123,22447,2985,931,32,18937,2389,185,18,424,3613,112762,77787,7637,24400,2550,1076,118,88506,67959,3672,14663,1882,754,55,0,0,88016,66148,4340,15758,1120,586,25,15038,912,159,76,0,90248,62762,4856,18753,2214,1834,67,90248,62762,4856,16960,1764,170,18,338,3380,87982,66108,4207,15970,1069,592,20,0,0,0,0,0,89088,64502,4819,17975,1181,500,65,16997,992,116,65,87843,62159,4768,19170,1040,535,104,17723,839,54,104,58255,36452,20898,55545,36132,19413,53637,30183,20524,52408,26018,23961,41544,28223,13321,41926,25352,15091,41234,25657,15577,47648,28074,18349,55778,33112,21745,43082,25163,17431,36094,22427,13667,36349,17505,18844,36111,19574,16537,35712,20006,15706,36037,19310,16269,35660,20046,15614,36097,24554,11543,35793,20653,15140,35898,20768,15130,35993,20976,15017,44715,25756,18474,52613,30788,21342,52160,31097,18667,52476,31618,18710,50927,30542,20385,50907,30068,20839,50761,30608,20153
42,42,131193,67536,13101,50026,988,1727,120,0,0,116935,59749,11325,45063,1412,1746,228,0,0,114246,56345,12890,42886,1079,2818,128,117580,59531,11723,45399,1463,1549,251,39579,755,311,42,265,5372,116257,57460,13019,44775,1574,1421,282,95629,54170,7564,33004,642,1201,78,0,0,86903,49221,6739,29347,525,1006,35,27944,381,354,238,0,86158,46666,8187,29143,747,1998,81,86158,46666,8187,26963,454,221,21,371,3275,87070,49310,6936,29324,586,877,41,0,0,0,0,0,85167,48152,7677,28133,606,656,16,26885,420,97,16,84729,48014,7635,27543,785,677,7,25926,438,53,7,58553,47049,10511,51832,42311,9521,45976,31922,11967,44527,28524,13620,32196,24907,7289,32445,22879,8387,31864,23267,8597,38051,26595,10493,42139,28133,13327,32192,21737,10148,24630,16808,7822,24820,13438,11382,24680,15238,9442,24395,15494,8901,24626,15100,9160,24379,15522,8857,24863,18118,6745,24444,15829,8615,24547,15830,8717,24605,16103,8502,31889,20428,11186,38339,24297,13687,37893,24497,11581,38216,25225,11473,37075,24436,12639,37052,24044,13008,37008,24466,12542
43,43,114208,88416,5574,17342,2611,1045,107,0,0,115246,81447,8799,22007,2695,1287,151,0,0,114883,77494,8247,24258,2933,2572,108,114711,78510,9404,23727,2301,1452,141,19382,1818,188,38,910,4463,112611,76653,8744,23686,2592,1914,88,89360,71638,3329,11943,2056,737,75,0,0,86929,65986,4698,14725,933,504,45,13714,770,91,110,0,89921,64237,5198,16370,2234,1915,76,89921,64237,5198,14525,1713,215,47,360,3626,87264,64919,5220,15277,966,528,30,0,0,0,0,0,85888,63635,5099,14668,1332,702,30,13585,1131,88,30,85232,63456,5447,14119,1234,667,11,13171,1016,17,11,55919,36837,18118,52835,36236,16599,49605,28674,17939,48313,24991,20818,37501,26379,11122,37848,23656,12738,37076,23980,13096,43213,26251,15741,49540,29873,18714,38461,23103,14875,31646,20264,11382,31936,15853,16083,31670,17685,13985,31264,18102,13162,31576,17499,13710,31288,18167,13121,31766,22062,9704,31370,18707,12663,31482,18726,12756,31565,18977,12588,39238,23082,15726,46131,27210,18463,45786,27640,15796,46085,28186,15745,44719,27386,17333,44712,27025,17687,44591,27392,17199
44,44,109429,98989,3423,3467,3149,596,83,0,0,110041,97393,4630,4303,3060,659,108,0,0,115672,99324,5209,4837,3662,2038,84,110201,96132,5277,4188,3890,866,265,2452,2580,92,31,374,3257,115162,99883,5390,5013,4054,1259,167,83010,76312,2009,2225,2089,438,55,0,0,83730,75883,3048,2938,1451,313,32,2543,1226,65,66,0,90179,79107,3190,3235,2617,1413,56,90179,79107,3190,2661,2231,99,11,215,2665,83544,75453,3207,2525,1860,374,29,0,0,0,0,0,87275,78246,3117,2862,2346,449,34,2168,1843,70,34,88032,78115,3312,3262,2642,475,23,2613,2114,32,23,62053,30597,30534,60490,29774,30716,61630,25840,32399,60620,20839,37503,50274,27153,23121,50847,23343,25976,49969,23798,26171,56706,25252,30173,67678,30706,35861,54627,24174,29875,49670,24220,25450,50013,17271,32742,49658,19851,29807,48982,20114,28868,49465,19487,29522,48979,20253,28726,49170,27530,21640,49104,21284,27820,49245,21522,27723,49350,21724,27626,58593,25569,32440,68004,30249,37111,67534,31102,33731,67862,31236,33933,65756,29495,36261,65898,29241,36657,65530,29465,36065
45,45,116894,93260,6058,11642,5499,755,248,0,0,120405,91093,7101,14819,6942,1285,53,0,0,123472,86454,8813,16259,9571,2581,235,121113,90768,6967,14597,7547,1399,79,12053,6287,152,11,561,4316,123032,88721,6845,16183,9514,1262,96,87117,71682,3863,7438,3816,523,149,0,0,85502,71085,2076,8404,3223,481,4,7915,3082,160,334,0,94335,69312,5433,10873,6851,1841,143,94335,69312,5433,9822,6218,120,95,325,3010,85658,71459,2326,7768,3235,419,10,0,0,0,0,0,86671,70818,2060,8973,4047,508,25,8369,3799,57,25,87569,68047,3452,9808,5395,578,32,8451,4868,41,32,61082,21436,38876,60341,20878,39463,61016,21396,36791,60134,16136,41762,49591,20809,28782,49566,18370,29889,48345,18632,29713,55678,20303,34200,65838,26575,38275,52455,19596,32305,46229,18567,27662,46307,14486,31821,46249,15783,30466,45830,15867,29963,46196,15686,30053,45885,15814,30071,46255,16983,29272,46082,16792,29290,46098,16909,29189,46207,16945,29262,54952,21097,33281,62995,25090,37254,62468,25989,34250,61220,23767,37453,61694,23437,38257,61152,23894,37258,60872,24150,36722
46,46,111161,95300,3335,9759,2347,687,91,0,0,115222,95867,4512,10916,3707,541,111,0,0,121992,94153,7553,13067,4438,2888,138,116403,96079,5120,12026,3343,516,194,8576,2030,28,33,168,4368,122258,98800,5872,13244,3613,823,229,80237,70690,1844,5893,1465,502,47,0,0,83413,72719,1512,6907,1782,381,14,6393,1467,50,121,0,90573,72733,4475,8196,3033,2021,91,90573,72733,4475,7014,2618,135,41,299,3258,85082,73502,1881,7646,1492,377,29,0,0,0,0,0,89670,77257,2079,8171,1479,623,10,6809,1179,12,10,89487,74302,3127,8812,2521,588,45,7109,1766,31,45,50860,19351,30751,49720,18608,31112,52295,16913,33118,51359,13036,36155,41083,16218,24865,40999,14212,25626,39965,14424,25541,47344,15939,30395,58906,21029,37072,45511,15578,29526,40513,15108,25405,40563,11656,28907,40583,12721,27862,40336,12918,27418,40576,12714,27486,40381,12897,27484,40625,13705,26920,40458,13587,26871,40473,13720,26753,40614,13704,26910,49600,17129,32041,59099,20595,38054,58497,21570,34844,57287,19701,37586,57545,19646,37899,57213,19734,37479,56920,19996,36924
47,47,119732,102104,5020,9443,2568,874,154,0,0,122498,100144,5886,11117,4291,1353,363,0,0,123473,94708,8462,12541,4683,2905,381,122966,97474,6062,12440,5287,924,329,8477,4754,111,20,344,5722,121389,94083,7251,12661,5325,912,413,93520,81942,2962,6109,2027,650,77,0,0,93506,81551,2166,7347,1593,819,140,6486,1454,155,40,0,98354,78331,5335,8455,3809,2212,254,98354,78331,5335,7294,3225,204,178,262,3525,93746,80140,2361,8085,2264,891,20,0,0,0,0,0,91618,77606,2676,8118,2460,562,35,6628,2038,63,35,92617,76869,3776,8359,2825,501,40,6709,2257,59,40,52363,22198,29327,48087,19973,28114,50019,18367,29590,48717,14514,32164,37738,16515,21223,37643,14551,21920,36648,14735,21913,43578,16377,26266,51160,19618,30787,40075,15004,24729,34107,13352,20755,34187,10774,23413,34173,11474,22699,33895,11676,22219,34152,11423,22407,33927,11617,22310,34238,12316,21922,34044,12123,21921,34050,12221,21829,34196,12162,22034,42055,15621,26083,49990,18717,30843,49359,19590,27961,48385,17987,30398,48569,17812,30757,48190,18145,30045,47924,18260,29664
48,48,124253,114986,1656,5728,1267,746,58,0,0,124206,114181,1733,6280,1713,707,23,0,0,124669,109714,2856,7011,1636,2455,95,123694,113584,1863,5930,1892,594,24,4161,928,90,0,149,2928,124226,113069,1799,6371,1734,826,59,95630,89652,1047,3672,835,491,38,0,0,96988,90642,881,4186,756,468,0,3617,588,104,112,0,98362,88183,1903,4600,1161,1763,69,98362,88183,1903,3718,798,156,22,291,3291,96973,91085,1018,3630,802,304,0,0,0,0,0,0,97005,90649,1072,3957,784,497,0,3373,467,86,0,96428,89135,1684,4004,855,657,3,3071,434,75,3,64644,29859,33582,61175,26938,34237,61870,21796,37234,61169,18194,39774,50615,23145,27470,50840,20028,29311,50007,20497,29510,57019,21536,34166,68524,25803,41781,54877,20309,34143,49891,20058,29833,49860,15046,34814,49978,16092,33886,49406,16631,32775,49864,15727,33636,49450,17068,32382,49406,18863,30543,49590,17652,31938,49605,18235,31370,49749,18319,31430,58487,21361,36733,67383,24698,42097,66617,26366,38058,65324,24508,40816,64188,24496,39692,64773,23879,40894,64349,24161,40188
49,49,116725,89355,2548,22180,1714,1523,123,0,0,114128,84050,4162,22829,2204,1398,12,0,0,116324,82019,4743,24251,2333,3123,153,113436,82206,4366,23862,2208,1295,12,18426,1764,27,12,489,6140,115901,82905,4832,25077,2228,1897,50,89169,71777,1568,13938,1186,1047,78,0,0,86675,68651,1695,14271,1131,719,10,12818,998,40,315,0,90045,67541,2867,15725,1629,2114,79,90045,67541,2867,13632,1284,208,26,463,4024,85648,66540,1816,15313,1202,735,10,0,0,0,0,0,86911,67269,1932,15795,1065,908,10,13376,953,24,10,86254,65485,2490,15994,1342,941,55,13399,1082,40,55,55888,32630,22011,52648,30564,22084,49456,24160,22950,48841,20707,25298,38964,22102,16862,39117,19875,17986,38517,20297,18220,44229,22156,20976,52139,26060,25272,40689,19814,20517,35150,17700,17450,35185,14049,21136,35251,15216,20035,34887,15545,19342,35213,14926,19921,34934,15893,19041,34816,17515,17301,35048,16269,18779,35062,16581,18481,35110,16620,18490,42357,20253,21769,49119,23694,24975,48448,24312,22214,48060,23979,24081,46908,23452,23456,47249,22876,24373,47012,23302,23710
50,50,113968,104956,1617,5950,712,894,54,0,0,113079,103217,1591,6590,752,1084,9,0,0,113282,99380,2707,6677,942,2782,117,113715,103571,1477,6404,842,1324,0,4613,520,269,0,247,3015,113584,102904,1985,5852,1120,1320,121,88545,82848,979,3719,444,648,36,0,0,89016,82852,851,4112,437,718,10,3476,318,187,53,0,90083,80698,1693,4297,607,2083,80,90083,80698,1693,3446,405,201,25,198,3417,90262,83916,935,3927,462,923,0,0,0,0,0,0,90711,84326,1243,3640,491,900,0,2858,338,130,0,91222,84272,1866,3761,520,750,4,2930,328,106,4,57261,29869,25978,54401,27726,26675,53315,19536,31295,52553,17145,32160,41786,20229,21557,42001,17546,22839,41377,18011,23366,48085,18919,27894,58376,21303,36167,45774,17114,28300,40763,16255,24508,40777,12336,28441,40949,13128,27821,40534,13849,26685,40863,12946,27497,40596,14297,26299,40477,15012,25465,40701,14358,26343,40684,15002,25682,40792,14917,25875,48816,17499,30929,57062,20171,36421,56276,21829,32071,54859,20489,34370,54155,20608,33547,54688,19915,34773,54228,20245,33983
51,51,113222,108814,1911,1340,496,740,229,0,0,113310,107464,2857,1991,634,763,69,0,0,113841,104401,4172,1688,652,2996,78,112836,106724,3034,1804,611,775,78,547,401,77,0,98,1955,113328,106642,3288,1789,664,812,88,86874,84149,1207,703,309,547,175,0,0,86501,83820,857,893,262,578,0,563,161,169,79,0,88466,82484,2374,951,428,2088,44,88466,82484,2374,590,275,125,18,115,2485,86077,83384,942,873,302,501,0,0,0,0,0,0,86833,83851,1139,902,330,572,4,541,239,70,4,85843,82559,1324,943,327,554,4,590,229,68,4,53333,26130,25626,50294,22576,27718,51301,14842,33827,50418,13541,33811,40081,17138,22943,40062,14149,24379,39574,14519,25055,45765,14861,29708,54810,15627,38335,42961,13173,29478,38037,12469,25568,37628,9336,28292,38083,9893,28190,37621,10381,27240,38054,9926,27679,37881,10713,27168,37820,10585,27235,37920,11024,26896,37778,11498,26280,38063,11358,26705,45654,13122,32245,53613,14559,38637,53024,16428,34417,51009,14838,36171,50938,15515,35423,51651,15015,36636,50794,15014,35780
52,52,115795,97154,4926,11577,1985,1022,110,0,0,120380,98224,6954,13292,2367,826,138,0,0,122559,96950,7969,12471,2853,2582,144,121079,98320,7566,13177,2362,796,105,9777,1346,235,12,141,3674,122900,98424,9052,12919,2221,1701,146,87094,75597,2772,7042,1317,701,61,0,0,89990,76434,4060,8041,927,541,10,7246,730,245,34,0,94914,77940,4896,8104,1971,1834,96,94914,77940,4896,6587,1545,137,11,296,3502,91177,77041,4452,8303,863,508,10,0,0,0,0,0,93435,78132,5591,8012,1050,760,10,6616,894,78,10,94472,78276,5944,8074,1446,653,0,6348,1243,51,0,55739,31173,23594,53170,29797,23373,54408,25109,26688,53299,20666,29776,44488,26030,18458,44759,22436,20988,43018,22681,20337,50343,24519,24595,62608,30302,31413,49050,23530,25053,44747,23122,21625,44299,17642,26657,44558,19030,25528,43786,19566,24220,44317,18692,25167,43704,19590,24114,43762,20767,22995,43960,20815,23145,44189,21262,22927,44206,21464,22742,53662,25444,27736,63744,30267,32860,62670,32252,28405,59182,27809,31373,58828,29691,29137,57230,28261,28969,58716,29242,29474
53,53,114465,80932,18609,14851,1168,1370,119,0,0,115504,78734,21522,15846,1944,1671,120,0,0,119135,78567,22487,16110,1748,2774,170,116130,78989,20873,15803,2150,1570,191,10412,1600,355,77,180,3654,118990,79868,20906,15824,2418,1688,20,85286,64221,11596,8783,747,881,82,0,0,86751,63303,13506,8273,899,715,60,7433,720,298,125,0,91548,64177,14936,10285,1183,1995,108,91548,64177,14936,8063,862,176,23,192,3119,87434,63543,13458,8373,1142,826,75,0,0,0,0,0,90062,65427,13526,9295,1244,749,10,7860,957,85,10,92173,66520,14413,9755,800,581,0,8360,557,104,0,55238,34380,19917,53698,33243,20455,51052,27028,21750,49978,22623,24432,40797,25781,15016,41045,23021,16885,39509,22863,16646,46389,25181,20107,56590,29792,26031,43735,23071,20314,38473,21282,17191,38172,16615,21557,38304,18007,20297,37765,18520,19245,38226,17880,19923,37717,18634,19083,37743,19465,18278,37940,19575,18365,38070,19873,18197,38165,20026,18139,46745,23960,22454,55582,28291,26786,54559,29912,22878,51539,26492,25047,51186,27808,23378,49655,26507,23148,51024,27388,23636
54,54,123490,111257,4878,5535,1068,1032,86,0,0,122988,109499,5727,5788,1357,1138,87,0,0,122551,106593,6270,5168,1243,2769,131,122666,108524,6492,5745,1336,1334,156,3856,688,152,8,113,2836,122303,106823,6874,5318,1381,1373,187,95526,87014,2858,4256,769,730,51,0,0,97492,88661,3204,4211,710,663,4,3776,508,132,104,0,98021,86778,3885,3878,913,2075,97,98021,86778,3885,3190,577,223,19,193,3156,97520,88454,3684,3921,697,687,4,0,0,0,0,0,97174,87643,4131,3599,703,879,25,2569,387,128,25,97278,87519,4513,3436,772,909,15,2638,521,106,15,58591,30198,27060,55080,27937,27143,56674,21052,32782,55458,18031,33919,45170,22853,22317,45467,19014,24712,44239,19551,24688,51303,20368,29525,62102,22295,38842,49327,18755,30164,44624,17969,26655,44271,13908,30363,44664,14613,30051,43974,15169,28805,44441,14469,29435,43902,15113,28789,44032,15749,28283,44145,15961,28184,44089,16425,27664,44247,16346,27901,53432,19282,33724,63509,22127,40838,62481,24454,35598,59606,20608,38998,59127,22090,37037,58181,21253,36928,58973,22003,36970
55,55,104674,98668,1628,2012,1868,620,70,0,0,114303,106785,2643,2365,2187,703,49,0,0,120633,107767,2998,3628,3257,2432,154,114856,106611,2834,1895,2879,748,5,1120,1978,0,0,38,2275,121088,110159,3546,2696,3690,1246,24,76349,72779,917,1153,1097,423,38,0,0,83704,79849,1212,1014,1167,443,0,841,889,0,50,0,90655,82383,1810,2108,2128,1780,98,90655,82383,1810,1597,1658,109,25,156,2917,84990,80670,1386,909,1415,537,0,0,0,0,0,0,90867,85320,1983,1205,1643,576,0,1019,1162,39,0,92900,85627,2243,2228,2192,474,9,1644,1769,42,9,54554,16360,37493,54446,15327,39119,60627,14608,43402,59355,10587,46039,51502,16063,35439,51478,13428,36662,50382,13814,36568,57270,14669,41377,70782,19703,50079,56542,14996,41073,52435,15512,36923,52421,11450,40971,52509,12728,39781,52000,12759,39241,52308,12579,39198,52002,12714,39288,52383,14760,37623,52145,13661,38484,52087,13877,38210,52353,13996,38357,62535,17044,44910,74008,20716,52654,73391,21995,48928,72044,21501,50543,71441,19514,51927,71449,19441,52008,71721,20007,51714
56,56,108067,90684,3156,5993,7682,531,150,0,0,115030,90816,3681,7396,12524,474,137,0,0,121704,90460,4740,7225,16702,1946,240,117684,91991,3937,8161,13095,435,181,6948,12201,157,0,299,2151,122101,93571,4051,8246,14668,403,105,77907,66274,1840,4675,4755,355,90,0,0,81927,69556,1700,5623,4637,315,0,5281,4428,50,115,0,91598,70396,2958,5403,10942,1384,149,91598,70396,2958,4789,10241,96,84,283,2751,83405,70440,2049,6025,4553,261,0,0,0,0,0,0,85473,72225,2166,6115,4677,278,0,5431,4380,65,0,88094,74254,2203,5541,5548,577,4,4583,5098,80,4,51810,17044,34205,55031,17562,37469,56137,19122,34241,55300,13240,39809,48070,19752,28318,48041,17292,29528,46970,17435,29535,53245,18854,33219,65313,26366,37909,52641,19760,32315,48905,20458,28447,48994,15620,33374,48912,17256,31656,48233,17110,31123,48632,17074,30965,48269,17013,31256,48852,19615,29237,48524,18360,30164,48554,18494,30060,48749,18738,30011,57134,22259,34270,65585,26412,38478,65474,27355,35868,64562,27115,37447,63984,24373,39611,63832,24904,38928,63980,25549,38431
57,57,124090,111285,6382,4598,1446,655,94,0,0,123757,108262,8291,6078,1844,664,77,0,0,124936,105267,9018,5647,1988,2473,109,122643,107249,8303,5505,1829,591,61,3480,1033,78,22,63,2420,124096,107279,8239,6025,2015,903,56,94495,86929,3573,2683,953,459,55,0,0,93585,86568,2814,2737,937,442,8,2252,625,122,119,0,98663,86005,5415,3549,1364,1744,77,98663,86005,5415,2846,1032,95,12,244,3014,92828,86121,2735,2600,917,399,4,0,0,0,0,0,94847,87115,3070,3055,1044,482,25,2588,854,56,25,96354,87113,4375,3048,1238,489,38,2525,899,51,38,64628,30844,32717,61484,28920,32564,61934,23205,35923,59956,18616,38203,50530,24688,25842,50791,20613,28639,50151,21606,28545,57095,22683,33070,69670,27501,41276,55608,21769,33350,50758,21564,29194,50818,16375,34443,50751,17281,33470,49929,17713,32216,50525,17001,33108,49881,17939,31942,50525,17309,33216,50074,19056,31018,50228,19549,30679,50382,19892,30490,59892,23195,36200,69597,27213,41769,68434,29295,36937,65621,21631,43990,64885,26473,38412,65257,26433,38824,64797,26313,38484
58,58,127152,84326,7567,34841,942,1229,115,0,0,122625,79406,9625,33944,1209,1002,148,0,0,118730,75541,8864,32284,1046,2247,133,121653,79028,9564,33504,1036,1027,83,27927,612,168,8,140,4206,118644,75830,9729,33086,1013,1427,112,99493,69652,5132,24070,693,887,74,0,0,97105,67032,6262,22619,504,493,4,21543,409,193,271,0,94955,64103,5817,23075,730,1637,111,94955,64103,5817,21202,484,187,34,265,2863,96495,66755,6243,22409,374,514,10,0,0,0,0,0,93640,64539,5971,21903,444,609,4,20134,300,131,4,91941,63155,6102,21177,673,547,11,19423,387,70,11,64966,45419,18181,60235,43999,16236,56241,32964,21408,54819,29597,22437,42957,29166,13791,43102,26924,15044,42378,25803,16575,49174,29351,18838,56438,31659,24089,44997,24850,19864,38830,21571,17259,38505,15921,22584,38345,18030,20315,37625,19271,18354,38380,18369,19622,37883,19459,18424,38461,19760,18701,37968,20165,17803,38111,19825,18286,38261,20484,17777,45887,23843,21755,52361,27195,24774,51766,28451,21568,51150,25443,25707,49538,27578,21960,49085,26727,22358,49216,27298,21918
59,59,119719,108801,3619,5705,1444,608,70,0,0,114934,102841,4197,6195,1840,744,199,0,0,117494,100785,5312,7401,1952,1891,110,114245,100221,4824,6646,1998,714,307,4783,1510,196,23,235,2453,116764,101564,5209,7015,2103,811,237,94205,87048,2287,3716,964,378,48,0,0,91079,83092,2868,3756,800,475,0,3455,602,183,119,0,94729,83291,3439,4976,1350,1348,59,94729,83291,3439,4124,1047,92,14,182,2540,90525,82055,3321,3789,801,440,25,0,0,0,0,0,92550,83971,3536,3652,828,433,30,3308,662,29,30,92511,83524,3688,3914,820,397,39,3369,631,23,39,66264,35135,29715,63268,34279,28989,62724,25214,35320,61447,22317,36235,50650,26475,24175,50982,23664,26033,50034,22232,27802,56988,24423,31449,66875,26899,39210,54854,21556,32977,50348,20622,29726,49963,14012,35951,49820,16235,33585,48895,17534,31361,49869,16459,32941,49225,17720,31505,50045,18261,31784,49325,18658,30667,49550,18356,31194,49718,19392,30326,57400,21415,35647,64602,24251,39921,63949,26347,35630,63432,22283,41149,61373,25099,36274,60958,24191,36767,61236,24817,36419
60,60,87727,75373,1970,3421,6742,412,74,0,0,101309,82240,2555,4266,11901,462,101,0,0,113615,85781,3615,5697,16521,1443,130,101628,80951,2497,4743,12792,511,21,3471,11413,159,8,172,2966,113349,88118,3286,6351,14073,595,102,60616,52918,1115,2072,4316,230,34,0,0,67936,59570,1453,2191,4492,241,10,2073,4095,95,10,0,82363,64128,2239,3732,10918,947,75,82363,64128,2239,3138,10328,70,14,292,2154,67802,59494,1329,2622,4140,252,0,0,0,0,0,0,76986,65986,1762,3730,5141,322,0,3233,4575,14,0,80371,67007,1886,4649,6501,308,5,4023,5906,60,5,47329,18303,28537,49813,18233,31580,54171,22520,29179,53972,15889,36636,50271,24642,25629,50716,22032,27844,50173,20629,29544,54306,23087,30347,67018,32768,33339,54769,24586,29754,52730,26000,26730,52638,20029,32609,52646,21603,31043,52030,21651,30379,52523,21265,30871,52041,21755,30286,52483,24550,27933,52330,23566,28764,52279,23899,28380,52539,24267,28272,60791,28414,31969,70301,34585,35117,70108,35494,32933,68944,32950,35994,68524,32866,35658,68783,32524,36259,68289,32465,35824
61,61,105829,97407,1842,3883,2050,706,87,0,0,118900,107082,2898,5331,3057,818,370,0,0,120927,104741,3665,5064,4311,2337,168,123309,110145,3230,5460,3626,829,437,3582,2745,57,21,210,3319,123184,108121,3191,5125,5038,1059,414,77473,72258,1046,2440,1288,492,53,0,0,87810,81193,1416,3152,1265,521,19,2729,1101,40,272,0,90248,79903,2157,3161,2805,1640,109,90248,79903,2157,2507,2347,101,35,246,2952,91129,83822,1558,3226,1520,507,25,0,0,0,0,0,91877,83760,1804,3081,2286,514,45,2750,1628,36,45,96128,87250,2454,3239,2404,646,24,2877,1638,32,24,54941,21559,32524,56802,22056,34746,59301,20561,35629,58797,15870,40654,52042,22564,29478,52495,19645,31522,51950,18316,33634,57285,20688,35391,70117,27513,41448,57298,21405,35368,54549,22390,32159,54371,17479,36892,54628,18003,36625,53967,18633,35334,54493,18149,35876,53969,18884,35085,54395,19863,34532,54212,19960,34252,54172,20397,33775,54469,20603,33866,63537,24340,38707,74564,29626,44189,74325,31076,40982,73150,27696,45454,72405,28558,43847,72783,28065,44718,72203,28094,44109
62,62,117280,110359,2050,2167,1974,778,66,0,0,121836,112441,2895,3274,2629,680,87,0,0,124425,111175,3314,3433,2861,2816,138,122903,112562,2942,3791,2980,721,81,1908,2226,74,42,146,3003,124528,112746,3184,3970,2866,1021,41,87310,82985,1247,1269,1263,561,45,0,0,91280,86515,1507,1831,896,383,35,1582,692,110,90,0,96383,87464,2139,2087,1963,2055,73,96383,87464,2139,1560,1556,143,22,269,3230,92740,87545,1567,2093,930,447,40,0,0,0,0,0,94470,88760,1602,2254,1162,601,0,1729,797,27,0,96879,90345,2104,2103,1621,588,0,1553,1200,31,0,59399,19711,38892,58858,18845,40013,61317,17958,40313,60955,12483,45779,49901,18473,31428,50200,15905,32569,49829,16689,33140,56691,17447,37835,68256,23255,43833,54904,17979,36287,50022,18408,31614,50125,14334,35791,50141,15437,34704,49686,15553,34133,50039,15277,34203,49673,15482,34191,50143,15690,34453,49870,16511,33359,49805,16742,33063,49987,16774,33213,59365,20171,38492,69438,24380,44379,68774,25246,40687,67040,22946,44094,67300,22318,44982,64686,22375,42311,66180,23418,42762
63,63,109999,106098,1004,1417,713,763,87,0,0,111401,106399,1397,1869,1000,897,124,0,0,113544,104136,1959,2453,1049,3119,120,111717,106502,1500,1871,956,821,132,842,654,123,0,429,1667,113847,108141,1492,2050,1286,661,121,81827,79429,580,789,453,580,45,0,0,85625,82542,886,1008,370,699,0,805,267,150,103,0,87011,80913,1170,1344,694,2299,72,87011,80913,1170,939,458,198,18,176,3139,85957,82807,1083,908,468,658,0,0,0,0,0,0,88445,85103,1001,1064,679,540,0,774,476,58,0,88640,84616,1052,1495,693,497,18,1031,454,22,18,49364,16658,31793,48266,16042,32224,50421,11539,36991,49840,8817,38737,39460,12257,27203,39583,10285,27921,39280,10785,28495,45678,11177,33515,56195,13665,41760,43815,10780,32717,39252,10808,28444,39112,8091,31021,39471,8618,30853,39187,8965,30222,39396,8592,30379,39170,8869,30301,39418,8813,30605,39269,9414,29855,39172,9633,29539,39319,9516,29803,48436,11884,36127,59015,14413,44183,58319,15575,40429,57269,13785,43484,56863,13622,43241,54991,13685,41306,55977,14113,41864
64,64,129488,110442,1821,15649,948,1003,71,0,0,123358,104590,2306,15105,1148,754,174,0,0,124049,100646,2620,15911,1156,2911,113,122822,103142,2439,15366,1310,686,137,13014,890,91,16,237,2991,124311,103125,2719,15653,1376,954,33,100323,87769,1086,10272,686,694,38,0,0,97278,84483,1377,10328,556,463,0,9762,488,69,105,0,98855,82728,1643,10950,817,2018,73,98855,82728,1643,9876,568,142,17,230,3651,97424,84364,1385,10525,641,364,4,0,0,0,0,0,98672,85007,1731,10480,677,590,20,9562,478,67,20,98201,84174,1984,10602,547,673,67,9293,226,30,67,64210,39940,22687,59459,38162,21297,56577,26627,27555,55396,23893,28391,43221,26105,17116,43099,23158,18752,42446,23034,19412,49844,24979,23697,59064,27264,31037,47052,21984,24719,41754,20391,21363,41523,14677,26846,41365,16895,24470,40688,18011,22677,41347,16841,24049,40845,17908,22937,40975,18021,22954,40754,18772,21982,40934,18398,22536,41087,19254,21833,49045,21620,27043,55951,24127,31364,55415,26082,27106,53154,22551,30603,52538,25182,27356,53566,24821,28745,52404,24709,27695
65,65,126600,118713,1708,4857,750,773,62,0,0,121462,111835,2353,5413,808,1127,114,0,0,122811,110568,2524,5601,969,2283,95,120722,111013,2194,5385,784,1404,332,3618,333,134,160,59,3215,122460,111893,2391,5506,515,1030,218,97777,92452,1023,3314,515,571,38,0,0,94448,88087,1437,3544,445,864,18,3134,315,92,88,0,97417,88738,1618,3955,695,1694,72,97417,88738,1618,3322,417,129,16,199,2978,93796,87515,1391,3417,439,902,51,0,0,0,0,0,95787,89344,1393,3778,373,699,74,2913,229,119,74,94414,87786,1560,3829,564,599,23,3002,433,86,23,63409,34250,27505,59645,33093,26552,58648,22360,33909,57504,20110,34154,46960,24093,22867,47006,20846,24598,46229,20520,25709,53087,21868,29953,63096,23711,38537,51029,19510,31150,46389,18696,27693,46083,13413,32670,46147,14991,31156,45376,16161,29215,46124,15198,30391,45591,16125,29466,45812,16020,29792,45624,16919,28705,45737,16901,28836,45913,17387,28526,53915,19486,34032,61665,21804,39376,60969,23960,34665,58869,19618,39251,58084,22823,35261,58983,22223,36760,57791,22195,35596
66,66,109977,104632,1515,2014,1328,557,36,0,0,114316,107874,2078,2088,1711,836,155,0,0,116342,105647,2718,2596,2131,2130,105,114782,107298,2188,2478,1756,763,189,1507,1153,241,0,573,1818,116242,107915,2741,2689,1822,690,197,81720,78608,824,1089,835,374,18,0,0,86956,83150,1267,1194,768,546,0,965,555,169,69,0,90362,83459,1676,1561,1373,1515,62,90362,83459,1676,1152,1011,111,16,227,2710,88100,84156,1266,1404,690,473,0,0,0,0,0,0,89753,85389,1580,1630,691,421,0,1180,422,74,0,90410,85875,1621,1405,1010,345,70,866,520,31,70,59071,25658,32524,58460,24210,34250,59204,20818,35673,58282,16498,38892,49301,22121,27180,49552,19067,29083,48099,19632,28467,55420,20692,33456,68593,26131,41520,54695,20433,33785,50818,20906,29912,50482,15836,34646,50738,17033,33705,50121,17299,32822,50651,16637,33436,49946,17393,32553,50302,18951,31351,50292,18615,31677,50252,19095,31157,50538,19051,31487,59685,22385,36794,69416,26173,42600,68537,28185,38270,66730,21198,39467,65418,25202,40216,66019,24829,41190,65261,24940,40321
67,67,115494,110514,1733,1413,1216,681,106,0,0,117239,110340,2421,2380,1605,578,104,0,0,118575,108944,2736,1994,1700,2355,124,117867,110458,2680,2163,1769,752,107,1274,998,16,0,162,2283,118627,110210,2687,2302,2110,976,83,87334,84208,992,831,840,462,63,0,0,90524,86655,1347,1304,751,387,0,1103,671,8,127,0,92494,85966,1728,1187,1201,1701,91,92494,85966,1728,824,941,115,35,222,2663,90665,86499,1529,1239,783,449,0,0,0,0,0,0,91817,87136,1631,1368,879,558,4,1166,635,36,4,92501,87080,1954,1647,945,601,52,1111,596,78,52,56697,24566,30823,54500,22846,31654,56374,17104,36630,54889,14329,37353,44190,18844,25346,44523,15619,27413,43376,16216,27160,50989,16987,32715,63613,20210,42485,49918,16142,33358,45521,16107,29414,45289,11927,33362,45631,12648,32983,44800,12865,31935,45363,12443,32408,44705,13066,31639,45049,14185,30864,44902,13896,31006,44926,14539,30387,45123,14316,30807,54376,17230,36714,64263,20142,43571,62996,22268,38539,61504,17000,40151,59835,19933,39902,60227,19494,40733,59701,19612,40089
68,68,110528,100058,1724,6494,1438,980,97,0,0,115662,101932,2530,7652,2719,1150,94,0,0,120797,99541,3089,8955,5595,2929,136,117503,102019,2998,8075,3530,1310,126,6100,2365,102,25,239,3660,120679,101669,3119,8906,5304,1552,126,83091,76511,1053,3941,958,712,52,0,0,87269,79014,1537,4549,1416,743,15,4118,1017,130,78,0,92702,78541,1906,5698,3864,2069,88,92702,78541,1906,4818,3472,213,20,409,3323,89177,79721,1705,4895,2042,759,25,0,0,0,0,0,91903,80726,1858,5432,2981,912,25,4745,2659,37,25,93062,79696,2201,6286,3986,932,46,5239,3532,0,46,54613,23634,29979,52744,23802,28942,54264,20238,31371,53886,16934,34353,45340,21275,24065,45360,18471,25685,44573,17789,26784,50778,19902,29696,62053,24910,36047,48332,19015,28846,43159,18310,24849,42996,14371,28625,43290,15038,28252,42713,15694,27019,43128,14970,27682,42828,15663,27165,43017,15561,27456,42954,16395,26559,42799,16788,26011,43093,16789,26304,52424,20595,31316,62251,24668,37001,61760,26238,33072,60908,23025,37883,60303,24493,35810,60191,24009,36182,60299,24307,35992
69,69,110784,106420,990,1903,521,989,61,0,0,115575,109031,1297,3117,996,1635,57,0,0,115006,106425,1492,2587,872,2899,98,115356,109015,1064,3225,824,1200,45,2016,535,128,10,95,2479,115416,107808,1651,3204,1008,1195,188,83244,80418,575,1237,316,678,38,0,0,88440,84395,695,1723,490,1123,14,1302,416,141,131,0,88480,82616,918,1723,529,2110,68,88480,82616,918,1328,305,190,19,198,2906,88358,84517,659,1832,396,977,10,0,0,0,0,0,88445,84273,877,1945,490,827,109,1492,355,54,109,89489,85482,953,1722,400,787,112,1208,258,48,112,53618,20196,32145,52446,20343,32103,54225,13621,38256,53723,12408,38545,44191,15767,28424,44456,12843,30264,43436,12317,31119,50056,13625,35296,61481,15315,45276,48681,12581,35762,44671,12370,32301,44269,9185,35084,44902,9358,35544,44337,10060,34277,44807,9457,34948,44494,10140,34354,44764,9911,34853,44572,10557,34015,44401,11068,33333,44685,10972,33713,53240,13159,39714,62746,15233,47023,62226,17135,42907,61208,13835,47373,60379,15457,44922,60458,15086,45372,60185,15189,44996
70,70,109606,94228,2678,6589,5431,939,183,0,0,113153,94635,3564,8077,6363,1048,248,0,0,115458,93415,4138,8003,6997,2489,268,114095,93847,3735,8435,6710,941,436,5680,4868,82,36,741,5105,115269,94165,4071,8883,6567,1316,323,85636,74699,1795,4666,3986,664,113,0,0,86624,74994,2428,5290,2918,766,40,4658,2415,63,219,0,90607,74917,2760,5554,5123,1832,170,90607,74917,2760,4489,4154,159,60,357,3711,87687,75657,2478,5387,3181,641,35,0,0,0,0,0,89073,76315,2615,5568,3409,748,65,4601,2627,46,65,89663,76388,2840,5882,3406,656,44,4526,2544,24,44,56523,21184,34598,56144,20590,35554,56729,19676,33864,56423,14770,39365,48153,21070,27083,48541,17172,29775,47949,17973,29976,53399,19350,32739,63225,25485,36447,51414,19422,31420,46979,19288,27691,47145,14742,32403,47118,16229,30889,46640,16354,30286,46925,16031,30388,46632,16418,30214,47030,15061,31969,46863,17278,29585,46870,17522,29348,46924,17605,29319,55413,21630,33217,64469,26369,37321,64352,27543,34573,63849,21090,40803,62895,25553,37342,62854,24856,37998,62677,25267,37410
71,71,114096,101886,1589,8833,1034,1120,108,0,0,114838,102576,2196,8299,1039,973,196,0,0,114405,98687,2173,8816,1447,2730,160,115283,102735,2371,8162,1071,1057,245,6335,552,90,66,145,2989,114232,101304,2318,7908,1325,1006,165,88264,79619,978,6361,680,830,63,0,0,89720,81375,1126,5966,493,592,24,5521,271,121,247,0,90339,78998,1328,6492,977,2034,106,90339,78998,1328,5564,598,212,26,386,3227,90282,81732,1297,5906,425,717,25,0,0,0,0,0,89196,80917,1308,5587,443,745,20,4857,289,63,20,89585,81127,1192,5619,601,719,5,4613,421,76,5,57790,23053,33581,54629,21591,33038,54439,16350,35794,54095,13336,38357,43993,17342,26651,44237,13685,29152,43850,14428,29422,49491,15334,33088,57368,17350,39070,46369,14228,31810,41319,13425,27894,41235,10076,31159,41434,10930,30504,41206,11358,29848,41423,11061,29974,41238,11331,29907,41398,11106,30292,41316,11911,29405,41261,11923,29338,41445,12090,29355,49247,14612,34275,57768,17055,40152,57455,18487,36868,56450,15046,40468,55825,16572,39253,55894,16376,39518,55600,16549,39051
72,72,125054,114501,1564,6159,2070,973,109,0,0,125239,112500,2037,7176,2937,1295,235,0,0,122716,105715,2562,7805,2884,2828,138,125133,111229,2381,7510,2629,1207,298,5158,1813,155,23,155,4215,121967,107209,2798,7541,2619,1269,220,99773,92206,1108,4137,1708,737,73,0,0,99607,92091,1314,4451,858,843,14,3586,690,191,202,0,100864,88138,1913,5532,2407,2124,96,100864,88138,1913,4489,1911,185,15,285,3928,100210,92158,1633,4790,736,774,14,0,0,0,0,0,98499,90101,1849,4933,902,691,4,4043,581,79,4,98337,89826,1855,4717,1121,670,4,3809,741,133,4,58990,32829,24847,55395,30582,24813,56457,24371,29240,54499,21222,29483,44215,24151,20064,44279,21489,20839,43714,21896,21818,50384,23084,25783,59864,25537,33428,48356,21392,26516,43574,20388,23186,43404,16515,26889,43534,17208,26326,42907,17785,25122,43427,16907,26008,42904,17843,25061,43084,18114,24970,43087,18576,24511,43001,19033,23968,43194,19059,24135,51460,21849,29172,60059,24758,34777,59375,26588,30491,56764,22783,33981,56751,25329,31422,56443,24437,32006,56342,24974,31368
73,73,113405,99238,2238,9121,2186,965,118,0,0,119953,100451,3129,12837,3141,1066,209,0,0,123971,98870,3578,14848,3920,2716,139,121214,100077,3368,13875,3459,1262,66,10949,2484,57,39,284,3961,124227,99980,3505,15200,4110,1074,143,83048,74654,1300,5320,1283,637,68,0,0,88715,77631,1620,7403,1354,481,55,6731,1060,70,209,0,93568,77408,2175,9164,2609,1916,87,93568,77408,2175,8164,2170,174,24,267,3186,89296,77457,1688,7951,1515,489,40,0,0,0,0,0,91636,77917,1836,9319,1844,597,45,8434,1484,38,45,94561,77781,2139,10799,2962,666,46,9624,2666,75,46,56074,23516,31619,54617,23919,30698,56209,20842,32711,55748,17458,35914,45790,21780,24010,46189,18830,26143,44965,18014,26951,52157,20545,30494,64735,26567,37170,50363,19851,30099,45772,19552,26220,45562,15023,30539,45849,15776,30073,45221,16523,28698,45794,15870,29546,45340,16622,28718,45496,16880,28616,45470,17417,28053,45488,17775,27713,45684,17874,27810,55255,22108,32725,65498,27006,37899,65051,28485,34368,63081,25054,38027,63134,26465,36669,63064,25856,37208,62768,26088,36680
74,74,118244,98798,3536,14092,1105,1129,142,0,0,115155,94718,4279,14123,1267,1338,163,0,0,116122,91542,4983,15238,1308,2905,215,114898,94120,4346,14269,1295,1240,86,10874,626,128,16,101,4688,116020,94177,4796,14607,1488,1360,144,90008,77521,2084,9104,727,802,73,0,0,87306,74986,1794,8911,576,796,33,7942,367,155,301,0,90022,73692,3001,10091,917,2123,124,90022,73692,3001,8811,644,238,53,281,3302,87256,74716,1861,9120,719,722,19,0,0,0,0,0,87861,75248,2063,9011,629,735,70,7983,373,52,70,87015,74166,2433,8786,755,762,62,7483,433,60,62,55676,27819,26800,52112,27121,24991,50464,20311,27925,50222,16003,31852,39171,20001,19170,39273,15884,22097,38695,16267,22428,44912,18133,25714,52703,20736,31075,41251,16311,24605,35730,14480,21250,35257,10691,24566,35311,11588,23723,35606,12453,23153,35868,12137,23370,35562,12595,22967,35730,12261,23469,35564,12941,22623,35613,12871,22742,35752,13326,22426,43480,16074,27041,51408,18631,32313,51230,20081,29160,50216,16766,32444,49415,18696,30719,49884,18354,31530,49203,18493,30710
75,75,107517,96716,4913,3382,2060,775,75,0,0,112370,98613,6397,4498,2743,965,171,0,0,113827,97078,6989,4109,3163,2142,103,112673,98809,6373,4614,2644,948,214,2965,1824,184,68,39,2416,113374,98435,6824,4411,2834,1078,308,84213,76715,3104,2518,1495,560,53,0,0,87272,78830,3773,2946,1126,502,40,2615,907,159,107,0,90086,78233,4681,2913,2268,1611,74,90086,78233,4681,2231,1856,121,8,213,2743,87570,79062,3764,3041,1122,479,65,0,0,0,0,0,88437,79375,4257,2855,1282,546,134,1978,914,182,134,88338,78876,4437,2965,1351,515,114,1975,1082,125,114,55205,28708,25366,52798,27494,25304,54801,23250,27865,54003,18942,32274,42603,23495,19108,43002,19552,21825,42266,19876,22390,48827,21790,25674,57750,25991,30751,46321,20520,25266,41324,19805,21519,41609,14529,27080,41521,16214,25307,40973,16446,24527,41386,16048,24926,40971,16443,24528,41336,19129,22207,41139,17494,23645,41210,17658,23552,41322,17794,23528,49311,21473,27433,57765,25512,31666,57144,26567,28210,56868,23363,32554,55547,24943,30604,55522,24156,31366,55284,24543,30741
76,76,124475,107726,1732,13120,1097,956,112,0,0,121100,103517,2318,13302,1174,1276,104,0,0,124936,104231,2615,13752,1230,2536,141,121043,102888,2425,13242,1261,1066,215,10348,901,161,92,579,3649,125008,105592,2667,13754,1459,1341,240,96456,84367,1124,9614,736,698,64,0,0,94140,81865,1402,9439,548,781,30,8544,494,116,267,0,97883,83107,1690,9878,860,1866,95,97883,83107,1690,8924,639,165,41,268,3049,94010,81645,1399,9369,580,724,95,0,0,0,0,0,97195,83880,1650,9774,762,813,175,8250,697,102,175,97277,83644,1766,9880,879,731,162,7870,671,84,162,61255,25727,34034,56503,22679,33824,55052,16085,36590,54484,15078,36357,44483,17984,26499,44678,14827,28381,43856,15107,28749,50226,16046,32969,59960,17640,41472,47136,14249,32547,41716,12904,28812,41328,10429,30899,41783,10595,31188,41438,11090,30348,41839,10756,30664,41431,11135,30296,41861,11724,30137,41566,11624,29942,41456,12239,29217,41725,11884,29841,49939,14474,35168,58358,16591,41298,57743,18488,37368,56873,16785,40088,55201,17114,38087,55553,16435,39118,54996,16515,38481
77,77,114517,108447,1800,2490,1148,693,80,0,0,116096,108749,2335,2810,1576,865,43,0,0,116894,106930,2755,3031,1381,2123,127,116063,108651,2379,2794,1599,782,54,1432,1176,147,17,109,2152,116680,108645,2507,2851,1668,841,57,85373,81573,1090,1444,788,494,51,0,0,86640,82610,1064,1648,730,485,10,1138,541,110,102,0,88837,82189,1724,1849,983,1570,90,88837,82189,1724,1356,755,121,25,175,2492,86535,82655,1039,1670,743,377,10,0,0,0,0,0,87295,83105,1262,1595,701,510,0,1142,560,96,0,87060,82541,1569,1479,667,446,0,991,562,77,0,52251,21711,29341,50025,19789,30236,49616,15031,32270,49025,12697,33604,39819,15495,24324,40055,13470,25270,39098,13592,25506,45125,14407,29587,54257,16660,36759,42929,13354,29222,38431,12832,25599,38108,9824,28284,38607,10413,28194,38102,10624,27478,38505,10183,27867,38225,10803,27422,38304,11489,26815,38289,11277,27012,38171,11648,26523,38397,11450,26947,45675,13832,31519,53140,15898,36764,52743,17313,33532,51874,13015,34822,50674,15853,34821,50889,15221,35668,50672,15459,35213
78,78,117698,98833,2621,14665,1079,852,71,0,0,114936,94546,3378,15232,1254,924,10,0,0,113287,90189,3406,15789,1344,2191,128,114372,93330,3552,15381,1303,1177,9,11837,862,118,2,231,4438,113771,92594,3717,15158,1255,1614,86,89495,77256,1607,9480,736,579,55,0,0,87407,74523,1910,9904,554,598,4,8990,421,169,100,0,87105,71706,2121,10394,937,1539,76,87105,71706,2121,9235,694,201,31,298,2819,87075,73953,1985,9991,604,857,4,0,0,0,0,0,86298,73070,2256,9572,661,928,15,8037,492,93,15,85117,71961,2209,8113,783,1988,20,6991,637,285,20,56506,21109,34263,53211,19234,33977,51803,14163,35356,50991,11551,37135,40697,15708,24989,40718,11588,28070,40465,12024,28441,46214,13224,32058,54468,15139,38523,42783,11780,30714,37352,10235,27117,36934,7375,29559,37449,8466,28983,37377,8182,29195,37432,8394,28667,37224,8682,28542,37466,9771,27695,37286,8936,28350,37118,8930,28188,37357,9174,28183,45026,11775,32987,52729,13688,38590,52304,15295,35127,52104,14427,37677,50643,14101,36542,49336,13111,36225,50225,13767,36458
79,79,128629,122473,1536,3329,566,929,69,0,0,122860,116088,2173,3403,658,909,184,0,0,120988,111434,1968,3357,724,2522,97,122263,114482,2261,3800,693,768,123,2460,247,72,9,29,2703,121055,112498,2396,3644,689,1040,302,100243,95901,1078,2347,396,668,42,0,0,97001,92466,1218,2254,348,547,4,1872,160,180,249,0,96452,89821,1264,2258,466,1869,58,96452,89821,1264,1835,302,194,13,168,2855,96665,91605,1299,2585,518,513,10,0,0,0,0,0,95870,90564,1553,2410,364,658,70,1967,239,67,70,94844,89860,1221,2387,377,651,30,1788,207,53,30,58630,26924,30105,54011,24093,29918,55035,14789,37818,53587,13757,36375,42776,16736,26040,42561,13891,27230,41836,13916,27920,49018,14717,33053,59695,15693,43075,46957,12961,33681,42289,12676,29613,41877,8649,33228,42270,9679,32591,41788,10396,31392,42159,9857,31871,41893,10253,31640,42221,10104,32117,41814,10865,30949,41817,10893,30924,42152,11235,30917,49895,13004,36542,57579,14325,42795,57029,16496,38169,56230,13483,42747,54270,15269,39001,54668,14633,40035,55067,15089,39978
80,80,118074,111131,1421,3265,1554,740,48,0,0,120301,111718,1915,3904,2098,797,160,0,0,124211,111734,2311,4587,2359,2375,129,121542,112383,1985,4108,2327,837,234,2118,1528,122,7,42,3355,124234,113795,2249,4677,2461,888,203,89370,85231,817,1779,1029,522,31,0,0,91638,86873,1083,2251,861,417,4,1609,616,137,144,0,95171,87131,1405,2708,1597,1720,82,95171,87131,1405,1961,1249,140,23,316,2946,92460,87621,1109,2294,887,478,4,0,0,0,0,0,94332,88940,1123,2604,1084,564,10,1680,904,72,10,95576,89408,1386,2856,1233,540,4,1687,1104,19,4,61291,20705,39275,58624,18278,40346,60444,14274,43520,59904,10095,47312,47501,16210,31291,47900,12343,33851,46729,12471,34258,54546,13616,39755,66411,16969,48414,52948,13234,39364,48381,13067,35314,48431,9151,39280,48669,10115,38554,48203,10296,37907,48494,10083,37912,48097,10565,37532,48128,11084,37044,48364,11148,37216,48215,11328,36887,48511,11569,36942,57553,14333,42847,67608,17217,49807,67170,19024,45831,65625,15812,49813,65181,16834,48347,65628,16570,49058,65228,16721,48507
81,81,114775,105652,6796,1056,704,761,48,0,0,112706,102145,7752,1769,844,897,41,0,0,113487,100544,8049,1477,797,2244,93,112838,101955,7930,1862,866,1041,84,721,553,250,44,120,1265,113989,102021,8286,1964,918,1117,157,86121,80718,3966,557,424,542,24,0,0,85515,79327,4438,793,322,523,28,665,265,245,72,0,87360,78924,5095,845,514,1627,61,87360,78924,5095,545,353,156,8,174,2105,85589,79168,4665,841,355,491,38,0,0,0,0,0,86925,79998,4944,987,410,520,24,692,249,112,24,86167,78943,5189,1015,420,486,30,412,207,75,30,58892,25675,31776,55067,23040,32027,55442,14854,37253,54646,12649,39096,42377,17314,25063,42930,12609,28808,42095,13061,29034,49026,14235,33553,59588,16342,42253,46815,13169,33260,41791,13056,28735,42026,8222,33804,42126,9631,32495,41599,9965,31634,42053,9455,32088,41624,10231,31393,41696,14300,27396,41734,10631,31103,41696,10960,30736,41982,10993,30989,50304,13539,36449,58999,15679,42802,58010,16970,38560,57874,15374,40785,55661,15356,40305,56101,14970,41131,55909,15198,40711
82,82,115674,106351,6672,1873,460,737,52,0,0,112717,102103,7450,2391,644,807,87,0,0,114464,101512,8077,2270,661,1969,153,111991,101193,7600,2451,599,715,106,1052,256,132,34,101,1623,113547,101590,8092,2530,494,855,56,86401,80935,3902,962,257,511,36,0,0,85015,78938,4288,1059,259,351,22,890,142,139,85,0,86823,78485,5076,1290,426,1405,108,86823,78485,5076,811,239,131,25,215,1841,84786,78512,4470,1124,267,344,28,0,0,0,0,0,85950,79257,4627,1303,274,456,8,812,155,89,8,86321,78994,5040,1180,400,555,13,783,269,97,13,59306,21742,35999,55351,18481,36870,56481,12409,41314,55477,12112,40459,43781,14566,29215,43954,10940,31763,43300,11103,32197,50132,12256,36738,60291,13682,45595,47502,10936,36219,42472,10279,32193,42272,7270,35002,42598,8293,34305,42344,8232,34112,42575,8327,33807,42293,8506,33787,42567,9497,33070,42365,8802,33563,42210,9004,33206,42590,9062,33528,50728,11170,39273,59550,12894,46122,58918,13906,42725,58618,11586,46319,57036,13197,43839,57126,12691,44435,56874,12851,44023
83,83,123573,114876,3937,2385,1847,784,61,0,0,124052,113257,5012,3125,2174,1070,107,0,0,122058,108885,5123,3167,2250,2283,129,123912,112519,5134,2962,2349,841,58,1379,1970,53,16,181,2661,122369,110488,5431,2995,2295,989,87,94433,88990,2353,1325,1305,568,46,0,0,94336,88912,2742,1419,558,660,14,1001,477,76,120,0,95169,86466,3277,1872,1550,1647,81,95169,86466,3277,1252,1260,131,29,212,2542,94342,88522,2882,1631,604,717,14,0,0,0,0,0,93549,87245,3133,1685,839,654,33,1176,541,74,33,93501,86577,3144,1954,1171,589,42,1244,798,40,42,58525,21699,35387,54652,19656,34996,56120,14062,39058,55332,11454,41136,43639,16299,27340,44017,12506,29971,43267,12742,30525,50210,13773,35188,60772,16518,43217,47587,12943,34254,42405,12622,29783,42329,8827,33502,42753,9727,33026,42427,9844,32583,42696,9577,32661,42653,9313,33340,42833,10261,32572,42504,10574,31930,42348,10848,31500,42637,10728,31909,50966,13684,36927,59622,16037,42982,59073,17478,39103,58499,14112,44387,57050,15922,41128,57148,15264,41884,56815,15527,41288
84,84,112659,108974,1612,847,668,591,132,0,0,111433,106479,2067,1213,995,464,252,0,0,114313,107121,2322,1382,870,1655,676,111098,106012,2121,1202,796,429,408,715,477,130,307,124,1216,113235,107432,2260,1670,867,637,256,83732,81671,883,360,417,436,69,0,0,83075,80689,997,701,366,341,0,478,234,209,17,0,86243,81710,1399,727,595,1199,377,86243,81710,1399,409,437,148,336,138,1666,82850,80421,1042,714,288,336,0,0,0,0,0,0,85040,82140,1227,806,293,438,0,459,123,36,0,84972,81687,1365,1029,308,377,4,540,151,5,4,56963,16808,38897,55621,14038,41583,56816,9811,44866,56160,7919,46133,44978,12790,32188,45314,8865,35053,44729,9225,35504,51318,9753,40606,61723,11116,49804,49467,9105,40094,45223,8922,36301,44960,5929,39031,45362,6619,38743,45387,6309,39078,45349,6546,38357,44954,7121,37833,45345,7469,37876,45147,7330,37817,44942,7450,37492,45231,7595,37636,53208,9429,43545,61573,10708,50413,61093,12270,46885,59935,9920,50015,58802,10873,47929,59523,10524,48999,58756,10689,48067
85,85,118645,111337,1484,3933,1043,941,136,0,0,116127,107902,1794,4439,1303,848,43,0,0,116652,105741,2211,4213,1304,2494,204,116032,107273,1913,4204,1344,899,193,2439,769,232,26,274,3105,116283,106763,2104,4443,1447,1024,217,87436,83123,833,2180,689,645,75,0,0,87299,82588,958,2525,547,618,30,1968,463,303,51,0,88902,81897,1407,2424,866,1819,140,88902,81897,1407,1635,610,188,44,245,2876,87648,82653,1083,2358,690,579,24,0,0,0,0,0,88366,82985,1312,2540,660,633,10,1872,319,208,10,88286,82596,1339,2568,829,711,0,1744,361,89,0,56735,19822,35695,54682,17925,36757,55263,11951,41020,54922,9327,42886,43718,13988,29730,43718,10853,31220,43325,10480,32845,49885,11453,37275,59806,12883,46017,47478,10541,36617,42479,10068,32411,42324,7047,35277,42822,7527,35295,42497,7797,34700,42688,7631,34627,42295,8021,34274,42667,8948,33719,42435,8490,33945,42249,8713,33536,42562,8699,33863,51118,10819,39946,60367,12614,47237,59920,14147,43494,59501,12620,46881,57887,12796,45091,56967,12154,44813,57543,12532,45011
86,86,103914,93536,1934,5819,2038,738,94,0,0,107321,94494,2411,6691,3147,1227,125,0,0,113566,95859,3198,6885,5047,2181,111,108768,95165,2585,6789,3489,1179,120,4461,2764,231,66,239,3261,115106,99086,3230,7547,3808,1720,114,78323,70883,1133,4539,1321,517,47,0,0,81049,72701,1505,4720,1298,668,55,4244,1082,227,252,0,86872,74521,1980,5166,3290,1500,62,86872,74521,1980,4576,2990,159,8,198,2440,82349,73553,1410,4934,1610,719,50,0,0,0,0,0,87009,77145,1766,5429,1625,1257,30,4216,1470,133,30,88855,78088,2063,5609,1764,1415,1,4150,1540,88,1,45982,18692,26268,44334,18402,25932,46005,13975,29571,45443,11521,31514,38248,15579,22669,38481,13137,24004,38021,12790,25231,43067,14057,27887,53206,17668,34489,42001,13822,27784,38642,13965,24677,38530,10685,27845,38852,11129,27723,38426,11650,26776,38745,11200,27127,38582,12630,25952,38840,12974,25866,38611,12391,26220,38471,12736,25735,38713,12680,26033,46716,15516,30804,56541,19122,36890,55771,20498,33090,55010,18713,36297,53647,18689,34958,54185,18238,35947,54055,18583,35472
87,87,116113,112092,1647,1116,611,753,63,0,0,113551,108310,2198,1805,656,892,46,0,0,113452,106223,2151,1538,711,2199,94,112940,107535,2220,1609,774,863,40,856,681,108,25,27,1484,112399,106530,2248,1691,770,785,19,88098,85743,960,498,382,539,35,0,0,87656,84834,1126,927,270,551,0,608,173,70,75,0,88365,83675,1323,756,460,1595,57,88365,83675,1323,438,309,118,20,160,2322,87591,84512,1337,815,329,570,0,0,0,0,0,0,87521,84525,1211,845,380,532,0,492,334,62,0,87747,84503,1367,921,334,497,7,388,255,48,7,57130,21867,33583,52932,20400,32532,53766,12572,38513,53106,11239,38845,41719,14830,26889,41892,11726,28631,41092,11595,29497,47991,12383,34401,58580,13439,44178,46276,11250,34710,42012,10958,31054,41854,8033,33821,42338,8159,34179,41841,8840,33001,42208,8251,33455,42049,9496,32553,42322,9356,32966,42049,9316,32733,41896,9855,32041,42203,9662,32541,49949,11597,38070,58587,13228,44886,57902,15051,40547,57074,12538,44536,55748,13544,42204,56383,13273,43110,55778,13278,42500
88,88,117689,104266,7959,4431,720,784,60,0,0,114379,99516,8694,4976,876,762,48,0,0,113965,96432,8954,5392,1004,2196,114,114052,98611,8912,5097,939,937,63,3128,587,343,12,159,2300,113947,97581,9265,5233,1026,1034,58,89453,81398,4705,2442,500,572,45,0,0,87840,78965,5187,2746,350,529,10,2458,282,159,46,0,88981,77644,5644,3129,695,1623,86,88981,77644,5644,2326,455,125,37,236,2514,87615,78740,5287,2770,321,398,10,0,0,0,0,0,88495,78555,5787,3069,493,563,4,2623,269,159,4,88218,77983,6056,3053,464,549,21,2163,162,136,21,58021,28688,28013,52850,25865,26985,51969,17333,31141,51148,13869,34172,40814,19728,21086,40858,15178,23894,40070,15440,24630,46459,16596,28477,55875,18862,35982,44080,15228,28431,39193,14499,24694,39329,9950,29379,39523,11064,28459,39101,11493,27608,39473,11011,27975,39053,11761,27292,39339,14378,24961,39166,12159,27007,39145,12603,26542,39391,12470,26921,46963,15398,31194,54975,17904,36552,54345,19291,32371,54187,17224,35595,52619,18043,34576,51838,17036,34802,52315,17744,34571
89,89,116901,102821,4144,8664,773,1003,50,0,0,113850,98676,4796,9054,939,1051,133,0,0,114672,96452,4960,9686,1070,2413,86,113857,97725,5187,9270,1055,1126,66,6944,698,438,9,298,2553,114504,97001,5423,9262,1114,1025,39,91271,82348,2496,5378,531,720,31,0,0,90357,80772,2991,5473,423,616,4,5020,297,336,113,0,92237,79978,3206,6247,741,1809,46,92237,79978,3206,5217,505,137,17,179,2998,90564,80777,3044,5541,506,672,8,0,0,0,0,0,91499,81063,3313,5915,534,663,24,5382,439,150,24,90561,80278,3187,5939,306,714,22,5103,227,79,22,62701,34168,27341,59276,32305,26971,58145,23576,31627,57316,19528,34579,47321,25388,21933,47303,21582,23856,46865,21717,25148,53093,22842,28851,62864,25751,36100,50819,21152,29222,45957,20579,25378,46061,15000,31061,45999,16745,29254,45419,17153,28266,45846,16289,29103,45414,17325,28089,45798,23109,22689,45457,18147,27310,45548,18420,27128,45799,18671,27128,53921,21730,31774,62267,25035,36668,61575,26840,32299,61257,26149,32987,58658,24712,33946,59332,24414,34918,58896,24638,34258
90,90,122979,116688,1242,3101,442,1599,66,0,0,118410,112367,1441,3104,419,1187,15,0,0,115793,107207,1439,3323,577,2735,111,117630,110810,1562,3174,583,1509,18,2397,433,171,6,92,2159,115416,107733,1861,3398,680,1604,36,94268,89861,731,2160,311,1269,44,0,0,91495,87553,681,2083,220,946,4,1921,167,222,50,0,90179,84086,803,2367,393,2099,54,90179,84086,803,1932,278,296,10,161,2613,91053,86683,709,2155,314,1176,4,0,0,0,0,0,89090,84392,850,2236,346,1198,8,1835,272,173,8,87930,83160,784,2229,406,1192,34,1705,329,104,34,51145,21841,27974,47854,21609,26245,48686,13029,33996,48254,13704,32756,37471,14986,22485,37798,12330,24487,36832,12032,24800,43159,13021,29382,51278,12788,37936,39976,10866,28898,34622,9555,25067,34559,7278,27281,34712,7982,26730,34403,8410,25993,34685,8106,26313,34515,8424,26091,34842,8159,26683,34537,8687,25850,34588,8625,25963,34650,8775,25875,42430,10394,31818,50712,11525,38906,49637,12996,34932,48612,11739,36873,48022,12128,35894,47954,11953,36001,47787,11877,35910
91,91,115748,110446,1127,2665,508,1156,47,0,0,113522,106952,1287,3328,922,990,19,0,0,113883,105595,1493,2891,715,2774,154,113774,107124,1458,3140,899,1067,126,1727,666,304,109,92,2289,113706,106410,1538,3146,1069,1145,312,86876,83506,658,1585,324,889,31,0,0,85932,82193,619,1990,241,827,14,1388,157,272,23,0,86890,81328,923,1745,450,2084,99,86890,81328,923,1152,290,277,22,174,2724,86007,82338,697,1805,183,859,44,0,0,0,0,0,86002,82065,776,1784,162,894,50,1348,49,170,50,86235,82020,792,2035,361,835,63,1326,206,69,63,49725,19846,28593,45428,18533,26895,47323,11727,33861,46615,11357,33232,35266,12512,22754,35551,10277,24227,35091,10345,24746,41580,11175,29616,51298,11503,39194,38880,9436,29240,33829,8595,25234,33598,6377,27221,34054,6606,27448,33654,7095,26559,33970,6668,26964,33722,7142,26580,33916,7013,26903,33766,7437,26329,33588,7626,25962,33906,7690,26216,42297,9426,32664,51387,10660,40397,50723,12488,36443,49387,10569,38818,49029,11001,38028,48735,11149,37586,48845,11030,37815
92,92,120444,111871,1001,5887,595,1262,75,0,0,117572,108734,1369,5857,545,1383,102,0,0,116490,105405,1280,5704,827,2741,76,117612,108414,1479,5928,435,1294,32,4424,242,40,27,127,2868,116826,106649,1444,6147,626,1528,32,92386,85965,635,4559,382,908,54,0,0,91919,85662,780,4342,353,820,59,3690,195,46,88,0,91617,83471,775,4331,562,2001,61,91617,83471,775,3622,369,196,16,123,3045,92357,85987,865,4392,236,917,24,0,0,0,0,0,92019,85269,968,4405,408,1002,8,3850,177,82,8,91528,84592,870,4273,583,1003,42,3730,482,118,42,50259,23719,25198,46927,23521,23406,48124,15500,30533,47350,14812,30170,36815,16656,20159,36963,13787,21984,36296,13636,22660,42815,14952,26900,52380,15734,35936,40308,13059,26967,35445,11973,23472,35277,9250,26027,35616,9656,25960,35156,10426,24730,35515,9735,25361,35177,10389,24788,35230,10551,24679,35261,10629,24632,35108,10921,24187,35398,11011,24387,43321,12977,30024,51514,14654,36438,50905,16549,32377,49329,14649,34680,48997,15276,33721,48812,14839,33973,48841,15069,33772
93,93,126609,120793,985,3174,655,1144,48,0,0,122722,116208,1344,3380,652,1078,178,0,0,120113,111806,1186,3242,710,2649,76,122336,115671,1370,3540,627,881,211,1883,454,175,114,170,2499,119833,112800,1402,3282,930,1053,110,96453,92662,594,1971,430,892,30,0,0,94285,90290,667,2077,374,745,35,1606,356,115,70,0,92917,87172,779,2059,492,1967,46,92917,87172,779,1497,367,230,5,172,2695,94215,90140,729,2254,305,647,65,0,0,0,0,0,92330,88090,880,2110,387,895,40,1329,373,143,40,91271,87042,822,2164,324,886,23,1522,287,108,23,54741,21436,31881,50691,20397,30294,53157,12828,38460,51916,15366,34286,40056,15234,24822,40488,12311,27243,39568,11751,27817,46721,13442,32434,56716,13790,42260,42322,10922,31154,35483,9194,26289,35105,7241,27864,35425,7981,27444,35111,8093,27018,35365,8031,26986,35236,8027,27209,35230,8433,26797,35241,8412,26829,35191,8367,26824,35319,8463,26856,44721,10641,33826,53997,12059,41576,53165,13450,37692,52151,12471,39680,51654,13181,38473,51915,12537,39378,51894,12702,39192
94,94,119515,114739,907,2109,790,1157,71,0,0,117638,111935,1158,2445,993,1221,76,0,0,114144,106642,1241,2487,797,2473,89,117219,111418,1228,2530,991,1126,51,1270,680,319,1,33,2267,113679,107600,1220,2510,924,1303,9,93793,90494,546,1380,569,858,48,0,0,93548,89885,667,1590,324,955,1,1208,129,269,132,0,90905,85494,827,1620,553,1937,70,90905,85494,827,1051,354,221,8,231,2719,92923,89765,685,1399,263,863,0,0,0,0,0,0,90008,86853,758,1111,277,833,1,842,168,138,1,89425,85912,786,1311,474,742,5,939,214,97,5,55329,25448,28498,52806,24624,28182,53852,16425,35003,52238,18659,31038,42787,19065,23722,43049,15718,26062,41915,15427,26488,48412,17166,30166,58166,18374,38934,46059,15235,30498,41297,14151,27146,40929,11619,29310,41316,12242,29074,41010,13044,27966,41167,12401,28298,40865,12553,28312,41029,12591,28438,40991,13062,27929,40933,13308,27625,41157,13328,27829,48529,15237,32973,56099,16850,38805,55029,18228,34740,53464,17077,36387,52595,17573,35022,52533,16659,35874,52890,17029,35861
95,95,119053,109257,1254,5457,2299,1107,68,0,0,117662,106757,1587,5986,2724,624,108,0,0,114106,101190,2026,6526,1966,2042,99,117789,106859,1677,5938,2551,714,86,4497,1646,221,45,236,2612,113553,102873,1966,5032,2396,1028,56,97553,89556,961,4450,1955,844,49,0,0,95477,87948,1108,4619,1265,470,19,4053,820,176,105,0,94230,83552,1566,5562,1602,1596,82,94230,83552,1566,4594,1199,238,21,216,2844,95989,88298,1150,4569,1276,599,14,0,0,0,0,0,92848,85594,1377,3871,1132,791,23,3162,711,88,23,92516,84442,1601,4200,1209,845,9,3160,502,64,9,56433,29169,25660,50207,24533,25674,54187,19496,32252,52433,18284,31562,42138,21142,20996,42367,17477,23594,41397,17992,23405,47256,18572,27631,52588,17659,34298,43088,15839,26916,37271,14164,23107,37024,11551,25473,37316,11919,25397,36909,12532,24377,37243,12114,24713,36810,12414,24396,37203,11944,25259,36948,12864,24084,36865,13088,23777,37163,13249,23914,44145,15131,28785,51178,16771,34012,50699,18490,30449,48859,16460,32399,48589,17511,31078,48490,16816,31674,48439,17188,31251
96,96,122707,114397,1001,6118,564,767,63,0,0,117147,107885,1485,6537,755,766,51,0,0,114020,101733,1653,6451,829,2373,123,116234,106674,1389,6603,918,832,37,4882,639,97,0,97,2456,113924,103374,1503,7001,902,783,80,97751,92252,667,3942,386,564,41,0,0,93933,87748,861,4301,409,514,0,3767,306,120,71,0,91725,83311,1070,4221,555,1746,72,91725,83311,1070,3404,350,143,28,193,3226,93536,87031,897,4364,555,656,0,0,0,0,0,0,91624,84757,992,4720,542,530,4,3301,409,63,4,90157,83369,916,4645,567,561,13,3184,368,79,13,60867,31177,28088,55683,27017,28666,55240,16461,36621,54086,18232,32604,42340,20384,21956,42237,15594,25377,41720,17748,23972,48694,17495,30095,57815,16852,40224,45090,14562,30235,39209,13355,25854,39049,9968,29081,39099,10905,28194,38620,11593,27027,38898,11180,27290,38618,11522,27096,39202,10537,28665,38717,11820,26897,38830,11763,27067,38929,12531,26398,46785,13730,32759,53961,14393,39073,53204,16774,34412,51717,15794,35923,51362,16249,35113,52089,15779,36310,51154,15874,35280
97,97,115509,107558,904,5657,621,1096,71,0,0,114780,105564,1350,6124,903,1042,219,0,0,114521,102808,1398,6328,847,2641,81,114216,104803,1410,6250,928,1132,245,3159,586,180,57,410,3610,114633,104664,1482,6404,1036,925,67,87971,83152,503,3329,386,775,39,0,0,88122,82639,764,3542,400,594,35,2663,235,198,197,0,89051,81306,848,3932,590,1942,48,89051,81306,848,2710,403,180,12,265,3327,87962,82321,769,3602,454,638,55,0,0,0,0,0,88255,82436,668,3803,487,681,0,2745,338,112,0,88178,82329,696,3871,442,641,24,2575,252,47,24,51978,23510,27085,48144,22602,25542,48799,14523,31973,48118,11795,34144,37872,16248,21624,38163,12718,24267,37708,13092,24616,43800,13897,28949,53526,15594,37122,41002,12331,28361,35833,11363,24470,35725,8152,27573,36112,8624,27488,35626,9445,26181,36019,8868,26773,35529,9373,26156,36142,8430,27712,35731,9715,26016,35623,10031,25592,35949,10244,25705,43870,12324,31220,51944,14146,37401,51420,15621,33595,51184,11961,39223,48708,14481,34227,48515,14078,34437,49311,14196,35115
98,98,120842,116923,1202,1466,628,627,77,0,0,122930,118431,1535,1692,738,734,0,0,0,123138,116413,1803,1953,772,1841,124,122805,117776,1641,1587,829,721,24,893,447,268,0,156,1615,123100,117210,1775,1931,824,902,26,87715,85206,715,857,456,471,44,0,0,90264,87447,998,1006,347,498,0,744,182,187,12,0,90974,86442,1121,1138,527,1373,86,90974,86442,1121,703,364,157,14,188,1985,90384,87434,1076,977,376,524,0,0,0,0,0,0,90922,87699,1144,1123,315,606,0,775,180,86,0,91225,87754,1255,961,395,742,16,581,246,81,16,46760,18635,26752,45183,16952,28231,45191,11763,31396,44925,10396,32145,35377,12689,22688,35403,10437,23833,35042,10552,24490,40745,11207,28582,49948,12162,37030,38621,10111,28253,34548,9717,24831,34187,7443,26744,34688,7607,27081,34212,8060,26152,34575,7641,26538,34248,8055,26193,34451,8067,26384,34370,8393,25977,34128,8809,25319,34435,8656,25779,41741,10409,31102,49250,11833,37000,48881,13238,33873,47714,11118,36483,46795,12133,34662,47247,11881,35366,46820,11829,34991
99,99,127456,117778,3472,4779,890,811,89,0,0,125500,114693,4371,5473,1012,646,160,0,0,124649,110053,4685,5400,1137,2291,127,124980,113583,4695,5421,1140,825,372,3479,569,176,7,375,2094,124715,110917,4930,5403,1314,1183,485,96419,90335,1947,3128,571,553,57,0,0,97454,90640,2464,3343,445,436,11,3004,377,115,195,0,97519,87622,2891,3702,805,1681,76,97519,87622,2891,3014,510,99,9,207,3167,97090,90036,2634,3058,448,442,7,0,0,0,0,0,96871,89194,2778,3261,494,576,9,2821,355,60,9,97149,89124,2841,3507,637,546,8,3015,431,50,8,61983,30337,30503,59442,28486,30956,57735,21350,33810,57245,18023,35913,47356,22664,24692,47328,18835,26814,46547,19436,27111,53142,20664,31141,63422,23889,38630,50878,19239,31214,46132,18672,27460,45668,14240,31428,45915,14737,31178,45351,15638,29713,45995,14959,30522,45591,15628,29963,45988,15169,30819,45694,16817,28877,45581,17024,28557,45835,17156,28679,53901,19793,33740,61915,22563,38836,61366,24641,34786,59467,18423,41044,58829,22574,36255,58751,22032,36719,58544,22280,36264