ID,Label,T_10_CENS_Total,T_10_CENS_White,T_10_CENS_Hispanic,T_10_CENS_Black,T_10_CENS_Asian,T_10_CENS_Native,T_10_CENS_Pacific,T_10_CENS_BlackAlone,T_10_CENS_NativeAlone,T_19_ACS_Total,T_19_ACS_White,T_19_ACS_Hispanic,T_19_ACS_Black,T_19_ACS_Asian,T_19_ACS_Native,T_19_ACS_Pacific,T_19_ACS_BlackAlone,T_19_ACS_NativeAlone,T_20_CENS_Total,T_20_CENS_White,T_20_CENS_Hispanic,T_20_CENS_Black,T_20_CENS_Asian,T_20_CENS_Native,T_20_CENS_Pacific,T_20_CENS_ADJ_Total,T_20_CENS_ADJ_White,T_20_CENS_ADJ_Hispanic,T_20_CENS_ADJ_Black,T_20_CENS_ADJ_Asian,T_20_CENS_ADJ_Native,T_20_CENS_ADJ_Pacific,T_20_ACS_Total,T_20_ACS_White,T_20_ACS_Hispanic,T_20_ACS_Black,T_20_ACS_Asian,T_20_ACS_Native,T_20_ACS_Pacific,T_20_ACS_BlackAlone,T_20_ACS_AsianAlone,T_20_ACS_NativeAlone,T_20_ACS_PacificAlone,T_20_ACS_TwoOrMore,T_22_ACS_Total,T_22_ACS_White,T_22_ACS_Hispanic,T_22_ACS_Black,T_22_ACS_Asian,T_22_ACS_Native,T_22_ACS_Pacific,V_10_VAP_Total,V_10_VAP_White,V_10_VAP_Hispanic,V_10_VAP_Black,V_10_VAP_Asian,V_10_VAP_Native,V_10_VAP_Pacific,V_10_VAP_BlackAlone,V_10_VAP_NativeAlone,V_19_CVAP_Total,V_19_CVAP_White,V_19_CVAP_Hispanic,V_19_CVAP_Black,V_19_CVAP_Asian,V_19_CVAP_Native,V_19_CVAP_Pacific,V_19_CVAP_BlackAlone,V_19_CVAP_AsianAlone,V_19_CVAP_NativeAlone,V_19_CVAP_PacificAlone,V_19_CVAP_OtherAlone,V_19_CVAP_TwoOrMore,V_20_VAP_Total,V_20_VAP_White,V_20_VAP_Hispanic,V_20_VAP_Black,V_20_VAP_Asian,V_20_VAP_Native,V_20_VAP_Pacific,V_20_VAP_NH_Total,V_20_VAP_NH_White,V_20_VAP_NH_Hispanic,V_20_VAP_NH_BlackAlone,V_20_VAP_NH_AsianAlone,V_20_VAP_NH_NativeAlone,V_20_VAP_NH_PacificAlone,V_20_VAP_NH_TwoOrMore,V_20_CVAP_Total,V_20_CVAP_White,V_20_CVAP_Hispanic,V_20_CVAP_Black,V_20_CVAP_Asian,V_20_CVAP_Native,V_20_CVAP_Pacific,V_20_CVAP_BlackAlone,V_20_CVAP_AsianAlone,V_20_CVAP_NativeAlone,V_20_CVAP_PacificAlone,V_22_CVAP_Total,V_22_CVAP_White,V_22_CVAP_Hispanic,V_22_CVAP_Black,V_22_CVAP_Asian,V_22_CVAP_Native,V_22_CVAP_Pacific,V_22_CVAP_BlackAlone,V_22_CVAP_AsianAlone,V_22_CVAP_NativeAlone,V_22_CVAP_PacificAlone,V_24_CVAP_Total,V_24_CVAP_White,V_24_CVAP_Hispanic,V_24_CVAP_Black,V_24_CVAP_Asian,V_24_CVAP_Native,V_24_CVAP_Pacific,V_24_CVAP_BlackAlone,V_24_CVAP_AsianAlone,V_24_CVAP_NativeAlone,V_24_CVAP_PacificAlone,E_08_PRES_Total,E_08_PRES_Dem,E_08_PRES_Rep,E_12_PRES_Total,E_12_PRES_Dem,E_12_PRES_Rep,E_16_PRES_Total,E_16_PRES_Dem,E_16_PRES_Rep,E_16_SEN_Total,E_16_SEN_Dem,E_16_SEN_Rep,E_16_AG_Total,E_16_AG_Dem,E_16_AG_Rep,E_16_AUD_Total,E_16_AUD_Dem,E_16_AUD_Rep,E_16_TREAS_Total,E_16_TREAS_Dem,E_16_TREAS_Rep,E_18_SEN_Total,E_18_SEN_Dem,E_18_SEN_Rep,E_18_GOV_Total,E_18_GOV_Dem,E_18_GOV_Rep,E_16-20_COMP_Total,E_16-20_COMP_Dem,E_16-20_COMP_Rep,E_20_PRES_Total,E_20_PRES_Dem,E_20_PRES_Rep,E_20_AG_Total,E_20_AG_Dem,E_20_AG_Rep,E_20_AUD_Total,E_20_AUD_Dem,E_20_AUD_Rep,E_20_TREAS_Total,E_20_TREAS_Dem,E_20_TREAS_Rep
0,Un,0,0,0,0,0,0,0,0,0,0,0,0,0,0,0,0,0,0,0,0,0,0,0,0,0,0,0,0,0,0,0,0,0,0,0,0,0,0,0,0,0,0,0,0,0,0,0,0,0,0,0,0,0,0,0,0,0,0,0,0,0,0,0,0,0,0,0,0,0,0,0,0,0,0,0,0,0,0,0,0,0,0,0,0,0,0,0,0,0,0,0,0,0,0,0,0,0,0,0,0,0,0,0,0,0,0,0,0,0,0,0,0,0,0,0,0,0,0,0,0,0,0,0,0,0,0,0,0,0,0,0,0,0,0,0,0,0,0,0,0,0,0,0,0,0,0,0,0,0,0,0,0,0,0,0,0,0,0,0,0,0,0,0
1,1,69764,50820,5063,13021,1069,681,79,0,0,66681,46215,5807,12605,2443,770,64,0,0,64863,42448,5581,13453,2534,1184,65,65227,42592,5597,13741,2544,1187,65,65701,44693,5427,13334,2419,839,86,9754,1929,326,19,3085,64895,42946,5571,14616,2497,1090,153,52690,41501,2782,7532,767,460,53,0,0,49378,38498,3088,6500,767,478,14,5938,661,233,14,123,0,50411,35980,3424,8289,1770,870,46,50411,35980,3424,7063,1482,79,21,2097,48855,37588,2826,7048,726,535,18,0,0,0,0,48634,36368,3152,7761,723,513,7,6807,562,200,7,48130,36004,3548,7392,701,478,4,6308,482,123,4,27707,19530,7799,23239,16582,6657,24473,14842,8506,24254,14522,8730,23536,15568,7968,23608,14934,6895,23592,15642,6357,19185,13693,5115,19357,13966,5076,23058,14955,7443,26027,16400,9200,25348,16299,7931,24996,14755,8537,25141,15379,8200
2,2,67888,56652,2373,7599,1270,343,90,0,0,66509,54457,2918,7631,1502,267,87,0,0,65465,50480,3350,8235,2317,930,82,65669,50569,3361,8352,2337,933,82,66699,54643,3215,6944,1806,243,104,5446,1600,91,15,1512,65428,53092,3234,6638,1958,496,42,53070,46102,1335,4636,871,250,67,0,0,50872,43902,1546,4674,516,100,29,4235,355,71,29,78,0,52020,42093,2056,5327,1585,682,56,52020,42093,2056,4622,1363,66,15,1656,51155,44142,1718,4312,788,116,41,0,0,0,0,50876,43547,1936,4127,945,229,18,3643,797,80,18,50371,42674,1752,4869,790,215,0,4458,691,19,0,30999,19819,10740,28377,18178,10199,30239,15601,13415,29968,15288,13524,28953,16354,12599,28900,15705,11152,28965,16881,10164,24749,15604,8738,24940,16030,8552,29163,16451,12023,33250,17845,14953,32374,18312,12977,31970,15951,14179,32107,17045,13467
3,3,63617,59852,1121,1249,1265,257,33,0,0,63404,58354,987,2398,1626,381,144,0,0,65211,57407,1767,2103,2669,849,43,65250,57434,1769,2137,2674,850,43,63048,57847,1082,2597,1567,379,107,1423,1213,127,16,1294,64933,58419,1447,2891,2211,515,8,49588,47198,660,708,897,158,17,0,0,48845,46190,587,1311,490,235,4,1034,376,140,4,24,0,52188,47032,1106,1261,1866,581,17,52188,47032,1106,968,1636,51,4,1270,48760,46125,552,1447,526,154,10,0,0,0,0,50705,47570,815,1308,859,156,10,1061,677,62,10,50540,47041,1088,1224,1019,148,0,1001,895,12,0,34526,18516,15629,33321,17388,15933,34541,15666,17433,34337,14896,18294,33166,15835,17331,33036,15574,15491,33043,16640,14451,29463,16676,12407,29695,17514,11794,34163,17408,16002,39073,19734,18877,38262,20004,17124,37736,17069,18828,37883,18281,18157
4,4,67630,65348,657,935,346,362,45,0,0,65688,61862,1549,1807,586,380,66,0,0,64186,59414,1072,1190,420,1297,47,64282,59505,1074,1214,433,1304,47,65134,60683,1993,1731,434,300,35,757,190,57,2,1094,64198,59591,2178,1277,504,327,21,52015,50556,389,607,216,253,30,0,0,51310,49645,658,730,152,111,14,567,77,42,14,29,0,50576,47347,661,719,281,934,20,50576,47347,661,432,173,91,5,1747,50885,49035,961,675,135,133,0,0,0,0,0,50505,48515,1134,452,217,169,4,158,167,36,4,50560,48829,806,448,218,237,10,144,144,31,10,30577,15753,14273,28320,13967,14353,30409,10653,18226,30171,10760,18018,29310,11643,17667,29268,10619,16144,29293,12229,14848,24314,11498,12407,24521,11797,12320,29408,11764,16847,34106,12658,20928,33331,13145,18959,33053,11098,20073,33160,12091,19450
5,5,61401,55537,2908,1934,1007,256,45,0,0,63862,56014,4248,1851,1465,555,171,0,0,64948,55244,4869,2658,1482,784,93,65035,55304,4881,2669,1484,785,93,63583,56203,4101,1634,1247,447,172,1152,1007,53,0,976,64730,56496,3982,2201,1009,510,82,47766,43906,1826,1285,690,170,30,0,0,49755,44886,2539,1067,865,211,15,1013,816,70,15,151,0,51358,44730,3122,1802,1046,592,83,51358,44730,3122,1355,855,63,15,1076,49857,45246,2525,931,809,213,0,0,0,0,0,50925,46023,2442,1428,689,270,0,1297,518,39,0,51999,46740,2670,1798,501,230,5,1499,298,30,5,29374,12861,16020,27973,10896,17077,30682,9805,19552,30350,9961,19130,29571,10978,18593,29308,9564,18035,29352,10583,17295,25196,10523,14233,25168,11045,13706,30128,11143,18291,35241,12751,22053,34748,12844,20872,34445,11241,21632,34626,12315,21134
6,6,68882,64791,809,2503,456,390,27,0,0,65905,60823,1021,3064,662,524,42,0,0,65144,59017,1096,2894,477,1035,53,64059,58544,1035,2405,482,1032,53,65340,60386,997,3034,702,485,44,2022,342,35,19,1514,64568,59395,1011,2969,607,503,63,54376,51408,540,1844,316,287,23,0,0,52751,49177,624,2199,386,317,23,1869,277,50,23,58,0,52727,48240,742,2155,341,779,31,52727,48240,742,1879,240,69,11,1449,52545,49068,594,2199,380,280,23,0,0,0,0,52083,48787,593,2079,311,275,4,1823,239,40,4,51611,48394,622,2122,212,208,5,1706,131,14,5,29848,13683,15507,27312,11498,15814,29240,9136,18910,28985,9128,18516,28363,10409,17954,28426,9535,16935,28351,10264,16237,23343,9614,13315,23681,9937,13296,28324,9949,17688,32671,10750,21498,32185,11070,20079,32000,9598,20834,32021,10183,20566
7,7,69392,61180,771,6561,630,398,61,0,0,66242,57794,1073,6350,798,296,80,0,0,65758,55384,1068,7005,720,1077,80,65917,55480,1068,7142,730,1080,80,65835,57133,1165,6612,794,306,89,5538,639,68,0,1254,65928,56645,1162,6629,657,653,64,54272,48997,462,4172,437,287,42,0,0,52785,47470,600,4053,401,189,0,3785,348,65,0,77,0,52754,45806,637,4572,508,792,64,52754,45806,637,3976,366,64,10,1755,52830,47420,632,4095,400,211,0,0,0,0,0,53285,47790,657,4135,329,393,0,3750,235,41,0,52722,47450,681,4027,294,270,4,3700,159,52,4,33119,18928,13554,31118,17529,13589,31525,13642,16768,31125,14002,16082,30527,15139,15388,30465,14298,14290,30367,14437,14100,24372,12652,11352,24379,12607,11403,29898,13817,15473,34523,14952,19174,33868,15255,17703,33611,13824,18290,33684,14389,18190
8,8,64721,63105,507,470,427,254,26,0,0,63032,61138,449,614,605,456,51,0,0,64985,60870,877,727,562,968,30,65051,60932,877,758,575,968,30,62754,60769,587,531,548,296,55,197,307,36,17,804,64107,61701,764,612,495,210,48,50824,49832,320,244,263,178,22,0,0,50975,49800,337,336,240,253,4,173,212,58,4,48,0,52663,49922,547,382,378,678,21,52663,49922,547,214,250,35,8,1609,50885,49835,272,296,233,189,10,0,0,0,0,52145,50745,498,427,285,182,0,312,192,16,0,52400,50718,612,461,390,167,0,223,257,4,0,32606,11598,20498,31330,10324,21006,34200,9043,23801,33901,9694,22089,33553,10917,22636,33388,11377,20096,33330,11176,19986,28033,10100,17413,28126,10754,16877,33707,10655,22201,39696,11432,27800,39204,13169,25040,38831,10426,26708,38863,10931,26587
9,9,66749,61200,704,4243,411,317,23,0,0,63759,57562,1097,4456,447,462,0,0,0,63475,55010,1365,4977,487,1067,39,63610,55089,1367,5097,487,1067,39,63535,56982,1178,4632,411,394,0,2928,180,0,0,2248,63767,56705,1232,4820,448,491,11,52615,49341,388,2452,274,221,17,0,0,50640,47020,655,2471,252,213,0,2122,168,24,0,78,0,50705,45281,851,3041,329,762,32,50705,45281,851,2399,208,47,0,1793,50210,46495,710,2575,263,208,0,0,0,0,0,50215,46410,660,2665,217,232,0,2226,107,0,0,49861,45771,839,2797,206,229,0,2060,110,11,0,30914,14887,15524,27826,13165,14661,29313,10634,17774,28967,11528,15861,28609,12949,15660,28514,12916,14059,28496,13359,13533,23101,10707,12082,23152,11227,11568,28215,11710,15905,33067,12138,20594,32461,14143,17489,32179,11774,18940,32303,12713,18587
10,10,53453,11438,1523,37570,3173,643,82,0,0,60226,12745,2222,40582,4644,842,270,0,0,61183,15624,2834,37062,5906,832,98,61532,15630,2841,37253,5906,832,98,59600,11943,2256,40220,5364,841,204,37489,4252,234,20,2578,60341,12664,2059,39326,6220,991,114,42395,11050,1146,27374,2913,484,60,0,0,43752,11673,1612,28033,1986,506,20,27619,1839,225,20,116,0,50821,14914,2303,28244,5417,650,79,50821,14914,2303,26681,4966,100,30,1595,43666,10920,1549,28248,2193,433,19,0,0,0,0,45073,11859,1425,27886,2906,563,3,27075,2656,250,3,45237,11584,1500,27759,3460,419,3,26628,3081,157,3,27556,26015,1396,27319,25865,1454,26335,24514,1270,25515,23469,1772,25116,23455,1661,24929,22601,1685,24987,22840,1523,21220,20089,869,21224,20132,861,24413,22770,1303,26769,25089,1533,25657,23311,1585,25466,23081,1647,25492,23022,1728
11,11,65885,63380,727,1146,370,290,46,0,0,63799,60712,817,1630,429,240,0,0,0,64741,60135,1076,1428,527,1108,57,64833,60214,1078,1480,536,1109,57,63623,60041,977,1757,523,286,10,993,375,12,0,1142,64658,60499,1261,1459,658,386,47,51545,50081,420,588,273,195,27,0,0,50913,49178,404,891,281,163,0,599,197,15,0,4,0,52255,49216,688,841,348,758,42,52255,49216,688,579,231,53,14,1382,51285,49230,539,990,330,179,0,0,0,0,0,52430,50125,677,951,414,217,4,688,310,18,4,52103,49769,808,883,354,189,14,803,203,15,14,30877,11663,18674,29505,10128,19377,31603,9019,21228,31423,9565,19776,31027,10938,20089,30932,11094,17815,30862,10980,17679,25232,9807,14861,25329,10373,14411,30739,10350,19510,36049,11095,24450,35563,12555,21999,35173,10205,23335,35194,10509,23373
12,12,55473,52342,772,805,1442,149,35,0,0,60330,55791,1481,911,2187,91,193,0,0,64692,57785,1686,1468,2505,628,53,64712,57801,1687,1489,2505,628,53,61382,56918,1319,869,2312,114,136,488,1687,28,0,854,65212,59658,1364,1277,2694,129,104,41033,39073,483,489,908,95,21,0,0,44650,42505,769,420,812,55,14,377,769,10,14,65,0,50194,45689,1039,900,1731,436,35,50194,45689,1039,665,1466,26,13,1136,45675,43435,802,405,905,72,0,0,0,0,0,49135,46555,860,632,993,72,0,497,785,30,0,50581,47799,923,714,1070,76,0,543,712,29,0,29039,9871,18869,29609,9212,20397,33028,11143,20596,32991,10233,21492,32585,10938,21647,32448,11559,19359,32349,11072,19561,28188,12028,15673,28244,12767,14973,33802,13081,19947,40588,16023,24065,40113,16412,22747,39614,13690,24460,39702,13902,24558
13,13,60616,48701,6991,4192,807,373,50,0,0,63675,50002,9149,3747,1018,307,55,0,0,63987,48528,9523,3492,1362,1146,53,64075,48583,9537,3545,1368,1146,53,63933,49154,10157,3587,1235,244,47,2498,842,49,0,1176,64123,48851,9401,4114,2089,571,8,43587,35478,4319,3351,450,263,42,0,0,43800,37840,2610,2717,409,199,0,2524,328,50,0,77,0,48368,37797,6062,2742,897,816,38,48368,37797,6062,2312,706,41,2,1223,43940,37400,3360,2531,448,146,0,0,0,0,0,44940,37840,3609,2366,723,295,0,2023,687,4,0,46879,39461,3897,2395,776,254,9,1945,643,4,9,26895,13296,13313,29792,13275,16517,29678,13032,15379,29752,12143,16325,29345,13057,16288,29164,11168,15872,29250,12181,14968,25372,12989,11905,25374,13488,11491,29657,13909,15057,34358,16587,17380,34006,15388,17661,33881,14357,18150,33822,14781,17931
14,14,67663,62474,644,3888,410,365,43,0,0,65879,60504,629,4313,445,256,36,0,0,66752,58546,1231,4583,551,1300,70,66854,58597,1233,4656,560,1301,70,65462,59598,773,4407,519,285,30,3126,242,11,25,1640,66305,60080,811,4102,704,423,21,54047,50757,385,2443,260,253,19,0,0,53050,49680,427,2567,161,115,30,2198,103,14,30,67,0,54166,48652,788,2968,384,944,53,54166,48652,788,2420,247,57,14,1815,52870,49285,515,2639,216,142,25,0,0,0,0,53375,49815,604,2302,388,225,0,1924,251,12,0,53528,49798,555,2501,400,194,0,2171,240,4,0,32728,14572,17621,29774,12744,17030,32659,11557,19925,32659,12327,18332,32255,13951,18304,32311,14830,15626,32159,14269,15716,26525,12526,13498,26578,13167,12964,31954,13188,17937,37057,13777,22814,36815,15905,19870,36661,12971,21884,36681,13775,21588
15,15,68865,65791,740,1695,308,365,40,0,0,67876,64736,836,1490,542,242,70,0,0,66214,60809,1134,1835,508,1107,67,66277,60863,1134,1855,510,1114,67,67238,63884,763,1765,576,287,61,990,271,28,4,1281,66727,62643,739,1861,427,331,66,54476,52520,461,1055,199,248,21,0,0,54407,52329,515,1097,233,198,24,850,190,29,24,18,0,53765,50013,764,1173,335,822,46,53765,50013,764,866,218,60,12,1726,53542,51349,506,1207,248,250,8,0,0,0,0,52924,50781,482,1197,185,271,8,905,101,22,8,51613,49188,587,1117,332,278,9,859,195,23,9,33132,14405,18216,32263,13383,18880,33610,10875,21527,33446,11829,19492,32994,13699,19295,33019,14589,16623,32872,14001,16846,27057,12124,14438,27131,12608,13976,32678,12442,19420,38217,12702,25074,37873,14813,22004,37607,12004,23799,37659,12841,23448
16,16,65191,55950,889,7736,466,323,47,0,0,62814,52824,1448,7605,650,596,185,0,0,64865,51887,1716,8857,795,1255,51,64976,51933,1716,8976,798,1257,52,62617,52426,1539,7546,671,555,128,5923,323,70,22,2283,64579,52956,1972,8404,619,446,110,51864,45853,550,5044,291,242,31,0,0,50173,43721,917,4848,327,326,64,4339,191,35,64,60,0,52307,43444,1172,5915,535,898,35,52307,43444,1172,5222,397,64,7,1846,50418,43961,1012,4849,316,327,20,0,0,0,0,52096,44899,1244,5459,261,319,0,4892,193,12,0,51371,43960,1399,5465,280,186,0,4875,236,17,0,32807,18022,14248,30867,16907,13960,31364,14453,15881,31180,15082,14167,30764,16891,13873,30792,17694,11326,30691,17234,11408,25045,14609,9945,25159,15226,9525,30353,15759,13808,35195,16711,17978,34918,18777,15079,34688,16166,16761,34699,16864,16424
17,17,69378,66090,639,1822,559,311,26,0,0,67993,64332,804,1939,639,466,14,0,0,66834,61706,857,1700,765,1121,46,65933,61206,810,1359,770,1121,46,67336,63505,742,1985,680,482,14,1257,360,104,2,1275,67397,62812,847,1978,790,416,32,55464,53144,459,1269,396,225,17,0,0,55490,52980,443,1412,319,359,4,1046,231,56,4,30,0,54838,50924,632,1333,604,820,42,54838,50924,632,1085,456,53,5,1556,54805,52285,465,1384,310,385,4,0,0,0,0,55405,52750,594,1202,495,244,14,921,373,30,14,55163,52358,636,1403,407,235,16,829,245,43,16,30445,11434,18372,27466,9811,17655,30464,7845,21233,30284,8175,20366,29797,9078,20719,29749,8681,19040,29692,8725,18840,23813,8176,15159,23822,8398,14935,29011,8414,19821,33412,8913,24016,33049,9335,22730,32849,7813,23500,32913,8203,23469
18,18,61430,44499,5101,5061,6741,642,81,0,0,61360,40376,6283,6307,8685,266,249,0,0,63689,40459,6707,6306,9509,925,82,63773,40514,6715,6335,9514,925,84,61491,40437,6049,6390,8863,446,212,4853,7929,117,51,2000,63522,39487,7751,6792,9616,860,170,48810,36669,3464,3440,5144,452,57,0,0,45230,34000,2624,3690,4724,93,0,3342,4620,58,0,115,0,51469,34361,4540,4509,7433,692,56,51469,34361,4540,3851,7064,57,14,1333,45675,34320,2533,3539,5059,109,0,0,0,0,0,46675,33845,3120,3668,5684,214,0,3469,5600,55,0,46753,34056,3327,3371,5580,183,0,3138,5470,22,0,27662,16187,11123,25926,15174,10752,28558,15052,12629,27837,14367,12993,27355,15322,12033,27227,14150,12263,27088,14837,11528,23168,13826,8996,23226,14364,8577,28017,15329,12198,32982,17188,15480,32444,17259,14383,32213,15777,15342,32316,16571,14872
19,19,62799,30009,1364,30405,1065,627,62,0,0,62451,31007,1903,26981,2606,1144,72,0,0,61108,27860,2317,27954,2330,1099,90,61450,27909,2319,28231,2330,1100,90,62431,29920,2163,27280,2826,1115,84,25101,2324,127,0,2556,62977,29425,2525,27770,2764,1222,88,51150,27471,1101,21661,886,454,45,0,0,50292,28025,1147,19582,971,582,0,18731,816,98,0,251,0,50588,25845,1827,20291,2079,806,69,50588,25845,1827,18886,1796,118,18,1787,50218,26950,1529,20203,1081,647,0,0,0,0,0,50482,26859,1572,20278,1239,610,15,19172,985,92,15,49336,26562,1946,19203,1082,423,35,18071,856,84,35,28495,23328,4818,26708,22575,4133,27426,22126,4470,27238,21554,4689,26807,22248,4559,26847,21897,3614,26774,21434,3827,20371,17557,2475,20344,17644,2403,24941,20541,3823,27466,22444,4741,27015,21837,4034,26781,21033,4464,26674,20997,4456
20,20,59520,53036,768,4338,1224,309,34,0,0,58266,49945,1117,5439,1536,223,8,0,0,61646,50877,1460,5768,2376,909,72,61715,50912,1461,5855,2376,909,72,58271,49641,1048,5766,1633,221,6,5086,1351,35,1,972,61009,51870,1198,5614,1912,252,11,48718,44259,534,2944,850,203,22,0,0,47133,42348,615,3430,561,130,0,3269,465,78,0,48,0,50958,43105,1049,4124,1743,664,44,50958,43105,1049,3530,1472,49,9,1576,47242,42097,683,3750,583,142,4,0,0,0,0,48914,43791,645,3849,508,158,8,3628,367,0,8,47979,42686,878,3598,721,122,8,3257,496,11,8,32745,16823,15585,30788,16024,14764,32523,16918,14102,32509,16723,14095,31927,17849,14078,31930,18817,11116,31732,17751,11768,27963,17881,9466,27957,18394,9065,32405,18896,12525,37094,21239,15276,36714,22255,13128,36256,19591,14883,36227,19982,14612
21,21,62489,55699,849,4674,1066,342,33,0,0,61536,55572,875,3460,1372,308,153,0,0,62006,54125,1509,3518,1724,754,49,62076,54168,1509,3588,1730,754,50,61666,54721,1182,4063,1423,304,215,3312,800,24,81,1416,61590,54040,1311,3803,1694,452,151,51195,46647,575,3031,775,233,21,0,0,51729,47737,556,2420,783,140,35,2215,486,32,35,90,0,53158,47187,1115,2638,1405,530,35,53158,47187,1115,2161,1083,49,9,1382,52065,47528,757,2692,779,137,85,0,0,0,0,52139,47462,861,2513,975,242,34,2203,636,8,34,52394,47275,1113,2645,1037,213,59,2274,837,0,59,33537,18189,14873,31801,18139,13662,34393,19282,13640,34226,19021,13428,33553,20426,13127,33596,21202,10177,33393,19995,10886,30023,20417,8959,30006,20863,8637,34448,21422,12029,39450,24003,14950,39008,25083,12411,38524,22170,14412,38481,22701,13945
22,22,58790,21514,28968,9610,1293,1081,202,0,0,60932,18477,34845,10774,815,917,217,0,0,62146,17315,35960,11054,1154,1428,150,62468,17363,36126,11100,1159,1428,150,60087,16556,35309,11073,999,1182,135,6529,777,109,1,728,61492,15620,37625,11271,905,1098,433,41647,18326,17974,5733,907,655,132,0,0,37905,14986,17928,4402,515,104,0,3972,439,20,0,19,0,45620,14998,24334,7332,878,992,119,45620,14998,24334,4436,655,61,9,942,37211,13491,18389,4738,497,97,1,0,0,0,0,38644,13423,20262,4498,327,136,0,4242,281,65,0,37774,12680,20175,4276,457,253,4,3968,359,52,4,17833,13533,3986,15902,12241,3661,17526,12335,4706,17162,11905,4558,16846,12583,4263,16852,11782,4175,16866,12124,3826,11491,8492,2801,11541,8709,2618,15688,10955,4376,18564,12315,6067,17858,11974,5153,17803,11432,5327,17768,11624,5333
23,23,61880,47862,1936,3194,8652,324,47,0,0,60312,45259,1960,3783,9288,347,7,0,0,61567,44537,2539,3640,9914,455,67,61580,44546,2539,3649,9914,455,67,58800,44269,1892,3683,8775,375,0,2925,7644,92,0,1877,59981,43714,2628,4582,8612,385,12,54992,42528,1616,2782,7839,265,46,0,0,46778,38768,1319,2922,3447,176,0,2643,3076,69,0,137,0,54574,39789,2052,3125,8832,332,47,54574,39789,2052,2413,8163,41,9,1745,45621,38369,1323,2567,3186,177,0,0,0,0,0,46874,38091,1791,2943,3804,157,0,2633,3245,42,0,46842,37157,2332,2572,4507,117,10,2266,3840,14,10,33849,25706,7769,30887,23212,7675,33227,26378,5677,33037,24757,7415,32123,25169,6954,32047,24431,5736,31872,23636,6146,27419,23133,3720,27267,23253,3528,30926,25078,5097,32771,27079,5376,32001,25964,4799,31515,24485,5657,31430,24433,5438
24,24,61849,25157,1313,32263,3215,669,97,0,0,60790,27658,2127,26696,4175,537,174,0,0,61206,27214,2224,25740,5387,820,75,61444,27226,2225,25925,5388,820,75,61097,28619,2437,25541,4513,551,145,24025,4003,81,1,1723,62549,28739,2457,26156,5129,708,77,51072,23176,1042,24073,2793,498,63,0,0,47664,24547,1157,19979,1461,220,10,19557,1278,42,10,354,0,52319,25131,1765,20020,4817,654,53,52319,25131,1765,18869,4360,130,15,1708,48474,25579,1323,19356,1699,206,4,0,0,0,0,48797,25799,1367,18920,2240,236,8,18287,1991,42,8,49073,25768,1673,18516,2603,208,13,17803,2334,22,13,35148,30995,3860,32310,28718,3592,33352,29262,3117,33128,28333,3868,32453,28586,3867,32467,27663,3034,32345,27124,3249,27113,24727,1905,27057,24824,1850,31084,27594,2801,33399,29868,3279,32828,28511,2909,32538,27707,3328,32362,27489,3282
25,25,66056,54713,869,8085,2289,431,71,0,0,63781,50352,1592,9526,2309,773,1,0,0,64763,47195,1531,12146,2858,966,64,64844,47224,1532,12272,2867,968,64,63147,48410,1494,10554,2665,547,1,8549,2448,45,0,1931,63768,47942,1294,11396,2515,721,1,52934,45412,558,5202,1659,288,46,0,0,50690,42622,710,5864,1020,395,0,5298,894,48,0,245,0,52845,40574,1059,8228,2156,708,50,52845,40574,1059,7309,1921,59,13,1685,50274,41380,568,6474,1518,315,0,0,0,0,0,51342,41707,594,7269,1479,485,0,6261,1343,38,0,51093,40602,907,8033,1279,307,8,7195,1188,15,8,33885,17288,16214,31590,16449,15141,33159,16427,15731,32897,16390,14900,32305,17815,14490,32230,18999,11811,32060,18223,12183,26162,15742,10004,26186,16325,9518,31717,17555,13419,36394,19595,16366,35859,20905,13935,35381,18429,15449,35335,18727,15335
26,26,58474,51790,2072,2967,1453,315,54,0,0,59826,52508,2206,3362,1864,208,85,0,0,64097,52914,3984,3447,2160,972,109,64162,52956,3988,3525,2163,983,115,59895,52548,2186,3313,1954,446,83,2179,1418,11,9,1482,63920,54786,3112,3347,2327,452,54,45194,40797,1339,1882,981,215,44,0,0,45396,41341,1053,1731,1013,174,29,1623,930,4,29,49,0,50609,43025,2669,2246,1476,675,65,50609,43025,2669,1709,1208,59,21,1664,46085,42005,1040,1682,879,422,10,0,0,0,0,49385,44660,1648,1831,942,258,25,1507,845,4,25,50168,44608,2048,1955,1133,240,34,1247,926,7,34,29368,15827,13148,28211,14138,14073,31497,15545,14441,31625,14371,15776,31289,15051,16238,31032,13324,15040,31130,14620,14099,28205,16260,11242,28251,16891,10797,32491,17380,14169,38085,21266,16276,37717,20015,16349,37590,18605,17127,37547,19237,16786
27,27,60579,50820,815,5911,2881,331,42,0,0,59624,48299,923,6226,3945,310,6,0,0,61790,46801,1635,7191,5142,843,78,61874,46842,1636,7279,5146,843,78,59175,47823,1040,5985,4223,200,3,4921,3569,14,0,1680,60758,47173,1159,6774,4858,351,42,50030,43415,561,3781,2148,204,24,0,0,46867,41416,653,3566,984,174,0,3233,850,24,0,55,0,51478,41035,1140,4858,3702,627,47,51478,41035,1140,4173,3304,46,13,1601,46650,41342,795,3549,855,117,0,0,0,0,0,47574,41387,760,4208,1006,154,0,3724,816,10,0,47919,41019,894,4782,1093,93,0,4312,872,8,0,30907,17607,12901,29138,16871,12267,31084,17564,12285,30975,17056,12361,30400,18433,11967,30438,19494,9256,30277,18544,9765,26004,17460,8065,26003,17838,7786,30454,18755,10901,34747,20908,13377,34323,21802,11382,33854,19400,12803,33826,19929,12497
28,28,55265,52095,694,599,1678,184,21,0,0,59687,55386,904,909,2612,26,8,0,0,63136,55394,1404,986,4196,554,26,63153,55409,1405,987,4199,554,26,60636,56296,689,841,2731,11,16,547,2470,1,0,485,63623,57769,1097,739,3339,94,64,40704,38771,417,376,1006,121,17,0,0,44032,42116,499,490,922,18,0,430,897,0,0,24,0,48252,43397,894,576,2615,375,15,48252,43397,894,425,2388,25,9,997,45193,43342,349,396,1108,12,0,0,0,0,0,47545,45252,526,468,1141,68,0,344,1059,0,0,46993,44277,476,476,1620,94,0,317,1486,16,0,29565,10994,18359,30117,10607,19510,32870,12955,18661,32969,11872,19869,32407,12738,19669,32330,13920,16971,32169,12834,17706,28953,14100,14396,28891,14754,13748,33757,15019,18001,39761,18005,21324,39367,18483,19985,38962,15534,22076,38920,15895,21860
29,29,64401,59382,1716,1192,1941,238,69,0,0,64173,58150,1891,892,3042,257,0,0,0,65532,57248,2614,1453,3211,492,53,65554,57270,2614,1459,3212,492,53,64200,56735,2121,1938,3358,199,0,730,2400,61,0,1952,65492,57412,2110,1929,3709,142,6,49772,46402,1160,876,1196,166,49,0,0,50385,46765,1351,586,1476,192,0,536,1368,67,0,10,0,53144,47312,1795,1089,2155,374,33,53144,47312,1795,842,1824,28,6,1151,49740,45630,1367,1005,1584,127,0,0,0,0,0,51010,46270,1394,1195,2011,108,4,746,1805,18,4,51509,46075,1534,1509,2174,138,10,893,1784,19,10,38276,20204,17723,37127,17968,19159,39438,20624,17302,39171,18885,19701,38705,19711,18994,38466,18037,19202,38412,18654,18635,35557,20832,14189,35503,21602,13416,39981,22148,17105,45412,26357,18629,44942,24738,19138,44709,22827,20500,44776,23698,19864
30,30,57534,52095,699,1158,3417,165,44,0,0,60459,52157,1206,2025,4905,183,94,0,0,63472,53765,1341,1623,5641,528,83,63488,53779,1342,1629,5645,528,83,60135,51885,1121,2254,4788,175,96,1757,4002,37,0,1200,62109,52888,1744,1959,5302,153,101,44052,40581,433,775,2158,109,33,0,0,44748,41049,617,1159,1762,142,0,1072,1561,69,0,33,0,49555,43012,839,1162,3755,382,55,49555,43012,839,916,3472,41,23,1133,44582,40783,501,1395,1784,112,0,0,0,0,0,46040,41818,851,1267,2034,58,0,1115,1797,4,0,45762,41173,1392,922,2156,58,12,710,1890,0,12,33101,13942,18888,32827,13347,19480,34988,15933,17589,35142,14512,19398,34569,15228,19341,34509,16479,16472,34364,15448,17188,31464,17325,13613,31406,17887,13026,35662,18075,16756,40770,21311,18959,40431,21547,17860,40041,18563,20008,39972,18949,19695
31,31,64730,57425,1437,1385,4344,216,40,0,0,65126,55529,2016,2250,4796,520,38,0,0,66805,55549,2244,1557,6402,545,50,66821,55561,2244,1565,6402,545,50,65299,55191,2157,1745,5839,263,26,1445,4632,103,0,1601,66579,55560,2658,1436,6271,156,32,48512,43667,933,946,2872,143,28,0,0,49490,43670,1139,1470,2773,298,0,1377,2579,169,0,124,0,53080,45141,1489,1116,4542,377,31,53080,45141,1489,849,4137,14,5,1274,49285,43140,1127,1155,3697,162,0,0,0,0,0,50390,44055,1559,979,3693,69,0,759,2918,12,0,50599,43713,2026,746,3950,119,0,488,3018,33,0,39799,20775,18677,38774,18680,20094,41523,22412,17635,41220,20099,20542,40744,21428,19316,40318,19352,19809,40358,20291,19054,37130,22197,14463,37087,22970,13693,41942,23675,17595,47733,27956,19381,47281,26430,19852,46954,24166,21417,47043,25325,20543
32,32,64377,46428,869,16349,676,448,25,0,0,64506,43563,907,19163,450,895,108,0,0,64085,41484,1430,19438,915,925,63,64205,41504,1430,19545,915,925,63,64455,43916,996,18465,406,644,163,16096,177,62,98,2493,64663,44088,725,18457,689,804,81,51375,38763,551,11496,487,330,21,0,0,51947,37271,613,13537,171,548,85,12448,134,43,85,73,0,52262,35641,913,14350,650,701,38,52262,35641,913,13342,479,41,7,1615,50696,36785,544,12841,184,335,95,0,0,0,0,51093,37008,400,13029,320,309,45,12176,217,54,45,50195,36167,721,12342,515,239,58,11618,366,24,58,35052,20598,14166,33143,20124,13019,34609,20503,13049,34341,20099,12688,33816,21233,12583,33867,22469,9941,33609,21277,10607,28370,19400,8545,28338,19836,8173,33480,21333,11384,38001,23728,13857,37539,24516,11889,37007,22217,13219,36936,22468,13121
33,33,61713,57201,750,1775,1793,262,22,0,0,61327,55025,1016,2468,2538,337,20,0,0,61793,53561,1327,3041,2582,839,54,61859,53613,1327,3072,2586,840,54,61006,54559,1043,2221,2529,407,12,1394,2275,19,0,1427,61459,54612,1134,2277,2924,365,20,48939,46029,509,1042,1204,196,21,0,0,48002,44627,605,1526,1027,148,0,1328,930,14,0,65,0,49734,44156,857,1894,1830,611,42,49734,44156,857,1439,1602,30,4,1476,47965,44850,599,1240,1047,170,0,0,0,0,0,48165,44805,695,1302,1168,164,0,1065,1017,12,0,47424,44073,668,1489,978,182,0,1224,838,0,0,31870,15902,15568,29390,14134,15256,31668,15278,15219,31577,14784,15205,30958,16116,14842,30921,17242,12088,30726,16135,12649,26920,15729,10669,26911,16160,10326,31435,16701,13964,36286,18643,17184,35846,19785,14975,35386,17086,16655,35352,17557,16430
34,34,64518,35346,1155,26923,1173,695,49,0,0,62392,34491,1223,25563,1160,1064,69,0,0,61330,31746,1822,25587,1710,1097,91,61582,31772,1823,25788,1710,1097,91,61531,33992,1417,24754,1185,1168,36,22372,774,129,8,2506,60745,32914,1563,24360,1563,1082,97,51883,30970,711,19287,880,503,35,0,0,50367,30301,812,18401,546,579,0,17464,451,24,0,180,0,50504,28254,1266,19166,1322,804,64,50504,28254,1266,17795,958,54,14,1876,49589,29795,915,17944,608,566,0,0,0,0,0,49104,29537,1027,17487,755,483,0,16203,647,59,0,48921,28586,1493,17588,943,924,5,15649,823,47,5,37969,28660,8919,35939,27975,7964,35638,27794,6772,35514,27095,7190,35030,27875,7155,35058,27886,5421,34876,27073,5782,29651,24707,4481,29624,25086,4185,33927,27272,5939,36909,29707,6887,36448,29204,5946,36077,27881,6606,35951,27813,6554
35,35,69264,49384,1106,18187,548,584,72,0,0,67626,46523,1257,19293,768,576,34,0,0,64477,41210,1781,19942,626,1223,68,64711,41267,1782,20108,626,1224,68,67204,45093,1292,20123,705,610,35,17603,551,39,0,2367,64490,42649,1937,19204,542,1100,57,54737,41966,683,11552,413,409,51,0,0,53209,39409,851,12395,325,244,0,11731,228,18,0,113,0,51758,35946,1146,13399,449,878,50,51758,35946,1146,12225,279,90,13,1779,52013,38144,765,12632,279,259,0,0,0,0,0,50682,36589,912,12564,190,622,0,11247,149,22,0,50104,35182,1121,13140,262,494,4,11825,129,12,4,33775,21186,12091,30261,19559,10702,30650,17660,12192,30050,18013,10239,29405,19354,10051,29365,20326,7679,29134,19560,7927,22617,15107,7123,22670,15555,6822,28246,17559,10046,32334,18592,13383,31667,20208,10444,31126,18074,11494,31045,18540,11327
36,36,61199,52480,1307,6392,897,424,25,0,0,61391,47697,2843,8238,2526,361,116,0,0,61597,45898,2820,8982,2896,1045,71,61727,45969,2820,9074,2904,1045,71,61782,47858,2808,8656,2160,353,172,7447,1931,72,79,1311,61854,47954,2180,9523,1855,250,37,50078,44423,895,3961,664,301,18,0,0,47888,40531,1431,4668,934,183,20,4335,799,79,20,132,0,51175,40248,1986,6008,2215,767,45,51175,40248,1986,5115,1870,55,10,1679,48930,40772,1494,5543,888,173,24,0,0,0,0,50061,41312,1501,6213,829,96,0,5300,670,4,0,48704,39733,1461,6449,834,192,8,5493,641,0,8,30042,18178,11413,26879,17182,9697,28953,16952,10710,28772,17230,9862,28237,18602,9635,28337,19202,7240,28125,18211,7779,22775,16188,6099,22782,16540,5869,27897,18095,8917,32482,20535,11464,32015,21285,9241,31582,19213,10424,31519,19763,10021
37,37,61435,57890,1656,919,866,247,25,0,0,65720,61169,2408,872,861,391,29,0,0,66525,59847,2976,1577,1360,608,58,66593,59903,2979,1592,1363,609,60,66447,61895,2196,1026,998,285,10,552,715,29,4,961,66623,61657,2192,969,1389,419,23,46652,44574,968,457,550,162,16,0,0,50055,47800,1121,462,305,293,10,344,285,40,10,50,0,52287,48013,1841,897,895,445,38,52287,48013,1841,567,735,19,17,923,51113,48773,1143,536,409,202,4,0,0,0,0,51873,49058,1261,503,779,240,0,383,574,18,0,52379,48875,1762,761,783,123,4,548,548,4,4,29229,10510,18350,28520,9080,19440,32113,9562,21017,32438,9521,21676,31932,9763,22169,31906,9511,20425,31802,9132,20592,27878,10602,16730,27839,11373,15939,32698,11169,20743,38481,13471,24473,38089,12690,24528,37940,11628,25016,37928,11654,25151
38,38,62614,56860,687,3865,1045,313,35,0,0,61466,52287,1363,5306,2394,843,89,0,0,64420,51444,1161,5510,5218,785,73,64487,51482,1162,5561,5222,785,73,61073,51657,1460,4724,2785,725,95,3250,2665,66,42,1598,63960,53293,1121,4481,4291,293,16,50757,47076,424,2401,729,210,23,0,0,48423,43606,724,3065,895,289,45,2607,885,53,45,20,0,52405,43551,760,3706,3560,543,45,52405,43551,760,3170,3342,45,20,1344,47877,43086,803,2941,829,274,45,0,0,0,0,50633,45266,623,2921,1693,141,0,2703,1623,42,0,49792,44572,748,2537,1782,114,5,2268,1631,43,5,33144,17258,15438,30413,16231,14182,32449,15531,15891,32056,16061,14250,31317,17609,13708,31373,19564,10377,31049,18218,11032,25929,15885,9608,25963,16490,9155,31322,17232,13331,36313,18617,17270,35674,20881,13789,35131,17773,15787,35106,18615,15222
39,39,65176,62178,541,1677,590,255,22,0,0,64845,60506,1124,1836,1358,228,25,0,0,65793,59531,1030,2337,1499,849,59,65835,59562,1031,2378,1509,849,59,64698,59911,1007,2165,1374,283,30,1518,1156,0,26,981,65804,60115,886,2493,1991,239,25,52045,50003,355,1111,424,167,20,0,0,51617,49203,516,1116,627,127,20,973,538,0,20,23,0,53195,48839,690,1571,1094,601,46,53195,48839,690,1228,880,34,6,1396,51867,49413,551,1111,562,246,25,0,0,0,0,53361,50214,563,1310,1067,214,20,1167,1041,25,20,52224,48813,695,1099,1389,184,14,951,1285,24,14,34014,15361,18186,32503,14310,18193,34623,13157,20357,34298,13702,18772,33563,15326,18237,33526,17183,14902,33232,15781,15672,28199,14189,13580,28194,14806,12977,33897,15021,18073,39581,16122,23000,39046,18330,19703,38532,15150,21841,38566,15837,21438
40,40,62543,59326,764,773,1593,158,29,0,0,63575,58412,934,1685,2525,138,38,0,0,66291,59659,1340,1199,2863,598,69,66305,59672,1340,1206,2866,598,69,63571,58376,863,1794,2386,195,11,1044,1884,102,11,1271,65498,60196,1097,1835,1784,244,14,47274,45202,454,478,1072,101,14,0,0,48313,45695,638,750,1080,90,40,646,1016,15,40,45,0,52029,47619,905,731,1993,425,35,52029,47619,905,541,1769,27,8,1049,48334,45718,540,811,1020,188,10,0,0,0,0,50388,47617,699,824,1087,164,15,723,1063,63,15,50435,47937,685,692,992,133,0,485,902,53,0,36641,14417,21921,37540,14031,23509,37920,15212,21409,37983,14140,22521,37347,14994,22353,37266,16619,19257,37067,15261,20158,33106,16286,16347,33073,16950,15659,38152,17213,20153,43818,20023,23328,43366,20783,21576,42927,17600,23811,42900,17987,23642
41,41,60106,51437,4477,2691,1653,324,48,0,0,61294,50165,5632,3811,1663,385,21,0,0,64318,49453,7846,4007,2822,806,58,64434,49534,7861,4041,2831,807,58,62254,50486,6154,3361,2155,192,32,2216,1668,7,0,1359,63884,50338,7836,3155,2522,428,42,46506,41179,2651,1585,1109,214,26,0,0,46618,39708,3640,2146,904,159,0,1957,766,45,0,55,0,50343,40502,4982,2566,1991,566,29,50343,40502,4982,1756,1778,61,5,1111,48434,40885,4273,1972,1167,68,0,0,0,0,0,50035,41401,5380,1563,1552,61,4,1253,1328,30,4,50052,40893,5329,1838,1863,64,6,1373,1601,23,6,29984,14693,14977,28371,12882,15489,30723,12988,16151,30881,12835,16680,30317,13026,17291,30306,12834,15528,30154,12423,15610,25784,12870,12374,25762,13780,11492,30393,14081,15508,35160,16521,18142,34668,15592,18097,34468,14446,18592,34452,14505,18722
42,42,62250,57430,1018,1074,2574,179,35,0,0,61271,55304,1088,1398,3317,277,9,0,0,63945,54729,1965,1850,4259,636,59,63959,54738,1965,1858,4259,638,59,61236,54804,1183,1243,3357,202,39,784,2500,45,0,1347,63864,56392,1339,1545,3717,203,79,48218,45089,643,670,1710,112,25,0,0,46017,43025,662,782,1322,196,0,664,1177,65,0,34,0,50301,44102,1339,1268,2852,439,37,50301,44102,1339,898,2564,16,10,1235,45881,42922,765,722,1293,136,0,0,0,0,0,47762,44248,806,886,1621,120,0,787,1290,24,0,47455,43383,959,1244,1681,94,4,844,1383,13,4,37163,19618,17188,35872,18831,17041,36978,21536,14003,37058,19828,15969,36378,20464,15914,36353,21409,13111,36159,20305,13796,33419,22333,10563,33367,22873,10081,37277,23207,13221,41716,26548,14713,41272,26107,13963,40832,23730,15469,40790,24054,15251
43,43,60868,55886,2544,1044,1327,276,33,0,0,63607,56397,4471,1628,1186,243,89,0,0,64352,55859,4392,1951,1608,712,75,64434,55927,4399,1974,1617,713,76,63808,56229,4450,1977,1276,291,108,876,885,16,0,1216,64276,55662,4642,1902,1932,383,112,44559,41511,1504,537,910,184,24,0,0,45780,42005,2289,707,665,115,15,617,560,55,15,10,0,48259,42697,2764,1130,1158,516,52,48259,42697,2764,683,987,72,9,949,46047,42142,2245,818,653,158,0,0,0,0,0,46302,41967,2453,734,893,214,15,529,819,50,15,46930,42186,2430,1095,1017,154,6,708,956,34,6,23003,7968,14724,22122,6841,15281,24454,6940,16140,24598,6901,16624,24234,7258,16976,24226,6958,15743,24154,6777,15696,20539,7235,12817,20531,7739,12364,24634,7806,16072,29252,9353,19371,28809,8867,19097,28705,8073,19412,28659,8115,19521
44,44,59753,54294,985,2658,1646,233,38,0,0,62393,55642,1084,2932,2742,297,64,0,0,66388,56350,2197,3535,2875,792,65,66419,56373,2197,3594,2878,792,65,62454,54874,971,2627,2904,278,47,1728,2122,21,0,1690,65783,57680,1154,3121,2766,328,0,46393,42718,645,1802,1114,159,25,0,0,47335,43810,578,1633,1018,228,0,1326,896,64,0,80,0,52489,45479,1505,2493,1974,568,42,52489,45479,1505,2031,1704,33,20,1538,48505,44895,617,1643,1158,191,0,0,0,0,0,50990,46860,667,1937,1294,207,0,1412,1185,8,0,50887,45940,1091,2086,1497,201,10,1515,1313,0,10,30194,13545,16342,29411,12504,16907,32030,13871,17007,31996,13079,17581,31494,14103,17391,31425,14987,14906,31299,14218,15376,27678,14716,12468,27668,15233,12013,32453,15652,16011,38009,18157,19381,37567,18933,17576,37198,16291,19376,37114,16688,19136
45,45,61116,52758,866,6053,1282,302,62,0,0,62127,52094,856,7681,1370,193,18,0,0,65767,51770,1806,8523,2474,932,59,65880,51826,1807,8604,2474,932,59,62029,50638,940,8118,1785,246,16,6895,1376,106,0,1544,65038,52093,1116,9248,2032,528,34,49307,44042,572,3585,964,202,33,0,0,49087,43332,385,4632,600,93,0,4293,497,43,0,74,0,53915,44363,1255,5524,1887,699,44,53915,44363,1255,4770,1625,62,11,1618,48830,42580,409,4879,713,173,0,0,0,0,0,51030,44105,547,5434,674,170,4,4852,528,33,4,51742,44909,908,4966,722,285,5,4415,514,62,5,31008,16316,14314,29698,15659,14039,32356,15884,15373,32111,15809,14724,31511,17393,14118,31521,18614,11380,31347,17726,11917,26887,16184,10277,26887,16649,9871,31805,17375,13687,36844,19182,17227,36330,20684,14577,35920,18078,16228,35888,18730,15802
46,46,57238,53009,644,2278,1131,205,37,0,0,60123,54834,837,2075,2020,411,30,0,0,66629,57690,1351,2827,3344,821,80,66666,57716,1351,2853,3344,821,80,60165,54398,818,1833,2769,323,35,1429,2506,35,6,952,66058,59113,912,2101,3387,194,50,44783,41956,418,1520,768,143,22,0,0,46054,43485,448,1297,584,227,0,1066,489,29,0,4,0,52409,46543,863,1908,2166,562,47,52409,46543,863,1481,1973,40,12,1412,45666,43280,366,1196,635,188,0,0,0,0,0,50050,46900,527,1570,940,136,4,1352,752,4,4,51092,47121,667,1644,1451,139,10,1370,1285,9,10,28166,13012,14799,26596,11637,14959,31495,12347,18011,31373,12387,17424,30870,13944,16926,30830,15034,14347,30666,14176,14842,26397,13360,12595,26381,13792,12044,31875,14297,16828,38288,16355,21514,37922,17711,19278,37537,14952,21163,37587,15592,20767
47,47,61574,52938,2858,4034,1433,326,64,0,0,63520,53572,4476,4635,1104,557,90,0,0,64910,52110,4759,5334,1979,1116,64,64984,52161,4761,5377,1984,1116,64,63162,53838,4096,4675,1094,372,64,2900,636,140,13,1522,64685,52662,5580,5602,1076,492,61,47410,41514,2065,2577,946,209,41,0,0,48206,42328,2540,2433,543,243,25,2175,496,158,25,73,0,50675,41920,3151,3553,1352,789,39,50675,41920,3151,2800,1125,86,12,1416,47803,42329,2174,2382,643,195,15,0,0,0,0,49634,42631,3018,3066,634,220,35,2214,387,41,35,49767,42556,2877,3155,838,287,0,2599,499,18,0,27279,11860,15102,26761,10759,16002,29416,10152,17950,29405,10273,17682,29099,10958,18141,29146,12783,14877,28916,10349,16628,24668,10912,13209,24685,12182,12117,29411,11748,16863,34536,13592,20404,34128,13424,19740,33963,11987,20427,33994,12209,20493
48,48,66293,60300,830,4451,516,353,35,0,0,66180,59181,1432,4391,953,453,62,0,0,65698,57109,1340,4861,805,1082,76,65851,57202,1342,4960,810,1087,78,66118,58503,1606,4629,1020,371,29,3417,741,11,1,1742,66338,58009,1796,4744,1071,334,14,53508,49490,542,2952,356,257,25,0,0,53593,49227,725,2849,493,277,15,2496,328,10,15,105,0,53599,47572,923,3342,566,811,52,53599,47572,923,2784,427,81,28,1650,53912,49397,676,2945,628,280,4,0,0,0,0,53834,49126,862,2947,594,258,4,2495,453,0,4,54376,49606,986,2961,473,227,5,2544,334,6,5,31023,14785,15764,28444,12356,16088,31301,11513,18684,31073,11959,17309,30594,13533,17061,30704,14534,14639,30543,13854,14996,25303,12200,12760,25277,12389,12359,30788,12986,17070,36491,14195,21904,36123,15877,19341,35814,13142,21221,35898,14023,20667
49,49,60914,29300,21332,10827,1702,840,147,0,0,62004,28153,22887,12119,2727,676,88,0,0,62617,25700,24250,12011,2938,1343,166,62983,25843,24336,12049,2953,1344,168,61723,26221,23562,12679,2558,583,99,7567,2107,20,18,2134,63090,26619,22963,14657,2757,971,55,46208,25640,13422,7001,1270,557,96,0,0,44370,24397,13600,5058,1169,92,0,4680,992,7,0,30,0,48031,22451,16473,8083,2098,944,106,48031,22451,16473,5707,1845,73,10,1294,44668,22596,14671,5678,1424,167,4,0,0,0,0,45222,22900,14206,6282,1486,160,19,5540,1283,8,19,45855,23599,14583,5823,1372,204,13,5129,1206,11,13,24069,16674,7134,21855,15322,6533,22982,15430,6492,23025,15142,6954,22634,15490,7144,22944,15084,6383,22605,14724,6308,17525,12647,4425,17523,12943,4227,21466,14638,6195,24409,16309,7728,23643,15358,7352,23521,14733,7492,23453,14734,7671
50,50,72649,68293,797,2823,344,470,38,0,0,68881,63768,1057,3485,335,795,67,0,0,67358,60740,1056,3135,572,1210,91,66562,60424,1004,2728,568,1210,92,68729,62928,1070,3609,329,651,56,2351,207,4,19,2063,66822,60098,1095,3703,481,621,70,58957,55538,605,2254,246,352,27,0,0,55480,51690,903,2239,196,380,4,1824,130,18,4,168,0,55021,49937,778,2416,419,937,59,55021,49937,778,2013,247,90,20,1818,54970,51220,759,2484,176,379,4,0,0,0,0,53785,49745,743,2661,269,366,10,2101,80,0,10,52261,48446,612,2545,331,235,4,2049,178,4,4,30964,16189,13948,26330,12226,14104,29574,9984,18600,29062,11896,15346,28538,13601,14937,28419,13890,12796,28291,13992,12467,22919,11503,11048,22927,11476,10969,28201,11539,16032,32909,10834,21705,32360,13208,18264,31959,10865,19548,32052,11611,19306
51,51,67803,62543,491,4162,390,383,20,0,0,65334,59035,943,4374,407,511,184,0,0,64784,57155,847,4341,409,1170,170,65033,57315,849,4532,409,1176,172,64764,58096,1078,4416,781,469,200,3070,321,11,87,1892,64828,57333,999,4763,845,605,200,53915,50598,285,2559,283,278,15,0,0,51696,47961,480,2688,176,260,40,2430,143,24,40,70,0,52483,47254,575,2846,292,866,104,52483,47254,575,2416,216,75,84,1748,50737,47085,465,2560,273,248,40,0,0,0,0,50864,47023,500,2762,220,272,20,2302,202,14,20,50016,46374,595,2391,259,262,55,1889,216,4,55,26194,13355,12347,24426,11712,12714,26845,9436,16791,26592,10897,14286,25957,12426,13531,25759,12706,11851,25650,12566,11668,20245,10246,9709,20370,10346,9715,25778,10739,14585,30967,10850,19888,30283,12761,16930,29920,10777,18077,29912,11285,17837
52,52,68925,64462,559,3420,199,302,28,0,0,66127,61598,669,3410,397,349,26,0,0,64020,58167,731,3164,266,1054,64,63125,57825,673,2706,279,1053,68,65565,61026,568,3312,370,420,55,2196,181,2,31,1535,63589,58214,781,3101,398,419,48,55109,51743,420,2579,134,241,14,0,0,53512,50266,426,2364,156,194,0,2093,82,8,0,97,0,52225,47900,481,2398,176,772,34,52225,47900,481,2101,97,58,9,1507,53468,50360,446,2299,89,209,0,0,0,0,0,51851,48877,533,2087,178,199,0,1860,151,30,0,50957,47492,468,2589,179,167,8,2100,152,23,8,26485,12554,13448,23472,10192,13280,26922,8510,17799,26612,9650,15413,26151,11418,14733,26031,11861,12929,25860,11644,12790,20460,9317,10805,20539,9445,10756,25862,9611,15785,31200,9606,21355,30614,11583,18418,30247,9624,19626,30248,10226,19254
53,53,59792,45227,2944,3244,8387,400,80,0,0,61194,44182,4379,3773,8610,337,138,0,0,64685,43229,5091,4809,10780,871,99,64733,43260,5094,4832,10781,871,99,62453,44025,3666,3963,10694,210,24,3311,10014,28,0,1336,65126,45508,4631,4104,10690,460,17,46588,36421,1993,2055,6066,252,51,0,0,44802,35850,1830,2280,4552,212,0,2158,4342,83,0,78,0,51362,35932,3425,3179,8158,623,72,51362,35932,3425,2641,7828,75,28,1271,44803,34925,1659,2406,5601,114,0,0,0,0,0,47207,36410,2082,2474,6095,133,0,2181,5887,8,0,47822,36387,2522,2429,6209,178,8,2102,5991,0,8,28399,15717,12342,26837,14721,12116,29502,15553,12632,29300,14643,14170,28955,15725,13230,28755,14139,13805,28719,15090,12834,25474,15347,9666,25488,15792,9261,29920,16859,12401,35151,20034,14697,34808,19840,13859,34647,18016,15019,34716,18851,14562
54,54,58683,31132,10417,15233,2304,556,105,0,0,60078,30480,10208,16785,3245,788,76,0,0,63265,30595,13865,15563,3253,1443,110,63471,30635,13881,15659,3260,1444,110,59997,30546,10272,16888,2892,1221,109,13855,2673,14,71,2384,63082,32044,10967,17499,2998,1470,150,45382,26510,7114,10117,1835,368,71,0,0,41600,25850,2802,10928,1754,132,40,10391,1685,25,40,120,0,48671,26148,8829,11049,2487,1022,89,48671,26148,8829,9858,2179,78,13,1379,42020,26435,3178,10570,1520,137,49,0,0,0,0,44595,27449,4064,11086,1548,263,54,9795,1449,4,54,44979,26950,4973,11145,1518,271,41,10076,1321,21,41,25340,18005,7103,23718,16526,7192,25393,17481,7092,24974,16367,8256,24751,17249,7502,24400,16127,7748,24486,16815,7142,20412,15035,5025,20490,15454,4769,24528,17300,6789,28239,20087,7897,27759,19395,7481,27577,18176,8014,27696,18735,7919
55,55,69157,63162,732,3824,1323,332,35,0,0,66658,60216,1135,3802,1485,296,27,0,0,66336,57702,1149,4404,1737,844,71,66435,57755,1149,4467,1740,845,73,66238,60305,1162,3341,1467,253,18,2553,1275,5,6,875,65594,58608,1064,4121,1465,384,100,54973,51189,443,2329,886,218,21,0,0,54100,50119,676,2392,661,175,10,2197,646,0,10,104,0,54193,48482,689,2739,1238,606,46,54193,48482,689,2215,1058,61,16,1521,53681,49986,656,2232,589,151,4,0,0,0,0,53084,48938,706,2522,584,272,10,2296,538,12,10,53306,48812,820,2436,883,233,9,2170,798,0,9,34398,14176,19787,32651,12437,20214,34690,12310,21275,34432,12448,20255,33895,13750,20145,33777,14757,17443,33644,14033,17859,28080,12547,15085,28224,13348,14495,33778,13697,19375,39082,14889,23769,38747,16626,21249,38394,13922,23033,38411,14508,22756
56,56,64326,61709,471,1493,467,214,23,0,0,62578,58571,803,2292,731,343,33,0,0,64517,59352,912,2097,810,793,49,64562,59383,912,2118,816,796,49,63476,58525,1106,2689,918,273,29,1640,795,19,17,1352,66151,59737,1502,2779,1327,302,76,50774,49201,288,860,292,150,15,0,0,49622,47215,555,1206,400,83,20,1053,391,11,20,124,0,51743,48442,609,1189,530,560,26,51743,48442,609,886,417,14,5,1255,50033,47339,644,1388,447,103,14,0,0,0,0,52329,49080,808,1546,736,124,10,1008,557,37,10,52521,49427,913,1465,575,131,0,943,310,19,0,33299,12523,20344,31882,11350,20532,34322,10918,22274,34085,11435,20954,33475,13164,20311,33363,14077,17640,33236,13430,18065,27852,11897,15506,28050,12901,14734,33596,12737,20118,39017,13681,24907,38761,15813,22107,38420,12865,24213,38474,13486,23917
57,57,68170,64136,704,2451,669,271,29,0,0,65220,61546,543,2065,812,287,41,0,0,66507,60434,1118,2646,945,888,54,66577,60486,1118,2695,946,888,54,65254,61503,632,1968,814,354,28,1164,586,51,0,1289,66625,62296,799,1865,998,323,5,55929,53049,498,1743,461,203,20,0,0,54080,51552,363,1354,628,180,0,1166,426,20,0,58,0,55373,51049,794,1794,705,662,40,55373,51049,794,1325,523,43,2,1533,54094,51442,442,1304,607,249,0,0,0,0,0,54825,52132,504,1281,608,230,4,1010,447,25,4,54708,52121,671,1167,520,152,5,928,368,23,5,33630,13315,19884,31474,11608,19866,34285,11525,21515,33959,11956,20211,33290,13604,19686,33186,14340,16982,32952,13695,17389,27667,12342,14793,27855,13223,14159,33153,13244,19103,37966,14244,23243,37632,16237,20435,37223,13201,22465,37255,13826,22145
58,58,66117,62584,588,2334,444,281,35,0,0,64102,60220,765,2534,428,103,34,0,0,64473,58775,908,2692,609,816,29,64556,58837,908,2730,610,817,29,62939,58613,549,2978,390,182,30,2065,323,1,0,1273,62932,58416,552,2607,327,300,26,52653,50464,366,1418,272,192,14,0,0,51490,49349,450,1418,187,87,0,1198,164,3,0,20,0,52117,48313,600,1673,404,563,15,52117,48313,600,1317,283,58,6,1420,51155,48915,340,1612,153,132,0,0,0,0,0,51378,49267,360,1510,124,124,0,1342,75,12,0,50741,48076,383,1828,300,211,4,1497,171,7,4,31237,14211,16510,28995,12287,16708,31892,10568,20451,31372,11628,17880,30606,13341,17265,30519,13979,14813,30300,13533,15080,24927,11288,13263,25219,11862,12973,30610,11926,18062,35901,12155,23377,35471,14345,20344,35059,11872,21855,35147,12533,21636
59,59,70995,69146,534,692,432,209,37,0,0,67971,65289,540,1048,684,360,64,0,0,66527,62617,836,1093,485,895,31,66601,62687,837,1114,499,895,31,67103,64526,539,888,684,240,71,527,521,20,0,872,66693,63539,595,1064,454,267,51,57254,56058,338,411,288,160,25,0,0,55919,54453,302,556,306,233,0,489,239,44,0,109,0,55022,52380,537,626,330,647,24,55022,52380,537,435,225,52,6,1289,55240,53930,345,485,248,216,0,0,0,0,0,55193,53741,421,606,209,193,0,544,120,0,0,54449,52769,429,663,402,157,0,473,303,6,0,32502,12836,19126,30812,11088,19724,34178,9873,23183,33836,10776,21056,33154,12264,20890,32980,13246,17896,32808,12709,18115,26822,11094,15300,26969,11710,14856,32907,11593,20583,38481,12066,25971,38079,14174,22970,37679,11425,24776,37737,12032,24509
60,60,65835,63752,381,1234,241,253,31,0,0,63921,61292,760,1221,365,300,23,0,0,64179,60077,578,1503,365,968,54,64259,60148,579,1540,371,971,54,63232,60710,703,1154,357,294,24,565,257,31,0,946,63934,60925,573,1324,339,387,25,52448,51202,230,692,153,180,14,0,0,51078,49492,427,712,175,252,0,599,145,64,0,40,0,52158,49438,337,936,216,718,27,52158,49438,337,649,132,45,15,1447,50907,49428,385,673,204,184,0,0,0,0,0,51606,50137,291,754,182,259,0,551,170,23,0,51074,49341,361,971,152,206,11,630,114,5,11,30615,12874,17238,29346,10795,18551,31390,9318,21101,31148,10212,18942,30651,12178,18473,30527,13054,15732,30438,12655,15786,24381,10184,13728,24555,10709,13397,30317,10697,18877,35835,10837,24520,35536,13163,21458,35241,10462,23266,35310,11135,22908
61,61,59890,49245,1359,3297,5936,231,40,0,0,61561,48817,1509,3662,7670,187,65,0,0,63899,48418,2157,4227,8394,502,55,63924,48429,2159,4248,8394,503,55,61273,47449,1295,5023,7520,190,53,4482,6900,17,0,1063,62806,48358,1423,4855,7969,213,6,47319,39660,889,2383,4321,153,29,0,0,46633,39245,837,2496,3913,71,0,2299,3848,24,0,69,0,51626,40292,1503,3043,6141,373,35,51626,40292,1503,2657,5878,34,8,1071,46383,38258,849,3486,3627,92,0,0,0,0,0,47778,39181,919,3304,4196,144,0,3172,4018,0,0,48291,39159,865,3514,4598,146,31,3269,4376,0,31,35299,19185,15817,34706,17686,17020,36291,20468,14552,36305,18397,17535,35997,19877,16120,35576,17627,17266,35678,18909,16142,32530,20002,12130,32577,20819,11396,36850,21703,14570,42099,25709,15991,41688,24880,15888,41418,22464,17515,41536,23549,16868
62,62,69643,64901,849,2750,921,326,36,0,0,66157,61400,1065,2602,1052,338,46,0,0,65557,58684,1353,3068,1051,938,53,64920,58478,1298,2712,1054,939,53,65567,60165,1077,2563,1157,430,22,1810,776,41,3,1607,65293,59422,1132,2754,1141,392,0,57630,53772,663,2283,729,246,21,0,0,54838,51518,769,1986,461,238,4,1579,317,28,4,0,0,54466,49014,1048,2493,834,682,37,54466,49014,1048,2108,664,70,3,1466,54400,51155,723,1862,426,360,4,0,0,0,0,54015,50350,863,2015,619,280,0,1519,425,22,0,53859,50093,1000,1967,571,158,0,1616,451,7,0,30540,14571,15381,28992,12491,16501,30479,10211,19110,30451,10963,17159,29905,12730,17175,29844,12653,14983,29724,12709,14624,23607,10854,12304,23563,11060,12092,28666,11142,16803,32685,11041,21233,32404,12840,18723,32165,10320,20397,32264,11145,19980
63,63,69380,67559,379,868,364,254,25,0,0,66625,64561,522,980,472,208,100,0,0,64923,61500,606,1021,417,890,45,65048,61621,606,1034,418,891,45,66469,63876,585,1151,424,219,82,828,162,59,0,922,65512,62501,723,1155,454,286,63,55417,54115,242,610,276,195,20,0,0,53695,52295,385,612,207,156,19,550,141,66,19,70,0,52156,49625,422,719,299,698,36,52156,49625,422,531,196,46,15,1209,53275,51815,368,680,251,172,0,0,0,0,0,52730,51130,442,712,243,221,0,648,107,24,0,51572,49923,445,687,277,216,0,545,180,9,0,30017,10656,18667,27387,8100,19287,30447,6608,22783,30271,7844,20337,29866,9289,20577,29661,9417,18457,29563,9561,18019,24048,7920,15690,24160,8227,15479,29383,7862,20875,34425,7455,26579,34133,9153,24218,33903,6965,25521,33917,7466,25352
64,64,67190,64877,580,1050,359,358,40,0,0,63877,61313,668,841,384,701,38,0,0,62093,57945,727,1083,419,1221,42,62365,58196,732,1155,439,1230,43,63400,60370,680,1243,417,358,44,700,235,8,0,1090,62200,58872,649,1144,472,467,40,52330,50972,335,529,231,266,21,0,0,50616,49176,357,414,172,477,0,333,154,20,0,56,0,49002,46346,421,551,256,873,28,49002,46346,421,360,169,77,8,1529,50516,48965,381,668,198,240,0,0,0,0,0,49790,48282,393,622,217,306,4,455,160,12,4,48914,47380,486,600,206,272,0,405,103,23,0,28198,11189,16452,25880,9486,16394,27811,7478,19144,27731,8186,17672,27381,9109,18272,27316,8681,16774,27305,9090,16217,22085,8188,13470,22255,8721,13140,26998,8568,17724,31747,8998,22320,31336,10084,20353,31180,7808,21668,31141,8339,21540
65,65,68875,65106,939,2181,319,376,45,0,0,66327,61849,1105,2742,416,352,67,0,0,63866,58521,993,2090,458,1091,72,61937,57487,852,1393,466,1091,72,65809,61121,1176,2487,417,394,70,2000,235,57,4,1146,64075,58780,1395,2085,868,412,266,54551,51577,696,1827,207,265,25,0,0,53253,49747,723,2353,191,270,0,2240,171,58,0,57,0,51773,47551,718,1794,280,825,38,51773,47551,718,1633,182,83,8,1510,53154,49907,807,1962,183,341,4,0,0,0,0,51292,48341,891,1439,263,308,33,1345,210,62,33,50688,47896,751,1425,225,311,70,1264,164,24,70,29031,12878,15470,26319,10527,15792,28641,7787,19603,28331,7934,18879,27548,8967,18581,27479,8122,17206,27464,8898,16287,22622,8381,13854,22852,8586,13849,27552,8520,18326,32039,9204,22342,31387,9451,20903,31206,8149,21431,31318,8748,21269
66,66,64435,63225,373,351,182,355,18,0,0,62718,61055,439,541,223,449,32,0,0,62181,59351,520,410,271,940,37,62378,59544,520,427,278,943,37,62466,60839,476,552,208,374,6,215,121,28,2,685,62427,60317,599,549,239,369,4,49845,49038,224,230,125,247,8,0,0,48565,47501,269,291,123,391,19,197,103,48,19,12,0,48506,46532,344,236,173,711,27,48506,46532,344,128,84,60,7,1267,48000,47095,304,237,125,250,4,0,0,0,0,48455,47485,343,234,130,244,4,177,106,27,4,47495,46622,299,262,55,200,13,132,25,31,13,25983,8941,16402,24464,6626,17838,26869,4967,21070,26658,5789,18792,26353,7046,19307,26220,7298,17379,26257,7300,17185,21412,6185,14882,21407,5932,15123,26224,6015,19626,31337,6120,24816,31043,7254,23079,30854,5485,24096,30908,6250,23729
67,67,65992,63024,957,1305,372,424,25,0,0,62818,59331,1148,1531,495,559,74,0,0,61375,56756,975,1288,525,1200,60,61546,56921,977,1317,534,1208,60,62218,58485,1179,1527,470,474,70,982,253,83,20,1061,61385,57373,1218,1392,491,413,43,51957,49603,725,1098,265,316,13,0,0,49880,47470,716,1092,220,357,14,972,162,88,14,83,0,49212,45760,654,1025,361,839,37,49212,45760,654,857,230,114,0,1475,49560,47035,772,1158,245,376,14,0,0,0,0,48835,46595,711,935,252,325,0,702,154,46,0,48390,45972,678,1026,316,302,45,786,217,11,45,25935,9644,15656,23954,7841,16113,26266,5858,19475,25976,5967,18910,25448,6574,18874,25379,5845,17945,25356,6152,17432,20421,6162,13929,20614,5970,14326,25696,6406,18719,30964,7458,23093,30471,7306,22350,30309,6318,22564,30357,6645,22781
68,68,65759,63687,660,678,345,474,24,0,0,64047,61748,828,750,434,297,20,0,0,63673,59669,895,793,432,1342,54,63772,59765,895,809,434,1344,54,64101,61632,906,746,447,322,11,448,319,48,2,686,64346,61547,901,878,465,362,9,51851,50471,412,415,229,366,19,0,0,50675,49245,496,445,233,250,4,339,211,30,4,12,0,50456,47683,599,482,291,985,34,50456,47683,599,314,206,95,8,1466,50575,49135,586,466,205,270,4,0,0,0,0,50855,49195,649,534,235,287,4,411,184,52,4,49953,48277,713,492,205,224,0,371,139,34,0,27995,9855,17465,25343,8173,17170,28142,5977,20916,27904,6322,20078,27512,6888,20624,27470,5991,19650,27431,6463,18817,22435,6487,15505,22539,6279,15757,27447,6626,20089,32500,7557,24405,31932,7343,23590,31704,6346,23772,31863,6399,24351
69,69,68937,65622,760,1983,311,251,42,0,0,65975,61922,972,2437,430,388,84,0,0,65772,61129,930,2099,327,822,39,63457,60038,734,1088,327,821,39,65672,61430,975,2444,430,402,116,1812,238,34,6,1030,65219,60969,959,1766,477,761,105,55452,52617,619,1822,201,179,21,0,0,53585,50530,692,1904,203,204,4,1810,149,32,4,64,0,53964,50216,687,1879,233,582,32,53964,50216,687,1770,147,40,7,1025,53530,50300,724,2078,157,246,4,0,0,0,0,53205,50090,745,1561,175,614,4,1370,167,78,4,52545,49670,588,1948,168,145,0,1737,105,0,0,31179,10778,19651,29417,7735,21682,31538,6131,24516,31496,6920,22881,30935,8844,22091,31031,9157,20356,30914,9035,19988,25242,7903,16975,25332,7725,17104,30769,7432,22753,35702,7242,28104,35445,8320,26397,35235,6446,27454,35320,7525,26916
70,70,65366,52647,2155,6097,4383,218,46,0,0,66415,51765,2684,7392,4609,220,31,0,0,67217,50118,3531,7623,5176,696,64,65364,49605,3289,6585,5168,691,64,66975,51669,3059,7672,4688,173,30,6699,4385,18,20,974,68003,51187,3092,7901,5749,291,25,51041,41417,1534,4940,3073,145,31,0,0,51405,41601,1639,5527,2495,134,20,5201,2405,24,20,29,0,54408,41402,2442,6041,3853,504,43,54408,41402,2442,5508,3498,37,9,1332,51717,41904,1786,5646,2256,131,20,0,0,0,0,53493,42145,2280,5862,2995,136,0,5538,2726,29,0,53504,41201,2694,6181,3174,147,14,5936,2754,22,14,32941,17805,14822,32392,16497,15895,34760,18236,15170,34574,16783,17329,34382,17627,16755,33757,16181,16810,33879,17470,15724,30226,18083,11703,30265,18847,11051,35177,19782,14754,40927,23640,16844,40510,23115,16341,40271,20991,17645,40361,22009,17169
71,71,67189,63961,906,1674,508,202,39,0,0,62089,58980,1150,1362,683,111,151,0,0,62782,58167,979,1667,634,825,55,62849,58233,979,1670,636,826,57,61472,58014,1196,1560,721,139,179,1000,325,13,36,813,62963,59077,1144,1645,702,227,134,54989,52314,741,1444,382,165,31,0,0,50398,48281,754,851,337,101,33,784,220,20,33,56,0,51656,48226,687,1223,482,592,30,51656,48226,687,991,368,40,10,1218,50179,47910,768,990,325,131,33,0,0,0,0,51904,49408,794,1086,378,199,19,909,273,12,19,51049,48529,860,1007,290,289,6,791,207,9,6,30317,14194,15486,28425,10661,17764,30081,8149,21017,29957,9488,18625,29491,11804,17687,29441,12030,15560,29351,12265,15190,23855,9631,13905,23987,9716,13895,29069,9603,18886,33854,9485,24008,33594,11152,21762,33358,8943,23093,33420,10442,22106
72,72,69513,63166,1118,4707,449,322,50,0,0,64730,58114,1129,5269,333,554,39,0,0,63918,54601,1468,6290,504,950,65,64105,54701,1474,6380,515,951,65,64229,57531,1141,5159,429,494,17,3377,284,14,7,1775,64255,56785,1397,5403,379,467,36,55321,51326,724,2879,297,223,25,0,0,51603,47936,678,2642,138,272,4,2176,91,29,4,75,0,51307,45634,884,3545,366,678,37,51307,45634,884,2914,263,51,8,1465,51380,47697,671,2561,209,217,4,0,0,0,0,50950,46834,849,2847,137,214,0,2247,115,20,0,49894,45575,988,2421,206,590,4,1810,169,53,4,32739,16754,15169,27122,12044,15078,30025,10200,18863,29858,11592,16503,29325,13959,15366,29353,14377,13154,29234,14546,12746,23438,11086,12040,23566,11099,12132,28799,11508,16668,33243,11622,21239,32975,13397,18797,32703,11009,20227,32720,12616,19170
73,73,65341,61354,1711,1946,330,252,23,0,0,62954,58376,1786,2316,583,294,74,0,0,63113,57427,2062,2011,360,884,29,61454,56677,1905,1284,359,881,29,62508,57746,1909,2301,506,269,60,1763,261,97,0,714,61913,57035,1566,2184,523,445,95,52400,48795,1577,1813,255,192,20,0,0,50243,47536,765,1566,190,190,0,1521,128,77,0,47,0,51918,47041,1854,1822,268,664,18,51918,47041,1854,1593,203,38,2,1141,49389,46515,897,1622,199,192,0,0,0,0,0,49629,46724,758,1551,267,245,4,1406,177,46,4,48683,45973,687,1415,286,243,18,1294,180,13,18,26715,12406,13539,25463,9820,15643,26834,6526,19475,26645,7762,16892,26265,9593,16672,26222,9480,15135,26083,9733,14595,20943,7909,12713,21024,7656,13038,26053,7686,17810,30928,7512,23035,30572,8621,21256,30394,7012,22033,30462,8171,21370
74,74,60910,42170,5284,12789,964,592,78,0,0,64107,43327,5987,13637,1307,487,31,0,0,64573,42084,7148,13559,1298,1254,77,64829,42164,7168,13715,1317,1257,78,64486,44691,5837,13080,884,418,16,10588,690,76,0,2461,65301,43515,7402,14094,817,416,15,44840,32495,3243,8454,656,381,52,0,0,45879,34090,2135,8656,792,184,0,8093,714,54,0,79,0,48711,33416,4420,9304,944,922,51,48711,33416,4420,8203,768,100,13,1601,47183,35432,2589,8382,495,215,0,0,0,0,0,47298,34492,3072,9137,350,217,10,8139,301,73,10,48852,34435,4457,9154,354,345,25,7653,257,9,25,24684,15055,9342,23733,13788,9945,26503,14181,11339,26558,13544,11864,26258,14279,11979,26129,12998,11339,26189,13873,10601,22117,13247,8507,22123,13602,8202,26647,14878,11182,31683,17700,13623,31372,17201,13323,31305,16345,13749,31213,16678,13566
75,75,64039,62621,441,368,408,215,36,0,0,61865,59867,862,944,423,165,32,0,0,63568,59904,994,592,534,943,65,63767,60097,994,628,546,950,66,61117,59005,761,750,410,217,32,400,301,70,9,481,63308,60363,1111,834,456,188,69,50543,49669,248,158,294,162,32,0,0,49075,47975,461,393,107,163,0,375,99,121,0,4,0,51415,48865,740,282,390,667,38,51415,48865,740,148,285,39,12,1234,48987,47773,536,345,173,205,10,0,0,0,0,50697,49159,859,343,185,174,4,279,173,22,4,50362,48445,1099,328,256,146,0,218,202,9,0,28930,13043,15176,26680,9855,16825,29064,7290,20723,28839,8435,18348,28453,9978,18475,28395,10011,16660,28304,10087,16286,22851,8421,14092,22906,8022,14540,28304,8397,19201,33718,8718,24508,33381,9601,22962,33186,8022,23589,33241,9021,23124
76,76,66761,62357,1455,2126,614,310,60,0,0,66485,61588,1708,1938,932,437,59,0,0,62593,57390,1534,1580,912,928,67,62712,57494,1534,1613,920,928,67,65798,60775,2056,1770,972,309,56,1469,804,64,11,575,62986,58234,1990,1684,693,333,50,53108,49576,1117,1733,495,244,47,0,0,52610,49140,1094,1465,521,307,8,1413,449,160,8,82,0,49529,45802,1032,1065,702,685,46,49529,45802,1032,842,516,82,8,1151,52425,48885,1297,1359,578,222,8,0,0,0,0,49910,47070,1131,1145,360,217,8,1003,288,68,8,49788,46951,929,1097,502,196,0,849,375,43,0,25551,11446,13590,22573,9229,13344,25765,8130,16604,25544,8877,15184,25046,9842,15204,25028,8882,14559,25075,9795,13708,20845,8526,11974,20913,9053,11445,25244,9074,15556,29745,9599,19745,29392,10283,18313,29229,8734,19295,29346,9183,19204
77,77,61488,51862,1621,2259,5601,300,51,0,0,64991,52880,1869,2642,7477,270,62,0,0,61835,46746,2498,2529,9101,691,72,61876,46784,2498,2548,9101,691,72,65030,52653,1880,2948,7483,466,30,1791,6913,69,20,1663,63146,50641,2064,2917,6653,436,87,51934,44039,1334,1824,4634,223,43,0,0,49562,44330,1374,1628,2004,184,39,1415,1787,29,39,16,0,52470,39729,2026,2049,7877,559,64,52470,39729,2026,1542,7318,43,9,1586,49886,44473,1345,2020,1987,388,10,0,0,0,0,48791,43343,1416,2009,1913,317,55,1298,1744,53,55,47648,41905,1229,2004,2043,653,15,1395,1824,96,15,30121,17467,12260,28357,14978,13379,29741,16116,12091,29968,15140,13245,29534,16045,13489,29109,14821,11988,29022,14614,11861,23490,14483,8409,23446,14659,8265,27734,15785,11064,30217,17698,12088,29924,16635,12211,29735,15509,12868,29727,16135,12267
78,78,64607,62922,573,620,214,316,30,0,0,62843,60678,763,869,335,306,14,0,0,62133,59107,665,668,355,1062,49,62267,59234,666,680,356,1063,49,62646,60334,776,995,238,298,14,677,129,85,0,555,62158,59452,795,834,397,309,16,50437,49365,351,356,143,240,19,0,0,50170,48995,404,468,87,223,4,379,53,84,4,12,0,49798,47712,434,383,224,806,33,49798,47712,434,225,143,82,3,1150,50160,48890,404,556,73,252,4,0,0,0,0,49835,48530,420,495,163,256,0,371,133,52,0,49575,48271,381,495,187,213,4,362,139,21,4,28999,7635,20766,27537,5995,21542,30408,4557,25246,30170,5381,23195,29715,6625,23090,29545,6254,21542,29364,6277,21173,24127,5628,18217,24159,5445,18463,29770,5380,23964,35551,5452,29849,35084,5846,28641,34871,4735,29116,34926,5388,28825
79,79,65463,61494,774,2491,504,333,54,0,0,63056,58366,1181,2883,332,399,60,0,0,63069,56385,1038,3209,706,1080,65,63269,56534,1038,3363,716,1082,66,62745,57927,997,2938,277,430,45,1857,186,166,17,1582,62990,57265,1076,3232,576,335,63,51739,49246,509,1452,376,246,38,0,0,49778,46898,746,1596,177,275,14,1358,149,105,14,59,0,50856,46299,703,1988,524,803,46,50856,46299,703,1582,384,72,5,1619,49435,46875,651,1429,153,288,20,0,0,0,0,49750,46780,678,1665,291,192,20,1436,173,64,20,49756,46514,682,1861,377,186,0,1526,262,29,0,26562,11423,14652,21623,8656,12967,26271,7967,17325,26194,8530,16006,26005,9676,16329,25895,9527,14775,25840,9287,14790,20178,7934,11861,20330,7945,12031,25322,8638,16066,30271,10006,19917,30017,9956,19152,29866,8826,19606,29955,9581,19339
80,80,63976,62284,500,557,481,199,26,0,0,62759,60627,477,568,827,160,68,0,0,62208,58958,726,724,620,795,66,62295,59041,726,737,623,802,66,62252,59807,664,619,873,142,68,263,537,12,37,821,61967,59271,735,729,722,275,35,50299,49225,322,298,329,149,17,0,0,49979,48780,260,308,488,112,45,248,391,4,45,24,0,49537,47361,454,395,428,565,39,49537,47361,454,251,322,49,7,1019,49536,48167,443,304,499,103,35,0,0,0,0,49245,47795,485,418,345,154,0,228,182,8,0,47990,46710,501,366,235,123,4,191,147,9,4,28046,8725,18891,29115,7886,21229,29920,6221,22832,29873,6822,21483,29655,7798,21857,29553,7636,20469,29446,7549,20314,24081,6957,16745,24284,6985,16916,29459,7105,21778,34852,7957,26572,34602,7863,25931,34401,6689,26409,34509,7322,26270
81,81,67721,63037,1063,3009,410,279,20,0,0,67502,62468,990,3318,560,340,104,0,0,66417,59958,1424,3165,518,975,52,64708,59347,1260,2266,512,969,52,67465,62585,932,3152,626,327,13,2553,340,76,2,965,66017,60605,1301,2788,643,555,19,52712,48979,749,2529,306,190,9,0,0,53466,49810,622,2556,199,255,29,2332,158,74,29,43,0,52883,47881,974,2620,391,698,30,52883,47881,974,2365,304,75,11,1163,53804,50293,584,2521,214,194,4,0,0,0,0,52895,49020,842,2305,365,418,8,1964,180,75,8,52850,48809,926,2291,366,403,0,1941,182,30,0,27040,8963,17544,25596,7771,17825,29103,6532,21598,28996,7265,19876,28575,8460,20115,28530,7934,18769,28440,8048,18251,23203,7203,15593,23171,7230,15550,28427,7343,20437,33678,7832,25454,33203,8044,24366,33024,6779,24827,33077,7405,24694
82,82,61593,53592,1797,2899,3220,287,72,0,0,64971,54668,2533,3993,3690,264,82,0,0,64866,53374,2631,3831,3925,709,239,62294,52221,2391,2694,3920,702,237,65227,55054,2644,3878,3570,268,77,3228,2864,12,4,1396,64236,53642,2473,3702,3968,420,54,53701,46413,1631,2600,2993,233,56,0,0,54203,47170,2012,3211,1588,107,4,2957,1359,0,4,95,0,57280,47125,2338,3383,3534,579,232,57280,47125,2338,3037,2737,36,25,1825,54144,46987,2144,3241,1419,115,8,0,0,0,0,53409,46157,2055,2927,1804,172,14,2623,1558,13,14,55231,46788,2690,3109,2002,321,9,2629,1603,56,9,31805,18399,13002,26745,13974,12771,31155,15748,13925,31099,15001,14424,30630,16081,14549,30210,14663,13255,30159,14703,12912,23969,14159,9181,23996,14202,9278,27994,14841,12261,29283,15418,13458,28929,14588,13368,28731,13438,14004,28731,14117,13522
83,83,66520,55439,2263,8118,688,570,66,0,0,65281,53304,2791,8159,954,666,52,0,0,64487,50948,2377,8866,993,1272,84,63798,50425,2330,8828,997,1271,84,65351,53652,2351,7961,965,684,73,6524,802,232,33,1677,64936,52840,2168,8333,937,883,70,53823,45708,1806,5780,505,414,39,0,0,52175,43955,1991,5408,358,403,0,5046,288,247,0,84,0,51823,41953,1813,6358,717,880,52,51823,41953,1813,5587,558,100,10,1637,52030,44060,1708,5381,457,403,0,0,0,0,0,51295,43850,1468,5309,333,409,0,4843,284,125,0,50734,42736,1551,5649,499,429,15,4696,402,73,15,25596,10731,14403,22568,8884,13684,24676,8038,15567,24689,8488,14477,24413,9242,15171,24345,8970,13873,24275,9235,13258,19732,7969,11363,19698,8380,10929,24105,8925,14505,28498,10207,17888,28258,10547,16786,28147,9372,17459,28028,9440,17565
84,84,65440,63560,545,667,343,354,39,0,0,64411,62084,972,895,246,246,14,0,0,64041,60046,843,989,554,1128,66,64134,60137,843,1002,556,1130,68,63909,60632,1238,1059,321,276,15,651,167,35,8,1105,63838,60269,1293,859,463,300,75,51764,50624,304,351,225,278,20,0,0,51110,49905,439,463,138,192,4,405,110,39,4,12,0,51333,48699,491,535,377,846,39,51333,48699,491,305,240,98,12,1386,50910,49340,692,562,159,178,4,0,0,0,0,50615,49230,604,347,232,262,28,298,147,55,28,50521,49228,526,382,142,183,27,300,105,14,27,29366,9588,19178,28164,7869,20295,31450,6225,24191,31403,7133,22260,31093,8118,22975,30992,8005,21402,30933,8421,20485,26075,7441,18242,26018,7938,17629,31301,7671,22926,37147,8278,28354,36872,9220,26728,36706,7643,27591,36618,7920,27705
85,85,65923,63229,990,916,616,271,40,0,0,67086,63704,1110,1273,857,254,97,0,0,66340,61368,1648,1360,1049,775,71,66424,61445,1650,1376,1052,775,71,66547,63129,1160,1364,727,309,69,856,549,107,0,736,65810,62078,1281,1383,766,337,115,51310,49642,610,492,428,181,29,0,0,52785,50666,744,691,386,177,0,595,303,41,0,98,0,52523,49132,1083,870,768,530,43,52523,49132,1083,626,618,46,17,938,52455,50285,759,766,362,227,0,0,0,0,0,52250,49830,836,891,403,267,35,754,307,88,35,52252,49972,1070,623,340,185,45,543,250,48,45,27572,9850,17196,26081,8404,17677,29025,7718,20245,28938,8111,19100,28395,8920,19475,28247,8226,18121,28190,8658,17469,23688,8181,15093,23612,8975,14273,28571,8746,19187,33698,9527,23760,33218,9971,22425,32945,8311,23260,33080,8666,23363
86,86,64917,62480,1146,667,342,361,41,0,0,64712,61363,1843,929,403,355,89,0,0,63956,59538,1722,873,436,1082,72,64092,59665,1725,902,444,1083,72,65269,61539,1937,1070,411,415,135,657,181,85,0,826,64258,60011,2053,1116,448,369,56,49744,48391,625,308,206,254,31,0,0,50510,48839,824,459,186,182,0,405,118,70,0,27,0,50003,47082,1051,532,311,800,42,50003,47082,1051,292,168,53,7,1233,50800,48965,885,501,119,245,0,0,0,0,0,50055,48195,818,530,223,282,0,426,151,45,0,49822,47852,851,608,214,205,10,444,133,26,10,27336,8913,17830,25904,7709,18195,29151,6145,21809,29051,6712,20609,28579,7672,20907,28608,8550,18219,28422,7546,18792,23625,7145,15928,23670,7984,15176,28750,7381,20588,33829,7791,25520,33475,8369,24164,33198,6737,25012,33242,7265,24813
87,87,52468,48070,1151,1290,1845,214,57,0,0,59343,52550,1201,1970,3631,154,38,0,0,66250,54287,2509,2971,5424,779,102,66300,54332,2509,2985,5439,782,102,59930,52003,1305,2112,4364,156,84,1597,3995,19,0,995,66096,54941,2255,3422,5276,213,101,41384,38675,685,710,1203,157,29,0,0,45713,42269,596,974,1728,73,0,925,1557,15,0,80,0,52746,44530,1715,1855,3795,586,63,52746,44530,1715,1412,3480,55,18,1305,45855,42204,684,763,1961,97,0,0,0,0,0,50922,45462,1375,1450,2422,113,0,1256,2211,10,0,52197,45653,1736,1805,2802,145,5,1454,2483,12,5,27300,10576,16375,26862,9694,17168,31700,11461,18835,31850,10693,19868,31474,11155,20319,31482,12357,17583,31374,10994,18448,28266,12209,15529,28277,13695,14053,32684,13384,18474,38263,16443,21249,37936,15738,21258,37769,13799,22453,37763,14493,21964
88,88,60682,52496,2120,3067,2826,297,71,0,0,63238,51421,3101,3505,5209,530,107,0,0,66599,51919,3501,4287,5936,831,127,64646,50872,3335,3574,5934,828,129,64308,51255,3930,3651,5656,489,32,2550,4614,45,11,1797,67629,52607,4607,4701,6075,533,149,48600,42587,1448,2419,1965,222,44,0,0,48564,41830,2005,2391,2038,276,15,2132,1782,49,15,85,0,52908,42700,2296,3004,4129,591,81,52908,42700,2296,2530,3783,50,31,1333,48818,41420,2234,2532,2388,280,10,0,0,0,0,51109,42823,2401,2813,2757,243,10,2325,2373,12,10,51568,41884,2675,3224,3477,164,0,2783,2860,0,0,31082,13440,17249,30470,12718,17752,32248,13511,17286,32346,12525,18316,31925,13178,18747,31976,14149,15964,31813,12849,16811,28271,13847,13810,28267,15377,12259,32454,15088,16471,37284,18076,18649,36895,17375,18371,36741,15319,19754,36690,16058,19102
89,89,62287,52751,4685,3995,939,423,54,0,0,64408,51755,6533,4917,1327,617,180,0,0,66340,51076,8196,5207,1167,1320,99,66531,51194,8206,5330,1178,1322,100,64820,52408,6296,5190,1384,574,159,3367,858,52,0,1750,66360,53274,6999,4503,1371,875,130,48139,42430,2757,2307,618,285,42,0,0,48075,41810,2484,2913,515,255,0,2544,425,49,0,130,0,51868,42062,5071,3319,807,935,69,51868,42062,5071,2511,636,86,22,1372,49045,42845,2433,2731,610,279,0,0,0,0,0,50720,44145,2930,2663,598,265,0,2007,460,35,0,51213,43531,3720,2992,692,191,0,2230,550,24,0,27667,9861,17498,27026,9057,17969,29699,8677,19891,29805,8763,19633,29358,9419,19939,29288,8859,18562,29198,8944,18077,23430,8463,14578,23369,9026,13956,28902,9446,18739,34061,11272,22291,33571,10863,21778,33454,9670,22332,33460,10044,22282
90,90,63188,59143,1373,1850,685,412,45,0,0,64958,60114,1971,2058,560,354,5,0,0,64812,58625,1940,2097,747,1070,43,64923,58729,1940,2188,758,1075,43,65312,58887,2839,2591,522,374,14,2002,197,61,0,1245,65513,57856,2649,3367,776,416,15,47883,45437,781,1079,414,275,25,0,0,49765,47295,704,1099,391,246,0,1003,333,69,0,29,0,50370,46373,1157,1288,517,765,26,50370,46373,1157,910,364,85,4,1333,49285,46060,1099,1479,376,257,0,0,0,0,0,49785,46145,1242,1643,450,279,0,1332,279,4,0,49845,46154,1385,1476,492,267,8,1091,297,0,8,26794,8647,17785,25826,7248,18578,29353,6565,21751,29305,6659,21271,28740,7268,21472,28643,6485,20206,28564,6831,19533,23216,6556,16277,23196,6923,15943,28741,7179,20873,34308,8436,25378,33611,8156,24476,33452,7149,24741,33482,7489,24777
91,91,63916,58516,2830,1600,773,386,44,0,0,64538,58547,3052,1980,823,394,12,0,0,65497,57299,3704,2013,1099,1174,89,65612,57392,3707,2060,1109,1174,90,64591,57988,3570,1952,952,474,9,983,595,79,0,1348,66367,58764,4113,2353,1086,621,13,50444,47004,1716,1024,536,269,21,0,0,51132,47894,1345,1189,417,289,0,813,310,62,0,28,0,53116,47522,2375,1310,803,894,56,53116,47522,2375,977,616,78,10,1400,51317,47612,1768,1214,430,344,0,0,0,0,0,52897,48697,2208,1239,444,287,4,803,389,45,4,53643,49107,2449,1342,444,284,7,1025,345,16,7,28983,12058,16462,26945,10268,16677,30526,9830,19494,30522,10004,18997,29970,10391,19579,29922,10284,17601,29864,9868,17629,25281,10187,14569,25237,10759,14024,30482,10829,18860,36278,12540,23205,35767,12026,22623,35537,10916,22902,35637,11186,23049
92,92,63760,60279,1440,1123,739,337,26,0,0,66023,60673,1766,2188,1219,419,51,0,0,66470,59950,2371,1661,1065,1089,82,66531,60005,2373,1706,1067,1089,82,66750,61209,2089,2217,1152,415,57,1273,787,3,0,1281,67498,61409,2396,2134,1066,401,57,48849,46795,818,611,454,240,14,0,0,51794,48627,1191,1095,612,237,0,911,506,10,0,59,0,52237,47967,1474,988,716,787,56,52237,47967,1474,651,488,51,10,1442,53112,49882,1252,1137,575,147,0,0,0,0,0,52938,49833,1406,898,567,111,0,717,398,4,0,53112,49950,1829,636,402,155,0,458,306,0,0,30322,10826,19099,29556,9624,19932,32190,8869,21886,32274,8921,21750,31920,9421,22499,31923,10743,19400,31759,9045,20546,27749,9795,17378,27765,11004,16219,32519,10456,21206,37960,12188,25205,37692,12033,24683,37536,10398,25519,37569,10965,25322
93,93,62338,57206,1518,2277,1192,316,50,0,0,63379,56055,2339,3278,1537,633,99,0,0,65263,55639,3050,3824,1654,1071,78,65319,55684,3051,3861,1654,1072,78,63906,55943,2330,3282,1396,801,157,1990,1061,14,157,2387,65547,56263,2588,4312,1478,789,20,48158,44891,916,1455,747,214,28,0,0,48753,44949,1186,1641,576,242,24,1471,536,14,24,135,0,51415,45002,1870,2494,1164,758,45,51415,45002,1870,2047,960,75,16,1308,49072,45301,1129,1644,504,345,39,0,0,0,0,50219,45880,1211,2255,542,276,18,1914,430,4,18,51100,45377,1764,2789,791,294,17,2276,605,15,17,30998,11979,18594,29786,10434,19352,32951,10252,21293,32922,10338,21041,32531,10840,21691,32551,12261,18481,32327,10129,19944,27349,10554,16179,27365,11405,15473,32430,11452,20082,37485,13412,23484,37034,12885,22965,36882,11765,23461,36927,11876,23591
94,94,62113,57129,1446,2328,1054,343,50,0,0,63041,56033,2516,3104,1231,405,8,0,0,63211,54671,2668,3266,1405,1111,59,63281,54726,2670,3289,1415,1115,59,62871,55363,2901,3215,1040,548,7,2291,852,98,0,1307,62970,54947,2827,3255,1217,759,225,47344,44253,839,1372,700,243,33,0,0,48138,44099,1336,1769,673,236,0,1570,640,102,0,35,0,49493,43814,1631,2064,981,801,38,49493,43814,1631,1610,790,70,6,1415,47741,43712,1290,1942,580,268,0,0,0,0,0,48044,43994,1321,1766,550,271,4,1573,495,63,4,48876,44276,1505,2055,701,217,2,1758,581,25,2,27099,10755,15947,26311,9538,16773,29062,8394,19427,29029,8645,18881,28710,9314,19396,28736,10556,16475,28537,8707,17741,23887,9059,14316,23940,9799,13691,28816,9618,18402,34010,11055,22413,33594,10801,21719,33460,9730,22079,33498,9868,22220
95,95,62827,34292,13506,15662,1122,824,94,0,0,63704,31326,16763,16093,1303,679,37,0,0,65777,29823,19491,16710,1251,1323,127,66193,29958,19542,16826,1256,1324,129,63958,30997,16635,16555,1724,698,23,11903,1570,54,3,2573,65776,32000,17650,16722,1586,906,54,46161,28644,7980,9464,749,531,65,0,0,44783,26544,8330,8961,627,263,4,7905,566,83,4,155,0,49026,25181,12590,10937,845,921,77,49026,25181,12590,8634,620,83,18,1644,45484,26413,8633,9257,863,254,4,0,0,0,0,47708,27375,9425,9756,757,377,0,8635,667,63,0,47968,25418,11540,9825,843,251,15,8687,679,14,15,23233,15650,7243,20257,13603,6654,22027,13728,7265,22010,13436,7451,21775,14229,7546,21924,15204,5616,21651,13424,6637,16136,10805,4910,16168,11262,4609,20339,13005,6784,23212,14600,8277,22685,14096,7737,22553,13331,7974,22538,13396,8093
96,96,58739,43507,8083,5083,2823,408,87,0,0,61286,42226,9686,6397,4098,523,199,0,0,63354,44131,9436,5843,4239,776,84,63476,44191,9462,5866,4248,776,84,61689,42582,10291,5508,4488,457,168,2926,3725,41,53,2030,64242,44766,10872,5638,4412,683,127,45995,36002,5116,3200,1979,282,57,0,0,46810,35405,6126,3286,1733,159,50,2787,1562,40,50,78,0,50909,37389,6501,3990,3011,555,58,50909,37389,6501,2832,2691,42,3,1254,47390,36046,6175,2604,2235,186,55,0,0,0,0,50056,38153,6844,2664,2207,217,30,2087,2055,28,30,50113,38879,6171,2520,2413,152,0,1890,2165,13,0,29856,17119,12461,28816,15715,13101,31481,17500,12319,31746,16833,13713,31135,17044,14091,31083,16327,12734,31002,15863,12849,27225,16922,9636,27172,17665,8947,31389,18446,12010,35700,21553,13599,35206,20225,13843,35012,19177,14332,34979,19191,14481
97,97,59022,52753,2925,1773,1688,229,33,0,0,61653,52960,4158,2770,2091,207,0,0,0,65789,54623,5303,3097,2246,772,70,65859,54678,5308,3109,2254,772,70,61146,51563,4424,3066,1935,225,4,2031,1786,82,0,954,64782,52631,5994,4251,1928,506,287,45632,41652,1789,1050,1136,160,18,0,0,46957,42025,2429,1242,1127,126,0,1109,1081,45,0,0,0,51953,44318,3467,1942,1667,581,52,51953,44318,3467,1419,1475,53,11,1042,46143,41353,2372,1204,1067,186,0,0,0,0,0,49517,42736,3414,1856,1295,174,0,1520,1251,30,0,50372,42731,3718,2351,1368,167,13,1918,1314,15,13,30459,11829,18311,29607,10611,18996,32815,11560,19656,33100,11270,20684,32517,11353,21164,32437,11210,19518,32355,10840,19609,28496,12026,15920,28480,12945,15040,33136,12991,19324,38438,15638,22231,37957,14596,22411,37733,13407,22954,37676,13542,23018
98,98,60662,56680,1955,1143,747,293,52,0,0,65209,59198,3078,1644,1342,167,54,0,0,66704,58760,3443,2107,1475,895,80,66784,58829,3444,2139,1489,897,80,65600,58847,3564,2148,805,391,0,1316,541,7,0,1000,66758,59056,4133,1964,1282,368,27,46681,44282,1162,625,480,201,33,0,0,50496,47320,1474,968,648,69,0,854,560,4,0,49,0,52741,47425,2230,1290,985,633,52,52741,47425,2230,894,801,33,8,1179,50537,47373,1383,1235,332,198,0,0,0,0,0,51485,47813,1764,1163,483,225,0,992,424,34,0,52405,47392,2232,1538,858,425,11,1172,770,55,11,28434,10490,17602,27854,9441,18413,31514,9566,20234,31640,9554,20580,31088,10020,21068,30847,9897,18829,30986,9390,19232,26684,10420,15640,26624,11424,14598,31716,11268,19532,37419,13686,23121,37046,13149,22793,36791,11576,23564,36802,11851,23441
99,99,62384,58994,1436,895,952,265,25,0,0,63193,58251,2794,1109,837,366,0,0,0,64040,58015,2847,1360,1244,577,71,64103,58068,2851,1387,1260,578,71,63892,59089,2736,1059,987,122,0,520,871,13,0,662,64397,59575,2355,1286,872,145,29,45576,43572,848,461,603,161,16,0,0,46545,43828,1417,689,359,209,0,446,289,128,0,40,0,47904,44105,1704,802,796,428,45,47904,44105,1704,476,646,38,14,827,47268,44829,1399,529,422,85,0,0,0,0,0,47554,45222,1152,659,389,106,0,475,320,25,0,47957,44916,1598,424,878,111,4,353,563,54,4,25810,9142,16251,24484,7579,16905,26796,6882,18662,26795,6996,18644,26222,7403,18819,26139,6843,17612,26130,7005,17427,22055,7338,14317,22064,7718,13939,26582,7738,18186,31427,9044,21922,30984,8724,21397,30864,7800,21780,30869,8136,21705
100,100,61385,58835,1316,748,293,277,57,0,0,64033,59908,2612,726,604,262,82,0,0,64124,59272,2392,1112,443,785,50,64207,59347,2395,1129,447,785,50,64084,59690,2469,966,660,264,149,553,454,31,0,884,63656,58837,2638,1137,446,341,132,42752,41269,740,402,174,204,25,0,0,45149,43107,1188,432,231,156,0,390,180,18,0,34,0,45565,42556,1442,662,266,552,30,45565,42556,1442,411,158,46,2,867,44327,42123,1191,523,263,157,0,0,0,0,0,43937,41896,1192,584,137,84,10,401,119,8,10,44375,41807,1345,811,180,94,17,570,122,5,17,21484,6919,14254,20480,5897,14583,22394,5275,16173,22419,5442,16049,22049,5627,16422,22034,5393,15371,21963,5334,15157,18439,5556,12529,18453,5903,12223,22349,5836,16021,26864,6673,19862,26317,6417,19278,26183,5647,19578,26152,5854,19556
101,101,60791,46920,10695,2982,959,405,70,0,0,62933,43659,15326,3296,1297,741,77,0,0,65189,43703,16960,3727,1304,806,127,65422,43860,17008,3759,1310,807,127,62941,43714,14968,3458,1247,736,15,1889,970,90,0,1091,65246,44432,16368,3593,1320,717,161,46678,38148,6452,1777,675,276,43,0,0,46659,35940,8668,1427,475,169,0,1332,381,90,0,0,0,50380,36318,10970,2379,902,584,85,50380,36318,10970,1310,739,54,9,862,47773,36482,9085,1406,584,244,0,0,0,0,0,49745,37737,9880,1315,672,147,0,1182,550,50,0,49565,37005,10188,1455,770,202,4,1150,639,13,4,25475,11539,13501,23941,9949,13992,26311,9896,15466,26131,9820,15031,25674,10460,15214,25687,10741,13586,25493,10141,13760,20182,8705,11102,20163,9383,10443,25275,10107,14556,29887,11501,17979,29359,11399,17071,29194,10235,17651,29178,10538,17596
102,102,62740,59531,1517,795,769,223,35,0,0,65400,60243,2859,1201,884,268,44,0,0,65661,59307,2981,1329,1098,746,83,65771,59409,2985,1351,1112,746,85,65956,59810,3553,1566,1020,201,27,862,890,0,21,796,65721,58974,3732,1704,1129,323,25,48458,46461,897,455,511,184,19,0,0,49890,46780,1579,716,639,139,10,572,547,0,10,37,0,51201,46940,1901,798,795,546,57,51201,46940,1901,470,640,48,24,1031,50185,46665,1923,765,650,102,8,0,0,0,0,50575,46295,2402,891,655,228,4,631,563,8,4,51200,46707,2531,886,790,201,9,522,621,10,9,28013,9881,17656,26717,8206,18511,29858,7330,21324,29751,7625,20583,29193,8177,21016,29218,8662,18901,29071,7932,19296,23809,7688,15649,23806,8569,14813,29115,8365,20024,34332,9697,24167,33887,9717,23146,33682,8260,23928,33730,8704,23724
103,103,62009,39342,4244,15983,3024,608,65,0,0,63205,38297,5991,16237,3663,399,81,0,0,63988,37333,7374,15719,3563,1174,121,64346,37408,7395,15877,3568,1178,123,63381,38945,6542,16241,2610,534,46,12901,2402,131,0,2297,63319,38019,6842,15809,2869,802,105,48745,32852,2647,11134,2291,419,47,0,0,47172,31811,3480,10314,1314,161,10,9688,1215,87,10,101,0,50946,31708,4922,11288,2713,865,79,50946,31708,4922,9748,2423,112,24,1694,48092,32896,3696,10141,985,247,0,0,0,0,0,48448,33113,4100,9630,1234,336,0,8687,1084,139,0,48645,33035,4082,9580,1463,258,9,8473,1260,56,9,30344,19004,10919,27898,17430,10468,29456,17412,10793,29073,16617,11424,28575,16937,11638,28656,17474,9675,28503,16408,10339,24118,15373,8197,24126,16242,7368,28589,17608,10209,32710,20430,11765,32252,19638,11408,32007,18020,12379,31982,18588,11857
104,104,59473,27641,9128,21744,2353,588,146,0,0,61159,25442,11350,23788,3484,719,302,0,0,65086,24091,13750,23395,4998,1391,126,65491,24180,13780,23516,5004,1391,126,60889,24711,11367,24118,4503,852,206,19183,3554,97,0,1893,64782,27016,12505,22751,5323,938,550,44077,23525,5576,13821,1668,378,82,0,0,41896,21026,5308,13620,1596,294,0,13087,1392,100,0,142,0,48922,20890,8871,15673,3752,978,95,48922,20890,8871,13418,3481,122,25,1851,41696,20491,5402,13419,2117,162,0,0,0,0,0,45709,22954,6159,13593,2314,281,90,12961,2283,40,90,44487,22213,6556,12873,2454,301,54,12041,2340,23,54,25365,16847,8163,23310,15677,7633,24418,15362,8127,23652,14707,8482,23117,14843,8274,23213,15340,7167,23043,14722,7606,18804,12594,5882,18828,13131,5331,22979,14999,7489,26367,17371,8681,25815,17044,7919,25428,15387,8738,25415,16009,8310
105,105,54872,36999,3136,12605,2613,398,56,0,0,57526,34610,3910,14878,4735,307,5,0,0,62669,33466,5501,16653,7162,897,87,62825,33505,5507,16739,7164,897,87,58805,33771,4226,16187,5261,277,11,13771,4729,83,0,1981,63703,34486,4530,18586,7193,390,115,43721,31317,2008,8718,1846,273,43,0,0,42536,29040,2145,9262,1827,187,0,8725,1529,18,0,75,0,49619,28886,3582,11777,5188,657,64,49619,28886,3582,10124,4861,73,12,1831,43400,28498,2355,10133,2256,136,0,0,0,0,0,46574,29148,2619,11514,3065,112,0,10915,2829,30,0,47398,29024,3325,10926,3917,254,0,10005,3577,17,0,29507,17179,11955,27961,16444,11517,29624,16914,11541,29232,16312,12434,28687,16751,11936,28727,17771,10183,28510,16705,10995,25318,15973,8867,25282,17012,7819,29426,18036,10754,33839,21148,12235,33428,21055,11388,33132,18410,13306,33107,19679,12141
106,106,64694,56455,2212,3031,2829,384,85,0,0,67046,56459,4662,2857,3016,478,9,0,0,66783,52877,4911,3990,4141,976,110,66872,52950,4914,4023,4160,977,111,67732,55603,5104,2896,3171,670,11,2065,2617,99,0,1364,67405,54483,6046,2735,3295,456,14,48717,43810,1294,1528,1947,257,39,0,0,51242,45678,2112,1596,1547,283,0,1523,1343,98,0,14,0,53022,43254,3454,2631,2941,704,73,53022,43254,3454,1940,2623,48,22,1513,51397,45733,2383,1552,1457,327,0,0,0,0,0,50818,44708,2897,1524,1398,240,0,1208,1172,0,0,51485,43437,3629,2034,2122,225,0,1501,1882,5,0,31739,13143,18125,30357,12046,18311,32948,12700,18720,32729,12148,19903,32073,12185,19888,32167,13335,17749,31918,12283,18501,28004,12734,14713,27922,14019,13367,32759,14228,17752,37839,17054,20226,37457,16864,19444,37043,14339,20942,37080,15192,20352
107,107,70017,67060,912,1523,308,267,38,0,0,67482,63224,1844,2245,299,429,47,0,0,67082,61322,1966,2260,491,868,71,65921,60933,1805,1677,487,867,70,67254,62604,1802,2560,435,371,55,1680,200,35,12,927,67102,61917,2086,2777,438,423,36,55838,53706,573,1183,199,183,22,0,0,54088,51182,1098,1480,196,155,15,1405,164,68,15,16,0,53951,49925,1253,1706,311,607,38,53951,49925,1253,1453,192,52,4,984,54529,51192,1164,1745,231,189,10,0,0,0,0,54484,50945,1347,1789,177,236,0,1606,73,8,0,54160,50314,1509,1855,218,234,13,1688,89,6,13,26480,10901,14887,23019,9046,13973,27356,6342,20059,26789,7664,17130,26134,9068,17066,25901,8302,15547,25770,9076,14368,21231,7249,13675,21148,8568,12176,26348,7922,17769,31500,8205,22872,31076,9417,20669,30726,7727,21404,30896,8260,21535
108,108,65795,61850,1847,1328,611,347,28,0,0,64600,59812,2149,1545,994,332,23,0,0,65153,57996,3011,1896,1154,1009,94,65258,58091,3012,1914,1156,1009,95,64023,58935,2407,1367,982,307,14,710,806,65,14,869,64793,59058,2642,1498,1032,305,17,51845,49522,1072,698,412,235,18,0,0,50817,48118,1254,789,423,232,4,682,370,134,4,23,0,51636,47009,1832,1059,844,738,74,51636,47009,1832,731,700,77,18,1173,49991,47563,1318,506,385,256,10,0,0,0,0,50651,47860,1418,636,500,233,4,577,422,35,4,50181,46975,1741,713,535,200,8,637,419,0,8,25601,10245,14778,25435,9746,15689,27662,8110,18355,27546,8576,17111,27017,9846,17171,26908,8895,15823,26809,9580,14943,22380,8538,13478,22364,9487,12437,27162,9395,17035,32186,10666,20975,31819,11249,19532,31653,9581,20568,31714,9914,20565
109,109,67295,63500,1349,1514,713,334,31,0,0,65652,61195,1806,1504,850,298,83,0,0,64727,58831,2140,1449,1071,948,62,64825,58921,2141,1474,1075,949,62,65390,60683,1933,1447,845,299,183,985,749,40,105,854,64924,59481,2219,1453,861,457,134,54739,51956,922,1163,535,245,23,0,0,53600,50690,1044,1057,478,257,15,963,428,62,15,28,0,53098,48896,1493,988,811,716,51,53098,48896,1493,671,610,51,15,1253,53320,50450,1034,965,554,225,95,0,0,0,0,53160,49920,1348,1014,557,221,110,934,471,24,110,53386,49823,1622,1016,520,228,164,878,333,12,164,28204,13191,14447,25074,10857,14217,28228,8934,18004,28102,9819,16292,27621,11082,16539,27591,10589,15122,27654,12036,13590,22638,8837,13437,22638,9822,12424,27066,9888,16420,31171,10532,20098,30721,11690,17991,30425,9693,19144,30711,11392,18108
110,110,67120,64727,916,622,518,432,32,0,0,65191,62058,1104,775,482,666,102,0,0,63408,58447,1199,988,759,1332,84,63536,58571,1200,1005,763,1334,90,64457,60350,1040,1115,559,1155,62,730,399,63,54,1696,63218,59587,1167,858,572,671,52,52051,50512,571,328,370,312,22,0,0,50835,49145,584,373,219,497,64,291,149,66,64,20,0,50278,46879,730,590,536,1014,52,50278,46879,730,402,403,90,7,1667,50375,48165,520,565,264,847,39,0,0,0,0,49540,47800,557,453,301,512,10,314,159,40,10,49696,47849,646,375,302,489,0,206,168,11,0,29305,12826,15867,25882,10767,15115,29035,8104,19676,28895,8809,17758,28365,9359,19006,28281,8542,17530,28257,9120,16911,23225,8452,14351,23308,8665,14127,28292,9056,18394,33592,10148,22873,33014,10471,21525,32694,8839,22152,32881,8585,23215
111,111,71854,67820,1612,1716,426,362,57,0,0,68697,63825,2005,2168,553,511,76,0,0,66054,59676,2018,1895,602,1226,53,65251,59282,1934,1591,600,1226,53,68321,63319,2236,2132,534,452,37,1642,294,31,10,765,66418,60869,2367,1913,691,668,39,57419,54185,1229,1479,300,283,41,0,0,55815,52130,1434,1645,250,334,10,1512,200,67,10,60,0,53980,49069,1456,1627,435,878,35,53980,49069,1456,1434,297,92,0,1526,55780,51975,1609,1655,232,308,10,0,0,0,0,54450,50525,1765,1466,257,473,10,1379,215,33,10,53580,49555,1815,1536,219,409,8,1454,164,30,8,31460,13613,17166,28721,11151,17570,31612,8745,21601,31469,9391,19471,30860,10325,20535,30732,9452,18870,30736,9988,18089,26384,9526,16416,26156,9433,16241,30818,9763,20264,35973,10830,24708,35398,11253,23193,35084,9640,23852,35246,9810,24269
112,112,62162,59061,1356,989,634,215,30,0,0,59350,54653,2293,898,1307,230,33,0,0,62663,55790,2755,1917,1190,807,48,62766,55877,2758,1946,1207,808,48,59083,53678,2676,1230,1341,232,34,520,1255,9,34,863,62574,55811,3298,1889,1314,529,94,49611,47808,775,483,428,150,22,0,0,46405,44400,938,476,413,88,60,399,367,0,60,45,0,50663,46173,1657,1161,872,575,30,50663,46173,1657,706,694,69,4,1214,46760,44270,1177,585,507,123,45,0,0,0,0,49160,46080,1424,819,501,198,4,411,423,37,4,50034,46620,1809,872,479,213,0,480,295,50,0,33114,21547,11190,29822,19934,9888,32312,16038,15270,31798,17145,12148,30897,19660,11237,30679,19854,8830,30360,19343,8853,26689,16730,9686,26568,17710,8531,31271,17924,12603,36045,19043,16647,35188,20987,13260,34632,18711,14433,34737,19418,14134
113,113,61773,50321,5680,3746,2222,404,54,0,0,61911,46261,7575,5219,3128,415,53,0,0,62492,43393,8771,5772,3987,1053,109,62709,43516,8794,5845,4009,1053,109,61591,45256,8047,5040,3271,421,64,3152,2979,4,50,1994,61419,43120,8794,5682,3634,512,126,49034,41633,3413,2225,1779,284,41,0,0,46148,38507,3584,2555,1162,274,32,2027,1038,0,32,4,0,49841,36770,5729,3595,3153,731,76,49841,36770,5729,2681,2893,91,18,1439,45519,37660,3648,2590,1306,263,38,0,0,0,0,46074,36752,4369,2870,1800,252,69,2292,1617,20,69,45614,35544,4654,3008,2096,177,50,2528,1911,24,50,27562,17392,9830,23680,15667,8013,25466,13649,11077,25116,13895,9431,24511,15338,9173,24358,15122,7597,24145,14915,7589,19899,12503,7210,19803,13021,6529,24108,14189,9396,27888,15679,11957,27311,16505,10005,26919,14694,10909,27029,15212,10834
114,114,62609,56557,2792,2040,1200,213,40,0,0,62029,53302,4824,2307,1885,582,71,0,0,62284,51163,4942,3513,2207,759,90,62413,51240,4965,3565,2214,760,92,62410,53537,4685,2638,1838,660,51,1562,1671,33,5,860,63312,53640,4886,2752,1832,472,53,49504,45701,1679,1209,885,127,26,0,0,47679,43300,2403,1170,635,136,7,997,562,39,7,60,0,49932,42759,3077,2107,1561,515,51,49932,42759,3077,1526,1394,42,6,1024,47966,43439,2427,1274,697,164,6,0,0,0,0,48712,43568,2607,1557,785,198,4,1214,639,53,4,48099,42661,2577,1732,967,137,0,1380,725,35,0,32481,19754,12349,29668,18072,11596,30785,15577,14273,30407,15880,12421,29620,17647,11973,29424,17424,10066,29191,16988,10103,25480,15510,9660,25404,16359,8727,29939,17044,12201,34487,19079,15095,33798,20044,12866,33228,17660,14097,33387,18310,13890
115,115,63110,39310,10571,12631,1658,766,146,0,0,62550,34791,13907,12970,2170,1296,176,0,0,62586,34054,12878,14420,1960,1332,136,62673,34092,12891,14471,1965,1333,136,63315,35811,14564,11442,2277,967,209,9224,1302,30,0,2060,63339,34817,13302,12572,2475,688,327,46788,31315,6646,8161,1103,518,89,0,0,47082,28536,8824,8258,1090,330,45,8029,1027,40,45,104,0,49046,28643,8808,10203,1472,978,104,49046,28643,8808,8197,1166,98,23,1643,48085,29588,9466,7358,1261,289,125,0,0,0,0,48200,29304,8510,8297,1623,293,200,7782,1478,73,200,47688,29200,8516,8017,1465,310,83,7449,1329,69,83,24814,14877,9603,22425,13534,8891,24931,13174,10870,23842,13092,10125,23205,13222,9983,23104,12370,9820,23102,13091,9106,19673,11580,7808,19684,12072,7316,24500,13873,10104,29868,17006,12502,29374,16830,11603,29212,15808,11979,29210,16074,12040
116,116,60739,44298,13570,3273,488,441,111,0,0,59687,34754,21722,5655,409,296,97,0,0,65168,33570,27777,4852,669,860,192,63945,33150,27597,4240,664,859,194,59791,34647,21970,5595,511,347,101,2121,220,36,0,721,64747,34373,26757,6925,625,327,149,47336,36830,8234,2418,370,290,74,0,0,40644,30087,8391,1985,63,134,0,1908,53,29,0,14,0,50477,28996,18574,3550,485,591,112,50477,28996,18574,1837,336,25,11,585,40585,29645,8733,1899,147,150,0,0,0,0,0,42870,29440,10943,2047,333,60,0,1856,114,4,0,41972,27533,11840,2146,344,69,23,1831,123,0,23,20232,9951,9802,17913,8641,9272,20288,7190,12644,19614,7997,10380,19056,9032,10024,18977,8778,9021,18957,9250,8603,14766,5566,9076,14664,6953,7519,18488,7425,10738,21278,7619,13464,20717,8989,11224,20443,7688,11886,20458,8079,11780
117,117,63817,60985,1214,867,533,322,46,0,0,63885,59800,2446,1056,719,164,32,0,0,61683,56108,2861,960,680,869,57,61755,56177,2862,976,685,869,57,63531,59062,2501,1191,842,247,31,578,639,28,0,684,61626,56041,2772,1554,997,272,37,50996,49088,749,639,347,234,28,0,0,51289,48909,1291,512,438,114,0,451,344,32,0,47,0,50505,46890,1736,534,494,638,33,50505,46890,1736,294,355,29,8,1124,51300,48740,1242,688,498,127,0,0,0,0,0,49885,46915,1458,829,520,168,0,532,421,12,0,50105,46974,1773,714,478,206,8,355,389,0,8,27871,11791,15586,27113,10663,16450,29413,7604,20951,28727,8592,18199,27859,9788,18071,27723,9458,16431,27710,10238,15686,24427,7770,16409,24304,9438,14562,28963,9242,19113,34212,10255,23634,33583,11844,20824,33172,9621,22142,33216,10632,21563
118,118,62085,59129,1429,831,630,201,36,0,0,61593,56762,2549,1569,779,230,34,0,0,61669,54717,3193,1985,990,709,52,61770,54802,3196,2019,1002,709,52,61253,54891,2975,2186,972,276,78,1422,463,41,0,1296,61891,54220,3626,2454,1470,290,52,49940,48161,850,410,428,138,23,0,0,49718,47138,1206,729,510,131,0,621,436,46,0,55,0,50480,45979,1962,1162,708,495,43,50480,45979,1962,798,564,31,2,1046,49145,45991,1491,945,513,161,0,0,0,0,0,48954,45565,1649,971,602,220,0,753,379,23,0,48547,44247,2139,1113,855,225,17,770,573,9,17,32000,19174,12404,28612,17236,11376,31436,14118,16487,30720,15020,13549,29683,16861,12822,29583,16933,10788,29342,16771,10653,25457,13898,11329,25359,14978,10083,30484,15753,14121,35968,17317,18311,35147,19394,14927,34423,16562,16363,34535,17420,16021
119,119,61835,56856,1745,2360,853,282,35,0,0,60988,53030,3508,3430,1466,376,56,0,0,61321,51185,4003,4296,1143,916,68,61334,51232,3992,4299,1144,919,65,61148,51632,4979,4417,1550,157,58,2444,1005,87,32,956,61180,49796,5854,5229,1396,498,58,48692,45626,1009,1441,549,173,23,0,0,47907,43784,1607,1593,662,198,25,1429,630,88,25,70,0,48592,42285,2401,2430,814,658,49,48592,42285,2401,1898,647,43,3,1209,47235,42215,2310,1954,603,93,30,0,0,0,0,46500,40770,2815,1996,699,243,30,1719,636,12,30,46363,39822,3125,2423,795,184,22,2086,700,4,22,25893,14547,10967,21466,12040,9426,25573,10154,14662,24966,11114,11988,24002,12672,11330,23977,12165,9996,23921,12446,9685,20758,9818,10750,20662,11130,9250,24890,11528,12794,29421,12597,16524,28745,14459,13541,28334,12359,14647,28303,12832,14528
120,120,63238,59147,1107,2095,791,208,37,0,0,62367,56733,2284,2836,690,236,20,0,0,62761,55141,2327,3249,1115,723,84,61645,54723,2195,2725,1110,723,85,62746,56734,2369,3107,627,372,34,2257,497,117,18,754,63064,56745,2680,2847,738,348,35,51556,48538,757,1645,532,127,20,0,0,50780,46730,1510,1963,473,114,0,1839,416,70,0,8,0,51894,46442,1590,2404,783,484,46,51894,46442,1590,2123,644,47,13,947,51045,46775,1546,2047,449,121,4,0,0,0,0,51745,47440,1720,1852,557,107,4,1671,375,24,4,51303,45980,2069,2511,443,228,5,2150,330,10,5,29688,15642,13664,27367,14171,13196,29428,12049,16530,28892,12531,14647,27974,13695,14279,27851,13293,12798,27826,13609,12480,24627,11851,12530,24559,13137,11082,29102,13700,14774,34088,15458,18260,33543,17187,15491,33045,14529,17095,33049,15222,16765
121,121,58392,46996,4920,5675,1105,407,39,0,0,57498,39207,9266,8555,1862,384,179,0,0,61331,39070,11842,9365,1539,1025,119,61466,39134,11849,9403,1543,1025,119,57327,37406,11417,7673,2034,343,205,5274,1345,120,27,1707,61052,38328,13676,9072,1733,459,313,47155,40163,2860,3367,839,276,29,0,0,43080,33580,4334,4095,866,140,24,3573,737,53,24,88,0,49789,34681,7778,6277,1200,748,84,49789,34681,7778,4859,1006,63,8,1265,42675,32540,5360,3580,936,154,29,0,0,0,0,44855,34120,5652,4047,767,156,14,3647,691,30,14,44501,33195,6283,4056,602,215,10,3421,491,13,10,22816,14006,8497,20561,12913,7648,21184,10071,10407,20659,10693,8554,19958,11937,8021,19984,11490,7074,19941,11581,6883,16088,8885,6991,16026,9643,6137,19900,10781,8622,23258,12130,10885,22701,13265,8736,22377,11638,9681,22310,12103,9285
122,122,65249,61168,2145,1270,464,402,50,0,0,63900,58595,3035,1681,484,340,28,0,0,64749,57439,3642,1793,586,1014,59,64866,57548,3646,1819,594,1014,59,63964,58106,3290,1786,503,350,27,1200,404,157,7,749,65018,58292,3889,2388,538,469,35,51709,49215,1254,764,307,278,31,0,0,50985,47770,1798,912,220,257,10,865,180,114,10,19,0,52290,47527,2254,1115,425,736,45,52290,47527,2254,784,267,76,14,1213,51165,47785,1901,954,196,311,4,0,0,0,0,52005,48175,2204,998,265,274,0,814,185,85,0,52404,47971,2700,1014,331,268,0,850,270,24,0,27043,13464,12957,25082,11565,13517,28776,8936,18743,28216,10086,16360,27454,11511,15943,27245,10446,14819,27266,11226,14105,22574,8739,13519,22542,9659,12476,27907,10061,17162,33629,11212,21984,33057,12234,19899,32784,10544,20750,32816,11006,20762
123,123,68733,64390,1488,2187,501,276,32,0,0,65384,60795,2082,1997,506,419,71,0,0,65681,58600,2935,2591,620,881,68,65886,58772,2942,2636,626,882,68,64830,60327,2001,1989,429,356,86,1437,249,74,2,692,65549,59095,3031,2778,491,454,25,54854,51756,980,1625,350,190,21,0,0,51895,48975,1183,1347,154,170,4,1241,135,81,4,48,0,53439,48507,1887,1856,468,621,43,53439,48507,1887,1422,354,72,10,1100,52335,49335,1226,1420,137,186,8,0,0,0,0,52885,48910,1668,1867,239,178,8,1403,209,12,8,53205,48681,2300,1770,256,179,8,1292,165,0,8,30064,14594,14907,26774,12933,13841,29130,8962,19148,28826,10381,16140,28345,11872,16473,28268,11239,14880,28217,12234,13681,22470,9281,12860,22428,11090,10920,27720,10561,16390,32454,10893,21073,32047,12761,18190,31786,10591,19450,31898,10971,19562
124,124,67620,63718,1649,1580,547,266,64,0,0,66044,60806,2073,2331,692,315,44,0,0,65469,58431,3178,2287,763,803,57,64846,58304,3075,1914,765,803,58,66340,60239,2085,2568,586,341,92,1679,314,36,59,1149,66289,59150,3183,3035,668,708,82,55202,52215,1145,1305,412,195,53,0,0,54184,50122,1515,1868,433,183,4,1611,355,51,4,82,0,53853,48632,2162,1802,581,567,35,53853,48632,2162,1480,415,62,5,994,54450,50271,1650,1899,418,167,35,0,0,0,0,53905,49207,2117,1911,377,227,20,1528,228,29,20,53958,48323,2911,1966,520,224,21,1712,348,20,21,30440,13441,16393,27435,10747,16688,30036,8465,20318,29632,9165,18622,29001,10219,18782,28766,8902,17789,28731,10071,16621,23770,8783,14551,23737,9758,13543,28862,9563,18502,33629,10396,22725,33169,10969,21040,32955,9372,21871,33052,9944,21748
125,125,62897,58022,1199,2139,1409,254,33,0,0,63743,56797,1681,3685,1692,181,70,0,0,64617,56275,2052,3153,2173,834,65,64693,56333,2056,3195,2185,835,67,63352,56006,1567,3969,1737,216,93,2791,1454,52,0,1480,63692,55674,1780,3988,1793,329,154,48977,45918,711,1305,929,167,16,0,0,49384,45385,900,2187,828,65,0,2006,675,30,0,42,0,51403,45701,1262,2106,1559,615,46,51403,45701,1262,1627,1330,37,9,1314,49315,45377,825,2283,699,114,0,0,0,0,0,49571,45342,819,2312,914,176,0,1841,778,67,0,49940,45013,1062,2299,1170,351,0,1717,1032,60,0,30879,11999,18424,29618,11099,18519,32764,10346,21095,32336,10467,21248,31746,10776,20970,31827,12521,18480,31549,11231,19467,28083,10901,16701,28015,12415,15034,32679,11910,20068,37603,13404,23699,37144,13951,22163,36739,11095,24039,36792,12362,23118
126,126,59453,40256,14637,4408,1002,490,136,0,0,62016,34584,21757,7433,1139,1358,312,0,0,63790,32290,25112,6645,1150,1587,207,63936,32323,25192,6689,1152,1590,207,62024,33735,22677,7474,1311,1163,191,3350,505,19,36,1407,65802,32883,27150,7793,1279,1175,162,44898,33383,8504,2650,712,309,80,0,0,43154,29039,10941,2585,446,108,0,2225,332,29,0,19,0,48309,27677,16051,4392,860,1055,147,48309,27677,16051,2670,656,41,13,1069,43351,28622,11550,2622,405,92,0,0,0,0,0,45525,28287,13843,2925,397,84,0,2382,253,30,0,45401,26762,15158,2775,563,165,0,2391,362,75,0,24896,15447,9051,22453,13461,8992,24849,13176,10634,24163,12995,10182,23472,13813,9659,23174,12387,9506,23387,12819,9526,18723,11691,6696,18712,11890,6479,23248,13244,9401,26924,14774,11749,26463,15070,10493,26215,13768,11126,26340,14515,10726
127,127,57416,23420,27784,7541,894,759,185,0,0,57066,19231,31719,10403,723,3598,42,0,0,62239,18930,35901,9604,974,1884,185,62627,19015,36102,9633,985,1884,185,56338,18447,31381,10246,747,2258,58,5018,583,19,0,883,58844,19595,33051,9759,577,1223,55,41016,19993,16767,4667,658,502,129,0,0,36888,16594,16281,3444,368,183,0,3192,278,22,0,40,0,45539,16409,23714,6418,700,1242,135,45539,16409,23714,3777,490,59,11,914,37058,15787,16587,4084,349,161,0,0,0,0,0,39225,17020,17830,3859,302,130,0,3359,257,29,0,37566,15960,17378,3873,301,173,0,3220,231,21,0,18566,13510,4766,16441,11962,4479,17749,12024,5078,16810,11254,4994,16302,11475,4827,16155,10818,4613,16205,11192,4350,11929,8549,3176,11945,8654,3066,15748,10681,4682,18299,11873,6158,17944,11829,5443,17812,11195,5659,17857,11519,5576
128,128,61035,56160,1537,2004,1231,315,11,0,0,61929,54901,3509,2180,1282,175,0,0,0,62671,54113,3202,2732,1599,929,65,62731,54162,3206,2760,1603,930,65,62000,53009,4776,2691,1374,173,30,1435,1070,1,0,1573,62809,54050,4670,2645,1269,307,27,46025,42999,878,1232,787,210,7,0,0,48258,44051,2284,1240,580,37,0,1093,507,10,0,49,0,49552,43773,2033,1840,1092,674,41,49552,43773,2033,1376,895,57,1,1292,47233,42571,2411,1396,759,44,0,0,0,0,0,48725,44113,2454,1226,730,128,10,751,585,10,10,48877,44023,1780,1837,873,196,62,1292,687,18,62,29742,14356,14931,28505,12375,16130,31293,11447,18451,30974,11332,18527,30372,12018,18354,30040,10805,17506,30086,11836,16754,25959,11962,13509,25956,12495,12998,31116,12878,17451,36800,15373,20929,36280,14918,20136,36041,13441,20877,36152,13973,20775
129,129,59434,34483,17580,7214,1600,653,141,0,0,60107,30313,22508,10557,1766,1948,18,0,0,63215,30489,24515,7770,1999,1760,183,63444,30536,24628,7794,2008,1762,183,60636,29778,23253,10082,1753,1660,2,4100,1481,122,0,1424,64057,30834,24435,9241,2439,1135,20,43932,28331,10661,4565,1098,404,97,0,0,41022,25438,11105,3329,895,172,0,2970,814,68,0,54,0,47862,25314,16454,5407,1486,1223,126,47862,25314,16454,3476,1234,41,5,1140,41867,25612,11909,3140,963,201,0,0,0,0,0,44681,26382,12946,3506,1560,161,0,3098,1494,38,0,44222,26400,13064,3303,1258,134,4,2801,1133,8,4,25277,15697,9270,23518,13978,9540,25014,14194,9807,24368,13344,10247,23686,13712,9974,23504,12616,9743,23545,13223,9274,19427,12256,6850,19390,12609,6487,23706,14034,9130,27397,16022,10981,26980,15841,10370,26714,14590,10936,26828,15261,10606
130,130,64294,61356,1434,807,589,276,33,0,0,65667,61498,2309,1161,616,175,0,0,0,65119,59189,2950,1267,711,823,53,65179,59234,2957,1284,714,824,53,66130,61136,3081,966,869,173,0,593,778,19,0,482,65202,59210,3660,1111,775,169,62,50279,48584,816,411,334,197,17,0,0,52655,50050,1227,711,565,92,0,613,493,15,0,0,0,52613,48647,1893,773,494,615,37,52613,48647,1893,486,339,57,5,1078,53134,49954,1807,607,652,84,0,0,0,0,0,52403,48849,2148,696,533,118,4,491,508,19,4,52829,48624,2555,747,599,224,23,442,518,29,23,29942,14402,14997,28315,11878,16437,31411,10428,19516,30963,10518,19227,30261,11785,18476,29917,9978,18122,30026,11487,16927,25456,11055,13924,25433,11440,13545,30913,11623,18512,36853,13384,22932,36316,13414,21689,36026,11856,22453,36156,12517,22249
131,131,58875,54780,1606,923,1446,247,47,0,0,63631,56960,2803,1857,1788,396,0,0,0,65173,56454,3233,2024,2382,780,74,65219,56496,3235,2047,2386,782,74,64660,57553,2829,1910,1998,414,8,1247,1142,5,0,1739,65645,57975,3205,1448,2163,436,17,45401,42932,966,566,838,173,23,0,0,49342,45716,1541,1091,729,172,0,936,570,10,0,75,0,51169,45377,2064,1375,1500,542,48,51169,45377,2064,1065,1258,44,11,1186,50208,46494,1511,1077,968,160,0,0,0,0,0,50866,46800,1824,889,1089,216,0,704,762,4,0,51722,47183,1927,744,1643,200,0,657,1349,0,0,29463,14268,14776,29433,12641,16792,32822,13183,18268,32670,12220,19505,31924,13436,18488,31612,11743,18464,31673,12778,17496,28297,13788,14000,28364,14558,13370,33546,14857,17949,40025,18074,21474,39471,17418,20880,39238,15837,21711,39333,16440,21568
132,132,57936,46101,5725,3063,3388,300,68,0,0,60999,42817,9446,4464,5229,385,35,0,0,63616,41182,11294,5905,5467,834,81,63677,41207,11315,5925,5467,834,81,60689,41132,9229,5407,5773,366,77,3820,4737,114,24,1395,63441,41123,10867,5624,6291,443,40,46004,38296,3604,1923,2287,218,39,0,0,45782,35431,5408,2215,2510,167,4,2042,2344,76,4,79,0,50976,35084,7716,4289,3850,576,45,50976,35084,7716,3201,3569,30,16,1099,45820,34464,5514,2735,2756,222,24,0,0,0,0,47256,34882,6270,2852,3022,218,29,2679,2833,86,29,49332,36477,7033,2605,3110,113,0,2415,2821,15,0,28271,15763,12031,27596,14627,12969,30100,16011,13072,30007,14827,14147,29226,16071,13155,28967,14421,13025,28921,15183,12195,25070,15156,9477,25079,15863,8798,29801,16740,12446,34730,19820,14528,34077,19186,13905,33880,17721,14763,33857,18333,14401
133,133,61877,48159,7962,4078,2070,404,91,0,0,63484,42994,13432,5842,2338,386,37,0,0,65332,42419,14001,7172,2475,1058,93,65425,42466,14027,7196,2477,1058,94,63939,43038,13825,5285,2329,393,43,3700,1736,16,0,1481,65463,42510,15899,6409,2269,370,152,49245,40488,4924,2496,1454,282,61,0,0,48495,36170,8504,2708,958,128,0,2359,835,28,0,58,0,52515,36615,9475,4699,1903,790,77,52515,36615,9475,3267,1603,37,18,1318,48980,36350,8859,2612,897,148,0,0,0,0,0,49670,35850,9753,2928,926,94,4,2583,652,4,4,50100,35761,9360,3902,834,101,6,3316,657,7,6,27496,16732,10256,25730,15130,10600,28240,14745,12311,28035,14458,12137,27323,16198,11125,27142,14360,10844,27170,15323,9986,22419,13804,8158,22451,14382,7574,27522,15565,11221,32655,18314,13924,32065,18199,12743,31881,16966,13306,31888,17425,13164
134,134,58589,32943,18731,7032,1556,619,96,0,0,59332,26701,24318,8936,2221,1124,192,0,0,62701,27003,27265,8825,1646,1194,121,62882,27045,27339,8849,1651,1194,121,60140,26537,26352,8268,2197,1303,185,4084,1602,41,0,1166,62715,27273,26644,9944,1958,1386,195,44206,28020,11479,4353,1149,396,61,0,0,41592,22818,13403,3826,1172,102,0,3721,1100,19,0,270,0,47941,23407,18391,5926,1280,872,79,47941,23407,18391,3781,1085,61,3,1004,41711,22675,14308,3136,1223,81,0,0,0,0,0,43777,23768,14335,4169,1241,107,0,3469,1081,8,0,43285,23380,14364,4076,1220,174,0,3269,988,11,0,23299,14715,8166,21247,13498,7749,23564,14075,8620,23382,13543,8865,22862,14543,8319,22704,13254,8062,22723,13841,7480,17651,11443,5907,17651,11803,5508,22200,13594,8072,26000,15574,10082,25345,15218,9272,25229,14311,9637,25227,14649,9568
135,135,64766,42182,15714,5504,2586,489,97,0,0,65276,37796,18471,8186,3213,641,23,0,0,65664,37311,18445,7358,3161,1061,132,65793,37350,18502,7377,3164,1061,132,65213,37330,18219,8296,3358,883,19,5164,2554,39,1,1606,66374,37301,18882,8595,3504,1227,90,51470,36355,10144,3390,2108,349,66,0,0,49948,33263,11353,3720,1375,249,0,3282,1201,40,0,70,0,53097,32984,12550,4883,2646,798,101,53097,32984,12550,3347,2311,37,20,1269,49668,33053,11021,3931,1253,303,4,0,0,0,0,50940,33153,11479,4300,1548,268,14,4012,1330,65,14,52554,34690,11978,4075,1472,136,37,3675,1326,8,37,28763,18630,9752,26536,16734,9802,28689,17648,9953,27737,16523,10604,26737,17136,9601,26367,15926,9533,26542,16460,9164,22412,15014,6987,22580,15675,6518,27424,17511,9326,32417,20777,11284,31151,19734,10438,30946,18802,10903,30997,19064,10803
136,136,59851,43518,7755,7291,1700,576,88,0,0,60937,41361,9971,8142,2507,484,156,0,0,63524,40089,11708,9554,2328,1219,95,63648,40150,11723,9611,2330,1220,95,60492,40352,9881,8602,2678,408,10,5621,2097,14,0,2315,63111,40143,11830,9232,2398,480,23,46382,35703,4961,4603,1248,381,59,0,0,45699,34712,5118,4497,1128,149,10,3866,907,25,10,83,0,50429,34224,7789,6388,1701,885,55,50429,34224,7789,4989,1391,58,17,1742,45448,33859,5558,4725,1151,141,0,0,0,0,0,47456,34278,6842,5207,962,167,0,4363,803,29,0,48759,33545,7694,5707,1461,193,25,5060,1119,8,25,24583,15285,8840,22472,13752,8720,25317,13682,10564,24603,13312,10564,23730,13962,9768,23753,12902,9828,23634,13525,9137,19411,12004,7018,19474,12389,6741,24436,13988,9824,29551,16681,12455,28423,16108,11294,28209,15151,11653,28272,15501,11557
137,137,59059,50316,3545,2730,2505,228,77,0,0,60425,49193,5099,3499,2910,226,102,0,0,65812,50189,6628,4389,4046,715,73,65856,50220,6633,4402,4053,715,73,61312,48834,5974,3946,2931,215,138,2588,2511,55,138,1100,66046,51903,7242,3552,3373,114,108,45842,40130,2263,1780,1631,157,56,0,0,46972,39870,3200,2050,1625,141,85,1824,1535,50,85,14,0,53203,42094,4547,3100,2923,526,54,53203,42094,4547,2430,2651,42,9,1231,47496,39474,3765,2261,1796,130,115,0,0,0,0,51498,42709,4338,1987,2254,48,90,1717,2046,8,90,51877,41553,4904,2535,2646,110,8,2276,2308,5,8,28997,15043,13536,28030,13706,14324,31613,14131,16369,30960,13510,16777,30072,14447,15625,29923,13257,15739,29820,14302,14592,26379,14153,11836,26484,15000,11112,32058,15863,15612,39206,19488,19284,38232,19013,18255,37958,17527,18989,38046,18176,18664
138,138,64886,59131,2520,1930,1169,320,44,0,0,66525,59227,3615,2545,1285,178,42,0,0,66147,55863,4267,2952,1910,1003,52,66215,55922,4272,2970,1919,1003,52,66757,59489,4136,2073,1155,202,72,1513,873,9,6,729,66770,57749,4175,2697,1681,410,16,49966,46347,1573,1162,746,229,25,0,0,52357,47796,2255,1547,640,113,0,1373,562,10,0,18,0,53204,46148,2792,2019,1354,697,32,53204,46148,2792,1556,1119,50,9,1395,52462,48400,2245,1126,551,112,0,0,0,0,0,52412,47404,2476,1470,782,224,0,1297,698,4,0,52308,46868,2602,1607,946,191,4,1389,826,4,4,29966,14435,15024,28887,12852,16035,32358,11575,19575,31641,11507,19308,30533,12328,18205,30561,11109,18395,30257,12179,17092,26001,11710,13873,26084,12582,13081,32122,12976,18483,39267,15612,23203,37997,15320,21582,37723,13836,22305,37846,14540,21998
139,139,63149,57658,3050,1549,607,508,31,0,0,61504,55868,3233,1344,857,456,70,0,0,63223,54440,4521,1787,1141,1266,50,63297,54508,4522,1816,1147,1266,50,61546,55286,3415,1230,1096,545,50,887,705,28,8,1066,63541,55517,4259,1628,1271,558,33,49799,46089,2015,1049,400,365,25,0,0,50010,46220,2165,793,435,263,10,656,344,68,10,119,0,52073,45901,3047,1200,803,930,34,52073,45901,3047,828,550,94,6,1492,50215,46015,2394,690,596,331,10,0,0,0,0,52015,47045,2884,904,711,308,8,813,629,20,8,53399,47567,3416,1118,754,387,24,956,580,38,24,28455,12289,15648,26995,10906,16089,30438,9470,20038,30007,9752,18558,29507,10312,19195,29363,9388,17897,29346,9747,17588,24911,9579,14980,24866,10141,14347,30423,10751,19019,37204,13263,23568,36623,13139,22420,36369,11935,22945,36450,12109,23141
140,140,59752,50254,2920,4299,2226,382,50,0,0,59101,47653,3806,5683,2155,178,39,0,0,61734,46875,4751,6051,2976,1059,73,61806,46933,4753,6107,2986,1059,74,59971,49243,3709,4870,2165,198,43,4056,1548,16,3,1228,62798,51421,4320,4415,2199,486,84,46153,39820,1844,2790,1587,260,35,0,0,44195,37800,1954,3280,1025,115,0,3095,897,10,0,37,0,48238,38039,3032,4125,2144,765,50,48238,38039,3032,3517,1836,61,10,1568,44765,38770,2044,2780,1124,91,4,0,0,0,0,47775,41140,2478,2618,1258,234,4,2408,694,20,4,47199,39109,2900,3073,1798,214,0,2975,1164,35,0,29625,18477,10705,27386,17059,10327,29522,15636,12694,28882,15457,12785,28334,16754,11580,28091,15396,11536,28111,16315,10806,23960,15021,8471,23984,15567,8055,28734,16357,11736,33372,18236,14765,32874,18271,13533,32605,16798,14337,32678,17681,13819
141,141,64308,49377,5418,7483,1977,548,79,0,0,63280,46689,7518,7576,2016,444,0,0,0,64152,44615,7659,8605,2511,1220,65,64322,44721,7668,8737,2543,1222,67,63133,45560,7127,7746,2620,830,75,5726,2222,29,75,2263,64095,44015,7898,8777,3070,704,16,49827,39938,3478,4745,1537,389,59,0,0,47395,37780,3860,4394,1162,170,0,3974,987,40,0,40,0,50777,37274,4998,5737,1940,914,39,50777,37274,4998,4932,1628,73,13,1663,47490,37205,3735,4299,1632,453,75,0,0,0,0,48345,36290,4620,4933,1922,372,15,4229,1513,0,15,49279,36921,4622,5200,1826,340,34,4636,1306,0,34,29445,19569,9402,26813,17773,9040,29169,15874,12135,28311,15785,11851,27632,17366,10266,27415,16035,10233,27418,17019,9401,22367,14569,7329,22427,14895,7135,27734,16181,10876,32483,17880,14194,31893,18193,12593,31534,16744,13248,31630,17660,12780
142,142,62897,55960,1794,2326,2735,293,32,0,0,63317,54705,2285,2806,3576,255,121,0,0,65184,54129,2835,3123,4168,688,50,65233,54170,2838,3150,4176,688,50,61519,52709,2525,2787,3151,296,105,2094,2676,17,0,1186,63125,52083,2351,3540,3687,419,101,49785,44968,1194,1520,1989,197,25,0,0,48689,43779,1597,1601,1562,85,0,1513,1428,28,0,60,0,52596,44799,1883,2201,2981,502,41,52596,44799,1883,1814,2602,56,10,1283,48264,42942,1736,1924,1377,115,0,0,0,0,0,49449,43547,1354,2428,1754,137,0,2175,1430,40,0,50141,43837,1318,2582,1972,283,8,2296,1510,78,8,34887,18610,15882,32555,16730,15825,35321,17130,16981,34789,16345,17905,34179,17505,16674,33931,15966,16972,33942,16911,16137,30133,17064,12615,30125,17808,11934,34896,18049,16217,39924,20132,19358,39346,19898,18500,39000,17966,19744,39092,19107,18924
143,143,60492,55730,1993,1098,1461,312,40,0,0,63055,56970,2562,1114,2266,295,93,0,0,65689,56916,3267,1668,2606,801,62,65742,56966,3269,1694,2620,801,62,63492,56363,3463,1495,1884,377,107,886,1786,23,10,899,65750,58655,2762,1576,2015,302,136,45150,42185,1231,616,936,220,22,0,0,47225,44240,972,503,1333,102,0,385,1243,29,0,94,0,51328,45631,2032,998,1714,532,40,51328,45631,2032,746,1494,48,13,1182,48648,44674,1740,704,1234,196,0,0,0,0,0,51721,47408,1728,976,1271,180,0,812,1132,49,0,51984,47343,2058,1275,1031,205,5,1059,876,61,5,32560,15784,16354,31863,13898,17965,35456,15097,18676,35182,14195,20275,34701,15238,19463,34506,13479,19741,34491,14267,19059,31241,15685,14961,31217,16494,14203,36111,16790,18479,42159,20206,21411,41783,19236,21346,41600,17459,22574,41638,18291,21958
144,144,61548,53287,3613,2013,2596,276,84,0,0,62124,51817,4055,2120,4144,170,66,0,0,65168,52192,4966,2374,4740,717,81,65208,52219,4970,2397,4754,717,81,62711,50828,3868,2409,4257,201,60,1944,3868,7,6,960,65340,54088,3360,2723,4338,310,76,47138,41766,2307,1252,1764,178,57,0,0,47425,42110,1689,1398,2052,120,4,1235,2000,43,4,44,0,52141,43297,3219,1582,3325,520,64,52141,43297,3219,1243,3007,32,11,1186,48885,43205,1845,1579,2077,164,4,0,0,0,0,51215,45370,1754,1742,2088,257,10,1512,1904,20,10,51193,44848,2215,1893,2026,239,0,1639,1848,9,0,32263,16585,15325,31235,15076,16159,33959,16016,16729,33513,14956,18032,33173,16574,16599,32835,14698,17138,32831,15747,16248,29492,16471,12566,29493,17254,11851,34322,17592,16116,40068,20491,19166,39668,20418,18338,39391,18075,19976,39461,19233,19168
145,145,61393,57044,1776,1093,1250,368,36,0,0,61057,55696,1836,1716,1439,481,17,0,0,63082,55600,2826,1726,1681,854,94,63152,55669,2827,1741,1695,854,108,60840,54442,2337,2016,1410,216,16,821,963,0,0,1451,62578,55550,2807,2516,1366,235,48,47424,44660,1110,646,803,255,29,0,0,47485,44725,922,771,871,193,0,555,703,40,0,12,0,50522,45474,1842,1101,1175,602,68,50522,45474,1842,782,927,52,31,1264,47767,44561,1376,799,843,205,0,0,0,0,0,49584,45802,1739,1049,741,217,4,671,646,4,4,49455,45268,2079,1108,802,169,15,717,566,13,15,30681,15024,15168,28919,12745,16174,32253,12493,18395,31893,12193,19072,31474,13178,18296,31333,11691,18343,31363,12479,17716,27405,12868,13947,27407,13550,13342,32161,13724,17665,37190,15914,20772,36797,15455,20188,36595,14064,21005,36648,14675,20713
146,146,61136,49143,2756,8068,1340,368,68,0,0,62432,47655,2621,10126,1945,227,86,0,0,64846,47149,4368,10255,2447,1078,104,65008,47215,4377,10367,2466,1078,104,62525,48021,2853,9492,2436,496,140,7377,1291,10,25,2895,64833,48557,4125,9597,2989,675,106,45926,38519,1674,4846,888,254,37,0,0,46450,37950,1702,5855,718,132,15,5390,634,8,15,67,0,49830,38371,2714,6471,1622,763,77,49830,38371,2714,5365,1352,37,15,1806,46989,38534,1823,5529,761,188,25,0,0,0,0,48755,39530,2462,5523,874,210,25,5045,706,0,25,49046,39473,2597,5507,1200,182,9,4973,972,4,9,27681,16502,10824,26439,14588,11851,28333,14251,12830,27964,13817,13629,27768,14108,13660,27367,13346,13258,27430,14514,12218,23249,13809,9009,23333,14281,8653,28428,15604,12158,34079,18902,14706,33638,18604,13915,33463,16949,14638,33526,17669,14502
147,147,61269,56409,1323,1646,1765,262,54,0,0,64709,58815,1725,1719,2437,83,92,0,0,65655,56912,2345,2649,2620,769,45,65711,56961,2345,2707,2640,769,45,65292,58576,2104,2164,2236,138,122,1282,1805,7,20,1348,65974,58646,2212,2316,2408,182,148,45242,42293,767,955,1107,170,28,0,0,48681,45635,788,915,1263,41,19,839,1146,10,19,28,0,50726,44997,1399,1710,1777,534,30,50726,44997,1399,1375,1550,45,7,1197,49592,46068,1002,1334,1077,50,19,0,0,0,0,50516,46731,1033,1492,1134,76,10,1113,947,0,10,51245,46185,1410,1988,1450,137,4,1535,1195,5,4,30141,14207,15598,29888,12548,17340,32828,13282,18171,32662,12341,19809,32339,13133,19206,31972,11698,19490,32042,12970,18337,28360,13522,14361,28441,14252,13752,33568,14859,18008,39930,18263,21180,39458,17643,20672,39254,15937,21643,39345,16750,21293
148,148,56897,49780,1303,2117,3614,171,36,0,0,57984,48352,1856,2553,5277,200,54,0,0,63574,50598,2345,3576,6175,410,51,63587,50607,2345,3583,6176,410,51,58463,48105,2468,2603,5507,174,58,1910,4281,26,0,1487,62723,49929,1940,3882,5878,250,77,43258,38338,861,1525,2471,123,23,0,0,41693,36696,1044,1588,2228,129,0,1499,2011,34,0,30,0,48494,39512,1607,2589,4142,296,32,48494,39512,1607,2164,3732,22,4,1175,41609,36706,1260,1394,2136,116,0,0,0,0,0,44786,38544,1165,2281,2666,139,25,2004,2351,0,25,45507,38022,1305,2712,3307,107,21,2349,2930,8,21,36422,24710,11454,35244,22812,12432,36731,26757,9042,36736,24360,12145,36353,25897,10456,35706,23656,11509,35879,24597,10751,33921,25973,7616,33873,26362,7223,37532,27693,9391,42496,32007,10195,41785,30804,10195,41450,28488,11707,41614,29651,10990
149,149,56806,43355,2556,4561,6277,365,64,0,0,59507,44353,2436,4370,8245,337,112,0,0,64379,43481,4306,6423,9471,770,91,64410,43494,4307,6468,9472,770,91,60675,43479,3076,5149,8943,277,170,4468,7673,34,13,1779,65175,45690,3406,6139,9603,379,157,45641,35587,1829,3443,4714,267,50,0,0,43487,35634,1069,3204,3281,181,0,2966,3066,34,0,115,0,51980,36426,2944,4815,7223,562,77,51980,36426,2944,4117,6703,40,14,1511,44125,34854,1614,3912,3459,151,0,0,0,0,0,48214,37371,1880,4400,4098,216,10,3902,3706,41,10,49966,37655,2327,4680,5031,147,23,4098,4552,19,23,31309,19925,11124,29563,18054,11509,30749,20617,9112,30653,18811,11509,30309,19778,10531,29858,18191,10949,29951,19009,10264,27783,19890,7469,27743,20276,7116,31911,21843,9520,37634,26485,10791,37120,25076,11014,36889,23384,12040,36983,24259,11545
150,150,59878,49281,1547,3595,5382,266,31,0,0,64647,48983,3104,4239,8218,293,32,0,0,63744,48017,2697,4041,8102,690,59,63779,48042,2697,4074,8110,690,59,64910,49394,2864,4044,8155,373,43,3587,7660,47,10,1071,64213,49127,2865,3895,7833,401,31,45286,37892,1010,2638,3659,165,17,0,0,47262,39304,1696,3066,2983,142,10,2926,2849,34,10,99,0,50478,39123,1816,3082,5795,483,45,50478,39123,1816,2618,5446,29,12,1271,48350,40298,1577,3019,3246,188,10,0,0,0,0,48364,40579,1517,2885,3082,164,0,2671,2891,57,0,48739,40483,1333,2855,3832,88,0,2616,3544,33,0,29083,15805,13010,28526,14506,14020,31039,16388,13426,30913,14901,15594,30749,14509,16240,30194,14170,15335,30284,15205,14428,27142,16263,10437,27172,16953,9817,31854,17940,13308,37739,22105,15242,37329,21056,15253,37130,19263,16303,37210,20114,15901
151,151,61762,49895,1866,3515,6447,248,58,0,0,63420,49112,2830,3219,8224,341,68,0,0,63736,47804,3171,4291,7659,610,53,63765,47820,3172,4304,7659,610,53,62528,47564,3201,3143,6763,169,104,2641,6273,2,24,1154,62818,45889,3898,3885,8494,231,70,46455,38139,1211,2475,4571,163,40,0,0,46479,38511,1249,1973,4571,97,20,1848,4313,4,20,115,0,50517,38851,2080,3076,5875,402,34,50517,38851,2080,2666,5584,42,1,1163,45554,38742,1171,1784,3768,87,25,0,0,0,0,45718,36953,1212,2362,5103,54,20,2176,4981,0,20,46735,38124,1404,2377,4613,131,8,2180,4479,5,8,33627,19212,14167,31944,17222,14722,34978,20248,13535,34871,18340,16166,34642,20403,14239,34087,17695,15716,34233,18988,14608,30820,19786,10575,30928,20624,9914,35510,21605,13323,40997,25466,15159,40593,25118,14530,40204,22158,16473,40353,23383,15796
152,152,56897,46014,1918,5868,3146,319,65,0,0,57132,44224,2560,6677,3780,521,55,0,0,61335,45403,3371,7277,4641,752,59,61386,45432,3372,7321,4641,752,60,56865,43427,2972,6505,3866,516,70,4668,3046,52,17,2441,60874,45712,3083,7306,4593,463,48,44201,36555,1235,4178,2203,200,43,0,0,43195,35319,1113,4703,1789,230,15,4081,1655,47,15,138,0,48131,36839,2118,5309,3274,532,35,48131,36839,2118,4680,2973,39,5,1298,42891,34596,1408,4367,2145,273,15,0,0,0,0,45940,36301,1720,5119,2302,142,0,4468,1953,28,0,45871,35899,2465,4600,2460,419,9,3969,2152,20,9,31212,18451,12440,29804,17094,12710,31663,18065,12294,31293,16916,13909,31132,19197,11935,30509,16424,13302,30627,17568,12346,27085,17456,9161,27144,18029,8718,31641,19126,11874,36610,22016,14199,36136,22283,12882,35844,19781,14349,35975,20785,13891
153,153,59013,48948,1565,4992,3538,288,43,0,0,59736,48506,2463,5290,3424,477,22,0,0,62287,47886,2731,6862,4074,620,58,62313,47903,2732,6895,4074,620,58,59898,47780,2637,5158,3989,351,50,4372,3582,1,0,1434,62496,48418,3139,5785,4291,459,67,45655,38599,961,3454,2600,173,29,0,0,45268,38165,1225,3742,1957,266,0,3489,1862,1,0,60,0,48654,38544,1761,4897,2918,420,43,48654,38544,1761,4239,2575,22,8,1272,44795,38019,1356,3313,1963,228,0,0,0,0,0,47048,39714,1516,3523,2047,190,0,3365,1815,0,0,47060,38511,1804,4166,2369,80,0,3857,1914,4,0,35308,21922,13060,33580,20286,13294,35061,22359,11467,34964,20893,13722,34963,24448,10515,33993,20336,12927,34106,21536,11890,31488,21972,9052,31591,22649,8540,35396,23648,11173,39976,26604,12974,39631,27394,11333,39083,23843,13473,39291,24959,13004
154,154,60633,40269,2024,14673,3892,438,56,0,0,61289,37370,3313,16982,3861,855,126,0,0,62985,36675,3503,18266,4219,755,54,63038,36689,3505,18306,4220,755,55,61319,37364,2896,17263,4112,846,66,15552,3446,125,21,1843,63276,38419,2586,17890,4339,506,47,47836,32731,1407,10876,2884,311,39,0,0,46555,30280,2097,11776,1840,318,34,11410,1655,148,34,333,0,50036,30082,2396,13991,3242,536,30,50036,30082,2396,12923,2914,67,3,1368,47180,30370,1816,12407,2113,251,20,0,0,0,0,48540,31420,1580,12927,2363,181,15,12440,2171,34,15,48968,30374,2366,13774,2173,342,0,13118,1997,28,0,35979,26796,8882,35158,26411,8747,35918,27983,6877,35797,26528,8915,35576,28110,7466,35093,26008,8397,35220,26893,7674,32766,26790,5579,32777,27181,5272,36153,28687,6929,40091,32143,7640,39693,31536,7224,39418,29768,8275,39514,30495,7850
155,155,58826,50464,1824,2959,3588,221,45,0,0,62265,50364,2800,3855,5811,263,91,0,0,64256,49882,2941,3300,7136,615,54,64311,49917,2945,3349,7140,616,54,62361,50126,3181,3762,5722,297,108,2539,5258,0,21,1178,64365,50597,3000,3982,6308,434,202,42987,37616,1124,1959,2250,148,28,0,0,44661,38715,1503,2252,2052,75,10,2132,2009,0,10,75,0,48677,39185,1885,2267,4607,431,38,48677,39185,1885,1884,4360,38,5,1185,44622,38378,1894,2083,2069,78,20,0,0,0,0,46532,39298,1985,2415,2440,153,30,2196,2217,0,30,47135,38494,2481,2559,3401,118,0,2252,3059,6,0,30883,16369,14207,30171,14764,15407,33500,17460,14634,33746,15486,17016,33472,16283,17189,33171,14465,16517,33285,15699,15468,29617,17535,11511,29650,18212,10892,34168,18899,14455,39652,23200,15986,39310,21569,16725,39191,20147,17603,39127,20766,17175
156,156,63860,53493,3848,4300,2286,327,45,0,0,67010,56086,3804,3689,3297,312,37,0,0,66110,52726,4574,4827,3224,685,69,66169,52749,4583,4860,3225,685,71,67181,55293,3766,4662,3192,321,7,3765,2361,0,0,1900,66767,54851,3768,5021,2948,385,31,51529,43746,2711,3377,1687,233,30,0,0,53466,46545,2038,2978,1608,179,30,2811,1315,45,30,82,0,54406,44387,3180,3892,2392,493,45,54406,44387,3180,3224,2075,28,25,1323,53748,46004,2258,3627,1655,140,0,0,0,0,0,54862,46486,2819,3730,1550,149,0,3324,1081,0,0,57066,48511,2705,3867,1659,207,0,3463,1198,11,0,34438,19614,14509,32287,17261,15026,35408,20039,13914,35629,17938,16541,35171,18932,16239,34938,16785,16023,35018,17859,15116,30377,18991,10815,30351,19675,10190,34555,20200,13570,38116,23187,14493,37778,21452,15333,37642,20016,16303,37524,20608,15805
157,157,58822,51107,1241,1822,4540,197,17,0,0,59517,48696,1885,1820,6969,272,24,0,0,62964,48759,2047,1968,9216,462,49,62988,48780,2047,1981,9220,462,49,59620,47889,1834,1716,8019,229,22,1195,7309,0,0,1343,62743,48770,1754,1917,9773,228,6,44311,39066,816,1333,3020,134,11,0,0,41819,37209,973,1124,2379,128,0,965,2240,0,0,45,0,47995,38533,1323,1442,6034,292,26,47995,38533,1323,1170,5749,17,7,998,40920,36240,987,1039,2593,102,0,0,0,0,0,43745,37885,1069,1069,3549,111,0,871,3207,0,0,43939,37373,1508,1112,3776,95,4,895,3470,8,4,35998,19148,16530,34353,16710,17643,35966,20592,14039,36479,17795,17846,36108,18458,17650,35785,16495,17466,35911,17441,16783,32915,20297,12147,32903,21020,11482,36767,21547,14546,41514,26080,15013,41196,23544,16755,41054,21880,17917,40993,22683,17313
158,158,60265,46577,8891,2955,1846,396,59,0,0,62870,47424,9236,3464,2529,370,12,0,0,62742,45939,9533,3098,3169,924,67,62792,45962,9552,3137,3172,924,67,63182,47841,8605,3795,2586,309,52,2848,2106,54,0,1572,63320,48122,8569,3295,2771,488,139,44444,35305,5840,2135,1108,282,40,0,0,43740,37320,2395,2545,1267,245,0,2252,1204,94,0,39,0,47658,36271,6362,2264,2060,606,51,47658,36271,6362,1888,1812,30,9,1164,44940,38135,2609,2666,1326,206,0,0,0,0,0,45765,38755,3114,2137,1491,84,20,1749,1343,14,20,46580,38676,3928,2159,1461,96,60,1716,1311,6,60,29272,15924,13048,28548,14124,14424,31454,16780,13376,31742,15070,15588,31319,15839,15480,31105,14090,14984,31238,15092,14239,27849,16679,10722,27874,17305,10178,32102,18018,13389,37178,22083,14692,36936,20428,15597,36792,19009,16442,36730,19600,16021
159,159,63142,28934,3956,29965,1029,721,61,0,0,63287,27754,4858,29985,1169,568,114,0,0,62138,25022,5515,30324,1466,1092,64,61801,24700,5409,30314,1472,1093,64,62934,28073,4657,28753,1359,556,87,26688,1210,118,0,1604,61440,25075,3833,30323,2082,573,131,46983,23537,2496,20496,689,495,40,0,0,47220,23208,2794,20506,437,270,0,20039,379,65,0,117,0,47752,21179,3569,21789,1057,779,43,47752,21179,3569,20459,881,88,8,1395,47175,23584,2623,20094,647,280,0,0,0,0,0,46555,21495,2530,21286,928,334,0,20700,838,39,0,47280,21455,3047,21644,739,398,0,21054,651,25,0,29333,22271,6745,29271,22628,6643,27581,19475,7433,26639,18482,7795,26097,18658,7439,25880,17674,7536,25976,18256,7160,19963,14700,4999,20011,14941,4833,24916,17666,6868,28175,19700,8233,27460,18742,7946,27322,18080,8118,27304,18201,8357
160,160,61877,53098,1322,4025,3373,197,47,0,0,62920,52019,1625,3223,6158,151,119,0,0,63931,51832,1969,2757,6356,667,52,63956,51855,1969,2777,6356,667,52,63066,51784,1804,3389,6223,296,72,2659,5409,25,0,1353,63793,52599,2156,2710,6022,345,63,46367,40258,829,3059,2177,132,31,0,0,46545,40970,824,2020,2507,110,0,1927,2360,20,0,94,0,50134,41661,1342,2212,4231,462,28,50134,41661,1342,1950,3924,49,7,1064,47255,41215,1108,2060,2602,183,0,0,0,0,0,48180,41945,1269,1745,2887,209,0,1706,2724,35,0,48544,41331,1415,2092,3344,205,7,1947,3100,47,7,34883,16900,17664,25063,11213,13850,36705,17470,17884,36715,15312,20717,36236,15918,20318,35948,14403,20234,36005,15368,19409,32410,17193,14812,32367,17983,14011,37000,18460,17922,42350,22414,19574,41857,20506,20549,41661,18866,21611,41645,19679,21067
161,161,62036,51056,1371,7828,1803,385,32,0,0,62949,49655,1544,9310,2543,559,33,0,0,63702,48766,2295,8867,2938,820,78,63804,48820,2297,8934,2951,820,79,63931,50461,1648,9003,2680,647,20,7686,2246,165,0,1541,64647,50542,1939,8567,3204,438,0,47783,40602,859,5057,1205,250,20,0,0,47782,39759,850,5705,1187,198,0,5462,1090,50,0,104,0,49643,39601,1416,5935,1947,571,55,49643,39601,1416,5396,1674,59,15,1343,48622,40955,796,5523,1073,223,0,0,0,0,0,49581,41153,885,5904,1430,209,0,5417,1235,25,0,48512,40230,992,5257,1875,206,0,4871,1676,14,0,34472,19381,14694,30541,16894,13647,35086,18763,15119,34564,17337,16698,34071,17968,16103,33753,16512,16157,33826,17610,15303,29555,17998,11123,29501,18557,10602,34273,19360,14316,38887,22351,16130,38295,21260,16197,38089,19701,16959,38126,20469,16659
162,162,64097,50164,1434,10899,1638,386,80,0,0,64869,48508,2593,12438,1776,362,29,0,0,64781,43549,2273,15683,2519,971,92,64947,43643,2276,15780,2534,971,93,64097,47132,2324,13507,1429,360,34,12047,1076,32,9,1332,64150,45397,1907,14438,2036,342,51,49499,40034,889,7360,1177,276,53,0,0,49365,39023,1518,7874,835,83,15,7764,773,20,15,39,0,50724,35919,1492,10826,1816,695,64,50724,35919,1492,10131,1554,50,17,1389,48064,38112,1319,7912,571,136,4,0,0,0,0,47982,37109,1126,8512,903,207,15,8242,756,20,15,47657,35661,1329,9202,1060,261,0,8829,871,0,0,33203,19615,13110,32679,19773,12906,32705,17517,14085,32079,16595,14938,31669,17286,14383,31359,16108,14265,31417,17196,13414,26630,16392,9826,26650,16997,9348,31612,17999,13046,36223,20559,15291,35680,19972,14810,35480,18428,15449,35539,19154,15387
163,163,62220,48682,1472,9297,2806,361,51,0,0,61719,40621,2020,16101,3258,288,63,0,0,63645,37078,2958,19713,3490,877,71,63755,37144,2961,19781,3493,877,71,61203,38253,2431,17875,3018,616,68,16108,2533,44,0,1660,63491,36682,3059,20036,3983,813,69,47963,39092,887,5997,1953,230,34,0,0,45798,33971,1211,9129,1292,111,0,8794,1241,23,0,102,0,49593,31430,1855,13262,2541,578,51,49593,31430,1855,12253,2266,77,12,1411,45925,32420,1321,10510,1456,175,0,0,0,0,0,47945,31687,1719,12204,2063,226,0,11750,1768,30,0,48575,30246,2342,13276,2460,175,4,12734,1986,30,4,31597,17578,13604,32232,18972,13260,31990,17776,13044,31587,16648,14472,31148,17361,13787,30931,16167,13778,30989,17243,12935,26724,16991,9381,26720,17394,9042,31042,18589,11910,34997,21803,12845,34588,21004,12715,34446,19650,13398,34483,20334,13195
164,164,60405,20978,3448,27173,9263,690,169,0,0,61089,16409,3871,30533,10654,933,297,0,0,62946,14317,5782,32180,10694,962,96,63129,14351,5787,32252,10694,963,96,61734,17103,4036,30046,10907,845,230,28009,10182,94,0,2032,62815,16482,5950,31107,9717,829,220,44859,17953,2394,17853,6826,420,111,0,0,38797,13814,1494,18054,5058,311,0,17696,4981,55,0,211,0,47429,12565,3873,22886,8043,713,74,47429,12565,3873,21513,7744,79,14,1330,39631,14270,1731,17874,5378,251,0,0,0,0,0,40987,14477,2223,18240,5596,210,0,17653,5480,35,0,40637,13958,1819,18965,5538,322,8,18097,5448,82,8,26884,19509,7083,25959,20530,5429,26296,20631,5000,25671,19755,5612,25350,20075,5275,25237,19256,5321,25252,19713,4933,21122,17435,3425,21111,17541,3331,24875,19952,4553,27902,22595,5107,27384,21831,4822,27308,21314,4947,27248,21396,5088
165,165,59387,52050,1042,2927,3291,239,37,0,0,60105,51843,919,2667,4203,420,6,0,0,62767,51903,1824,3323,4815,483,65,62800,51923,1824,3353,4817,483,65,60453,50844,1413,2947,4609,384,283,2429,3790,112,188,1449,62194,51807,1532,2729,5426,231,340,46802,41396,758,2151,2427,182,26,0,0,46125,40674,644,1936,2555,320,0,1729,2334,133,0,28,0,49626,41730,1291,2396,3507,336,44,49626,41730,1291,2085,3136,34,8,1167,46534,40483,800,2151,2635,258,190,0,0,0,0,47689,41449,918,2119,2811,144,145,1862,2501,63,145,47769,40706,1254,2252,3223,83,136,2038,2863,10,136,36515,20228,15915,37729,20120,17609,37526,21066,15189,37334,18860,18042,36809,19363,17446,36482,18090,17401,36536,19000,16627,33663,20547,12651,33555,21227,11944,37500,21640,15267,41761,24783,16590,41381,23338,17235,41169,21505,18198,41227,22478,17777
166,166,61075,54686,1108,1893,3302,200,28,0,0,62102,54337,1504,2506,3596,474,7,0,0,63022,53169,1818,2681,4641,386,63,63050,53190,1821,2702,4642,386,63,62038,52893,1788,2697,4301,614,27,1852,3498,73,0,1813,63139,53541,1814,2327,4682,410,59,47155,42572,739,1390,2364,129,20,0,0,46500,41971,945,1395,1967,211,0,1242,1780,25,0,102,0,48622,41737,1182,1789,3371,269,40,48622,41737,1182,1492,3014,29,9,1049,46351,41312,1043,1432,2245,220,0,0,0,0,0,46531,41341,1037,1478,2436,148,0,1213,2242,18,0,47031,40863,1411,1428,3094,117,5,1241,2792,21,5,37783,21534,15902,39110,21629,17481,37502,22172,13998,37356,19768,17069,36765,20863,15902,36395,19374,15871,36439,20367,15072,33694,22267,10979,33618,22754,10463,37562,23102,13857,42011,26490,15145,41492,25217,15467,41223,23156,16620,41286,24270,16025
167,167,55457,45811,1898,2289,5391,281,42,0,0,58395,45110,2887,2596,7834,258,61,0,0,63395,45645,3088,2576,11121,621,60,63435,45666,3092,2627,11123,621,60,59375,44590,2881,2471,9270,238,107,1926,8600,44,63,1177,63638,46077,3199,2608,11157,224,5,41822,35331,1300,1596,3548,174,28,0,0,40989,35285,1240,1689,2594,88,30,1565,2458,40,30,79,0,49295,36969,2105,1913,7606,442,35,49295,36969,2105,1520,7308,42,5,1159,41392,35071,1265,1756,3067,71,65,0,0,0,0,43658,36969,1318,1719,3522,68,0,1387,3464,0,0,45332,37296,1743,2165,3928,119,17,1822,3747,21,17,30121,16012,13831,29213,14456,14757,31499,17317,12984,31849,15341,15523,31419,15980,15439,31181,14309,14956,31252,15261,14199,28443,17465,10549,28421,18051,9936,32773,18908,13178,38555,23669,14485,38283,21715,15582,38146,20319,16479,38065,21042,15923
168,168,57551,50444,1260,2053,3683,182,27,0,0,58613,48737,2518,2813,4496,579,5,0,0,62961,51583,2009,2525,6007,386,51,62978,51598,2009,2538,6007,386,51,58956,49052,2312,2880,4799,435,5,1937,4109,37,5,1496,62398,52139,2712,2886,4574,265,78,46296,40997,983,1609,2616,126,21,0,0,44723,38963,1294,1840,2412,179,4,1582,2068,35,4,108,0,51280,42875,1416,1985,4382,271,40,51280,42875,1416,1721,4109,43,16,953,44714,38938,1268,1895,2446,122,4,0,0,0,0,48132,41918,1400,2225,2390,82,0,1898,1981,0,0,49911,42733,1657,2486,2658,120,0,2120,2259,9,0,32582,17050,15268,28915,13560,15355,32320,18128,13051,32209,15629,16204,31686,16004,15682,31425,14682,15847,31454,15374,15274,28533,17219,10906,28398,17585,10442,32650,18751,13370,37618,23065,14208,37110,20939,15492,36920,19517,16315,36957,20183,15966
169,169,59773,55457,1902,1406,774,346,33,0,0,61987,56945,2303,2012,875,269,25,0,0,64915,56462,3467,2478,1113,1268,66,64977,56515,3467,2519,1117,1268,67,62793,55872,3402,2131,1114,381,33,1390,699,0,0,1135,65454,56847,4360,2458,1264,719,121,46450,43798,1157,806,505,232,26,0,0,47335,44838,957,1019,428,78,0,906,334,0,0,35,0,51034,45475,2126,1625,721,888,41,51034,45475,2126,1231,547,114,11,1396,47820,44485,1653,998,524,176,0,0,0,0,0,49588,45550,2084,1092,475,220,60,907,413,14,60,51067,46377,2305,1552,490,277,86,1125,426,22,86,27311,10389,16510,26204,9166,17038,29608,8312,20008,29617,8579,19531,29199,8943,20256,29185,9174,18160,29078,8435,18533,23836,8712,14592,23843,9292,14069,29280,9504,18975,34902,11511,22861,34508,10951,22456,34382,9988,22781,34388,10077,22878
170,170,60509,48787,3258,4185,4273,360,63,0,0,62614,47027,4338,4891,5658,607,61,0,0,62588,44426,4677,5238,7735,542,88,62661,44476,4679,5332,7737,543,88,62691,46487,4047,4957,6782,531,83,4327,6371,149,9,982,62231,43875,3969,5975,7854,228,19,48035,39589,2146,2956,3271,228,47,0,0,45046,36136,2416,2701,3324,439,7,2518,3190,194,7,70,0,49993,36700,3216,3806,5763,426,64,49993,36700,3216,3320,5109,68,11,1349,44532,35280,2030,2910,3879,374,10,0,0,0,0,42711,33031,2080,3498,3937,158,4,3205,3722,4,4,42502,32050,2746,3249,4217,130,11,3089,4090,25,11,27413,14453,12637,24732,13722,11010,26886,12511,13708,25855,12152,13327,25351,13916,11435,24566,12024,11898,24678,13561,10579,20338,11481,8634,20343,11735,8384,25403,12673,12350,30281,13729,16323,28764,14413,13750,28228,12481,14696,28432,13198,14500
171,171,65061,62973,709,726,402,277,31,0,0,65967,63252,1068,911,537,231,47,0,0,65443,61337,1315,1055,529,904,46,65554,61440,1317,1087,532,905,46,65986,63092,1007,697,805,185,23,454,495,32,4,885,65544,61422,1223,822,1009,407,81,49845,48624,392,352,266,200,26,0,0,50450,48940,533,514,241,185,4,387,173,49,4,29,0,50874,48160,800,631,347,667,29,50874,48160,800,408,212,61,5,1105,50885,49425,521,424,345,157,4,0,0,0,0,50415,48600,632,458,471,211,25,306,336,69,25,50305,47977,856,349,499,541,37,237,353,123,37,25655,9821,15388,24332,8084,16248,28024,7694,19112,28034,8127,18044,27575,9326,18249,27314,8961,16505,27214,8879,16176,23364,9048,13798,23387,9131,13766,27926,9062,18123,33002,10122,22493,32616,10257,21466,32360,8717,22205,32431,9563,21705
172,172,59388,43914,3965,4274,6961,364,82,0,0,63939,38776,6688,8134,10111,287,121,0,0,64387,38239,6118,7104,11924,559,50,64450,38276,6123,7187,11924,562,50,62819,38268,6345,8320,9642,590,146,7400,8796,56,15,1401,62438,35796,7225,8655,10535,445,63,47884,36595,2717,3037,5248,260,65,0,0,44043,29966,3972,4896,5050,78,13,4600,4970,34,13,84,0,51165,32017,4372,5117,8790,399,39,51165,32017,4372,4475,8089,44,3,1638,44339,30250,3914,5042,4896,128,15,0,0,0,0,43597,28578,4331,5315,5204,134,10,5148,5004,0,10,42483,28134,4154,4416,5555,171,16,4287,5361,0,16,27046,14869,11880,24478,14134,10344,26530,14429,11392,25623,13695,11575,25150,15173,9977,24433,13521,10203,24584,14757,9249,20062,12416,7436,20051,12751,7092,24608,13971,10295,28439,15119,13111,27152,15408,11175,26667,13718,11984,26931,14565,11690
173,173,62689,43104,5855,11826,2059,382,66,0,0,58223,37658,8622,9302,3367,429,101,0,0,62773,33862,10421,13923,4410,766,137,62913,33926,10442,13993,4419,766,137,58487,35336,8700,10677,4703,844,100,8204,4048,0,0,2072,58387,31090,9719,12099,5451,1542,161,50677,35724,4007,9454,1518,238,45,0,0,44010,30572,4891,6586,1747,175,0,6294,1672,0,0,112,0,49380,28810,6801,10219,3220,569,91,49380,28810,6801,9071,2959,65,16,1215,43817,29039,5020,6686,2484,154,0,0,0,0,0,42121,25870,5467,7142,2765,364,0,6772,2659,24,0,40924,23477,5087,8635,2845,294,5,8327,2690,16,5,25419,14635,10473,22265,13957,8308,23592,12886,10087,22723,12540,9779,22201,13723,8478,21677,12419,8602,21801,13787,7471,17283,11187,5873,17288,11387,5675,21622,12623,8634,25084,13895,10987,23891,13915,9350,23560,12717,9839,23748,13476,9534
174,174,57930,42361,4170,6404,5010,325,81,0,0,60506,36700,7936,9913,6309,241,85,0,0,62724,36957,6452,9912,8269,742,88,62812,37000,6460,10039,8270,742,88,61258,36877,7373,10188,7029,296,105,8653,6550,17,70,1393,61269,36592,6534,10142,7789,640,87,46284,35053,2892,4556,3709,226,62,0,0,42314,28301,4716,5800,3332,33,45,5665,2963,14,45,106,0,49735,30789,4681,7175,6181,544,73,49735,30789,4681,6408,5534,68,8,1785,43270,28931,4347,5872,3864,68,75,0,0,0,0,43548,28557,4053,6239,4170,227,80,5970,3807,4,80,42217,26680,4984,5993,4079,340,16,5768,4040,22,16,25253,14666,10346,22797,14127,8670,24902,14102,10199,23923,13580,9971,23501,14929,8572,22928,13506,8749,23087,14700,7832,17823,11622,6008,17816,11832,5808,22760,13481,8938,26718,14791,11740,25408,14931,9884,25008,13627,10435,25198,14192,10271
175,175,48106,34300,2988,5503,5371,380,63,0,0,56032,39971,4252,5183,6782,375,21,0,0,62018,43362,4160,5515,8450,644,82,62108,43396,4168,5569,8461,645,83,57806,41101,5292,5105,6386,378,13,4165,5534,140,8,1534,58759,42695,4477,4929,6440,648,20,42700,31181,2398,4537,4576,298,53,0,0,46483,34642,2950,4178,4334,304,10,3879,3992,132,10,90,0,55353,39559,3437,4603,7182,522,61,55353,39559,3437,3781,6418,51,12,1863,48026,35726,3717,3935,4163,261,10,0,0,0,0,49535,37831,2971,3904,4367,287,4,3552,4090,124,4,50838,37501,3379,4332,4995,228,21,4016,4640,64,21,24441,19569,4603,23501,18872,4629,29076,23771,4336,28479,22408,5617,27940,22726,5214,27615,21086,5243,27757,21646,4843,26575,23049,3022,26482,23139,2946,29840,24748,4475,34761,29090,5376,33894,27118,5551,33610,26206,6015,33774,26558,5833
176,176,65339,52403,6029,5930,1179,534,62,0,0,64129,50709,5944,5873,1619,480,46,0,0,62794,47113,7193,6153,1470,1084,61,62863,47170,7195,6194,1471,1085,61,64499,49699,6747,5224,1772,567,37,4530,1604,181,0,670,62930,46485,8200,5270,1848,903,24,49900,41380,3840,3903,774,389,44,0,0,50920,41810,3915,3984,869,340,0,3830,735,85,0,30,0,50710,39333,5000,4527,1071,850,32,50710,39333,5000,3692,814,79,1,1521,51630,41235,4505,4273,1104,482,0,0,0,0,0,50265,39295,5305,3916,1217,502,0,3766,1035,84,0,50716,38702,5764,4604,1150,623,20,4186,823,65,20,26634,13677,12490,24528,12181,12347,27616,10785,15855,26491,11396,14304,25682,11390,14292,25587,10556,14002,25570,11402,13137,21868,10156,11380,21860,10797,10707,27046,11849,14591,32937,14240,18253,32368,14318,17003,32176,13040,17594,32166,13427,17535
177,177,61405,39097,9291,11726,2006,634,135,0,0,63411,34173,14275,13929,2506,761,163,0,0,62000,32842,13203,13788,2527,1123,162,62232,32931,13258,13841,2539,1123,162,62804,32487,13527,14770,3247,919,176,11778,2415,101,0,2378,60704,31255,13530,14020,3189,1004,426,45235,31561,5451,6995,1450,405,101,0,0,45576,28159,7304,8473,1237,221,0,8204,1139,24,0,191,0,47666,27674,8725,9257,1959,818,125,47666,27674,8725,8012,1566,84,14,1332,45329,27812,6896,8427,1673,159,0,0,0,0,0,43433,27047,6663,7310,1899,167,0,6861,1486,40,0,44232,26186,7488,8311,1905,299,0,7607,1505,38,0,24072,15683,8038,21352,15703,5649,24032,15638,7653,22898,15095,7326,22407,15812,6595,22001,14711,6385,22066,15703,5581,18045,13653,4096,18118,13812,4046,22590,15328,6787,27075,17247,9536,25648,16575,8131,25289,15581,8411,25507,16124,8258
178,178,64298,60249,1014,683,2230,195,33,0,0,64225,59284,1091,924,2725,149,135,0,0,65503,57992,1901,959,3697,511,45,65518,58001,1904,971,3705,511,45,65012,57171,1314,1020,2555,116,153,736,2023,35,0,886,65884,58780,2178,940,2790,288,25,49164,46467,625,423,1533,141,24,0,0,50231,47171,689,538,1748,86,0,483,1619,66,0,34,0,52045,46805,1195,682,2625,367,36,52045,46805,1195,501,2341,20,10,1045,51165,48137,750,645,1549,65,0,0,0,0,0,51351,47608,1379,635,1651,34,0,489,1522,18,0,50626,46233,1772,501,2035,30,0,304,1837,15,0,38054,17816,19889,36519,15413,21106,39098,16726,21185,38654,15427,22742,38252,16773,21479,37890,15052,21936,37916,15943,21113,33864,16875,16596,33860,17798,15706,39113,17888,20671,44911,20352,24211,44427,20095,23487,44144,17760,25213,44223,18987,24247
179,179,60124,9384,17338,30186,5083,934,200,0,0,63686,7318,23156,31348,4200,972,125,0,0,61196,6779,22579,29322,4818,1283,199,61563,6810,22646,29357,4819,1283,199,65553,7293,24274,30702,4799,958,73,26659,4646,224,0,1158,67166,7318,27904,29459,4876,546,63,41233,8109,10938,19285,3778,572,129,0,0,38926,6370,11541,18543,2245,269,4,18124,2235,179,4,70,0,44131,5797,15333,20523,3764,937,146,44131,5797,15333,18150,3518,86,6,1030,42243,6338,12823,20274,2585,311,0,0,0,0,0,42707,6539,14617,18953,2569,195,0,18328,2545,80,0,38237,5967,12551,16914,2731,293,0,16373,2697,22,0,22120,19300,2689,21326,19686,1640,21561,19298,1914,20639,18416,1988,20476,18691,1785,20432,18268,1791,20450,18504,1588,14489,13338,1027,14506,13393,1016,18763,16617,1939,21476,18211,3125,20133,17083,2569,19919,16772,2491,20023,16844,2653
180,180,65088,10562,38265,17582,2333,2087,291,0,0,65321,9280,41748,15675,1850,778,63,0,0,62032,8052,38737,16108,2491,1390,229,62540,8120,39000,16138,2493,1390,229,66345,9599,43196,14807,2371,917,4,10643,1934,40,0,854,64690,8905,43239,14282,2219,1046,169,42928,8902,23656,10660,1610,1262,191,0,0,40452,7774,24203,7303,1049,103,0,7162,1016,39,0,3,0,44163,6723,26745,10695,1888,1004,158,44163,6723,26745,8106,1611,52,8,762,41502,8068,25409,6846,1237,108,0,0,0,0,0,39747,7377,24156,6765,1289,95,0,6590,1048,11,0,38209,7013,21926,7787,1040,145,0,7614,750,56,0,21280,18474,2641,19706,18095,1611,20809,18561,1986,19409,17212,2031,19179,17336,1843,19089,16988,1802,19101,17240,1593,11776,10616,1055,11735,10562,1062,16459,14216,2073,18729,15064,3559,16400,13273,2708,16196,12942,2598,16304,13067,2770
181,181,47990,12390,6389,28074,2129,567,72,0,0,50599,13716,7540,25643,4042,567,87,0,0,61777,20746,8129,26978,6377,955,239,62079,20766,8154,27161,6377,955,241,49980,14987,7307,23815,4412,531,18,22319,3565,98,0,1572,55871,17945,8111,24540,5783,1295,29,38604,12046,4650,20489,1957,426,55,0,0,39052,12555,5203,18778,2263,299,0,18482,2043,105,0,77,0,52716,19813,6407,20657,5849,693,216,52716,19813,6407,18997,5242,90,137,1731,39677,13804,4982,18321,2449,236,0,0,0,0,0,44224,16295,5676,18882,3275,317,0,18263,2664,24,0,45655,17954,6209,17561,3764,336,0,16719,3109,8,0,23995,22637,1196,23686,22423,1263,24106,22080,1422,23480,21287,1914,23181,21412,1769,23077,20641,1789,23118,20756,1722,19264,18065,852,19245,18151,830,22386,20531,1468,24736,22671,1908,23729,20940,1997,23598,20753,2025,23638,20654,2153
182,182,54093,38022,3555,6231,6313,419,102,0,0,57080,40010,3206,6548,7376,231,104,0,0,66247,45967,4540,6065,8935,739,76,66317,45980,4543,6155,8936,739,76,57959,40213,3202,7158,7473,181,98,5910,6535,35,26,1920,60152,41602,3319,7330,7620,447,311,49892,35747,3048,5400,5671,362,95,0,0,47019,35287,2009,5184,4334,58,10,4858,3886,16,10,128,0,60165,42513,3787,5241,7893,602,51,60165,42513,3787,4396,7021,61,4,1985,47747,35966,2033,5423,4133,83,15,0,0,0,0,50755,37635,2428,5621,4483,205,85,4531,3959,44,85,51316,38106,2636,5341,4711,198,56,4345,4151,71,56,30654,26090,4308,29240,24328,4912,34682,29972,3850,34154,27943,5841,33455,28079,5376,32990,26356,5534,33140,26853,5193,30304,27009,2856,30117,27060,2685,34201,29562,4098,38465,33802,4427,37664,31638,4925,37364,30600,5597,37563,31040,5333
183,183,63594,59415,2179,1132,758,288,42,0,0,64703,58331,3954,1693,474,550,36,0,0,66074,57252,4681,2238,1049,837,79,66148,57314,4686,2266,1061,837,79,65294,58164,4565,1747,633,418,68,1041,471,107,68,869,65900,57145,5599,1740,978,392,45,49634,47171,1251,593,498,195,24,0,0,50303,46979,2148,650,254,239,0,552,226,100,0,0,0,52999,47427,2852,1310,689,602,50,52999,47427,2852,887,546,18,10,1094,51378,47321,2674,712,418,212,4,0,0,0,0,51670,46606,3504,745,574,181,4,622,427,4,4,52723,47209,3757,809,567,271,0,605,441,54,0,30064,14693,14830,28680,12640,16040,32224,11141,19769,31625,11287,19208,30543,12487,18056,30385,10935,18007,30259,12177,16685,25696,11369,13880,25770,12282,13054,31726,12667,18366,38430,15115,22854,37413,15132,21235,37174,13510,22009,37221,14142,21767
184,184,59829,36506,6994,5217,11329,450,114,0,0,62685,34858,9180,5349,14061,529,171,0,0,63988,35945,9965,4317,13556,992,124,64108,35989,9975,4374,13560,992,124,62057,34501,9670,4526,14093,637,81,2381,13472,30,7,1958,60009,33331,10366,4175,12282,592,133,48539,31567,4970,3721,8321,345,74,0,0,43581,29824,3380,3138,6970,134,19,2958,6865,29,19,85,0,51669,31373,6585,3291,10114,748,96,51669,31373,6585,2667,9654,21,12,1142,41867,29588,3103,2080,6877,121,8,0,0,0,0,41451,29110,3594,2308,6213,201,4,2059,5908,0,4,41971,28611,3613,2622,6888,172,5,2246,6540,43,5,24926,16231,8387,22574,16879,5695,26635,18022,7844,25476,17669,7396,24864,18371,6493,24446,17569,5905,24498,18053,5485,21302,16369,4596,21305,16632,4396,25405,17964,6958,29667,19952,9486,28103,19168,7986,27708,18238,8343,27997,18923,8009
185,185,61024,24427,1780,31112,3916,476,110,0,0,63785,23606,3086,33176,4887,621,29,0,0,61628,22111,2749,31605,5159,636,85,61863,22146,2753,31715,5170,636,85,62941,22590,3076,34232,3941,506,38,32092,3431,184,0,1278,63572,21591,3105,35576,3952,470,19,45544,20790,1186,20809,2822,323,68,0,0,43865,19361,1667,19899,2526,362,0,19729,2438,243,0,192,0,48042,19027,1902,23070,3931,472,65,48042,19027,1902,22072,3661,71,6,1129,44055,18552,1427,21610,2080,373,0,0,0,0,0,44901,18357,1548,22614,2198,276,0,22100,2126,118,0,43705,17870,1416,21791,2324,293,0,21101,2184,68,0,26576,19319,7048,26274,20482,5792,27402,19945,6994,26380,19345,6766,25999,19819,6180,25747,19508,5767,25844,19979,5428,21278,16618,4457,21307,16879,4248,25869,19042,6538,30195,21170,8873,28812,20276,7895,28482,19490,8139,28688,20058,7955
186,186,58365,10068,2526,39594,6674,648,120,0,0,58689,16835,4148,32110,6200,687,47,0,0,61995,19245,4428,30034,8361,992,107,62436,19260,4432,30346,8361,993,107,59413,17904,3378,31066,7496,503,31,29807,6782,223,4,1248,58262,17791,4458,28597,7797,678,44,43642,9162,1714,28009,4968,443,84,0,0,44766,14870,2238,23894,3290,406,15,23672,3064,279,15,83,0,49985,17211,3171,22875,6614,769,80,49985,17211,3171,21470,6098,126,6,1659,44708,15302,1722,23295,3948,328,0,0,0,0,0,43424,15468,2212,21158,4086,447,0,20519,3824,242,0,43799,16828,2381,19479,4703,432,0,18620,4448,83,0,28135,26021,1963,28616,27013,1603,29617,26938,2060,28772,25888,2530,28336,25982,2354,28163,25087,2243,28221,25353,2085,24334,22614,1406,24391,22796,1357,28744,26079,2244,33421,30096,3122,32080,28076,2989,31915,27709,3159,31973,27626,3294
187,187,60840,53770,2588,1694,2783,245,37,0,0,65313,55092,4159,3017,3257,198,26,0,0,66265,53249,5127,3168,4062,757,45,66296,53272,5130,3172,4063,757,45,66995,55448,5355,3247,3191,161,42,2059,2612,8,19,1483,66452,53040,7115,3288,2860,390,50,46104,41738,1528,973,1825,147,20,0,0,49350,43464,2577,1369,1648,181,4,1323,1515,25,4,85,0,51569,42934,3212,1983,2851,535,35,51569,42934,3212,1481,2612,35,6,1141,49818,43834,2739,1442,1560,155,20,0,0,0,0,49111,42347,3729,1272,1423,228,35,1128,1330,8,35,49243,41661,3545,1665,2072,222,40,1483,1830,0,40,30478,14390,15642,29561,12508,17053,33503,13467,18750,33494,12547,19601,32660,13911,18749,32396,12167,18303,32382,13211,17257,27836,13500,13907,27874,14487,12948,33366,14813,17812,39378,17865,21062,38787,17235,20450,38609,15599,21371,38593,16189,21080
188,188,60172,19130,2458,30224,8733,698,126,0,0,59349,20106,3406,28519,7531,618,95,0,0,61564,21037,3950,26000,10663,886,101,61778,21042,3953,26128,10663,886,101,57199,20051,3522,26546,7771,490,273,24121,6559,106,99,2602,57652,21548,3424,24920,8166,473,204,51203,18258,2037,22935,8153,544,104,0,0,44984,18226,2687,20429,3425,308,50,19757,3069,75,50,64,0,53291,19403,3354,20698,9720,690,78,53291,19403,3354,19065,8814,65,21,2207,43897,17869,2657,19350,3634,286,60,0,0,0,0,44519,18344,2614,18979,4116,222,45,18181,3597,40,45,46598,19226,2383,20258,3901,299,9,19352,3449,81,9,29864,27889,1774,27139,25505,1634,29139,27256,1138,28543,26368,1903,27922,26169,1753,27808,24686,1816,27815,24675,1752,24064,22857,769,23979,22807,780,26916,25170,1208,28404,26944,1287,27535,24815,1378,27420,24861,1457,27443,24585,1556
189,189,59937,40806,8579,9188,1983,600,70,0,0,58999,36388,10665,11317,1908,753,77,0,0,61794,35428,11861,12328,2496,1271,134,61876,35471,11872,12357,2500,1271,134,58675,34912,10386,13576,1762,636,104,10291,1356,49,24,1616,60663,34956,12159,13629,1386,641,105,46342,33520,5525,6089,1417,417,42,0,0,45793,30774,7161,6405,1046,257,20,6156,911,52,20,129,0,49419,30181,8316,8933,1914,919,81,49419,30181,8316,7273,1593,81,20,1599,44845,29507,6538,7477,951,168,25,0,0,0,0,47005,30106,8019,7824,697,238,0,7199,588,15,0,47568,30250,7957,8045,943,285,39,7479,826,51,39,24345,14763,9239,21337,12852,8485,24623,13143,10683,23708,13012,10015,23124,13199,9925,23097,12224,9859,23110,12958,9114,19448,11627,7537,19476,11991,7215,24017,13657,9852,28959,16469,12179,28458,16104,11393,28290,15245,11719,28314,15452,11818
190,190,63997,4733,1784,56468,1593,792,71,0,0,61502,4752,2030,53415,1934,1030,175,0,0,61240,4230,2725,53306,1650,824,108,61771,4237,2746,53542,1650,825,108,57933,4268,2141,50242,1821,947,160,48273,1444,138,36,1482,59341,4143,2585,51444,1715,1140,459,49906,4502,1221,43048,1423,563,51,0,0,45956,4101,1361,39383,594,443,25,38937,540,176,25,256,0,48635,4006,1878,41603,1438,643,81,48635,4006,1878,39855,1221,97,22,1353,44263,3508,1338,38059,703,358,20,0,0,0,0,45757,3493,1471,39372,756,482,25,38648,668,43,25,46725,3839,1547,40066,738,420,41,39240,659,4,41,34554,33685,757,34195,33627,568,31327,30248,750,30384,29243,932,30138,29302,836,29855,28562,932,29835,28655,822,24168,23579,457,24150,23568,460,28238,27243,783,30670,29326,1206,29224,27587,1074,28996,27328,1010,29078,27272,1270
191,191,61060,3419,1392,55034,1828,667,118,0,0,61292,3385,1632,55277,1444,459,53,0,0,62188,2576,2246,56049,1882,910,69,62629,2590,2251,56224,1882,910,69,61441,3264,1889,56175,816,592,34,54305,667,262,22,1003,62927,3048,2568,57480,1046,1105,48,44333,3092,902,39305,1317,476,86,0,0,42372,3122,967,37377,608,180,10,37078,583,67,10,205,0,46806,2358,1476,41813,1436,659,54,46806,2358,1476,40110,1244,107,9,1258,43051,2966,1215,38214,372,231,10,0,0,0,0,44015,2778,1356,39018,495,220,10,38303,471,49,10,43911,3688,1054,38018,915,284,4,37135,860,51,4,29800,28615,1054,30220,29527,693,28530,27353,893,27685,26522,1025,27450,26507,943,27314,26022,987,27356,26238,838,22121,21493,522,22173,21545,541,26113,25035,914,28665,27259,1293,27698,26016,1153,27533,25772,1107,27589,25744,1322
192,192,60803,5934,1493,52926,955,727,101,0,0,65510,4717,2282,58110,1015,276,207,0,0,61027,5230,1939,52916,1453,876,96,61419,5238,1943,53093,1453,877,96,64609,4586,1990,57564,1286,345,208,55756,1072,37,0,1100,65224,4697,1914,57826,1316,495,161,45998,5546,1005,38924,740,521,91,0,0,47179,4201,1431,40744,622,193,0,40483,604,50,0,107,0,47688,4626,1367,40722,1229,674,69,47688,4626,1367,39066,1010,102,5,1306,46924,4210,1253,40516,607,211,0,0,0,0,0,47245,4247,1160,40900,557,215,1,40481,508,64,1,46548,4576,1046,39977,534,324,6,39201,460,62,6,33214,31823,1293,32746,31741,1005,31429,29868,1169,30529,28854,1429,30280,29034,1246,29976,28248,1304,30022,28482,1134,25437,24640,647,25463,24678,663,29129,27802,1080,31641,30112,1372,30474,28662,1206,30234,28448,1159,30315,28364,1374
193,193,63383,57398,3798,1421,571,384,40,0,0,64658,56404,5163,1961,882,364,11,0,0,64200,55387,5031,1640,1034,1055,58,64302,55474,5034,1669,1040,1056,58,64701,56526,4729,2297,976,371,5,1646,733,30,0,859,64099,56338,4111,2121,1141,483,0,49462,45737,2236,930,403,249,28,0,0,49590,45883,1838,1158,472,236,0,1030,378,0,0,27,0,50501,44669,3135,1049,766,735,35,50501,44669,3135,736,597,73,10,1141,49468,45853,1685,1168,533,244,0,0,0,0,0,49563,45563,1962,1105,739,238,0,901,578,8,0,49976,45666,2208,1447,430,197,13,1102,280,16,13,26589,10152,16026,24850,8778,16072,28068,8115,18789,28116,8315,18373,27711,8978,18733,27737,9087,16931,27673,8523,17183,22257,7963,13860,22262,8693,13160,27405,8679,18035,32374,9635,22295,31999,9550,21511,31848,8362,22056,31877,8799,21855
194,194,58443,47616,1889,6686,2272,388,56,0,0,61860,45250,2624,10816,3308,611,150,0,0,62200,45151,3481,9477,3593,841,114,62236,45169,3482,9517,3598,842,114,62280,44960,3305,11201,2861,547,127,9421,2144,58,9,2279,63079,45600,3710,10561,2946,776,94,50654,42008,1482,5309,1854,297,45,0,0,51233,39373,1865,8086,1466,334,0,7677,1197,36,0,236,0,54094,40159,2663,7753,2953,662,91,54094,40159,2663,6732,2420,61,22,1763,52180,39749,2603,8093,1353,327,10,0,0,0,0,53183,40309,2983,7583,1915,326,4,6867,1604,7,4,52542,38709,3559,7716,2053,418,15,7208,1694,84,15,30913,21669,8923,28073,20068,8005,31275,22474,7536,30821,21187,8992,30268,22284,7984,29665,20307,7962,29884,21309,7288,27694,21963,5172,27590,22327,4802,31602,23787,7046,36619,28103,8103,35756,26694,7703,35376,25243,8529,35606,26004,8097
195,195,57964,15161,2013,39836,1462,543,51,0,0,54189,16755,2632,33078,2402,512,74,0,0,61783,20566,3551,35114,2723,929,118,62205,20571,3560,35371,2723,929,118,55211,17594,2329,33922,2076,406,50,32110,1840,23,36,1257,61040,19435,3543,35813,2659,726,12,45328,14118,1463,28733,1243,406,40,0,0,42788,14721,1818,24589,1375,217,50,24161,1238,85,50,120,0,50360,18878,2680,26338,2383,692,102,50360,18878,2680,24778,1986,102,49,1624,43400,15674,1641,24576,1223,168,10,0,0,0,0,47527,17506,2274,25876,1518,217,0,25233,1407,24,0,48107,17871,2496,25582,1706,366,9,24941,1335,129,9,32541,30644,1736,32705,30823,1882,30806,28499,1691,29950,27162,2512,29601,27342,2259,29288,26212,2371,29345,26466,2179,24864,23402,1149,24818,23461,1103,28480,26351,1754,30966,28792,1988,29804,26785,2179,29576,26320,2339,29669,26315,2438
196,196,62592,57483,1727,2541,691,340,87,0,0,63913,57089,3058,2648,1134,364,135,0,0,65892,56698,3554,3557,1069,1135,89,65953,56743,3561,3578,1080,1141,90,64188,56454,3610,2847,1153,350,94,2153,817,34,9,1019,65121,56397,3542,3260,1628,354,43,48590,45533,970,1490,442,216,47,0,0,49756,45880,1644,1583,400,198,30,1444,322,30,30,86,0,52488,46343,2179,2312,742,819,62,52488,46343,2179,1830,582,49,13,1340,50208,45438,2454,1650,437,167,10,0,0,0,0,51169,45577,2651,1793,965,147,0,1574,749,14,0,52718,45744,3515,1964,1217,191,0,1661,935,26,0,28537,11381,16774,27449,9943,17506,30732,8817,20699,30758,9202,20014,30379,10003,20376,30509,11976,17011,30265,9598,18617,25187,9435,15230,25212,10369,14412,30574,10213,19606,36366,11756,24089,36048,11831,23225,35874,10491,23746,35935,10805,23818
197,197,64744,3291,40819,21893,2431,1607,294,0,0,65073,4867,39712,20616,2778,998,154,0,0,61989,4133,38577,20447,2361,1376,242,62586,4162,38889,20509,2365,1376,242,65433,4982,40918,19003,3305,784,189,15642,3021,99,0,748,62617,4543,39606,18425,3047,1524,338,44378,2720,27206,14716,1791,1063,204,0,0,42488,3824,24021,12710,1620,252,0,12385,1601,93,0,95,0,45621,3650,27742,14465,1834,1041,181,45621,3650,27742,11726,1492,54,14,749,41990,3867,24633,11723,1624,204,0,0,0,0,0,40930,3731,24551,10825,1477,149,0,10591,1464,61,0,40727,4080,23203,11651,1472,94,0,11358,1427,12,0,26235,24401,1701,25570,24675,895,25728,24342,1109,24462,23031,1255,24241,23171,1070,24118,22686,1097,24162,22841,990,15982,15280,593,16029,15324,603,21110,19553,1380,23577,20716,2731,21199,18568,2044,20937,18289,1993,21134,18425,2130
198,198,64549,3304,4447,53928,3857,809,157,0,0,64624,3291,5134,53291,4367,1325,111,0,0,63286,2963,5710,52046,3467,986,106,63729,2973,5731,52185,3467,986,106,66178,3643,5792,54311,4089,1167,78,51503,3662,284,10,1213,67322,4092,6120,55226,3571,1130,51,47592,2996,2971,39092,2987,561,110,0,0,46200,2919,2738,37444,2378,405,8,36896,2368,30,8,631,0,48685,2637,3872,39744,2818,765,82,48685,2637,3872,37830,2616,107,17,1299,47219,3035,3357,37986,2072,362,8,0,0,0,0,47583,3410,3261,38920,1448,498,4,38041,1381,105,4,48936,4110,3146,39336,1930,545,3,38222,1849,80,3,32650,31483,1044,32254,31536,718,30069,28775,898,29246,27835,1180,29036,28026,1010,28806,27307,1047,28853,27539,906,23546,22828,569,23544,22835,580,27425,26198,972,29837,28273,1383,28549,26660,1221,28336,26436,1181,28431,26360,1414
199,199,60497,54787,1540,2993,1123,349,49,0,0,62976,55557,2428,4019,1090,564,39,0,0,64033,54176,2683,4343,1863,956,100,64111,54232,2684,4380,1871,957,100,63496,56211,2480,3842,1117,646,31,2506,801,27,4,1395,64889,56517,2846,4170,1451,582,128,47401,43671,1002,1782,813,252,37,0,0,48661,44224,1490,2059,568,404,4,1678,412,25,4,28,0,50848,44126,1753,2721,1409,736,67,50848,44126,1753,2194,1077,66,20,1477,49592,45231,1495,1997,648,394,4,0,0,0,0,50379,45455,1578,2189,720,262,0,1800,561,4,0,52618,46902,2138,2311,821,280,9,1895,724,37,9,26334,11395,14598,25065,10155,14910,28226,10359,16682,28264,10152,16825,27871,10789,17082,27877,11059,15164,27786,10217,15606,23808,10370,12968,23864,11371,12018,28213,11393,16097,33041,13381,19183,32574,12889,18730,32427,11594,19369,32398,11973,19162
200,200,65137,10350,1581,53077,745,857,86,0,0,65992,11750,1316,51861,1181,485,143,0,0,65329,11222,2118,51049,1232,1017,95,65563,11224,2118,51157,1232,1017,95,67665,11913,1552,53127,1031,593,108,51006,534,190,0,2145,68077,12200,1901,52966,1165,525,54,51602,8587,1006,41783,517,653,72,0,0,52500,9831,899,40968,607,307,4,40300,399,26,4,184,0,53506,9436,1464,41741,902,832,65,53506,9436,1464,39861,625,130,11,1679,53231,9768,1061,41518,602,448,0,0,0,0,0,53308,10151,1274,41059,506,398,10,40027,352,148,10,52765,10613,1686,39289,634,566,7,38347,448,141,7,41651,40414,1082,41117,40044,1073,39446,37823,1046,38741,36897,1527,38460,37171,1289,38000,35854,1382,38081,36114,1207,35191,34208,742,35078,34129,726,38355,36888,1115,41420,39890,1351,40494,38349,1306,40184,37987,1338,40270,37899,1504
201,201,65628,5809,1975,57748,912,904,76,0,0,68171,6421,1923,58952,1283,862,247,0,0,66019,5778,2898,56472,1427,1088,119,66430,5781,2902,56629,1427,1088,119,69565,5697,1934,61430,1006,748,203,59191,705,148,9,1675,70536,6547,2503,61277,1289,838,186,50424,5421,1286,43346,773,664,58,0,0,51962,5569,1257,43672,710,439,15,43160,676,104,15,576,0,51558,5218,2100,43299,1184,801,77,51558,5218,2100,41284,986,144,17,1526,51199,5166,1254,43529,587,345,10,0,0,0,0,51550,5926,1699,42859,512,292,40,42273,369,69,40,52161,6900,1991,42372,460,263,13,41529,329,77,13,35924,35074,716,34571,34050,521,32819,31637,722,31982,30746,1002,31695,30837,858,31459,29948,937,31503,30138,799,26359,25745,424,26318,25704,433,30232,29180,756,32717,31479,1069,31416,29773,906,31125,29471,866,31238,29373,1081
202,202,58612,29668,9389,11886,7748,518,179,0,0,61900,24323,13747,14916,10330,699,0,0,0,64545,18269,17864,15168,12272,897,109,64695,18315,17893,15218,12272,898,109,63508,23479,15379,15713,10359,722,0,11789,9882,84,0,2148,62691,20020,17971,13783,11234,663,0,42509,23683,5813,7192,5606,347,117,0,0,36542,17721,6515,7524,4553,301,0,7074,4523,80,0,55,0,46656,14903,11686,10016,9102,634,82,46656,14903,11686,8578,8744,88,14,1615,36337,16875,7477,7628,4158,273,0,0,0,0,0,35449,14935,7957,7168,5319,330,0,6609,5270,65,0,34103,12293,7929,8139,5528,306,26,7841,5479,111,26,21415,14356,6804,18831,14076,4755,19834,13751,5594,18990,13166,5514,18713,13859,4854,18454,12993,4937,18502,13790,4271,13106,10277,2681,13177,10362,2668,17138,12395,4465,19506,13716,5618,18380,13143,4693,18166,12557,4860,18262,12944,4771
203,203,63692,16539,11053,29000,7924,622,279,0,0,71614,12626,15611,37170,7929,1624,100,0,0,65317,10545,15259,31536,8814,871,169,65519,10562,15290,31593,8814,871,169,69659,12023,16336,35866,7404,1391,95,30540,6706,246,0,3500,68393,11515,16578,34005,8092,1476,19,45596,13953,7079,18955,5810,426,198,0,0,43631,10110,7732,21277,4050,525,0,20748,3951,160,0,215,0,48632,9078,10478,22527,6816,675,139,48632,9078,10478,20761,6464,74,33,1241,42795,9442,8024,21029,3804,471,0,0,0,0,0,42264,9026,8089,20732,3869,414,0,19978,3654,169,0,40124,8366,7323,19828,4226,268,15,19277,4076,77,15,24034,19365,4516,23358,20036,3322,24282,20472,3359,23399,19566,3546,23136,20007,3129,22887,19256,3141,22969,19712,2827,18413,16218,2044,18468,16323,2014,22454,18995,3217,25827,21188,4496,24507,20160,3827,24197,19614,3848,24356,19788,3982