ID,Label,T_10_CENS_Total,T_10_CENS_White,T_10_CENS_Hispanic,T_10_CENS_Black,T_10_CENS_Asian,T_10_CENS_Native,T_10_CENS_Pacific,T_10_CENS_BlackAlone,T_10_CENS_NativeAlone,T_19_ACS_Total,T_19_ACS_White,T_19_ACS_Hispanic,T_19_ACS_Black,T_19_ACS_Asian,T_19_ACS_Native,T_19_ACS_Pacific,T_19_ACS_BlackAlone,T_19_ACS_NativeAlone,T_20_CENS_Total,T_20_CENS_White,T_20_CENS_Hispanic,T_20_CENS_Black,T_20_CENS_Asian,T_20_CENS_Native,T_20_CENS_Pacific,T_20_ACS_Total,T_20_ACS_White,T_20_ACS_Hispanic,T_20_ACS_Black,T_20_ACS_Asian,T_20_ACS_Native,T_20_ACS_Pacific,T_20_ACS_BlackAlone,T_20_ACS_AsianAlone,T_20_ACS_NativeAlone,T_20_ACS_PacificAlone,T_20_ACS_TwoOrMore,T_22_ACS_Total,T_22_ACS_White,T_22_ACS_Hispanic,T_22_ACS_Black,T_22_ACS_Asian,T_22_ACS_Native,T_22_ACS_Pacific,V_10_VAP_Total,V_10_VAP_White,V_10_VAP_Hispanic,V_10_VAP_Black,V_10_VAP_Asian,V_10_VAP_Native,V_10_VAP_Pacific,V_10_VAP_BlackAlone,V_10_VAP_NativeAlone,V_19_CVAP_Total,V_19_CVAP_White,V_19_CVAP_Hispanic,V_19_CVAP_Black,V_19_CVAP_Asian,V_19_CVAP_Native,V_19_CVAP_Pacific,V_19_CVAP_BlackAlone,V_19_CVAP_AsianAlone,V_19_CVAP_NativeAlone,V_19_CVAP_PacificAlone,V_19_CVAP_OtherAlone,V_19_CVAP_TwoOrMore,V_20_VAP_Total,V_20_VAP_White,V_20_VAP_Hispanic,V_20_VAP_Black,V_20_VAP_Asian,V_20_VAP_Native,V_20_VAP_Pacific,V_20_VAP_NH_Total,V_20_VAP_NH_White,V_20_VAP_NH_Hispanic,V_20_VAP_NH_BlackAlone,V_20_VAP_NH_AsianAlone,V_20_VAP_NH_NativeAlone,V_20_VAP_NH_PacificAlone,V_20_VAP_NH_TwoOrMore,V_20_CVAP_Total,V_20_CVAP_White,V_20_CVAP_Hispanic,V_20_CVAP_Black,V_20_CVAP_Asian,V_20_CVAP_Native,V_20_CVAP_Pacific,V_20_CVAP_BlackAlone,V_20_CVAP_AsianAlone,V_20_CVAP_NativeAlone,V_20_CVAP_PacificAlone,V_22_CVAP_Total,V_22_CVAP_White,V_22_CVAP_Hispanic,V_22_CVAP_Black,V_22_CVAP_Asian,V_22_CVAP_Native,V_22_CVAP_Pacific,V_22_CVAP_BlackAlone,V_22_CVAP_AsianAlone,V_22_CVAP_NativeAlone,V_22_CVAP_PacificAlone,V_24_CVAP_Total,V_24_CVAP_White,V_24_CVAP_Hispanic,V_24_CVAP_Black,V_24_CVAP_Asian,V_24_CVAP_Native,V_24_CVAP_Pacific,V_24_CVAP_BlackAlone,V_24_CVAP_AsianAlone,V_24_CVAP_NativeAlone,V_24_CVAP_PacificAlone,E_08_PRES_Total,E_08_PRES_Dem,E_08_PRES_Rep,E_12_PRES_Total,E_12_PRES_Dem,E_12_PRES_Rep,E_16_PRES_Total,E_16_PRES_Dem,E_16_PRES_Rep,E_16_SEN_Total,E_16_SEN_Dem,E_16_SEN_Rep,E_18_CMPTR_Total,E_18_CMPTR_Dem,E_18_CMPTR_Rep,E_18_GOV_Total,E_18_GOV_Dem,E_18_GOV_Rep,E_18_AG_Total,E_18_AG_Dem,E_18_AG_Rep,E_18_SOS_Total,E_18_SOS_Dem,E_18_SOS_Rep,E_18_TREAS_Total,E_18_TREAS_Dem,E_18_TREAS_Rep,E_16-20_COMP_Total,E_16-20_COMP_Dem,E_16-20_COMP_Rep,E_20_PRES_Total,E_20_PRES_Dem,E_20_PRES_Rep,E_20_SEN_Total,E_20_SEN_Dem,E_20_SEN_Rep,E_22_CMPTR_Total,E_22_CMPTR_Dem,E_22_CMPTR_Rep,E_16-22_COMP_Total,E_16-22_COMP_Dem,E_16-22_COMP_Rep,E_22_SEN_Total,E_22_SEN_Dem,E_22_SEN_Rep,E_22_GOV_Total,E_22_GOV_Dem,E_22_GOV_Rep,E_22_AG_Total,E_22_AG_Dem,E_22_AG_Rep,E_22_SOS_Total,E_22_SOS_Dem,E_22_SOS_Rep,E_22_TREAS_Total,E_22_TREAS_Dem,E_22_TREAS_Rep,E_22_CONG_Total,E_22_CONG_Dem,E_22_CONG_Rep,E_18-24_COMP_Total,E_18-24_COMP_Dem,E_18-24_COMP_Rep,E_24_PRES_Total,E_24_PRES_Dem,E_24_PRES_Rep,E_24_CONG_Total,E_24_CONG_Dem,E_24_CONG_Rep
0,Un,0,0,0,0,0,0,0,0,0,0,0,0,0,0,0,0,0,0,0,0,0,0,0,0,0,0,0,0,0,0,0,0,0,0,0,0,0,0,0,0,0,0,0,0,0,0,0,0,0,0,0,0,0,0,0,0,0,0,0,0,0,0,0,0,0,0,0,0,0,0,0,0,0,0,0,0,0,0,0,0,0,0,0,0,0,0,0,0,0,0,0,0,0,0,0,0,0,0,0,0,0,0,0,0,0,0,0,0,0,0,0,0,0,0,0,0,0,0,0,0,0,0,0,0,0,0,0,0,0,0,0,0,0,0,0,0,0,0,0,0,0,0,0,0,0,0,0,0,0,0,0,0,0,0,0,0,0,0,0,0,0,0,0,0,0,0,0,0,0,0,0,0,0,0,0,0,0,0,0,0,0,0,0
1,1,40363,36487,2205,1278,181,305,19,0,0,42211,36789,2666,2097,366,840,0,0,0,42255,36584,2682,1357,282,1317,51,42957,37814,2824,1675,350,832,0,1067,180,138,0,932,42809,37477,2987,1596,330,672,10,31733,29287,1302,854,113,222,13,0,0,32979,30196,849,1503,209,228,0,1423,185,65,0,14,0,34129,30299,1708,861,191,989,24,34129,30299,1708,686,117,88,5,1159,33160,30640,933,1066,205,272,0,0,0,0,0,33509,31042,922,845,198,280,0,724,133,30,0,34366,31369,912,620,361,944,24,453,201,66,24,16080,4066,11615,15863,3557,12306,17401,3164,13573,16955,2701,13811,12509,0,12420,14395,3304,11069,14356,3039,11313,14347,2848,11494,14355,2805,11322,17906,3542,14106,22497,4714,17515,22486,4739,17359,14471,0,14333,18174,3602,14347,16374,2835,13525,16404,3340,12867,14510,0,14303,16351,2839,13506,15382,0,13882,14442,0,14082,19372,3939,15255,24076,4781,19027,23508,3945,19034
2,2,37745,31043,1185,4955,412,253,30,0,0,39527,32679,1662,4651,523,193,11,0,0,40789,32194,1789,5128,670,1029,45,39290,31949,1598,5182,590,179,12,4567,432,47,12,674,40124,32280,1681,5242,609,367,17,29862,25237,732,3451,296,205,20,0,0,30896,26469,731,3257,291,142,10,3092,257,52,10,11,0,33154,26946,1162,3672,516,805,24,33154,26946,1162,3371,390,68,7,1134,31417,26286,906,3797,337,144,10,0,0,0,0,32008,26776,879,3806,379,263,10,3687,354,29,10,32594,27682,1063,2966,230,682,1,2824,226,185,1,16894,5748,10852,16129,5221,10908,18182,5125,12176,17701,4267,13045,11829,0,11656,14830,4970,9842,14823,4681,10133,14780,4419,10354,14796,4345,10222,17884,5254,12329,20896,6226,14342,20922,6338,14261,12214,0,12074,17319,4996,12065,14613,3475,11129,14633,4037,10409,12253,0,12038,14577,3453,11113,13298,0,11557,12116,0,11757,17891,5114,12606,21378,5831,15277,20840,4914,15411
3,3,35957,29682,961,3428,1730,190,19,0,0,39087,31115,1714,3739,2319,436,0,0,0,42143,32557,2046,4057,2684,757,52,39738,32307,1306,3668,2278,425,0,2738,1912,42,0,1338,41006,33036,1475,4022,2349,235,38,31047,25959,725,2756,1486,150,13,0,0,32174,27073,861,2896,829,324,0,2764,691,99,0,195,0,36522,28553,1636,3341,2325,612,45,36522,28553,1636,2898,1951,80,14,1260,32758,27937,751,2880,772,308,0,0,0,0,0,34238,29108,943,3156,793,144,0,2766,560,34,0,34975,29238,1296,3308,921,146,0,2772,563,22,0,10367,4076,6066,11953,4407,7546,11260,3951,6357,11001,3178,7448,6877,0,6679,9163,3930,5215,9134,3636,5491,9120,3456,5656,9151,3311,5634,11034,4095,6645,12876,4998,7551,12925,5031,7708,7069,0,6887,10651,3960,6432,9004,2884,6108,9037,3406,5461,7083,0,6804,8953,2921,6029,8087,0,6399,7151,0,6566,11008,4107,6747,13132,4681,8173,12824,4104,8344
4,4,40552,37489,950,1682,193,286,24,0,0,40083,36960,836,1876,168,225,35,0,0,41992,37024,1402,1780,259,1310,37,41271,37831,1008,2012,178,225,0,1721,171,51,0,465,43818,38899,1611,2442,352,274,19,31177,29109,582,1163,132,225,15,0,0,31224,29212,427,1325,69,159,0,1270,69,36,0,38,0,33136,29627,882,1241,176,1032,23,33136,29627,882,1053,104,109,8,1301,31897,29811,498,1424,49,177,0,0,0,0,0,33182,30541,566,1680,179,218,15,1592,110,27,15,33891,31247,608,1314,383,242,30,1181,225,46,30,16926,3225,13299,17546,3061,14485,18273,2348,15284,17888,2218,15112,12423,0,12336,13856,2486,11342,13864,2272,11584,13822,2134,11680,13835,2092,11509,17644,2593,14762,21273,3183,17795,21246,3384,17470,13510,0,13421,17257,2518,14497,14716,1934,12762,14768,2313,12230,13553,0,13416,14721,1936,12774,14121,0,13010,13510,0,13344,18019,2747,15088,22346,3339,18751,21706,2895,18151
5,5,38530,31420,2640,3935,319,268,30,0,0,40232,31787,3334,4483,396,238,43,0,0,42142,31419,4364,4882,496,1001,69,40235,31023,3765,4623,503,235,26,4064,365,59,18,758,42674,33013,3775,4966,364,697,188,29409,24655,1691,2692,230,190,21,0,0,29608,25193,863,3250,147,139,0,3211,147,93,0,4,0,32908,25608,2745,3389,374,737,39,32908,25608,2745,3063,260,68,10,1071,30282,25265,1349,3456,249,146,0,0,0,0,0,32350,27161,1214,3647,165,320,0,3396,149,112,0,32931,26988,1675,3696,254,296,4,3347,206,113,4,15538,4129,11076,12836,3542,9294,16809,3847,12219,16460,3288,12730,10985,0,10808,13116,3578,9506,13111,3351,9752,13084,3196,9885,13123,3142,9785,16424,4021,12112,19551,4948,14284,19543,5144,14068,11316,0,11163,15806,3859,11702,13101,2738,10354,13134,3268,9664,11370,0,11166,13065,2714,10342,12100,0,10631,10969,0,10708,16481,4106,12184,20522,5154,15098,19945,4619,14733
6,6,34884,28851,1018,4240,588,243,24,0,0,38323,30580,1055,5443,983,274,90,0,0,40247,31453,1689,5059,1029,863,39,39752,32680,1054,4619,1068,318,63,4104,907,182,20,728,41426,34685,1172,4179,689,527,107,26500,22292,667,3002,387,180,13,0,0,28884,23866,393,3830,578,212,11,3720,503,85,11,6,0,31068,24891,1072,3591,752,625,25,31068,24891,1072,3331,649,65,5,965,30966,25794,497,3657,640,260,8,0,0,0,0,31648,27201,555,3097,347,222,2,2947,262,82,2,33927,28688,916,2781,493,831,5,2571,317,446,5,15092,4476,10386,14217,3907,10310,17288,4191,12231,16894,3377,13050,11798,0,11598,14258,4200,10034,14193,3865,10323,14185,3697,10485,14204,3585,10354,17519,4523,12673,21306,5783,15177,21326,5915,15133,12657,0,12471,17251,4458,12545,14829,3226,11581,14873,3847,10856,12701,0,12450,14798,3238,11555,13674,0,11886,12661,0,12257,18193,4742,13279,22770,5865,16613,22256,5044,16653
7,7,39645,30878,685,7761,150,234,22,0,0,39700,30208,857,8468,147,253,18,0,0,40292,30020,1160,8028,241,823,30,38055,29288,988,7615,166,190,0,6971,100,25,0,655,38551,29227,687,8184,198,209,5,30009,23953,419,5407,99,172,14,0,0,30543,23755,474,6068,88,157,0,5981,82,49,0,0,0,31159,23854,672,5774,150,663,19,31159,23854,672,5481,101,96,0,890,28695,22504,445,5554,104,120,0,0,0,0,0,29300,22703,379,6009,129,133,0,5823,107,22,0,29728,23037,471,5423,112,592,19,5199,89,96,19,15004,5124,9543,13935,4746,9189,15686,4119,11134,15223,3969,10889,9274,0,9165,11659,3444,8202,11638,3363,8268,11633,3187,8443,11615,3185,8284,14920,4124,10612,17746,4890,12675,17749,5097,12375,9330,0,9245,14202,3795,10264,11109,2438,8658,11147,2671,8347,9363,0,9253,11096,2414,8672,9936,0,8866,9322,0,9179,14557,3798,10650,17840,4139,13520,17360,3712,13234
8,8,39146,28789,1287,8578,329,274,39,0,0,40640,28883,1678,9650,248,446,30,0,0,41145,28715,1885,9260,419,856,64,41031,29520,1484,9680,206,666,324,8621,117,82,19,1197,40813,28703,1803,9760,421,492,150,30302,23137,848,5946,229,213,19,0,0,31573,23163,738,7224,125,250,9,7063,80,69,9,148,0,32693,23809,1231,6645,297,680,53,32693,23809,1231,6262,200,59,14,1040,31372,23154,717,6729,128,262,20,0,0,0,0,31084,22985,872,6623,221,184,0,6505,160,25,0,31911,24338,819,5907,191,526,10,5758,121,47,10,15493,5869,9356,14969,5476,9493,15929,4922,10493,15475,4408,10621,9522,0,9374,12415,4304,8098,12383,4122,8258,12369,3966,8400,12372,3965,8251,15763,5041,10491,19274,6197,12827,19268,6419,12574,10221,0,10122,15256,4728,10344,12491,3172,9309,12499,3559,8789,10292,0,10157,12455,3126,9323,11095,0,9648,10190,0,9969,15891,4845,10893,19407,5537,13621,18873,4812,13589
9,9,38590,29494,1371,7180,408,250,14,0,0,40950,31977,1889,6618,421,285,10,0,0,41974,30436,2648,7470,677,817,67,41388,31370,1748,7668,471,247,11,7035,293,14,10,802,41913,31632,1902,7265,921,581,26,29435,23253,827,4973,271,180,10,0,0,30743,25289,693,4237,261,158,10,4136,208,11,10,80,0,32676,24609,1806,5231,470,607,57,32676,24609,1806,4892,355,79,6,864,31688,25288,673,5233,277,104,7,0,0,0,0,31771,25359,697,5128,477,291,8,4786,344,13,8,32684,25291,1055,5109,288,1101,7,4682,242,27,7,14562,4933,9375,13978,4683,9295,15054,4437,9899,14662,3796,10495,9553,0,9378,12037,4105,7909,12014,3872,8129,11992,3649,8334,11997,3578,8236,15197,4660,10278,18721,5828,12596,18741,5983,12505,9995,0,9850,14693,4445,10038,11989,3023,8950,12022,3505,8366,10044,0,9822,11981,3009,8966,10860,0,9285,9957,0,9614,15385,4612,10629,18838,5336,13238,18298,4649,13192
10,10,35488,28871,1874,4164,389,254,25,0,0,40159,32408,2930,3803,758,205,0,0,0,42158,31570,4028,4484,1044,1054,46,41281,32124,3158,4827,869,324,1,4274,629,94,0,921,41917,31308,3795,5541,718,449,16,26453,22119,1161,2770,275,176,16,0,0,29012,25596,579,2306,425,126,0,2235,370,41,0,0,0,32069,24864,2547,3082,765,788,25,32069,24864,2547,2819,661,65,6,972,29593,25471,897,2279,537,191,0,0,0,0,0,30514,25342,1077,3223,445,309,0,3109,341,132,0,31835,25542,1435,3378,655,854,0,3252,503,278,0,14286,3844,10210,13896,3584,10312,16695,3833,12119,16383,3435,12485,10608,0,10411,12910,3815,9070,12894,3623,9266,12881,3465,9410,12928,3360,9339,16316,4226,11787,19553,5269,13956,19568,5506,13728,10757,0,10614,15642,4059,11353,12670,2886,9771,12709,3300,9264,10825,0,10620,12627,2830,9793,11592,0,10081,10756,0,10482,16197,4290,11744,19878,5161,14487,19404,4651,14233
11,11,41549,30251,745,10156,186,297,22,0,0,40307,29005,1085,9900,150,269,16,0,0,40357,29257,1289,8777,209,755,49,41594,29701,1196,10120,256,304,45,9578,188,110,0,645,41579,29518,1557,9912,135,333,24,31847,23691,479,7370,119,248,15,0,0,31004,23014,280,7393,83,243,0,7209,75,15,0,32,0,31934,23577,806,6696,158,607,34,31934,23577,806,6381,94,70,9,914,32314,24230,226,7395,162,248,0,0,0,0,0,32329,24353,352,7274,83,246,0,6981,63,33,0,32193,24084,671,6950,166,373,4,6612,128,41,4,16928,6500,10129,16020,6333,9687,16903,5174,11316,16399,4952,11028,10033,0,9922,13070,4267,8793,13035,4087,8944,13028,3951,9071,13041,3964,8918,16310,4983,11135,19146,5553,13398,19165,5772,13073,10596,0,10523,15617,4493,10981,12893,3055,9829,12928,3348,9442,10630,0,10524,12867,3047,9814,11209,0,10099,10548,0,10432,15925,4421,11397,18685,4692,13797,18185,4214,13463
12,12,42120,18331,3104,20359,281,245,40,0,0,41320,18187,3248,19484,177,326,0,0,0,40274,17132,3690,18694,357,655,61,41498,17713,3244,20386,112,138,0,19899,67,28,0,467,41157,17654,3248,19752,247,461,11,32631,15521,1893,14960,214,179,29,0,0,31276,15507,887,14662,76,189,0,14617,56,49,0,10,0,32034,14809,2320,14310,266,504,38,32034,14809,2320,13895,187,70,11,687,31188,14878,705,15694,59,80,0,0,0,0,0,31604,14911,1116,15516,100,257,10,15423,58,39,10,31074,14713,1107,14884,84,232,17,14758,43,10,17,16400,9288,6849,15994,9332,6662,15544,8139,6955,15003,7547,7173,7356,0,7212,12411,6634,5762,12405,6630,5774,12398,6466,5927,12392,6504,5770,14875,7858,6848,16947,8969,7759,16979,9223,7543,7434,0,7296,14092,7208,6744,11315,4992,6320,11328,5142,6043,7486,0,7312,11290,5003,6283,8496,0,6660,7305,0,7104,14196,7123,6972,16294,7733,8324,15788,7197,8266
13,13,39577,31027,775,7100,514,197,17,0,0,40597,30615,1082,7938,751,202,66,0,0,40433,30332,1203,7476,683,674,58,40260,30637,1244,7391,771,37,0,7009,729,3,0,487,39571,29844,1374,7311,710,256,0,30734,24528,479,5246,349,144,10,0,0,31314,24577,336,5935,353,69,0,5868,343,5,0,44,0,32154,24882,763,5445,471,511,33,32154,24882,763,5162,383,52,14,816,31397,25092,513,5129,399,37,0,0,0,0,0,30961,24719,601,4824,368,178,0,4718,246,4,0,31602,25108,785,5131,505,210,0,4968,288,0,0,19288,5933,13084,18021,5395,12626,19156,5149,13268,18678,4596,13671,12796,0,12672,15684,4682,10980,15626,4418,11202,15564,4125,11432,15623,4174,11197,18705,5164,13266,21635,5948,15413,21658,6124,15164,12977,0,12856,18121,4849,13047,15398,3451,11937,15421,3935,11297,13034,0,12829,15374,3426,11938,13886,0,12295,12814,0,12585,18523,4917,13446,21581,5637,15689,21069,5057,15477
14,14,40329,26671,1951,11460,152,218,34,0,0,40895,26942,2156,11474,199,283,7,0,0,40858,26212,2681,10967,267,885,31,41235,26665,2352,11748,273,312,10,10684,189,92,2,1225,41807,27353,2495,11211,325,356,9,30850,21136,1117,8379,103,176,25,0,0,31170,21759,707,8382,88,206,4,8293,74,83,4,18,0,32085,21375,1687,8226,212,682,19,32085,21375,1687,7890,116,87,8,848,31160,21330,770,8697,131,225,4,0,0,0,0,31437,22028,615,8441,127,231,9,8287,97,56,9,31196,21858,638,8315,101,242,10,8198,94,43,10,16321,6771,9266,15783,6701,9082,16477,5779,10217,15872,5009,10384,9542,0,9408,12894,4816,8057,12882,4684,8191,12841,4498,8334,12870,4483,8232,16062,5571,10267,19253,6552,12496,19249,6753,12189,10112,0,9991,15509,5171,10155,12613,3445,9149,12646,3770,8710,10174,0,9995,12616,3427,9172,10825,0,9509,10052,0,9854,15871,5122,10616,18688,5506,12982,18112,4908,12444
15,15,35933,17530,4798,11448,1812,539,146,0,0,43258,19196,5533,15699,2439,541,18,0,0,42302,16920,7622,14594,2164,1310,119,44309,18910,6109,17303,2412,431,18,14397,1837,87,5,2544,43412,16995,6154,17874,2378,409,63,27447,14711,3229,7687,1444,382,100,0,0,28866,16110,1221,9754,1429,345,4,9514,1266,80,4,90,0,32544,14591,5009,10292,1724,931,95,32544,14591,5009,9583,1432,156,40,1394,29816,16060,2037,9958,1328,300,4,0,0,0,0,29303,14187,2348,10796,1472,290,4,10352,1335,45,4,29814,14485,2801,10542,1534,229,0,10004,1315,22,0,10506,5287,5079,9101,5018,4083,12095,6221,5192,11831,5392,6134,5113,0,4887,8972,5535,3419,9001,5634,3357,8951,5368,3573,8983,5314,3455,11709,6627,4830,14207,8379,5540,14183,8592,5323,4731,0,4572,10792,6226,4349,7673,4098,3566,7696,4453,3120,4803,0,4581,7635,4125,3504,5913,0,3788,7661,4332,3240,10871,6375,4354,12454,7048,5190,12081,6714,5014
16,16,30270,22991,1721,5072,404,170,45,0,0,38694,27916,2301,7510,879,402,106,0,0,41781,28790,3546,7649,970,799,79,40142,29311,2490,7427,779,384,108,6701,503,129,36,940,40993,29086,2956,8148,725,248,31,22003,17131,1075,3470,256,120,21,0,0,27492,20186,1086,5563,371,240,15,5438,289,165,15,71,0,31015,22146,2337,5267,615,606,56,31015,22146,2337,4934,473,55,27,946,28354,21427,1157,5233,285,270,15,0,0,0,0,28943,21782,1416,5345,269,165,27,5014,141,44,27,30908,22274,2007,5818,452,264,15,5307,244,21,15,12520,4434,7853,13328,4432,8896,16209,4784,10535,15907,4211,11231,10114,0,9868,13323,5023,8275,13281,4725,8548,13271,4566,8697,13300,4508,8565,16749,5582,10840,20958,7310,13298,20965,7540,13111,11489,0,11279,16611,5511,10815,14298,4165,10112,14355,4741,9368,11547,0,11264,14273,4153,10110,12646,0,10564,11427,0,11049,17820,6027,11586,22925,7563,15014,22261,6958,14735
17,17,38074,34331,1126,2064,243,299,22,0,0,41376,36077,1703,3101,252,324,176,0,0,42109,36034,1911,2445,459,1047,68,43264,37137,1477,3935,410,297,75,3423,321,146,42,676,44810,38524,1548,3598,436,409,49,29412,26960,724,1333,151,207,13,0,0,31808,29013,504,1891,143,243,15,1747,70,93,15,45,0,33467,29348,1219,1636,306,814,49,33467,29348,1219,1393,167,99,12,1160,33393,30498,520,1951,185,190,15,0,0,0,0,33817,30819,604,1940,202,291,10,1787,164,35,10,34612,30526,940,1844,320,972,10,1752,267,52,10,15755,3568,11822,15786,3286,12500,18790,3338,14482,18452,3017,14852,13050,0,12887,15367,3729,11600,15353,3478,11865,15338,3304,12020,15345,3147,11949,18749,3882,14461,22362,4947,17005,22385,5086,16915,14713,0,14580,18799,3961,14501,17058,3316,13704,17105,3804,13022,14760,0,14536,17028,3302,13708,15907,0,14146,15027,0,13924,19781,4341,15180,24340,5452,18526,23882,5306,17660
18,18,35512,28243,2725,4009,466,213,24,0,0,38822,29829,3457,4296,1178,207,9,0,0,42229,31769,3945,4734,816,935,68,37988,29652,3252,4374,671,300,39,3650,535,36,0,771,41043,32031,2975,4760,1175,300,48,26764,21920,1769,2684,322,153,12,0,0,28013,24042,1021,2563,251,72,0,2471,202,31,0,46,0,32671,25353,2705,3298,561,706,34,32671,25353,2705,2991,466,55,16,991,28513,24013,1098,2864,328,119,0,0,0,0,0,30874,25769,1309,2848,774,132,0,2636,701,22,0,33340,26523,2290,3217,550,639,10,3059,513,53,10,15369,4247,10768,15358,3977,11381,17980,4190,12822,17598,3760,13343,11593,0,11402,14389,4312,10041,14393,4017,10365,14350,3906,10437,14382,3771,10346,17880,4672,12841,21564,5851,15311,21588,6112,15130,12716,0,12575,17555,4548,12698,15015,3391,11600,15043,3825,10986,12785,0,12577,14995,3369,11610,13746,0,11980,12815,0,12140,18398,4864,13313,22847,5981,16527,22297,5810,15785
19,19,37103,23913,6327,6166,604,436,35,0,0,39887,24125,7421,7527,662,620,243,0,0,41475,24965,9105,6035,800,1172,75,40233,24823,7799,6675,750,701,214,5035,625,18,129,1729,40589,24899,7485,7167,841,846,52,28714,19930,4113,4128,442,314,23,0,0,27595,20497,1372,5269,299,137,52,5104,269,26,52,0,0,32693,21432,5791,4310,623,867,57,32693,21432,5791,3904,449,64,30,924,28143,21847,1811,3878,384,177,70,0,0,0,0,29523,22388,1976,4529,499,214,0,4091,341,33,0,29927,21790,2681,4381,705,629,5,3897,498,57,5,11863,4231,7381,11549,4173,7376,13096,4582,7771,12821,4026,8388,7821,0,7576,10745,4501,6222,10744,4353,6382,10688,4182,6499,10734,4059,6442,13173,5101,7788,15821,6471,8994,15813,6694,8885,7789,0,7578,12681,4975,7467,10339,3664,6654,10400,4032,6192,7804,0,7516,10314,3665,6642,8970,0,6993,8215,0,6966,13135,5254,7709,15761,6270,9194,15364,6164,8656
20,20,39811,30462,3550,4330,1314,274,76,0,0,40452,30226,4418,4153,1466,444,86,0,0,42147,29463,5054,4823,1895,893,100,40908,29827,4841,3822,1944,514,70,3380,1692,121,56,770,42432,30563,5134,4453,2159,473,27,30866,24518,2347,2879,956,194,58,0,0,29618,24235,1240,3140,744,176,16,3044,641,68,16,48,0,32880,24099,3314,3388,1379,653,50,32880,24099,3314,3059,1194,72,29,992,30067,24779,1369,2881,767,211,50,0,0,0,0,30440,24837,1627,2980,802,151,10,2830,761,31,10,31508,24221,2169,3539,945,536,26,3409,781,12,26,18827,5414,12920,17564,4777,12787,19283,5414,12485,19004,4529,13896,12300,0,12015,15678,5462,10167,15654,5040,10602,15626,4842,10766,15636,4640,10666,18771,5835,12479,21592,7240,13872,21635,7419,13924,12077,0,11854,17962,5688,11884,14829,4172,10627,14896,4813,9792,12140,0,11801,14808,4145,10649,13421,0,11187,12327,0,11083,18211,5905,12055,20657,6713,13538,20269,6472,12959
21,21,37254,29750,2405,2564,2433,197,45,0,0,41102,31022,3046,3394,3155,635,251,0,0,42304,30796,3461,3544,3611,682,47,41619,31214,3556,3006,3237,443,198,2557,2961,172,173,594,44700,33324,3865,3847,3156,393,37,26841,21819,1603,1709,1628,133,34,0,0,27961,22754,1530,2166,1117,295,105,2040,1069,200,105,45,0,31721,23768,2330,2518,2471,478,21,31721,23768,2330,2240,2293,47,8,893,28269,22757,1757,2104,1331,203,15,0,0,0,0,30972,24397,1957,2844,1612,129,10,2660,1486,54,10,31512,24312,2314,2281,2025,319,37,2063,1791,76,37,16962,4944,11748,17609,4627,12982,19795,5923,12659,19517,4605,14450,12758,0,12511,16331,6044,10256,16285,5577,10701,16282,5303,10965,16299,5072,10933,19859,6558,12906,23643,8647,14552,23683,8613,14797,13427,0,13202,19382,6468,12555,16471,4635,11813,16532,5455,10796,13449,0,13109,16437,4691,11740,14853,0,12459,13523,0,12323,19999,6831,12922,23473,8097,14884,23003,7748,14514
22,22,37796,29378,2366,4409,1521,217,57,0,0,40997,32218,2274,3740,2311,336,466,0,0,42154,31778,3012,4670,1905,732,102,39812,31807,2066,3448,1902,303,419,2904,1629,47,351,708,40488,32262,2078,3874,1863,199,157,30660,24428,1714,3271,1157,177,35,0,0,30840,26053,1069,2601,781,237,194,2371,670,71,194,26,0,34044,26257,2182,3552,1441,563,75,34044,26257,2182,3182,1238,51,29,984,30175,26067,1119,2072,613,204,235,0,0,0,0,31783,26838,1173,2461,1025,186,40,2285,808,34,40,32475,27043,1506,2297,1045,578,10,1857,799,134,10,18300,6273,11687,17678,5926,11752,19088,6709,10822,18770,5348,12906,12255,0,11890,16263,7146,9086,16196,6569,9613,16161,6189,9962,16176,5877,9892,19195,7493,11240,22479,9580,12369,22517,9605,12670,12157,0,11833,18645,7446,10793,15878,5667,10175,15988,6588,9114,12206,0,11698,15836,5645,10177,14029,0,11005,12602,0,10556,19101,7864,11003,21823,9200,12122,21447,9002,11683
23,23,35903,15433,4286,15756,416,362,55,0,0,38352,17560,4685,15315,584,308,274,0,0,40323,15344,6588,17423,633,883,85,38702,17217,5170,15502,637,345,244,14784,385,87,210,780,38509,17593,5204,15054,537,460,137,28260,13147,2902,11849,307,278,38,0,0,28233,14855,1145,11680,323,198,78,11521,271,71,78,6,0,31641,13464,4396,12980,485,621,63,31641,13464,4396,12439,336,38,30,848,29018,13514,1467,13474,289,228,38,0,0,0,0,28860,13981,1532,12721,311,208,10,12510,255,15,10,29324,14456,2006,11400,455,592,32,11151,366,84,32,12030,7664,4117,11881,7602,4279,12553,7499,4215,12192,6601,5203,5542,0,5243,10359,6883,3443,10331,6636,3683,10316,6459,3852,10332,6306,3786,12767,7932,4556,15801,10004,5433,15820,10211,5427,5721,0,5484,12269,7636,4403,9710,5489,4195,9774,6034,3580,5781,0,5409,9689,5452,4229,7276,0,4774,6128,0,4684,12771,7917,4707,15434,9111,5981,14989,8833,5763
24,24,32560,24117,1590,5894,852,193,48,0,0,39518,28841,2269,6934,1296,242,151,0,0,42236,30876,3006,5966,1681,668,89,41850,29534,2152,7980,1757,250,198,7522,1366,9,182,720,42558,29874,2731,7916,1735,428,41,25388,19328,1088,4288,601,130,34,0,0,29683,22845,898,5132,603,87,123,5021,517,16,123,17,0,33441,25148,2105,4307,1275,495,57,33441,25148,2105,3996,1078,49,37,894,32312,24905,1110,4911,770,97,178,0,0,0,0,32824,25207,1472,5142,663,99,42,4981,456,7,42,34077,26444,2075,4298,942,266,21,4166,800,7,21,16335,6178,9852,15514,5536,9978,18231,7138,9816,17918,5385,12091,11295,0,10989,15415,7462,7923,15333,6728,8580,15312,6227,9073,15323,5911,9064,18540,7834,10340,22253,10236,11566,22320,10136,11977,11596,0,11315,18133,7807,9977,15388,5690,9659,15478,6949,8286,11587,0,11097,15335,5628,9691,13385,0,10555,11778,0,9652,18801,8269,10343,22323,9932,12002,21942,9858,11357
25,25,36933,13486,3215,20038,259,305,50,0,0,42442,15158,4880,22097,303,527,85,0,0,40607,12537,6110,21079,445,949,73,40855,14076,4990,21456,505,508,61,19870,415,66,2,1355,41085,14746,6144,20009,761,725,12,27230,10895,1954,14205,192,206,28,0,0,29350,12516,1045,15550,133,190,6,15137,103,53,6,54,0,30364,10346,3752,15584,313,673,44,30364,10346,3752,14961,217,50,16,902,27996,10328,1135,16462,233,149,3,0,0,0,0,27561,11032,1479,14560,364,227,1,14207,209,18,1,27729,11161,2137,13301,383,571,0,12835,213,41,0,13524,9550,3764,13070,9314,3756,12962,8436,4090,12642,7805,4560,4718,0,4475,10334,7129,3193,10362,7080,3275,10338,6975,3357,10379,6932,3321,13000,8543,4266,15864,10318,5302,15865,10560,5109,5079,0,4899,12239,7902,4174,9266,5411,3846,9288,5623,3518,5144,0,4906,9233,5412,3810,6247,0,4309,5084,0,4547,12821,8068,4616,16285,9392,6610,15630,8999,6293
26,26,24787,19208,1465,3270,683,229,40,0,0,34488,25900,2202,4241,1751,307,71,0,0,41463,28092,3800,5913,2846,988,78,36569,25695,2858,5513,2117,318,116,4712,1437,63,46,1621,41483,28510,3620,6157,2450,319,167,17496,14030,871,2046,436,142,25,0,0,23701,19101,1005,2541,912,135,40,2456,662,80,40,10,0,29540,20963,2384,3814,1793,628,44,29540,20963,2384,3352,1580,81,15,1053,24776,19152,1219,3384,866,172,35,0,0,0,0,28097,21556,1599,3679,1037,187,25,3339,908,69,25,30988,22698,2540,4333,1200,170,14,3858,1100,26,14,10952,3850,6918,12442,4239,8203,16620,5706,9907,16099,5138,10398,10475,0,10173,13849,5626,8217,13774,5532,8239,13779,5389,8386,13780,5337,8138,17298,6719,10228,21785,9049,12380,21759,9270,12189,11455,0,11190,17230,6763,10164,14768,5364,9391,14814,5660,8880,11509,0,11171,14743,5206,9528,13098,0,9966,14767,5363,9205,18414,7392,10795,23587,9479,13678,22809,9045,13691
27,27,36783,25791,2744,7116,1042,219,70,0,0,41575,28439,3470,8516,1216,295,70,0,0,42108,27358,4113,8374,1456,889,72,42529,28711,3074,9185,1339,226,80,8771,1045,46,22,662,43254,28235,3363,10071,1224,275,52,27416,19954,1774,4930,665,144,40,0,0,30592,22333,1683,5850,553,112,0,5800,487,67,0,57,0,32826,22180,2800,6127,1046,636,44,32826,22180,2800,5700,835,78,26,1072,30992,22326,1426,6460,580,103,16,0,0,0,0,32590,22525,1572,7651,479,143,2,7503,413,46,2,33670,23850,2251,6211,668,588,7,5938,495,77,7,16819,6487,10054,17117,6443,10674,19101,6978,11043,18686,6084,12073,10875,0,10555,15362,6908,8423,15339,6570,8752,15342,6423,8908,15347,6191,8862,18753,7583,10790,22103,9377,12313,22095,9638,12179,11188,0,10906,18045,7333,10390,14914,5453,9436,14954,6058,8646,11255,0,10856,14860,5448,9397,12726,0,10106,11339,0,10388,18679,7740,10717,22674,9375,12961,22104,9025,12474
28,28,31809,24009,2022,5263,462,180,41,0,0,38034,26878,2809,7399,658,551,108,0,0,40584,27531,3630,7726,913,810,60,39778,27118,3327,8056,651,444,118,7748,328,54,28,1126,40646,25919,4282,9271,808,499,0,23127,17961,1329,3473,289,126,30,0,0,27579,20683,1328,5038,304,190,25,5022,226,75,25,0,0,30601,21490,2481,5390,584,607,34,30601,21490,2481,5059,422,62,12,952,28911,21695,1387,5225,363,195,30,0,0,0,0,29658,21362,1714,5905,475,185,0,5852,379,19,0,32161,22365,2271,6158,712,727,0,5925,666,38,0,13727,4847,8613,14076,4969,9107,17517,5818,10837,17161,5158,11515,10553,0,10303,14351,5808,8519,14359,5598,8748,14348,5449,8887,14357,5296,8783,17693,6453,10897,21480,8150,12942,21477,8398,12737,11511,0,11295,17422,6371,10749,14877,4887,9974,14920,5388,9280,11579,0,11293,14839,4870,9961,12923,0,10521,11440,0,10983,18452,6827,11391,23583,8510,14685,22856,7957,14359
29,29,41152,31819,1061,7688,276,376,18,0,0,41483,31249,1117,8635,296,444,31,0,0,42241,31505,1653,7718,309,1073,33,43219,33575,1067,8084,281,506,21,7223,198,72,0,1039,42543,31715,1244,8274,180,593,16,31415,24780,621,5595,190,263,10,0,0,31759,24647,563,6119,147,273,0,5974,115,33,0,111,0,33159,25266,1032,5793,214,812,21,33159,25266,1032,5530,167,158,10,900,34027,27406,519,5611,148,330,0,0,0,0,0,34062,26802,468,6189,76,493,2,5935,69,116,2,34528,27321,1023,5764,49,524,2,5348,52,90,2,16474,5777,10355,16289,5787,10502,17270,4833,11999,16689,4808,11402,10261,0,10169,13267,4058,9202,13236,3995,9238,13223,3793,9428,13234,3902,9153,16709,4849,11642,19949,5558,14196,19931,5792,13726,10686,0,10599,15935,4353,11416,12658,2761,9889,12662,2991,9520,10727,0,10616,12672,2711,9957,11264,0,10078,12493,2502,9834,16374,4343,11914,19754,4795,14788,19041,4429,14543
30,30,40968,31003,1810,7675,252,346,26,0,0,41617,31320,2095,7487,419,466,36,0,0,41619,30137,2422,7883,360,889,22,42351,31131,2389,8008,549,411,13,7508,431,61,12,810,41118,30928,2458,7396,69,288,151,30671,23977,1079,5263,172,269,20,0,0,31570,25106,596,5329,160,407,14,5127,156,58,14,8,0,31956,23941,1514,5603,252,663,11,31956,23941,1514,5312,209,100,0,806,31221,24436,608,5618,222,338,10,0,0,0,0,30747,24408,871,5112,40,237,0,4667,35,24,0,31222,24350,1071,5264,117,258,0,4841,60,20,0,14588,4757,9544,14631,4839,9792,15906,4049,11463,15408,3970,11013,9505,0,9433,11901,3187,8699,11899,3150,8745,11866,3014,8849,11858,3059,8674,15222,3943,11090,18110,4474,13451,18083,4674,13027,10036,0,9973,14494,3487,10866,11573,2167,9398,11592,2396,9086,10071,0,9988,11574,2125,9446,10437,0,9558,11580,2160,9312,14926,3490,11338,18409,3969,14289,17664,3669,13969
31,31,39686,13603,3233,21897,974,361,32,0,0,40992,13890,5189,20740,1207,240,136,0,0,42128,13234,4834,22521,1297,746,73,40800,13760,4850,21154,1071,308,121,20289,891,27,5,976,41571,14037,5029,21102,1261,381,120,30050,11725,2032,15586,684,255,17,0,0,29240,11746,1534,15262,569,153,5,15093,537,24,5,20,0,32266,11403,3129,16482,985,565,46,32266,11403,3129,15787,859,66,18,902,29101,10816,1419,16255,546,210,6,0,0,0,0,29242,11064,1624,15688,782,178,6,15503,669,47,6,30662,11617,1913,16204,856,207,0,15781,791,19,0,13220,9708,3307,12465,9793,2672,12382,8790,3190,11958,8027,3671,3634,0,3423,9119,6798,2309,9182,6833,2339,9148,6621,2516,9176,6707,2367,11880,8506,3213,14230,10158,3858,14233,10382,3675,3490,0,3300,10775,7698,2936,7305,4889,2409,7322,5018,2194,3533,0,3298,7284,4765,2514,4493,0,2753,3540,0,3082,10731,7562,3062,12081,8020,3878,11708,7780,3646
32,32,37681,26810,2520,7450,794,233,44,0,0,37840,25328,3038,8412,814,501,14,0,0,40616,26750,3904,8005,1275,823,84,41102,26469,3298,10381,804,392,15,9683,652,67,8,916,40340,25686,3482,10296,748,334,60,29578,21886,1546,5508,535,170,25,0,0,28757,20847,858,6193,442,296,13,6144,372,122,13,117,0,32415,22237,2576,6094,921,588,62,32415,22237,2576,5736,784,81,38,851,30797,21811,989,7184,450,166,6,0,0,0,0,30945,21262,1419,7438,424,187,6,7218,335,77,6,31963,22810,1345,6999,542,169,66,6678,409,22,66,14637,5478,8914,13139,5044,8095,14350,5183,8520,14001,4365,9214,8630,0,8479,11704,4749,6942,11669,4462,7195,11650,4072,7569,11621,4095,7332,14545,5435,8844,17803,6927,10571,17813,7015,10503,8963,0,8751,14048,5239,8596,11438,3635,7776,11489,4219,7121,8985,0,8676,11425,3468,7949,9895,0,8204,9565,724,8155,14617,5470,8995,17557,6521,10801,17111,6468,10380
33,33,38812,29267,1218,7355,838,281,10,0,0,40952,30251,1423,8200,966,322,0,0,0,40894,29241,2027,7858,1109,735,49,41230,30159,1340,8465,1237,297,0,7772,1037,56,0,861,41965,30599,1792,8350,979,342,16,29586,22860,751,5278,563,193,7,0,0,31362,24226,621,5785,595,136,0,5600,571,39,0,3,0,32173,23748,1352,5695,827,547,21,32173,23748,1352,5420,727,63,3,794,31685,24759,499,5571,725,157,0,0,0,0,0,32359,24980,855,5705,502,221,15,5576,459,35,15,32258,24647,1218,5468,626,223,35,5243,574,27,35,16855,5723,10841,16501,5521,10980,17500,5125,11772,17123,4314,12351,10625,0,10470,13843,4795,9035,13804,4565,9235,13829,4188,9636,13820,4336,9339,17227,5409,11584,20647,6784,13596,20670,6932,13417,11259,0,11101,16703,5215,11286,13901,3750,10142,13941,4270,9497,11288,0,11062,13886,3551,10327,12182,0,10555,11287,0,10812,17349,5453,11730,21128,6425,14475,20700,6378,13829
34,34,33115,23697,2293,5640,1420,206,41,0,0,40523,26756,3736,8190,1794,323,100,0,0,42058,27288,3644,8306,2093,904,48,41786,27226,4209,8266,2082,390,115,6946,1724,14,10,1586,44134,27632,4148,9096,2427,318,43,24495,18271,1369,3864,927,140,23,0,0,28725,20589,1117,5667,1106,191,0,5540,1072,18,0,87,0,32027,21562,2323,5885,1593,692,29,32027,21562,2323,5455,1426,86,13,1035,29744,21213,1388,5524,1317,179,0,0,0,0,0,31625,22645,1512,5817,1402,83,0,5760,1357,11,0,32600,22358,2077,6671,1257,108,0,6412,1196,5,0,13844,4830,8796,14437,5100,9337,16684,5588,10305,16373,4590,11328,10168,0,9999,13597,5383,8191,13581,5105,8466,13581,4767,8809,13581,4859,8515,17046,6142,10592,21069,8033,12715,21072,8217,12544,10971,0,10789,16687,6066,10367,13929,4503,9414,13960,5016,8754,11006,0,10740,13923,4336,9577,12175,0,9993,10974,0,10467,17622,6497,10936,22124,8127,13693,21645,7809,13249
35,35,32221,26453,1454,3271,917,164,33,0,0,40103,30571,2330,5401,1760,226,19,0,0,41682,30889,3113,4799,1941,785,54,42732,33085,2742,4596,2227,315,5,3591,1560,46,5,1684,44635,33527,2646,5091,2680,482,0,23239,19443,877,2238,570,116,23,0,0,27943,22612,896,3295,958,125,0,3148,858,59,0,30,0,30911,23581,1918,3423,1286,562,36,30911,23581,1918,3146,1140,60,20,936,30912,25350,1092,2834,1447,182,0,0,0,0,0,31806,25179,1025,3562,1752,210,0,3226,1141,95,0,32951,26061,1281,3877,1393,232,0,3567,855,0,0,14680,4427,9992,14535,4014,10521,17976,4923,12093,17639,3958,13235,11759,0,11549,14793,5141,9623,14738,4716,10009,14766,4510,10242,14756,4364,10160,18191,5516,12332,22065,7160,14522,22059,7283,14468,12830,0,12637,18038,5556,12182,15706,4308,11372,15749,4948,10578,12870,0,12583,15660,4253,11392,14053,0,11884,12907,0,12123,19262,6063,12988,25067,7878,16833,24633,7572,16343
36,36,34698,24276,3233,6540,571,253,38,0,0,36441,25701,3185,6873,660,497,9,0,0,41908,26692,5350,8204,891,1118,54,36685,25860,3213,6527,508,320,5,5566,318,77,0,1180,42401,27804,4574,8934,949,324,21,25794,18695,2027,4605,361,183,18,0,0,26431,19587,1171,5153,297,303,0,4813,222,56,0,89,0,31374,20936,3378,5812,583,839,43,31374,20936,3378,5396,499,49,18,1016,25067,18762,1179,4737,245,148,0,0,0,0,0,28878,20568,1525,6280,407,145,0,6082,366,51,0,29487,20547,2035,6260,515,120,0,6157,451,27,0,12723,4932,7494,13197,5132,8065,15484,4889,9961,15080,4428,10189,8666,0,8499,11772,4408,7324,11781,4278,7500,11752,4050,7692,11780,4120,7450,14961,5018,9665,17837,5961,11575,17832,6236,11207,8953,0,8817,14156,4649,9278,11133,3147,7972,11149,3433,7537,8996,0,8821,11133,3088,8035,9704,0,8303,8949,0,8603,14791,4830,9785,18934,5844,12850,18497,5684,12218
37,37,33274,24635,1751,5618,1209,198,34,0,0,37295,27610,1593,6309,1588,172,43,0,0,41805,27930,3668,7700,1852,875,50,38808,28038,2037,6832,1542,327,59,6486,1259,73,40,753,40649,29085,2502,7267,1578,386,0,24840,18927,1023,3973,832,142,23,0,0,27333,20648,780,4838,889,152,30,4771,837,41,30,28,0,31394,21682,2369,5492,1315,617,34,31394,21682,2369,5184,1183,72,9,832,28117,20932,992,5096,854,154,40,0,0,0,0,29461,21856,1120,5308,1000,183,0,5175,913,34,0,31461,22526,1748,5631,1178,254,0,5396,1134,47,0,10973,3745,7011,11602,3926,7676,13589,4024,8949,13235,3709,9124,7962,0,7802,10408,3749,6635,10417,3659,6749,10407,3413,6987,10401,3470,6748,14171,4637,9246,18733,6255,12188,18731,6531,11807,9683,0,9532,14209,4601,9384,12023,3411,8600,12050,3822,8074,9722,0,9527,12008,3308,8687,10555,0,8945,10355,1068,8993,15388,5019,10201,20428,6417,13772,19845,6197,13304
38,38,34962,30853,1112,2302,511,248,34,0,0,38485,34016,1173,2236,788,280,43,0,0,41175,35035,1830,2616,747,901,50,36894,32393,1372,2043,928,249,143,1795,723,63,16,502,40959,35923,1883,2184,840,165,142,26294,23580,636,1620,320,170,18,0,0,28351,25755,543,1469,427,121,15,1410,395,52,15,57,0,31717,27434,1137,1832,517,702,37,31717,27434,1137,1636,394,88,10,951,27941,25026,755,1522,301,214,15,0,0,0,0,30682,27651,793,1544,430,129,0,1465,290,33,0,33269,29414,1222,1893,525,166,4,1524,393,35,4,13847,3307,10254,14316,3086,11230,16399,2790,13029,16034,2538,12999,11195,0,11093,13044,2973,10049,13001,2743,10254,13003,2483,10516,13004,2503,10319,16595,3200,13150,20850,4142,16474,20827,4318,16122,13071,0,12956,16694,3168,13318,14770,2459,12296,14812,2922,11702,13118,0,12954,14772,2405,12359,13745,0,12587,13901,1272,12383,17795,3427,14211,22680,4046,18424,22037,3864,17863
39,39,39385,28517,3281,7277,178,279,81,0,0,40902,28878,4276,7158,293,238,55,0,0,40693,29421,4219,5945,278,1004,43,42103,30130,3847,7632,228,158,53,7212,126,74,28,567,40882,28540,4075,7541,309,285,59,29795,22360,2137,5063,113,211,59,0,0,29300,23141,896,4934,152,171,0,4868,129,88,0,4,0,31333,23725,2513,4276,189,711,28,31333,23725,2513,4060,97,112,4,767,31217,25020,1064,4779,77,128,0,0,0,0,0,30504,24075,1361,4712,99,145,0,4405,56,70,0,31626,24964,1523,4711,77,218,13,4301,46,7,13,16836,5022,11490,16812,5177,11635,18134,4558,12956,17746,4293,12922,11802,0,11722,14523,4140,10373,14488,3990,10488,14408,3507,10892,14449,3547,10670,17502,4581,12662,20041,5185,14603,20060,5313,14356,12292,0,12212,16850,4224,12413,14216,2854,11359,14259,3388,10662,12277,0,12138,14202,2743,11454,12965,0,11660,13412,1847,11522,17383,4283,12941,21000,4802,15951,20339,4308,15660
40,40,39799,24892,2723,11950,166,240,48,0,0,40894,25088,3002,12332,235,197,56,0,0,40290,24953,3383,11132,286,809,33,40920,25220,3065,12250,116,237,38,12116,91,106,0,266,40435,25005,3183,11831,142,281,46,30771,20185,1632,8736,131,188,34,0,0,30428,20640,424,9149,77,148,0,9129,75,110,0,35,0,31811,20756,2134,8287,189,583,21,31811,20756,2134,7931,121,81,1,727,30662,20833,528,9051,65,195,0,0,0,0,0,30602,20835,743,8767,53,172,0,8711,52,83,0,31243,21109,1202,8462,241,179,0,8345,161,37,0,17899,6946,10636,17503,7106,10397,18273,6416,11226,17743,5915,11296,10386,0,10276,14266,5607,8645,14246,5402,8836,14200,4889,9302,14218,4927,9100,17562,6353,10966,20331,7247,12837,20325,7376,12634,11249,0,11150,16827,5812,10826,14059,3973,10076,14142,4493,9459,11217,0,11049,14074,3835,10234,12117,0,10549,11239,204,10908,17117,5768,11213,19929,6159,13536,19354,5127,12568
41,41,41830,17694,634,23172,212,298,17,0,0,40523,16595,731,22893,327,251,2,0,0,40426,16454,1061,21971,437,667,74,41633,17061,714,23115,443,279,5,22741,165,122,0,520,40785,16711,1080,22448,583,294,0,31832,14460,417,16750,139,213,13,0,0,32163,14162,497,17287,61,212,0,17162,42,69,0,10,0,32092,13886,694,16822,311,495,49,32092,13886,694,16273,208,96,15,831,33184,14274,437,18095,230,231,0,0,0,0,0,32450,13674,580,17824,208,243,0,17631,129,18,0,32397,13704,620,17724,134,314,2,17362,66,4,2,18765,11866,6598,19067,12379,6688,18961,11512,6958,18244,10632,7224,7954,0,7710,15602,9804,5791,15610,9803,5805,15516,9439,6070,15565,9486,5888,18647,11350,7095,21853,13123,8491,21859,13352,8266,8753,0,8547,17728,10545,7009,14213,7640,6561,14314,7878,6206,8806,0,8500,14172,7448,6705,10817,0,7349,14244,7328,6449,18089,10591,7363,20772,11708,8795,19813,10858,8933
42,42,42957,28510,605,13504,211,228,31,0,0,40906,26572,943,13113,262,335,32,0,0,40423,25586,911,13074,331,576,59,40513,26176,1121,12967,210,315,54,11600,105,5,12,1473,39725,25176,1179,12547,269,788,54,33347,22886,382,9824,157,168,24,0,0,32056,21773,313,9676,95,190,10,9491,56,14,10,103,0,31739,20852,557,9654,223,449,43,31739,20852,557,9350,159,69,2,703,31611,21364,451,9471,50,184,10,0,0,0,0,31089,20758,467,8994,147,645,20,8862,124,47,20,31219,20791,386,8656,224,1013,26,8525,132,74,26,18863,8246,10289,17156,7983,9173,16965,6685,9793,16251,6173,9603,8668,0,8539,12602,5311,7280,12589,5228,7357,12547,4981,7559,12579,5025,7414,15921,6311,9395,18508,7046,11265,18509,7272,10888,9160,0,9040,14987,5663,9167,11755,3613,8136,11799,3959,7712,9215,0,9042,11750,3548,8187,9961,0,8455,11007,2602,8203,15030,5505,9419,17188,5824,11202,16519,5283,11019
43,43,39372,28329,992,8595,354,1242,14,0,0,41105,28986,1190,9122,261,1763,18,0,0,40341,28361,1541,7804,565,2086,58,40757,28686,1037,9124,329,1824,19,8301,271,1402,14,997,40176,28047,1158,9414,310,1509,2,30004,22342,580,6108,262,804,8,0,0,31151,22878,560,6345,139,1203,9,6215,124,1034,9,4,0,31575,23016,990,5743,408,1370,39,31575,23016,990,5444,309,684,7,1030,30687,23193,437,5718,186,1222,8,0,0,0,0,30583,23287,520,5872,147,890,4,5717,83,665,4,30029,23081,703,5485,153,777,7,5228,105,453,7,16180,6617,9284,17080,7113,9967,17968,6148,11177,17422,6191,10693,10399,0,10218,14175,5267,8904,14150,5211,8929,14152,5077,9062,14155,5160,8753,17224,6105,10857,19912,6768,12905,19901,7066,12485,9967,0,9848,16115,5444,10470,12447,3617,8825,12444,3772,8521,10009,0,9862,12449,3494,8952,10909,0,9106,12461,3526,8755,16503,5514,10847,20084,6478,13380,19408,5978,13405
44,44,19654,16198,1142,1878,353,143,17,0,0,34800,28663,2445,2947,931,389,0,0,0,40454,30371,3180,4271,1955,669,42,36888,30455,2566,2818,1205,362,0,1994,1114,57,0,588,38845,30328,3079,3838,1591,325,0,15305,12933,740,1331,237,102,8,0,0,25680,22448,1208,1489,444,120,0,1424,399,53,0,30,0,31290,24289,2122,2985,1343,451,30,31290,24289,2122,2711,1176,60,12,810,27989,24559,1305,1529,484,92,0,0,0,0,0,29415,24484,1653,2589,535,138,0,2438,460,22,0,34830,26410,2429,4274,1368,214,5,4004,1145,27,5,7763,2995,4633,9210,3400,5810,17569,6275,10474,17034,5650,10886,11653,0,11400,16091,6585,9499,16099,6499,9597,16115,6367,9738,16093,6380,9480,19355,7579,11459,24702,10142,14236,24693,10326,14058,13935,0,13723,20061,7834,11947,18709,6821,11877,18740,7011,11452,14008,0,13737,18723,6721,11990,15890,0,12594,18733,6785,11743,21967,8760,12981,28633,11706,16558,27706,10636,17036
45,45,40367,23972,2029,13979,221,244,21,0,0,40757,23614,2281,14448,246,278,39,0,0,40294,23196,2724,13475,289,766,24,41637,23774,2559,14799,285,302,57,13946,221,75,0,1044,41908,25245,2756,12818,531,412,119,30595,19207,1207,9914,152,176,13,0,0,31152,19744,427,10718,86,178,0,10584,79,34,0,0,0,31237,19238,1595,9710,188,566,19,31237,19238,1595,9350,137,67,1,773,30981,19482,366,10782,125,254,0,0,0,0,0,31256,20562,576,9419,325,301,0,9169,295,46,0,31259,21131,774,8802,247,225,0,8543,221,28,0,16055,7597,8175,17327,8242,9085,15505,6352,8697,15020,6275,8365,9003,0,8847,12695,5627,7054,12691,5300,7385,12692,4994,7692,12698,5286,7251,15620,6518,8904,19095,7692,11187,19087,7914,10882,9263,0,9139,15012,5896,8956,11976,3950,8019,11997,4109,7738,9302,0,9136,11995,3799,8189,10130,0,8389,12026,3888,7919,15744,6075,9528,19541,7353,11950,18801,6702,12075
46,46,37768,27233,2333,7019,823,545,64,0,0,41766,28764,2697,9248,937,340,20,0,0,42078,27214,3441,9450,1079,1092,61,42311,28464,2733,9791,1182,281,8,9476,854,71,0,623,42580,27380,3067,10602,1012,746,24,28648,21594,1487,4730,585,342,41,0,0,31257,23314,1117,6028,503,290,0,5959,428,91,0,27,0,32936,22346,2375,6666,816,803,46,32936,22346,2375,6280,654,170,14,975,31883,23546,1209,6364,592,216,0,0,0,0,0,32292,22662,1570,7012,625,370,0,6668,517,105,0,32059,22588,1615,6741,671,398,0,6409,483,77,0,15787,6249,9295,15805,6430,9375,17569,6799,9681,17169,6271,10315,11040,0,10724,15134,6654,8471,15053,6499,8550,15067,6254,8806,15024,6219,8488,17970,7561,10021,21519,9460,11676,21552,9752,11467,10399,0,10156,17215,7278,9615,13880,5464,8408,13912,5762,7906,10440,0,10116,13855,5303,8548,12015,0,9013,13908,5468,8225,17868,7729,9922,21215,9438,11484,20597,8603,11949
47,47,36519,30150,1376,4313,418,386,29,0,0,38870,31428,1712,4369,786,378,61,0,0,42120,32994,2286,4858,722,1297,38,41340,33215,1842,4917,574,405,29,4456,459,215,0,902,41715,33243,2808,4684,438,361,34,27465,23236,835,2946,247,257,19,0,0,29102,24453,406,3651,277,297,0,3588,269,173,0,31,0,32285,25996,1399,3447,497,911,19,32285,25996,1399,3119,386,122,4,1186,31468,26448,664,3594,197,338,0,0,0,0,0,31656,26649,1175,3112,226,282,2,2847,140,80,2,32502,27086,1270,3365,392,426,14,3014,291,81,14,14025,4427,9340,14491,4508,9983,16444,4045,11715,16003,4229,11125,10844,0,10655,13211,3696,9501,13172,3722,9442,13174,3530,9640,13178,3628,9259,16894,4635,11938,21466,5915,15283,21467,6260,14664,12427,0,12258,16924,4538,12126,14679,3598,11070,14722,3803,10670,12453,0,12241,14677,3473,11196,13415,0,11342,14706,3518,10954,18153,4961,12984,23552,6434,16831,22778,5858,16885
48,48,32279,24955,2048,4378,698,320,65,0,0,41204,30240,3497,6197,798,469,9,0,0,42231,30245,3157,6493,1341,1019,63,40451,31123,3394,4666,689,492,20,4265,638,206,0,570,41244,31626,2499,5551,921,550,3,24289,19296,1338,3020,485,211,37,0,0,30235,23548,1667,4274,500,248,0,4182,460,154,0,9,0,32542,24154,2074,4616,947,722,43,32542,24154,2074,4227,756,102,19,1060,29116,23772,1545,3189,373,213,0,0,0,0,0,30402,24530,1302,3567,633,315,0,3406,585,113,0,31998,24651,1230,4688,905,272,0,4494,682,31,0,14268,5242,8815,15200,5384,9816,18410,6067,11331,17972,5682,11678,11689,0,11356,15075,5624,9443,15017,5519,9494,15028,5394,9622,15015,5325,9322,18742,6737,11615,23045,8671,13956,23056,8913,13787,12940,0,12706,18628,6665,11623,16162,5272,10876,16205,5602,10279,12997,0,12686,16137,5167,10962,14554,0,11369,16174,5202,10701,19616,7172,12195,24167,9026,14788,23446,8127,15276
49,49,38130,16627,1100,19927,372,388,31,0,0,39698,17101,1434,20511,368,369,7,0,0,40633,15425,2150,22009,493,756,87,39857,16650,1259,21307,400,405,7,20632,253,61,7,882,39080,16150,1345,20679,584,557,14,28887,13429,710,14365,278,283,25,0,0,29836,13827,530,15115,179,145,9,14978,151,48,9,27,0,31331,12771,1434,16345,332,550,64,31331,12771,1434,15809,237,103,31,828,29712,12426,509,16457,185,166,4,0,0,0,0,29419,12273,624,16055,300,269,4,15539,190,92,4,30217,12278,887,16188,396,343,14,15513,310,142,14,14307,9602,4513,13319,9103,4216,14095,8783,4778,13726,8571,4796,5959,0,5644,12292,8231,4056,12301,8243,4052,12274,8093,4174,12293,8115,3964,14706,9478,5011,18100,11496,6351,18070,11720,6128,5855,0,5650,13812,8712,4917,10287,6028,4251,10294,6108,4008,5899,0,5649,10261,5943,4314,7285,0,4632,10319,5992,4165,14493,9065,5281,18022,10833,6943,17148,9979,7142
50,50,45126,18940,1239,24514,403,327,56,0,0,43859,19168,1763,22401,440,449,13,0,0,41038,17687,1492,20944,388,697,82,43717,19501,1552,21893,611,516,30,20909,275,206,5,1233,40567,17661,1126,20972,659,619,46,34744,15189,780,18400,293,233,30,0,0,33680,15155,945,17122,163,371,4,16724,105,88,4,56,0,32951,14602,929,16684,285,526,44,32951,14602,929,16236,181,105,9,829,34226,15554,894,16914,354,490,4,0,0,0,0,31760,14413,543,16044,349,593,34,15443,145,20,34,31804,14496,750,15958,302,466,44,15449,197,28,44,20814,12615,7843,20932,13108,7824,19526,11153,7899,18971,10727,7881,7731,0,7576,15219,9140,6074,15217,9111,6103,15188,8903,6282,15203,8912,6170,18371,10665,7505,20676,11859,8578,20679,12073,8354,7618,0,7514,17003,9659,7182,13042,6769,6267,13084,6941,5990,7685,0,7531,13025,6662,6356,8752,0,6757,13049,6711,6172,16992,9458,7389,19520,9958,8940,18739,9640,9048
51,51,43248,14721,1328,26604,543,325,80,0,0,41864,13229,2025,25940,749,295,59,0,0,40539,12343,1567,25684,603,683,100,40312,12506,1947,25350,622,217,65,24608,434,92,36,574,40153,11975,2203,25531,605,278,21,32114,11777,897,18981,369,229,53,0,0,30603,10672,802,18561,366,164,39,18310,328,49,39,25,0,31188,10330,1064,19093,425,508,61,31188,10330,1064,18534,292,92,17,799,30132,10133,928,18482,297,125,34,0,0,0,0,29830,9801,1003,18458,274,212,0,18079,233,36,0,29049,10062,887,17612,245,165,45,17274,211,30,45,17841,12287,5337,18710,13232,5478,17226,11593,5221,16833,11102,5421,5632,0,5459,12799,8783,4011,12827,8872,3951,12785,8703,4081,12816,8702,4007,15996,10860,4991,18199,12311,5717,18203,12496,5527,5490,0,5337,14533,9750,4660,10515,6619,3885,10560,6737,3703,5556,0,5344,10508,6548,3956,6901,0,4398,10546,6620,3835,14297,9462,4746,15738,9831,5693,15140,9379,5527
52,52,39562,20289,1783,16942,557,346,54,0,0,44407,20404,2185,21006,680,269,561,0,0,42210,19178,2526,19334,671,873,84,45811,20218,1971,22678,871,305,569,21167,579,82,32,1574,44682,19454,2987,21236,616,796,646,29459,16038,1160,11794,406,263,35,0,0,32646,16387,1076,14335,181,241,80,14161,148,98,80,348,0,32731,15895,1619,14262,474,630,46,32731,15895,1619,13591,325,100,33,1050,33567,16685,1122,14811,386,265,30,0,0,0,0,32347,16302,1422,13561,195,588,60,13227,144,158,60,32706,15390,1783,14436,456,652,0,14043,366,110,0,17077,9811,7104,17239,10199,7040,17600,9602,7307,17143,8725,7987,8264,0,7967,14501,9027,5458,14491,8941,5543,14443,8572,5862,14467,8579,5701,17549,10218,7074,20768,12409,8083,20779,12612,7888,8194,0,7947,16715,9874,6626,13352,7679,5660,13415,8014,5230,8188,0,7806,13337,7502,5827,10185,0,6589,13378,7825,5466,17264,10318,6799,20794,12229,8271,20195,11596,8097
53,53,43002,30331,1561,10720,137,388,37,0,0,41671,29076,1509,10352,315,479,47,0,0,40677,27689,1940,10075,227,894,23,41743,28278,1584,11244,179,643,39,10246,106,89,35,1322,40332,26671,1523,11528,217,741,74,32555,23630,1016,7617,93,284,19,0,0,32254,23589,410,7655,163,427,30,7505,92,101,30,14,0,31851,22429,1297,7398,147,653,13,31851,22429,1297,7086,71,134,0,799,32422,23196,559,8378,83,411,20,0,0,0,0,31435,22200,509,8386,65,302,0,8187,44,63,0,31614,22274,715,8098,87,306,0,7852,79,60,0,15912,6448,9130,16204,6471,9733,16338,5241,10705,15731,5396,9901,8999,0,8888,12050,4228,7818,12035,4100,7931,12031,3893,8134,12042,4106,7786,15528,5160,10188,18541,5707,12669,18521,6016,12180,9840,0,9767,14886,4594,10156,12125,3146,8967,12154,3321,8692,9868,0,9779,12128,3062,9062,10399,0,9204,12136,3217,8862,15296,4604,10599,18601,5171,13268,17968,4859,13101
54,54,44709,19560,980,23073,227,1185,33,0,0,41518,18089,1420,20919,352,1030,35,0,0,40407,17363,891,20689,348,1393,42,41486,18326,1426,20774,279,917,47,19991,227,409,0,1075,39936,17356,1326,19859,322,1339,86,34537,15753,784,17192,164,823,21,0,0,32352,14611,706,16219,156,634,0,16131,156,298,0,48,0,32549,14427,708,16292,279,1012,32,32549,14427,708,15731,218,483,10,925,32611,14564,873,16302,100,623,0,0,0,0,0,31440,13853,912,15699,169,909,0,15184,165,455,0,30243,13468,531,15286,151,1067,0,14649,145,471,0,16688,10038,6345,15798,9765,6033,15971,9056,6600,15412,8611,6547,6400,0,6283,12079,7123,4949,12024,7119,4901,11985,6875,5106,12012,7009,4855,15314,8709,6471,18239,10024,8036,18270,10316,7683,6846,0,6760,14336,7877,6340,10961,5254,5697,11000,5427,5438,6884,0,6767,10921,5200,5718,7801,0,5995,10945,5440,5494,14472,7764,6609,16436,8250,7989,15671,7741,7896
55,55,45154,19607,1035,22846,154,1796,35,0,0,43113,18153,974,22769,156,1700,1,0,0,40334,16753,1084,20623,195,1965,59,42624,17956,920,22008,200,1738,0,21472,121,979,0,1161,41291,17511,1035,21060,184,1695,76,33347,15560,607,15979,99,1255,25,0,0,32120,14546,177,16199,67,1185,0,16080,52,846,0,37,0,30841,13641,681,15130,147,1379,29,30841,13641,681,14711,89,927,2,739,32313,14466,394,16241,109,1195,0,0,0,0,0,30993,14227,323,15308,30,1133,0,14952,30,946,0,30629,13760,332,15572,15,968,1,14990,15,642,1,19421,11392,7675,18267,11211,7056,17161,9329,7514,16234,8308,7649,6639,0,6498,12398,6936,5457,12359,6978,5379,12329,6806,5518,12337,6897,5325,15943,8624,7190,18695,9953,8615,18695,10256,8249,6769,0,6674,14825,7901,6824,11131,5359,5766,11188,5479,5606,6876,0,6750,11076,5300,5770,7640,0,6007,11069,5505,5554,14809,7703,7039,16818,8149,8500,16056,7805,8233
56,56,26407,21617,1614,2303,728,236,38,0,0,35928,29228,2060,3518,944,330,18,0,0,42307,33235,2623,3896,1398,837,62,38178,31401,2179,3345,1137,185,39,2652,899,33,0,870,42772,33885,3010,3746,1322,345,27,20596,17292,1088,1569,521,160,22,0,0,26906,23055,941,2223,528,168,0,2162,468,62,0,31,0,33848,27544,1716,2705,1011,605,45,33848,27544,1716,2284,822,86,18,1168,28814,25023,1016,2078,556,110,0,0,0,0,0,32617,27349,1354,2832,880,192,0,2542,625,24,0,37926,31801,1539,3115,989,299,28,2804,803,49,28,9284,3598,5561,10673,3780,6893,14557,4196,9832,14062,3601,10114,9443,0,9244,12528,4546,7977,12530,4489,8031,12494,4292,8196,12524,4280,8082,15982,5260,10492,21207,7320,13640,21181,7486,13393,12914,0,12762,16893,5496,11208,16043,4525,11512,16106,5044,10915,12981,0,12777,16019,4478,11536,14010,0,12009,16004,4836,11132,18843,6161,12530,26137,8140,17736,25087,7387,17663
57,57,43451,20464,1140,21462,255,380,28,0,0,41943,19539,974,20957,295,318,0,0,0,40261,17934,1174,20445,249,608,46,41043,19387,898,20280,239,323,8,20005,223,157,0,357,40476,19438,1516,19108,174,151,5,32778,16459,709,15301,187,261,11,0,0,31560,15720,131,15254,211,256,0,15228,192,142,0,3,0,31288,14750,703,15309,183,425,29,31288,14750,703,14893,116,120,2,662,31147,15298,145,15197,174,295,0,0,0,0,0,30109,15192,225,14443,81,114,0,14303,77,28,0,30634,15558,330,14403,58,226,8,14080,13,99,8,19718,11073,8309,19319,11280,8039,19052,10014,8681,18267,9301,8711,7866,0,7726,14308,7638,6654,14316,7720,6592,14291,7524,6764,14314,7582,6616,17764,9270,8352,20090,10352,9584,20110,10522,9394,8106,0,8008,16370,8250,8000,12236,5302,6929,12272,5419,6725,8173,0,8051,12232,5223,7004,8972,0,7315,12267,5450,6801,16426,8032,8321,19374,8685,10480,18601,8250,10244
58,58,33120,22833,1407,8512,198,376,26,0,0,39754,27688,1752,9842,319,217,26,0,0,40943,28436,2469,8675,433,999,67,41263,29483,2146,8909,410,214,24,8634,365,21,0,515,43437,29628,1498,10882,798,274,0,24769,17822,857,5810,133,250,21,0,0,30049,22276,497,6962,147,146,0,6861,144,50,0,23,0,31808,23057,1501,6138,344,741,44,31808,23057,1501,5760,214,123,19,1059,31281,23825,376,6650,338,158,0,0,0,0,0,33153,24788,296,7581,346,143,0,7436,342,5,0,34839,25619,1150,7174,504,213,4,6899,493,17,4,11355,3835,7320,11631,3943,7688,13717,3925,9434,13350,3783,9311,8258,0,8158,11013,3629,7370,11004,3636,7363,10984,3479,7500,10999,3547,7320,14215,4383,9675,18360,5671,12515,18339,5890,12176,10119,0,10034,14313,4257,9942,12401,3167,9231,12450,3429,8930,10181,0,10067,12423,3122,9298,10753,0,9519,12412,3327,9062,15533,4618,10826,20741,5813,14742,20011,5433,14556
59,59,41821,17130,822,23467,301,398,32,0,0,41697,16857,1366,22627,493,518,18,0,0,40380,15353,1057,23194,319,675,50,41461,15519,1584,23614,486,495,4,23132,401,202,3,576,41284,15112,1684,23973,405,394,31,31761,13818,495,17111,190,282,15,0,0,30890,13178,438,16707,293,318,2,16575,269,157,2,2,0,31143,12643,676,17214,233,474,42,31143,12643,676,16738,144,87,18,748,30184,12307,559,16923,207,337,3,0,0,0,0,30658,12371,826,17100,111,298,0,16800,52,169,0,30354,12241,771,16891,166,518,31,16254,83,34,31,17171,10628,6304,16790,10873,5917,16338,9722,6244,15965,9063,6671,6452,0,6305,13027,8155,4864,13043,8211,4826,13036,8073,4958,13066,8109,4838,15719,9496,6076,17957,10810,6954,18027,11089,6761,6459,0,6323,14455,8608,5719,10804,5851,4949,10846,5964,4762,6507,0,6335,10780,5770,5006,7534,0,5452,10798,5969,4821,14475,8517,5857,16425,9155,7041,15633,8652,6966
60,60,41881,26999,1058,13364,280,306,14,0,0,40939,26441,859,13163,184,254,100,0,0,40927,25462,1313,13086,476,664,22,41016,26074,700,13636,292,227,84,13300,278,76,18,457,41281,24709,1165,14531,504,325,92,31153,20814,639,9401,166,227,9,0,0,30797,20834,226,9410,65,227,20,9325,60,59,20,20,0,31488,20292,848,9589,336,462,15,31488,20292,848,9324,277,89,4,603,30430,20498,219,9442,55,186,20,0,0,0,0,30534,19601,343,10210,120,197,15,10115,119,63,15,31090,19599,434,10435,284,312,0,10141,261,94,0,17757,6656,10856,17743,6846,10897,18485,6246,11829,18082,5813,11953,9948,0,9836,13908,5337,8563,13897,5276,8619,13861,5048,8810,13892,5118,8660,17238,6226,10853,19517,7242,12105,19530,7423,11868,9699,0,9604,16136,5791,10212,12655,4057,8592,12697,4336,8229,9768,0,9613,12685,3992,8691,10547,0,8958,12646,4239,8390,16294,5878,10314,19293,6742,12339,18642,6344,12269
61,61,32194,24840,2426,4234,528,322,58,0,0,39855,29742,2827,6293,676,414,17,0,0,42264,30131,4279,5940,882,901,52,41290,30590,2750,7003,652,260,24,6542,557,114,0,634,41704,31168,2957,6011,683,440,25,26225,21072,1614,3004,392,230,38,0,0,31420,25279,1164,4302,447,206,0,4236,395,135,0,48,0,35410,26437,2908,4519,688,711,44,35410,26437,2908,4093,521,91,19,1171,33471,26639,1384,4941,525,177,0,0,0,0,0,34029,27701,1638,4053,403,281,0,3870,280,66,0,35986,29579,2127,3607,447,281,0,3375,298,48,0,11698,4366,7152,11582,4156,7426,13615,4156,8885,13161,3714,9129,7993,0,7797,10732,3974,6750,10731,3988,6740,10721,3781,6933,10726,3762,6811,13865,4731,8912,17555,6203,11128,17526,6391,10837,9556,0,9423,13901,4701,9012,12070,3615,8445,12127,3918,8079,9585,0,9415,12092,3593,8495,10462,0,8826,12051,3847,8177,14706,5033,9543,18303,6115,12001,17572,5597,11944
62,62,44568,20283,818,23237,139,275,14,0,0,45427,19382,1025,24581,251,320,22,0,0,40691,17643,926,21458,222,617,40,44495,19023,834,24179,329,266,38,23509,177,45,9,906,41852,18426,1119,21963,261,173,16,33499,16307,524,16494,99,191,10,0,0,34351,15775,267,17939,165,224,10,17710,131,45,10,24,0,31409,14431,563,15912,147,447,27,31409,14431,563,15514,91,67,5,671,34289,15661,220,17725,209,183,10,0,0,0,0,32755,15004,500,16749,167,156,10,16657,121,34,10,31293,13736,546,16605,64,194,0,16368,47,6,0,18110,10562,7259,18527,11416,7111,18110,10152,7579,17652,9629,7740,7263,0,7116,13880,8065,5810,13868,8070,5794,13854,7920,5931,13886,7998,5771,17220,9736,7332,19842,11061,8596,19859,11297,8342,7113,0,7019,15827,8697,7017,11684,5618,6059,11678,5795,5793,7150,0,7021,11646,5539,6102,7967,0,6378,11675,5757,5908,15823,8542,7206,18194,9302,8690,17611,9032,8563
63,63,37002,26191,763,8687,1272,211,24,0,0,38948,25863,916,10603,1398,289,111,0,0,40290,25374,1516,11060,1869,605,45,38963,26052,1209,10015,1411,343,53,9835,993,197,6,495,39368,25070,987,11237,1516,337,85,28468,20840,490,6166,876,162,21,0,0,29819,20599,541,7715,732,192,8,7655,692,144,8,24,0,31565,20743,996,8081,1333,462,23,31565,20743,996,7725,1239,60,9,718,29642,20945,606,7110,685,233,7,0,0,0,0,29439,20084,616,7715,636,257,0,7704,614,115,0,29494,19659,1061,7861,755,151,6,7732,694,34,6,16525,5357,10971,15764,5396,10368,16293,5666,9881,15979,4656,10992,10446,0,10255,13751,5385,8350,13670,5138,8516,13665,4899,8755,13670,4920,8574,16678,6138,10294,20266,7993,11975,20305,8060,12025,10988,0,10821,16283,6030,10026,13728,4381,9334,13746,4987,8579,10980,0,10725,13701,4259,9432,11965,0,9887,13672,4740,8901,16882,6356,10363,19625,7585,11745,18977,6953,11998
64,64,45846,20618,1143,23705,388,292,21,0,0,45259,20676,1074,22931,471,296,18,0,0,41157,19341,1238,19682,412,669,42,45569,20941,1099,22935,362,356,15,22509,293,130,0,582,41920,19771,1106,20394,389,402,2,35131,16737,729,17337,271,219,17,0,0,34907,16916,356,17123,277,234,0,17019,192,50,0,30,0,32677,15955,815,15202,308,500,26,32677,15955,815,14755,223,138,6,715,35675,17206,413,17644,206,266,0,0,0,0,0,33009,16221,450,15850,193,245,0,15714,132,74,0,33060,16453,553,15620,207,213,4,15186,157,67,4,20279,11739,8254,21145,12489,8656,19921,10511,9031,19350,9912,9104,8406,0,8316,15503,8600,6898,15523,8618,6898,15460,8309,7145,15509,8376,6997,18776,9963,8650,21302,11046,10087,21297,11237,9805,9142,0,9048,17713,9066,8517,14177,6367,7804,14232,6600,7507,9173,0,9051,14151,6289,7856,10259,0,8267,14211,6565,7607,17778,8888,8793,20438,9361,10845,19874,9206,10266
65,65,43271,31737,822,10234,229,322,26,0,0,42596,30863,813,10313,284,365,54,0,0,40970,29306,1216,9369,330,824,32,43553,31313,990,10654,246,456,105,9713,102,99,0,1335,41719,29500,977,10477,290,536,69,33469,25024,535,7544,156,239,17,0,0,33083,24414,369,7918,77,347,0,7727,53,185,0,19,0,32335,23702,742,7041,234,606,23,32335,23702,742,6774,181,103,1,773,33111,24816,384,7703,60,306,0,0,0,0,0,31584,23835,514,6993,123,236,0,6786,85,30,0,31800,23963,561,6845,308,329,17,6616,221,57,17,18460,6426,11717,18857,6551,12306,18837,5674,12566,18240,5477,12297,11151,0,11048,14655,4937,9710,14568,4733,9831,14557,4490,10058,14556,4573,9805,17685,5463,11968,19673,5785,13643,19694,5968,13353,10830,0,10738,16521,4878,11457,13109,3219,9881,13141,3512,9478,10843,0,10718,13100,3086,10007,11487,0,10213,13091,3316,9710,16608,4804,11686,19472,5268,13999,18889,5067,13800
66,66,25078,21853,834,1376,865,156,27,0,0,36343,28977,2153,3254,1965,64,0,0,0,40255,29360,2623,3588,3931,699,26,38160,29078,2922,3211,2886,149,7,2744,2688,0,0,711,42126,30518,3323,4182,3825,390,72,17676,15678,496,865,528,107,18,0,0,24764,20729,1165,2078,762,30,0,1958,732,25,0,0,0,28528,21583,1616,2360,2474,431,19,28528,21583,1616,2056,2300,50,4,826,25649,21318,1276,2135,806,71,0,0,0,0,0,28693,23084,1440,2726,1282,192,0,2486,1186,0,0,29914,23345,2000,2931,1417,226,0,2724,1229,0,0,12756,4576,8012,14798,5173,9625,17493,6316,10043,16982,5410,10973,11134,0,10848,14836,6224,8605,14769,6134,8631,14764,5941,8815,14743,5810,8585,17884,7206,10281,21674,9486,11772,21647,9676,11696,11388,0,11165,17560,7257,9970,14922,5763,9148,14957,6185,8511,11424,0,11122,14863,5605,9250,13200,0,9826,14924,5813,8897,18440,7821,10394,22670,9646,12603,21948,8928,12963
67,67,38308,25607,1539,10128,862,415,77,0,0,38766,24838,1394,11451,911,378,40,0,0,41338,24958,1878,12411,1387,860,123,39784,24865,1491,12195,1017,343,61,11212,734,68,0,1348,40952,24827,1680,12766,1050,808,158,28311,19556,980,7018,618,273,43,0,0,29418,19493,646,8467,508,274,0,8202,466,45,0,81,0,31626,19895,1248,8899,985,640,87,31626,19895,1248,8418,684,93,39,1157,29109,19424,855,8076,557,242,0,0,0,0,0,30620,19726,897,9009,632,254,40,8395,493,32,40,31093,18887,1063,9839,834,324,89,9244,714,46,89,15246,5394,9675,15967,6042,9925,15793,5561,9624,15495,5126,10060,9417,0,9243,13054,5395,7649,12993,5219,7769,12968,4961,8000,12973,4946,7860,15968,6173,9572,19325,7862,11223,19365,7963,11075,9657,0,9501,15450,6018,9241,12817,4600,8207,12862,4991,7728,9661,0,9452,12824,4555,8264,10787,0,8721,12824,4664,8017,16018,6344,9543,19001,7550,11248,18366,6995,11246
68,68,30425,24731,2415,2502,565,349,84,0,0,41583,33552,3775,3272,801,234,0,0,0,42124,33425,3328,3351,924,985,104,44325,36053,3793,3169,961,273,0,2658,740,85,0,882,45000,36231,3868,3682,1043,378,60,23773,20005,1608,1598,386,221,51,0,0,31739,27681,1423,2008,466,146,0,1924,333,46,0,2,0,34013,28071,2116,2227,693,751,66,34013,28071,2116,1919,526,107,34,1158,34088,29943,1206,2148,636,170,0,0,0,0,0,35152,30654,1154,2500,586,252,0,2198,394,26,0,36912,31999,1989,2060,443,267,0,1895,239,71,0,10579,3951,6485,11996,4024,7972,14820,4117,10201,14302,3659,10269,9239,0,9047,12218,4362,7842,12240,4350,7884,12190,4110,8072,12199,4093,7949,16007,5104,10684,21333,6939,14184,21302,7178,13773,12218,0,12100,16660,5260,11221,15193,4226,10957,15230,4722,10369,12266,0,12112,15146,4178,10962,13345,0,11424,15162,4485,10658,18155,5779,12241,23803,7257,16321,22852,6580,16242
69,69,35000,26736,1615,5206,1292,284,51,0,0,39636,30471,1521,6190,1406,218,51,0,0,41241,29386,2293,6087,2664,910,91,38058,28485,1565,6117,1780,193,51,5510,1547,80,8,821,38974,29011,1384,5550,2514,444,41,26350,20759,1044,3511,901,190,36,0,0,28692,23023,584,4469,421,151,10,4342,342,106,10,45,0,30893,22874,1454,4127,1788,661,59,30893,22874,1454,3799,1588,51,25,987,27906,22089,602,4490,655,136,10,0,0,0,0,28579,22856,602,3999,1023,236,0,3878,891,13,0,28360,22311,805,4219,937,266,3,4113,838,51,3,15544,4767,10581,15514,4877,10637,17101,5238,10658,16889,4158,12169,11718,0,11473,14623,5815,8787,14576,5316,9235,14516,4689,9818,14537,4529,9685,17620,6012,11188,21251,7735,13070,21274,7813,13155,12029,0,11784,17258,5978,10926,14685,4465,10199,14766,5351,9169,11916,0,11487,14611,4198,10397,13339,0,10932,14624,4768,9826,17830,6319,11287,20562,7252,12946,20073,6539,13476
70,70,41619,18624,1282,21342,367,274,43,0,0,41465,18636,2029,20240,298,373,95,0,0,42153,18558,1988,20766,549,688,56,40236,17727,2364,19628,243,282,118,19105,140,23,102,632,40843,19104,1374,19809,307,298,100,31601,14721,835,15741,250,206,26,0,0,31933,14856,828,15829,86,336,25,15652,44,31,25,17,0,32700,14909,1271,15852,379,512,29,32700,14909,1271,15266,271,43,8,817,31424,13929,984,16092,102,224,25,0,0,0,0,31913,14864,564,16086,143,191,45,15826,126,10,45,32971,14968,1164,16491,291,255,10,16026,271,29,10,19945,12269,7409,18146,11577,6569,18066,10389,7012,17604,9536,7700,8158,0,7949,15296,9552,5721,15304,9423,5865,15187,8958,6219,15242,8995,6047,18320,10829,7237,21939,12993,8650,21946,13137,8540,8631,0,8430,17536,10237,7084,14168,7578,6580,14270,7999,6056,8608,0,8318,14151,7389,6752,10408,0,7442,14167,7565,6438,18045,10431,7453,20732,11351,9049,20082,10631,9180
71,71,32476,25475,815,5268,795,215,26,0,0,40991,31145,1175,7800,715,221,66,0,0,40721,29093,1631,7514,1673,849,68,41957,32000,922,7502,1322,210,45,6887,1222,149,0,748,41048,30621,936,6987,2329,235,69,23065,18558,495,3423,493,150,15,0,0,29382,22917,723,5384,186,121,0,5201,160,55,0,50,0,30414,22420,1068,5262,1089,586,39,30414,22420,1068,4906,902,69,12,944,29588,23369,649,5144,295,134,0,0,0,0,0,29877,22971,552,5361,887,97,0,5299,750,39,0,29739,23065,696,4839,1003,128,0,4702,828,33,0,17933,6112,11611,17230,5740,11490,20242,6782,12199,19948,5552,13855,13143,0,12818,17329,7498,9807,17188,6925,10253,17151,6312,10826,17193,6123,10717,20492,7670,12404,24163,9621,14111,24193,9704,14170,14010,0,13693,20132,7705,12059,17526,6107,11398,17612,7126,10212,13875,0,13347,17487,5854,11610,15788,0,12430,17473,6430,11017,20922,8162,12516,24854,9517,14962,24216,8618,15538
72,72,38241,23453,1294,11939,1538,260,59,0,0,40110,23884,1543,12059,2520,545,156,0,0,42041,24579,1976,12620,2522,588,85,37968,22968,1411,11267,2124,504,196,10483,1641,13,39,1243,39238,23653,1447,12039,1895,431,237,34122,22193,1042,9465,1362,220,47,0,0,33769,22212,909,9725,556,341,4,9288,405,19,4,179,0,37310,23089,1677,9961,2235,474,62,37310,23089,1677,9303,1764,53,12,1270,32721,21614,824,9320,633,286,12,0,0,0,0,33749,21964,865,9633,861,272,10,9255,701,8,10,33746,21168,1513,9494,1285,155,6,9114,997,0,6,12031,8178,3647,11593,8028,3565,12177,8415,2953,11905,7228,4352,4849,0,4445,9087,7096,1977,9015,6696,2308,8981,6311,2657,8992,6167,2629,10880,7772,2880,11626,8532,2840,11657,8617,2921,3940,0,3643,9685,7004,2495,6839,4610,2200,6946,5117,1725,3915,0,3377,6831,4469,2349,5450,0,2831,6878,4967,1898,9347,6766,2473,10091,7024,2832,9908,6764,2688
73,73,43464,13325,1440,28101,660,401,72,0,0,42527,12074,2017,27861,797,391,46,0,0,41017,12404,2143,25460,832,658,90,41804,12869,1868,26214,818,358,48,25236,668,102,14,895,42404,12553,1744,26933,840,550,55,34211,11493,949,21278,459,263,40,0,0,32649,10464,777,20855,305,205,14,20229,205,73,14,93,0,33182,10863,1488,19979,621,497,64,33182,10863,1488,19278,482,80,28,849,32607,10882,734,20284,268,234,14,0,0,0,0,32894,10791,677,20640,270,319,8,20077,171,64,8,32376,10521,790,20159,361,286,43,19692,228,51,43,17537,13304,4060,16442,12968,3474,16059,11892,3475,15800,11077,4412,5205,0,4929,12701,9974,2719,12723,9929,2789,12686,9677,3003,12712,9613,2941,15273,11606,3447,17254,13260,3755,17281,13477,3634,5008,0,4789,13970,10621,3157,10299,7498,2792,10372,7702,2501,4925,0,4571,10280,7378,2896,6900,0,3722,10332,7674,2645,13777,10467,3181,14899,10978,3652,14479,10517,3666
74,74,41954,12920,1073,27530,546,359,55,0,0,39624,13041,1144,25056,903,294,8,0,0,41779,14568,1466,24643,953,585,107,40871,13039,847,25928,954,288,14,25184,613,51,14,944,41702,13759,937,25959,926,396,61,33797,11809,755,20769,459,274,30,0,0,32185,12007,572,19045,402,189,5,18626,249,39,5,62,0,34788,13318,1105,19359,806,436,83,34788,13318,1105,18605,612,59,29,972,32117,11931,417,19129,448,189,11,0,0,0,0,33227,12432,535,19620,383,258,49,19194,315,14,49,33876,13295,803,18765,704,177,57,18353,651,10,57,19669,16231,3181,18865,16002,2863,18296,14890,2585,17899,13525,3974,5246,0,4807,13427,11440,1971,13419,11246,2159,13359,10891,2458,13399,10707,2473,16198,13296,2640,17135,14197,2630,17176,14406,2672,4577,0,4195,14436,11900,2334,10338,8108,2193,10466,8547,1762,4629,0,3987,10331,8010,2316,6865,0,3095,10400,8504,1873,13798,11337,2348,14532,11518,2674,14205,11021,2496
75,75,43840,30460,3048,8896,1379,464,190,0,0,44154,29527,3903,9333,1330,474,180,0,0,40422,28028,3152,7488,1373,613,92,42890,28666,4038,8970,1354,403,257,7715,1052,38,128,1044,42479,28675,3298,9048,1443,478,322,36170,25368,2551,6987,1177,375,166,0,0,35327,24239,2732,7127,777,357,37,6721,690,30,37,144,0,31680,22321,2304,5659,1050,478,73,31680,22321,2304,5272,807,105,24,774,33380,23060,2716,6648,654,294,81,0,0,0,0,32453,22497,2311,6654,717,322,33,5855,563,56,33,31254,21685,2035,6291,881,396,41,5614,743,58,41,17473,7778,9476,16268,7173,9095,18004,8753,8009,17706,6448,10850,11074,0,10669,15566,8800,6735,15374,7820,7515,15245,6711,8507,15280,6374,8577,17549,8704,8507,19366,10336,8634,19444,10080,9213,10383,0,9996,16703,8467,7967,14205,6229,7924,14429,7626,6629,10248,0,9406,14229,5808,8398,12530,0,8950,14220,6928,7270,16774,8600,8017,18203,9553,8278,17900,8522,9235
76,76,40996,10600,2855,26696,1132,372,132,0,0,42731,8025,2375,30941,1763,429,34,0,0,41667,8118,3624,28595,1396,665,106,43824,8341,2598,31730,1576,243,62,30749,1325,106,10,675,44678,7668,2986,33097,1617,223,225,30883,9053,1971,19096,878,266,76,0,0,30947,7126,932,21850,782,210,1,21668,744,77,1,80,0,31744,7036,2472,21149,1041,526,73,31744,7036,2472,20292,845,92,32,846,32319,7478,871,23256,612,88,6,0,0,0,0,32521,6694,1143,23791,643,54,0,23257,570,4,0,31885,6534,1449,23199,316,145,17,22617,271,6,17,17951,13827,3952,16416,13210,3206,15918,12492,2861,15605,11524,3773,5158,0,4835,13167,10822,2337,13211,10745,2460,13148,10429,2714,13205,10412,2634,15818,12627,3017,18554,15006,3349,18597,15181,3303,5005,0,4738,14641,11724,2763,10873,8368,2490,10950,8600,2221,4949,0,4553,10859,8187,2662,7149,0,3586,10902,8552,2337,14640,11733,2800,15765,12494,3000,15347,11963,3074
77,77,27081,11824,1340,13381,676,177,59,0,0,35038,12178,1715,20425,914,340,0,0,0,40489,12873,2266,24126,1377,618,121,37325,12203,2651,22101,850,186,0,20733,641,48,0,634,39439,11942,3812,23042,1159,408,0,18882,8728,814,8904,479,122,37,0,0,24785,9412,701,14117,493,142,0,13727,490,77,0,0,0,29951,10226,1512,17197,973,454,87,29951,10226,1512,16300,786,62,51,862,26542,9935,916,15289,395,86,0,0,0,0,0,28174,9832,1562,16334,358,100,0,15956,338,35,0,31780,10366,1614,19121,407,73,4,18985,386,4,4,11753,7028,4605,12812,8230,4582,16071,10200,5212,15748,8953,6471,7805,0,7318,14685,10574,4090,14720,10427,4289,14642,10116,4518,14697,10030,4454,17469,11911,5327,21815,15592,5947,21831,15755,5907,8104,0,7722,17193,12001,4983,14407,9840,4551,14474,10192,4081,8128,0,7565,14403,9672,4718,10955,0,5803,14397,10051,4331,18264,12973,5131,22367,15999,6037,21884,15310,6176
78,78,34907,19254,3325,10600,1867,434,115,0,0,38153,19159,3187,12903,2457,467,402,0,0,41126,19267,4807,14338,2493,752,163,40191,19507,4082,13603,2959,564,320,12443,2301,148,227,1263,40275,18940,3637,14940,2895,576,222,26833,15719,2353,7429,1340,300,89,0,0,28039,15484,1475,9220,1349,222,180,8957,1256,90,180,174,0,32331,16160,3351,10664,1906,533,120,32331,16160,3351,9961,1632,85,54,948,30409,16621,2173,9381,1603,242,169,0,0,0,0,30638,16132,2100,10355,1592,204,36,10022,1453,53,36,31508,15714,2047,11777,1501,244,6,11434,1396,16,6,14834,7198,7449,13821,7184,6637,15465,8271,6365,15127,6758,8068,8711,0,8395,13663,8183,5470,13616,7861,5744,13514,7148,6352,13547,6976,6359,16038,8981,6828,19282,11474,7535,19341,11408,7792,9022,0,8669,15769,8980,6569,13527,7138,6365,13631,7872,5585,8895,0,8316,13500,6923,6565,11176,0,7422,13517,7459,6042,16501,9629,6735,19840,12094,7376,19342,11267,8026
79,79,36720,14174,1895,19205,1688,315,110,0,0,41635,13578,2301,23466,2307,303,13,0,0,40423,11987,2669,24049,1741,689,125,40784,13042,1895,23740,1960,475,8,22763,1819,138,8,1056,39015,11117,2494,22895,2036,471,0,25176,10516,1150,12512,1082,188,60,0,0,29550,10153,1337,16586,1296,144,14,16344,1295,94,14,50,0,29700,9568,1709,17049,1190,513,90,29700,9568,1709,16185,971,74,34,985,28940,9893,1069,16675,963,255,14,0,0,0,0,27364,8663,1385,16193,895,284,0,15932,861,90,0,28025,8420,1670,16716,937,223,5,16420,888,16,5,15600,10122,5352,13452,9549,3903,17184,11721,4682,16880,10558,5943,7724,0,7175,15415,11745,3648,15435,11620,3803,15402,11319,4062,15422,11178,3999,17947,13020,4656,21375,16089,4971,21398,16341,4861,7338,0,6958,17091,12613,4240,13615,9786,3814,13664,10103,3338,7254,0,6700,13567,9606,3951,10096,0,5072,13570,9945,3619,17633,13170,4280,20314,15051,4899,19686,14481,5158
80,80,33244,29000,965,2326,854,142,28,0,0,42318,37840,1077,2153,946,313,39,0,0,40554,34782,1510,2168,1417,497,51,40759,35579,881,3060,858,352,4,3043,357,25,0,848,40472,35541,1176,2406,797,566,56,23600,20673,636,1682,542,93,17,0,0,29457,26711,535,1594,453,168,0,1594,248,58,0,0,0,30598,26476,1007,1682,941,354,33,30598,26476,1007,1501,745,47,7,744,28973,25735,474,2080,514,157,0,0,0,0,0,29316,26186,682,1722,512,184,0,1582,514,2,0,30456,27019,1001,1688,595,142,0,1378,536,5,0,16210,5691,10359,18317,5693,12624,18297,6461,10573,17981,4365,13302,12585,0,12354,17025,7210,9795,16846,6982,9859,16757,6322,10430,16780,6055,10400,20209,7760,12098,25583,10878,14302,25624,10611,14771,14391,0,14192,20692,8281,12090,18878,6464,12399,19048,8308,10594,14439,0,14044,18710,6536,12165,16573,0,13123,18947,7793,11014,21857,8886,12793,25260,10094,14800,24817,9462,15295
81,81,36986,29702,1280,4881,866,364,30,0,0,39135,30154,714,6514,1228,570,100,0,0,40327,30441,1773,6213,1057,914,65,39340,29588,1072,7095,1414,237,41,6564,845,122,19,1099,39511,29017,1557,7151,1303,561,14,29569,24402,852,3471,633,263,20,0,0,30742,24743,426,4601,462,427,68,4578,461,130,68,8,0,32967,25812,1252,4448,754,674,42,32967,25812,1252,4122,631,59,10,980,31235,25137,633,4571,513,212,20,0,0,0,0,31583,24925,1041,4534,526,382,0,4396,494,90,0,33421,26634,1582,4030,501,479,12,3793,424,52,12,19220,5992,12926,18035,5347,12688,19852,5849,12791,19532,5016,13983,13284,0,12962,16971,5929,11026,16894,5548,11335,16898,5390,11497,16873,5370,11234,20254,6635,13232,24232,8807,15033,24270,8787,15152,13309,0,13023,19707,6564,12819,16798,5079,11701,16844,5466,11120,13341,0,12947,16785,4979,11790,14750,0,12252,16803,5314,11468,20518,7082,13223,24080,8716,15035,23399,7662,15678
82,82,42688,17618,2880,21899,228,377,67,0,0,43315,18799,3044,21436,326,358,38,0,0,40382,16313,2846,20353,411,785,76,43743,19195,3220,21446,219,340,65,20442,143,63,27,638,43741,18290,3954,21477,354,466,41,33123,14482,2166,16266,175,302,48,0,0,32952,15522,1017,16152,48,184,14,15962,41,68,14,70,0,32065,13656,2004,15751,279,555,49,32065,13656,2004,15219,181,100,13,786,33390,14899,1227,17161,91,197,12,0,0,0,0,33333,14438,1398,17234,221,241,15,16939,203,81,15,35119,15114,1741,17723,317,341,0,17144,295,59,0,16278,9582,6389,15761,9366,6395,15740,8565,6712,15230,8173,6691,6817,0,6659,12172,6804,5352,12196,6730,5460,12147,6627,5517,12193,6708,5327,15207,8324,6683,17892,9599,8041,17920,9835,7841,6888,0,6756,14116,7445,6507,10677,4872,5789,10698,4998,5548,6899,0,6720,10674,4858,5808,7803,0,6052,8593,2319,6212,14430,7411,6885,17231,8324,8657,16597,7772,8608
83,83,37472,27435,1680,7725,455,270,37,0,0,39085,28183,2688,7589,354,440,1,0,0,40381,27768,2841,8113,859,919,77,40284,29544,2670,7629,447,264,1,6986,167,18,0,808,40308,30441,2663,6597,459,227,13,28668,21746,1088,5351,340,197,26,0,0,29689,23136,731,5218,257,387,0,5027,96,15,0,20,0,31810,22684,1907,5926,624,715,46,31810,22684,1907,5526,434,70,12,1044,31138,24263,1173,5220,311,161,0,0,0,0,0,31730,25033,1464,4723,352,154,4,4604,144,28,4,32332,24855,1565,4986,712,277,18,4696,384,24,18,17311,4929,12154,17628,4919,12709,18950,5308,12770,18602,4966,13083,12016,0,11762,15237,4818,10400,15233,4676,10548,15171,4571,10590,15188,4593,10365,18362,5504,12535,21173,6579,14232,21158,6727,14085,11457,0,11279,17304,5054,11980,13756,3387,10357,13754,3593,9937,11487,0,11262,13728,3371,10353,12316,0,10602,13335,2924,10370,17795,5283,12305,21637,6608,14702,21041,6003,14891
84,84,37999,26674,2412,8370,287,433,32,0,0,41740,28363,2978,9609,581,485,2,0,0,41452,26284,3446,10197,570,1210,96,41120,27971,2868,9259,404,936,3,8712,243,51,3,1233,40268,26425,2428,10292,609,975,0,28501,20720,1521,5825,193,327,27,0,0,30159,21884,850,7007,168,255,2,6885,110,105,2,52,0,31551,20933,2066,7337,383,929,64,31551,20933,2066,6908,215,159,17,1162,29474,21374,991,6440,154,633,2,0,0,0,0,29464,20601,1068,7191,132,593,0,6960,53,14,0,29577,20268,1516,7192,238,373,0,6920,146,24,0,15034,5053,9768,15886,5336,10550,17438,5275,11554,16952,5140,11311,10040,0,9823,13370,4677,8683,13360,4582,8774,13348,4496,8844,13346,4569,8547,16565,5493,10816,19097,6531,12308,19117,6741,12056,9236,0,9077,15396,5052,10133,11742,3483,8256,11743,3582,7977,9288,0,9095,11741,3471,8262,10088,0,8469,11753,3519,8223,15928,5339,10426,20469,6905,13314,19780,6479,13265
85,85,36587,28572,1040,5949,881,321,47,0,0,39213,29355,1619,6942,1308,308,34,0,0,40468,29396,1793,7068,1387,825,106,41139,32082,1222,6153,1427,355,35,5659,1182,115,0,842,39545,30152,1226,6737,1080,478,26,28319,22919,685,3948,633,212,27,0,0,30543,24099,833,4727,615,184,0,4585,505,10,0,90,0,32170,24314,1194,4995,1017,623,70,32170,24314,1194,4661,813,72,40,981,32132,25912,768,4412,624,286,0,0,0,0,0,31028,24510,706,4781,575,265,0,4568,398,85,0,32414,25846,889,4423,703,303,0,4154,506,65,0,20119,6605,13275,19577,6443,13134,20357,6702,12380,19994,5356,14005,13606,0,13299,17481,7219,10236,17427,6830,10578,17365,5956,11395,17390,5804,11278,20539,7495,12628,24016,9445,14153,24055,9438,14361,13724,0,13455,20008,7453,12207,17181,5748,11412,17295,6626,10405,13548,0,13082,17149,5441,11694,15428,0,12356,17109,6048,11030,20756,7923,12611,24437,9342,14728,23820,8382,15363
86,86,41062,27761,2180,10584,184,533,49,0,0,41509,27255,3040,10894,141,412,0,0,0,40365,26589,3152,9411,249,1059,73,41835,26847,3059,11182,668,580,1,10096,204,210,0,1374,40817,26484,3116,10233,405,610,8,31353,21931,1350,7659,116,395,36,0,0,31097,21826,813,8011,68,309,0,7715,60,201,0,40,0,31684,21755,2016,6972,151,798,47,31684,21755,2016,6598,87,131,22,977,31968,21784,778,8612,174,402,0,0,0,0,0,31292,21946,1094,7679,94,427,0,7378,80,47,0,31583,21677,1050,8245,110,428,9,8033,73,19,9,17215,7017,9847,16896,6720,10176,18130,6245,11271,17603,5955,11040,9921,0,9758,13890,5296,8585,13902,5159,8737,13895,5032,8853,13893,5075,8609,17209,6157,10770,19731,7003,12459,19722,7162,12166,10027,0,9913,16201,5562,10414,12817,3684,9116,12840,3842,8778,10027,0,9866,12827,3624,9188,10918,0,9392,12812,3737,9059,16593,5624,10789,20185,6475,13460,19468,5930,13498
87,87,30826,26704,1015,2341,632,186,6,0,0,39256,33736,1432,2854,1021,314,0,0,0,41767,33303,2245,3931,1413,842,56,43371,36732,2013,3128,1027,405,0,2815,697,149,0,956,45420,38067,2079,3834,883,347,52,22733,19952,634,1654,398,122,3,0,0,28838,25534,576,1933,557,216,0,1890,401,131,0,27,0,30924,25257,1555,2613,931,574,39,30924,25257,1555,2322,778,65,22,847,31854,27659,946,2482,573,267,0,0,0,0,0,33615,28808,1259,2776,597,195,0,2721,539,4,0,34718,28841,1444,3599,684,175,2,3434,615,0,2,13312,2840,10330,14703,3012,11691,16955,3585,12329,16708,2846,13344,12298,0,12130,14544,4506,10016,14493,4077,10395,14423,3503,10901,14412,3371,10738,18211,4644,13192,23323,6422,16547,23359,6494,16513,14443,0,14247,18594,4864,13402,16726,3837,12871,16819,4762,11801,14431,0,14053,16662,3581,13067,15567,0,13468,16677,4140,12507,19839,5337,14270,24310,6461,17529,23655,5739,17840
88,88,38609,30862,1940,4957,559,468,51,0,0,40770,30546,2791,6317,879,398,153,0,0,41566,29142,3002,7405,920,1346,63,41811,29868,3286,7378,977,477,155,6417,703,55,122,1315,40972,28378,2888,8264,977,372,235,28843,23808,1222,3181,405,325,26,0,0,30316,24408,1321,3880,378,240,0,3757,273,59,0,95,0,31955,23479,1882,5026,638,1031,42,31955,23479,1882,4589,477,130,20,1277,30352,23837,1188,4578,355,240,0,0,0,0,0,30399,22990,1027,5600,346,221,0,5381,282,58,0,30479,22359,1159,6194,407,193,7,5947,349,36,7,14769,3957,10643,15102,4211,10891,16677,4329,11469,16341,3839,11824,10433,0,10274,12901,4404,8476,12871,4189,8669,12798,3737,9052,12832,3724,8868,16046,4846,10849,18877,6103,12466,18873,6339,12158,10060,0,9883,15230,4712,10247,12133,3452,8672,12190,3957,8042,10007,0,9740,12110,3302,8803,11023,0,9178,12116,3608,8489,15579,4988,10411,18613,5903,12473,18017,5441,12526
89,89,40053,26536,4347,8281,795,486,48,0,0,42854,28713,3533,9035,1253,369,124,0,0,41438,25848,4778,8642,1480,1077,44,42488,28858,3188,8651,1224,477,92,7993,1069,198,44,1044,42327,27459,3457,9443,1437,442,94,32585,22971,3002,5854,632,363,31,0,0,33512,24863,871,6753,621,303,50,6435,589,89,50,40,0,33832,22670,3075,6351,1146,768,32,33832,22670,3075,5906,934,90,5,1057,32949,24586,921,6459,520,323,45,0,0,0,0,32466,23307,1122,7012,649,223,25,6535,567,38,25,31295,21843,1491,6654,846,388,9,6209,596,11,9,16612,6143,10164,15736,6151,9585,16696,6391,9240,16272,5440,10192,9917,0,9664,13690,6441,7228,13612,6164,7436,13541,5490,8042,13583,5294,7978,16168,6813,9002,18500,8225,9920,18515,8395,9830,9289,0,9023,15283,6563,8436,12357,4838,7498,12460,5491,6757,9191,0,8732,12317,4655,7649,10806,0,8217,12305,5139,7139,15482,6771,8515,17566,7586,9654,17028,7079,9906
90,90,46110,17439,879,27266,413,350,31,0,0,43158,16505,1228,24542,553,433,50,0,0,40768,15854,889,23101,469,591,54,43462,16392,1369,24929,472,356,56,24398,333,105,44,803,41212,15778,1140,23718,248,300,68,35304,13787,584,20543,297,249,19,0,0,33139,13406,364,18710,328,296,5,18598,241,86,5,25,0,32282,12970,579,18027,339,440,41,32282,12970,579,17623,279,105,11,641,33036,12885,513,19032,288,225,7,0,0,0,0,31335,12270,430,18106,178,222,12,18023,101,63,12,31733,12329,281,18608,133,246,28,18460,96,16,28,20686,13306,7038,21486,14526,6960,19866,12328,7176,19383,11903,7209,6859,0,6700,14845,9575,5262,14820,9537,5275,14776,9292,5478,14812,9353,5343,18262,11362,6750,20226,12292,7756,20233,12485,7570,7107,0,6981,16793,10197,6480,12701,6952,5745,12727,7140,5454,7179,0,6993,12685,6909,5774,8271,0,6160,12717,7165,5540,16483,9790,6609,18131,10076,7846,17710,9970,7357
91,91,45957,20601,844,23966,266,464,24,0,0,42306,18715,1110,21949,190,473,47,0,0,40597,17985,945,20719,311,776,46,41705,18213,1145,21657,238,641,88,21174,74,237,8,751,39961,16733,1150,20854,555,673,76,34562,16391,564,17185,191,342,18,0,0,31963,15036,399,16020,98,295,4,15977,35,123,4,119,0,31843,14767,643,15699,207,587,30,31843,14767,643,15296,175,182,16,716,31721,14739,480,15774,81,492,10,0,0,0,0,30460,13689,477,15503,191,553,8,15368,154,128,8,30020,13898,572,14893,204,404,15,14681,133,92,15,19700,11269,8063,20065,12247,7818,18684,10340,7991,18093,9882,7879,7525,0,7388,14653,8533,6112,14513,8238,6268,14448,8100,6347,14507,8186,6194,17690,9827,7706,19887,10677,9018,19925,10882,8826,7308,0,7223,16123,8627,7381,11847,5527,6314,11861,5684,6059,7364,0,7234,11836,5502,6329,8240,0,6586,11867,5614,6242,16054,8350,7610,18227,8872,9144,17715,8456,9142
92,92,37444,25234,2356,7695,1809,489,106,0,0,41788,28185,2785,8430,1656,573,35,0,0,41913,24470,4070,9812,2151,1138,142,41520,27691,2492,7598,1895,589,32,6943,1342,280,32,1316,41143,26174,3036,8711,2118,814,39,27527,19269,1530,5107,1282,334,61,0,0,30430,21931,1112,5858,1105,393,20,5778,781,241,20,0,0,32099,19841,2639,6938,1589,796,87,32099,19841,2639,6408,1206,135,23,1479,30034,21841,1228,5422,1146,416,20,0,0,0,0,30713,21068,1783,6085,1361,501,25,5821,1097,116,25,31128,20690,1923,6891,1335,310,16,6613,1067,14,16,14383,5375,8810,14051,5611,8440,16648,6105,9495,16280,4890,10987,9375,0,9112,13400,6111,7258,13403,6092,7302,13329,5719,7598,13365,5695,7401,16570,6762,9439,19914,8552,10951,19925,8840,10664,9502,0,9289,15856,6659,8873,12699,4831,7846,12750,5579,6969,9558,0,9275,12629,4846,7774,10919,0,8266,12701,5309,7167,16190,6981,8997,18529,8009,10227,18054,7814,10201
93,93,43816,19932,1706,21739,292,436,28,0,0,42405,18640,1688,21606,210,378,73,0,0,40638,18511,1849,19211,445,850,54,41761,18491,1748,21128,166,273,96,20637,154,159,61,470,40841,18014,1587,20572,350,337,87,33533,16051,1106,16039,199,324,14,0,0,32727,15512,601,16181,100,280,35,16111,90,200,35,28,0,32321,15385,1141,14943,299,650,42,32321,15385,1141,14529,211,153,10,809,32578,15446,614,16144,77,200,30,0,0,0,0,32099,15172,728,15672,222,225,48,15558,186,75,48,32479,15623,931,15393,227,280,23,15257,180,18,23,19506,11298,7894,19874,12099,7775,19336,10672,8191,18902,10134,8352,8260,0,8059,15321,8908,6394,15342,8963,6373,15295,8618,6673,15324,8583,6576,18640,10467,7967,21418,11901,9300,21443,12130,9026,8563,0,8410,17541,9656,7722,13855,6838,7002,13905,7153,6589,8622,0,8399,13845,6779,7059,9933,0,7616,13897,7081,6799,17683,9566,7989,19996,10150,9603,19528,9979,9229
94,94,38044,27178,1557,8355,749,486,83,0,0,44312,30002,2141,11191,633,392,58,0,0,42158,28162,2530,9354,1146,1159,117,47556,32210,2535,11713,701,502,20,11073,507,51,15,971,43222,30545,2402,9244,641,509,41,27744,20765,964,5357,468,326,49,0,0,33673,23761,1320,7988,392,287,18,7746,290,77,18,14,0,32193,22644,1585,6364,777,840,83,32193,22644,1585,5848,494,127,29,1315,35331,25988,1485,7101,539,332,7,0,0,0,0,32572,24985,1538,5402,489,285,12,5293,345,37,12,31246,22886,1728,5787,628,364,5,5676,490,41,5,16249,6057,9932,15907,5981,9926,16952,5931,9906,16611,4772,11407,10082,0,9859,13950,5891,8042,13899,5933,7955,13833,5403,8424,13880,5364,8217,17018,6608,10041,20475,8518,11524,20479,8767,11313,9934,0,9722,16238,6521,9406,13035,4607,8414,13120,5501,7433,9983,0,9676,12966,4644,8307,11400,0,8804,13009,5152,7670,16686,6846,9638,19261,7833,11150,18778,7524,11161
95,95,43890,12920,820,29526,448,426,46,0,0,42459,12818,752,28406,382,460,99,0,0,40415,11759,976,26650,602,690,59,42383,13455,544,27557,300,571,55,27180,287,274,54,459,40218,13349,711,25511,267,390,81,34174,10791,553,22341,336,309,29,0,0,33815,10753,582,22119,78,243,10,22039,78,139,10,60,0,32262,10012,585,20857,447,509,45,32262,10012,585,20402,378,187,20,621,33651,11025,494,21805,178,396,8,0,0,0,0,31934,11087,440,20195,111,260,13,20044,107,99,13,31037,9905,437,20309,191,523,6,19914,190,118,6,18583,13053,5230,19678,14505,5173,17908,12490,5112,17546,11928,5401,5680,0,5467,14012,10142,3857,14030,10172,3853,14011,9923,4082,14036,9960,3973,16969,11862,4991,19017,13096,5787,19052,13294,5604,5711,0,5575,15637,10775,4768,11970,7669,4291,12001,7875,4011,5769,0,5574,11918,7611,4302,7115,0,4769,11991,7913,4066,15484,10528,4889,17010,11022,5792,16672,10881,5396
96,96,37009,29989,1912,4487,246,516,60,0,0,41249,31089,2974,5970,577,708,16,0,0,40983,29022,4024,6269,471,1342,44,40932,28758,3445,7581,683,507,15,6465,417,157,0,1656,42273,29196,4677,6878,686,525,58,26643,22275,1135,2793,158,360,34,0,0,28878,23477,759,3946,303,343,0,3806,219,155,0,43,0,30108,22427,2424,4022,297,944,27,30108,22427,2424,3689,188,156,8,1099,28644,22550,889,4429,363,271,0,0,0,0,0,30138,23715,1518,4033,391,367,0,3895,249,100,0,31430,24185,1718,4668,417,322,0,4548,250,42,0,11575,3321,8075,11698,3452,8246,14204,3521,10063,13815,3339,9864,8338,0,8226,10418,3410,6988,10391,3344,7038,10350,2975,7368,10361,3036,7084,13580,3940,9334,16341,4891,11188,16334,5128,10742,8455,0,8334,12923,3806,8886,10134,2767,7353,10171,3142,6858,8452,0,8246,10112,2643,7461,9204,0,7705,10123,2850,7249,13484,4063,9247,17569,5072,12266,16951,4767,12136
97,97,36932,25178,1222,9723,313,681,50,0,0,42371,28155,1676,11432,623,506,43,0,0,42057,28100,2204,9951,526,1397,82,41527,27104,2022,11166,713,299,11,10235,406,113,8,1405,41356,27516,2007,10319,635,724,74,27289,19186,741,6790,190,474,29,0,0,30647,21330,637,7951,300,406,0,7817,160,306,0,13,0,31737,22081,1305,7035,350,954,56,31737,22081,1305,6711,202,300,24,1013,30565,21150,802,7863,343,266,0,0,0,0,0,31178,22148,756,7155,342,528,0,6916,191,210,0,32000,22371,1053,7421,401,405,6,6938,214,129,6,14449,5811,8405,15245,6032,9213,16292,5496,10169,15825,4790,10657,9546,0,9393,13239,5229,7992,13197,5226,7967,13165,4857,8297,13181,4838,8104,16592,5980,10333,20519,7450,12736,20499,7697,12302,10439,0,10313,16190,5824,10129,13459,4239,9211,13496,4910,8402,10481,0,10292,13380,4225,9146,11549,0,9499,13462,4624,8740,16980,6109,10655,21080,7142,13409,20596,7167,13098
98,98,33851,23425,1776,7335,1175,414,114,0,0,39169,24086,2437,10368,2327,553,113,0,0,41807,25587,2987,10294,2082,1065,179,37884,22750,2669,9894,2464,522,205,8596,1503,88,163,2087,40332,22363,3220,11820,2782,618,178,24158,17558,1060,4603,778,262,70,0,0,26890,18841,1141,5934,589,305,4,5785,485,73,4,85,0,31035,19980,1932,7015,1407,735,113,31035,19980,1932,6411,1091,118,42,1310,26556,18222,1223,6119,622,287,15,0,0,0,0,28206,17870,1373,7739,844,233,20,7306,752,25,20,29854,18342,1906,7957,1310,462,0,7188,1133,11,0,11661,4490,7006,12938,5073,7865,15754,5872,8800,15487,4775,10309,8882,0,8604,12814,6066,6733,12762,6041,6706,12722,5679,7033,12736,5582,6890,15744,6710,8654,18832,8644,9737,18819,8870,9594,8485,0,8230,14859,6583,7949,11576,4681,6879,11642,5417,6036,8528,0,8204,11517,4740,6769,9976,0,7221,11575,5113,6283,15168,6930,8026,17466,7941,9250,16953,7652,9255
99,99,29142,21754,2027,4087,1107,294,57,0,0,37698,27760,3072,5067,1548,498,7,0,0,41034,30322,3773,4105,1828,807,92,40456,30208,3283,4907,1808,526,24,4360,1511,70,16,953,40587,31184,3500,3886,1801,620,102,21898,16716,1408,2844,766,222,35,0,0,27108,21111,1349,3397,952,252,0,3319,807,60,0,51,0,31109,23670,2478,2933,1278,559,77,31109,23670,2478,2615,1010,84,29,1080,30159,24064,1439,2933,1185,332,15,0,0,0,0,30352,24741,1580,2495,1026,294,90,2193,825,15,90,32337,26442,1354,2894,1111,352,88,2648,907,68,88,9456,3331,5961,12379,4316,8063,15654,5406,9203,15380,3759,11215,9809,0,9649,13254,5528,7718,13176,5428,7738,13106,4961,8134,13119,4746,8115,16302,5973,10002,20288,7890,11998,20306,7849,12186,11211,0,11007,16314,6158,9872,14277,4581,9677,14364,5801,8379,11255,0,10959,14210,4671,9530,12647,0,10150,14318,5401,8744,17306,6603,10521,21524,8089,13084,21111,7605,13454
100,100,28911,19061,1065,8229,322,383,40,0,0,36962,24563,1391,10413,573,376,76,0,0,41676,25133,2276,12342,1005,1108,127,39623,24445,1370,13128,519,305,67,12146,124,79,35,1311,42029,26236,1515,12843,681,411,72,21754,14840,655,5850,215,270,25,0,0,27517,18904,713,7394,245,232,25,7319,85,65,25,44,0,30973,19476,1373,8679,658,785,85,30973,19476,1373,8219,422,152,28,1170,29765,19447,655,9090,278,204,25,0,0,0,0,31319,20792,705,9007,455,323,35,8813,297,117,35,33011,20310,1605,10210,510,360,24,9977,391,164,24,11175,3946,7018,11664,4234,7430,14185,4647,8933,13874,3956,9621,8428,0,8280,11771,5001,6743,11799,4820,6975,11762,4531,7227,11805,4527,7085,15089,5692,9152,19522,7817,11413,19521,8006,11152,9767,0,9631,15093,5791,9087,12852,4476,8365,12887,5053,7675,9791,0,9596,12831,4457,8367,10850,0,8743,12840,4813,7849,16158,6341,9659,20458,7852,12343,19903,7608,12259
101,101,44116,15653,952,27218,239,304,20,0,0,41547,13951,1066,25898,476,401,0,0,0,40465,14546,909,24366,340,574,59,41887,14238,1276,25661,533,378,0,24915,393,178,0,811,40491,14729,892,24183,416,442,0,33197,12501,746,19733,169,229,17,0,0,31545,11370,443,19176,288,287,0,19106,257,135,0,33,0,31710,11851,687,18699,235,449,40,31710,11851,687,18234,159,123,4,591,32187,11581,371,19788,318,313,0,0,0,0,0,31804,11776,204,19309,255,245,0,18984,125,78,0,32200,12300,282,19091,168,186,4,18649,101,45,4,20323,13263,6751,19607,13116,6491,18956,11809,6813,18320,10910,7164,6412,0,6248,13750,8841,4889,13767,8797,4962,13718,8615,5097,13760,8700,4938,17446,10858,6442,19837,12163,7440,19872,12432,7240,6961,0,6834,16078,9786,6163,12164,6670,5478,12219,6837,5224,7078,0,6900,12091,6522,5551,8253,0,5972,12193,6955,5175,15908,9502,6298,17807,10110,7485,17288,9869,6951
102,102,33707,15933,1184,15897,319,563,32,0,0,38299,19561,1328,16215,609,723,132,0,0,40338,20072,1985,16409,821,1202,90,39939,21202,1011,16401,828,657,126,14937,490,175,37,2074,42217,23182,2010,15164,1164,773,122,25804,12591,736,11929,216,421,21,0,0,28918,14986,612,12601,248,487,32,12403,82,143,32,16,0,30649,15452,1235,12626,513,897,47,30649,15452,1235,12180,320,340,12,999,30510,15442,529,13759,332,438,23,0,0,0,0,31586,16767,815,12808,542,486,37,12262,476,195,37,34407,18313,1440,13150,783,710,14,12329,657,224,14,13379,7862,5291,13281,7668,5613,14665,7310,6828,14242,6461,7506,6854,0,6705,11964,6560,5387,11987,6565,5419,11949,6321,5624,11967,6306,5476,15060,7783,7067,18756,9797,8675,18734,10030,8393,8217,0,8080,14839,7630,7013,12567,5814,6742,12656,6386,6106,8297,0,8100,12528,5836,6683,9436,0,7127,12576,6182,6232,15999,8084,7750,21353,9899,11120,20671,9549,11015
103,103,40917,18178,1300,20924,435,310,42,0,0,40992,20314,1345,18703,551,388,45,0,0,40263,18422,1814,19187,437,540,69,39447,18755,1277,18816,516,345,44,18223,277,59,0,804,40981,19132,1332,19792,446,485,45,30625,14383,832,14963,343,227,31,0,0,30386,15420,605,13914,184,217,0,13791,134,22,0,46,0,31911,15187,1312,14722,336,393,47,31911,15187,1312,14398,219,58,19,653,30636,14956,820,14466,249,278,0,0,0,0,0,32091,15746,802,15203,276,353,0,15030,234,93,0,32224,15941,1081,14666,400,202,4,14489,312,102,4,18029,11378,6399,17888,11451,6437,17862,10451,7013,17435,9885,7306,6430,0,6321,13530,8286,5238,13571,8324,5244,13540,8161,5376,13567,8234,5229,16484,9683,6651,18194,10410,7616,18236,10606,7432,6625,0,6536,15233,8716,6402,11757,6095,5661,11806,6340,5363,6726,0,6597,11729,6035,5689,7660,0,5947,11726,6223,5467,15340,8562,6693,18329,9345,8748,17539,8920,8597
104,104,32392,25849,1310,4686,300,332,40,0,0,38005,30287,1566,5132,755,301,0,0,0,42277,33827,1995,4958,547,864,67,38620,30215,1335,6043,818,217,0,5879,778,80,0,330,40930,32445,1913,5445,592,361,0,27185,22537,900,3315,225,261,30,0,0,31848,27004,617,3762,237,215,0,3725,222,104,0,11,0,36903,30676,1313,3729,381,677,44,36903,30676,1313,3439,297,163,25,900,32267,26519,579,4715,296,167,0,0,0,0,0,34469,29070,679,4210,265,251,0,4175,222,54,0,38288,32194,1021,4397,265,307,4,4210,203,75,4,15067,5879,8932,15923,5663,10260,18530,5612,12378,17900,4948,12547,12074,0,11937,16396,5641,10749,16413,5655,10754,16367,5369,10994,16412,5396,10855,20041,6405,13406,25830,8367,17252,25820,8505,16979,17001,0,16884,21423,6580,14654,20984,5452,15526,21030,5918,14961,17088,0,16931,20956,5400,15551,18324,0,16161,20966,5776,15162,23630,7233,16256,31885,9511,22101,30751,8551,22171
105,105,31583,22684,1622,6854,215,355,35,0,0,36799,27261,1598,7412,230,292,35,0,0,40569,29649,2405,7121,423,1078,58,38302,28535,1923,7271,287,325,46,6925,86,107,36,661,38364,28204,2327,6996,397,434,13,24353,18338,999,4684,161,251,23,0,0,29599,23551,437,5242,119,202,35,5206,69,100,35,25,0,32796,25070,1530,5108,304,800,43,32796,25070,1530,4752,218,144,15,993,29846,24224,570,4361,95,234,35,0,0,0,0,30191,24292,864,4435,211,339,0,4245,197,162,0,34097,26382,1406,5659,302,388,151,5399,273,97,151,12170,4361,7590,12929,4625,8304,15288,4382,10519,14831,4132,10389,9477,0,9376,12613,4091,8508,12606,4068,8533,12591,3887,8696,12609,3914,8559,16071,4902,10991,20664,6309,14183,20670,6509,13828,12684,0,12591,16694,4899,11653,15596,3923,11661,15630,4262,11246,12729,0,12617,15596,3884,11707,13541,0,11979,15592,4138,11434,18452,5386,12950,25471,7078,18170,24602,6485,18089
106,106,34012,31212,983,1068,463,281,75,0,0,43936,38986,1266,1914,907,770,107,0,0,42059,37290,1415,1525,771,831,117,44832,40746,682,1578,784,996,72,1253,742,501,71,695,43473,39258,1376,962,1009,899,46,28921,26950,699,723,308,226,46,0,0,37461,34251,656,1397,517,600,50,1277,478,455,50,0,0,37237,33681,983,1077,588,677,87,37237,33681,983,866,419,68,56,1078,39044,36136,387,1142,626,704,40,0,0,0,0,37441,34960,458,793,663,550,15,751,506,308,15,41459,37847,632,1468,978,447,46,1364,679,64,46,16404,5546,10591,17135,5344,11791,20398,5474,14264,19637,4547,14713,13438,0,13217,17335,5600,11729,17306,5582,11714,17278,5205,12068,17314,5184,11910,21308,6272,14789,26763,8281,18258,26767,8351,18063,16600,0,16456,21961,6437,15314,20435,5240,15190,20515,5890,14455,16705,0,16519,20390,5218,15171,18056,0,15786,20415,5686,14699,23395,6954,16300,28745,8396,20094,27673,7536,20084
107,107,33011,23136,4360,4378,746,412,123,0,0,39600,27822,4927,5711,979,448,35,0,0,42040,28776,5089,5852,1353,863,91,40791,27442,5970,6500,1090,462,59,5546,755,70,0,995,43463,30021,5267,7038,799,460,21,27091,20029,3164,3008,556,293,86,0,0,28712,23238,937,3724,404,244,0,3714,307,50,0,137,0,35377,25915,3408,4260,945,655,64,35377,25915,3408,3852,694,121,27,1173,29348,23095,1067,4263,377,259,0,0,0,0,0,33459,25877,1728,5078,415,323,4,4731,276,6,4,33437,25458,1933,4992,500,351,19,4484,409,30,19,12311,5131,6967,12766,5016,7750,15137,5506,9101,14632,4708,9578,8991,0,8778,12683,5117,7558,12655,4990,7663,12618,4786,7828,12652,4757,7738,15991,6032,9750,20503,7917,12355,20514,7995,12281,11835,0,11673,16528,6089,10275,15310,4859,10439,15385,5348,9902,11901,0,11689,15282,4763,10512,13067,0,11066,15271,5151,10072,17835,6525,11185,22659,8034,14385,21814,7263,14516
108,108,35183,27124,1196,6506,266,169,20,0,0,39132,29502,1317,7754,366,164,11,0,0,40316,32347,1432,5576,325,577,42,39226,30538,1455,6766,349,148,11,6663,272,30,0,273,39884,32573,1541,5267,465,217,0,28936,23018,788,4857,184,134,13,0,0,32591,25846,380,5971,207,158,0,5968,162,34,0,10,0,34433,28437,952,4269,248,473,20,34433,28437,952,4028,190,74,5,679,32994,26888,394,5318,195,142,0,0,0,0,0,33855,28524,807,4230,189,101,0,4114,124,36,0,35225,29247,1080,4601,187,175,15,4353,67,0,15,18812,6948,11585,19301,6805,12496,20322,6567,12973,19964,5438,14228,13034,0,12873,17726,6672,11041,17645,6408,11229,17623,6038,11583,17659,5917,11521,21150,7258,13650,25694,9352,16067,25731,9282,16185,15991,0,15842,21754,7467,14063,20618,6143,14455,20754,7099,13466,16070,0,15842,20580,6136,14442,17799,0,15173,20571,6736,13788,22970,7936,14873,27490,9341,17830,26660,8344,18269
109,109,40994,14585,3761,21644,1040,384,103,0,0,42119,15873,4665,20117,946,534,53,0,0,42020,13541,5879,20761,1417,840,147,42514,14902,4387,22026,800,561,59,21510,574,168,0,855,44093,13954,4457,23960,1250,502,112,30330,12140,2547,14791,796,287,70,0,0,30937,13376,1285,15177,669,396,55,14971,589,118,55,58,0,32179,11644,3879,15135,1105,673,107,32179,11644,3879,14443,871,119,53,1029,31449,12828,1096,16399,506,437,0,0,0,0,0,32044,11732,992,18083,692,357,25,17888,614,159,25,33124,13223,1753,17236,550,354,24,16836,484,101,24,13322,8647,4514,14044,9378,4666,14691,9224,4842,14409,8176,5917,5860,0,5583,11741,7860,3872,11760,7970,3787,11704,7687,4016,11760,7664,3915,14308,9293,4772,16626,11150,5174,16639,11376,5016,5133,0,4939,13005,8515,4280,9201,5495,3686,9243,5897,3206,5197,0,4927,9153,5526,3617,6780,0,4102,9190,5790,3385,12971,8507,4312,14400,9130,5005,14029,8596,4766
110,110,38138,33446,921,3066,604,176,28,0,0,40988,35925,1032,3069,867,281,18,0,0,40297,34942,1317,2551,796,454,33,42172,36982,1036,2695,1376,200,21,2305,997,41,0,796,39321,34578,1027,2317,970,123,17,31999,28469,684,2261,482,147,20,0,0,32675,29245,596,2264,376,181,0,2181,174,79,0,45,0,33452,29308,985,1973,623,369,30,33452,29308,985,1808,412,39,10,817,34300,30714,654,2276,692,115,0,0,0,0,0,32357,29151,758,2023,492,101,0,1880,400,37,0,33100,29214,1013,2116,547,153,10,1954,467,29,10,19769,8377,11070,19971,7720,12251,21114,9186,10205,20797,6449,13796,12743,0,12405,18335,9265,9048,18164,8962,9187,18023,7916,10091,18063,7431,10273,21221,9657,11126,24691,12295,11919,24758,11975,12598,12995,0,12701,20758,9822,10566,17980,7177,10771,18254,9376,8731,12957,0,12335,17912,7202,10698,15505,0,11823,18164,8838,9208,21212,10194,10861,23509,11249,11848,23184,10534,12461
111,111,42620,16986,1060,23839,665,320,98,0,0,43311,19788,1273,21429,756,152,12,0,0,41665,19938,1605,18697,981,626,139,43363,21208,1102,20068,865,142,14,19685,656,44,0,615,44721,23205,1139,19044,961,283,21,35067,15856,856,17670,584,264,66,0,0,35575,18118,807,16075,437,81,0,15978,289,28,0,69,0,34955,18143,1222,14377,797,485,107,34955,18143,1222,13876,596,80,47,906,35854,19449,666,15252,542,106,0,0,0,0,0,37655,21515,747,14647,633,210,0,14265,533,19,0,37103,21152,1066,13938,742,229,46,13407,553,22,46,16999,14169,2556,16571,13622,2949,17579,13697,2800,17266,11862,4959,5399,0,4918,13796,11529,2256,13785,11530,2240,13721,11128,2582,13747,10977,2501,16708,13262,3131,19074,15418,3266,19122,15621,3346,5002,0,4673,15364,12363,2744,11343,8516,2806,11523,9392,1992,5122,0,4583,11265,8507,2749,7715,0,3515,11409,9070,2327,15289,12169,2972,17146,12516,4243,16784,11826,4146
112,112,28543,23746,554,3781,340,174,14,0,0,36171,29870,1067,3995,1305,304,2,0,0,41846,35136,1383,3441,1189,478,47,41673,35033,1112,4513,1018,438,0,4146,816,58,0,466,43763,37314,988,4585,871,318,0,22819,19150,396,2948,230,124,9,0,0,27863,23748,430,2917,600,172,0,2910,408,45,0,0,0,32903,27934,907,2773,775,348,32,32903,27934,907,2584,588,37,11,732,31735,27272,470,3179,460,226,0,0,0,0,0,33853,29339,549,3192,521,156,0,3158,287,15,0,34348,30608,567,2526,477,108,0,2481,365,17,0,15700,6651,8823,16854,6422,10432,19348,7737,10365,18920,5454,13056,11924,0,11695,17362,8147,9192,17186,8001,9176,17074,7145,9922,17132,6890,9953,21126,8964,11808,27077,12343,14300,27152,12094,14783,14972,0,14708,21967,9585,12069,20578,7654,12896,20789,9706,10904,15036,0,14530,20420,7730,12667,17577,0,13799,20698,9099,11394,23508,10332,12988,28410,12235,15772,27900,11496,16364
113,113,36103,10943,5061,19562,479,417,97,0,0,41919,14247,5547,21469,494,703,76,0,0,42302,14207,7607,19023,1030,1001,95,42217,14968,6358,19780,686,686,87,18720,423,185,7,1311,40854,14644,4921,20153,989,578,139,26946,9481,3506,13460,374,298,66,0,0,28843,11986,1026,15244,190,534,8,14925,116,117,8,29,0,32395,12152,5043,13937,821,757,72,32395,12152,5043,13241,595,129,35,1030,28323,12229,932,14562,242,586,4,0,0,0,0,28414,12113,893,14702,458,266,15,14433,371,40,15,29699,11989,1370,15218,646,233,4,15025,512,21,4,11722,8577,2932,12502,9462,3040,13768,9389,3695,13504,8383,4817,4255,0,4028,9712,7267,2436,9707,7327,2379,9684,7085,2592,9718,7048,2496,12738,9031,3493,14943,10810,3838,14963,11051,3734,4147,0,3960,11624,8374,3072,8245,5598,2632,8327,6054,2159,4226,0,3918,8205,5564,2635,5987,0,3068,8242,5887,2348,11610,8357,3129,13594,9271,4015,13234,8719,3825
114,114,31205,24260,1071,4925,854,246,38,0,0,39456,30251,1298,6779,832,217,0,0,0,41956,31006,2222,6085,1540,1027,78,40503,31262,1015,7034,920,252,0,6583,708,100,0,746,43360,32191,1892,7989,987,286,17,23433,18691,693,3357,588,174,16,0,0,29917,23413,656,5149,526,118,0,4949,450,0,0,45,0,32338,24551,1462,4409,1076,733,32,32338,24551,1462,4050,825,88,9,1211,30716,24357,597,5108,502,131,0,0,0,0,0,33340,25763,1008,5775,554,275,15,5497,554,20,15,34425,27286,1345,4977,479,275,11,4712,422,59,11,13714,5129,8387,14523,5266,9257,16968,6064,9727,16655,4635,11631,9834,0,9603,13666,6059,7592,13601,6050,7547,13533,5506,8022,13546,5395,7894,17951,7154,10418,23430,9990,12951,23433,10145,12963,12227,0,11977,18374,7651,10379,16415,6178,10213,16559,7511,8852,12284,0,11911,16334,6280,10043,14371,0,10740,16410,6987,9315,20003,8480,11301,26547,10938,15166,25919,10273,14994
115,115,35082,27728,1418,5358,400,235,30,0,0,39738,31625,721,6299,904,232,19,0,0,41176,33118,1753,4734,733,691,40,39452,31189,921,6225,903,244,38,6117,671,58,0,474,38835,30572,1193,5744,879,190,9,29488,23851,1036,4144,305,173,23,0,0,33427,27188,458,4938,564,178,0,4893,504,82,0,77,0,34349,28155,1221,3746,549,531,35,34349,28155,1221,3555,364,74,11,865,33233,27139,444,4630,617,173,0,0,0,0,0,32254,26413,441,4313,609,210,0,4173,397,52,0,33154,27462,650,4379,441,238,19,4136,299,5,19,18394,8802,9294,18092,7997,10095,22091,9993,10478,21636,7688,13370,12326,0,11947,19214,10507,8685,19091,10363,8715,18942,9574,9352,18978,9148,9404,22460,11054,10957,26555,14015,12059,26624,13914,12426,13602,0,13240,22410,11443,10590,20212,9331,10847,20466,11261,9018,13692,0,13068,20120,9319,10794,16946,0,11965,20360,10630,9550,23364,12146,11005,27259,13836,12918,26725,13242,13456
116,116,31427,16631,1488,12752,453,231,26,0,0,39346,23664,2056,12886,702,168,16,0,0,41966,25564,2697,11968,1110,723,60,36739,21533,2137,12493,575,107,17,12119,344,0,0,592,38664,23760,2250,11626,798,768,57,24980,13821,948,9769,330,179,22,0,0,31811,19985,791,10454,411,72,0,10348,266,0,0,111,0,34070,21425,1770,9542,812,543,43,34070,21425,1770,9221,584,70,19,892,29737,17766,887,10610,342,68,0,0,0,0,0,30591,19519,915,9354,563,166,15,9164,369,15,15,32344,21567,1090,8630,732,166,17,8469,579,39,17,14832,8359,6208,15386,8222,7164,18363,8907,8584,17840,7597,9899,9185,0,8969,15196,8286,6891,15164,8310,6848,15102,7841,7252,15147,7663,7183,18993,9668,9032,23854,12498,10945,23908,12618,11016,11093,0,10888,19142,9809,9072,16951,7781,9155,17075,8876,8013,11229,0,10872,16868,7731,9127,13413,0,9885,16963,8446,8443,20303,10376,9742,25068,12251,12408,24567,11559,12366
117,117,27883,19335,2044,5687,564,504,59,0,0,36201,24538,2702,7676,1119,444,113,0,0,42176,26259,4484,8973,1253,1264,107,37987,25268,3216,8029,1240,473,9,7014,544,148,0,1517,41642,26979,3398,9748,1326,726,32,20453,14862,1271,3677,402,358,42,0,0,26805,19390,1302,5268,480,289,50,4917,235,154,50,74,0,31639,21146,2794,5873,819,913,81,31639,21146,2794,5360,524,197,27,1433,28103,20317,1464,5392,581,308,0,0,0,0,0,30931,21753,1644,6457,707,395,14,6198,364,118,14,33409,23524,2169,6268,799,482,34,6109,483,102,34,9504,3719,5638,9985,3801,6184,11752,4068,7002,11491,3500,7696,7112,0,6940,9992,4344,5638,9993,4375,5612,9953,4099,5850,9972,4112,5680,13274,5170,7843,18273,7312,10649,18279,7477,10414,10461,0,10287,14240,5562,8438,13656,4716,8930,13722,5447,8090,10535,0,10295,13616,4778,8828,11821,0,9330,13659,5223,8239,16223,6432,9606,23397,9218,13879,22762,8888,13832
118,118,28125,20233,4636,2827,446,182,31,0,0,34936,27052,4773,2490,606,129,6,0,0,41375,29727,6650,3485,925,715,47,36867,28956,4985,2265,551,112,2,1969,321,35,2,480,40951,32074,4459,3187,770,424,5,22786,17712,2903,1849,307,126,16,0,0,27050,23292,1783,1591,322,40,4,1456,242,36,4,10,0,33386,25609,4236,2471,613,498,17,33386,25609,4236,2181,473,68,3,742,28460,24576,1664,1765,288,44,4,0,0,0,0,31916,27363,1682,2321,385,126,4,2080,269,6,4,34500,28942,2183,2502,562,163,0,2171,318,7,0,13037,5488,7408,13818,5288,8530,14540,5408,8502,13984,4474,9202,9709,0,9548,13936,5912,8018,13870,5701,8167,13886,5623,8256,13880,5635,8043,17183,6803,10148,23416,9649,13460,23456,9714,13525,12611,0,12449,18189,7129,10862,16974,5887,11081,17012,6443,10436,12698,0,12481,16922,5914,10993,14187,0,11600,16997,6334,10525,20036,7917,11991,25646,10129,15272,24952,9389,15519
119,119,36715,26272,1238,8445,601,246,83,0,0,39246,28617,1464,7981,997,175,217,0,0,42061,30502,2129,7504,1121,665,108,41177,29867,1393,8452,1035,275,237,8065,730,1,225,639,44472,31940,2359,8470,1207,467,165,30171,22343,881,6362,464,197,48,0,0,31899,24512,648,6175,413,120,8,6074,330,11,8,74,0,34600,25709,1456,5916,823,494,83,34600,25709,1456,5584,626,56,61,988,33661,25516,627,6834,414,141,10,0,0,0,0,36156,27304,1295,6756,616,226,45,6546,392,21,45,34305,26181,1155,6258,407,232,63,5794,279,33,63,17628,8604,8650,17255,8338,8917,19025,9212,8205,18740,7104,11108,10166,0,9771,16169,9419,6731,16053,9398,6638,15953,8577,7356,15955,8151,7396,19826,10355,9026,24635,13602,10495,24696,13607,10780,11631,0,11294,19857,10762,8706,17618,8603,8981,17831,10350,7281,11701,0,11076,17492,8583,8902,14594,0,9983,17648,9751,7829,20825,11409,9201,24333,12957,10891,23836,12266,10903
120,120,30583,21591,4522,4028,489,226,54,0,0,35497,25755,5293,4025,489,258,35,0,0,42284,31383,5432,4081,822,653,51,40164,28789,5570,5249,717,323,41,4194,581,37,41,828,42601,30043,6080,5812,571,494,110,23681,17669,2957,2726,331,149,29,0,0,26775,21567,2019,2716,281,81,20,2619,262,41,20,100,0,34846,27214,3666,2905,581,493,28,34846,27214,3666,2545,444,63,11,837,31270,25841,2048,2787,402,108,25,0,0,0,0,33622,27471,2508,2995,273,76,35,2856,275,8,35,35277,29946,2404,2755,381,111,0,2651,297,16,0,13080,5218,7708,14061,4944,9117,17112,6202,10179,16614,5027,11302,11390,0,11259,15579,6173,9393,15514,5852,9661,15519,5738,9778,15508,5746,9550,18437,6888,11313,22954,9088,13622,22988,9054,13723,13150,0,13022,18771,6969,11604,17075,5518,11546,17116,6146,10858,13222,0,13005,17033,5482,11536,14729,0,12137,17078,5936,10962,20346,7601,12619,26535,10001,16268,25925,9170,16730
121,121,43498,17784,2391,22858,482,404,91,0,0,46810,19050,3049,24261,316,551,61,0,0,42219,16930,3500,20726,611,815,106,45674,18461,2852,23477,702,634,33,22488,398,318,0,1146,43249,17817,3173,21457,561,1108,9,32173,14102,1522,16172,306,290,62,0,0,35288,15590,1201,17973,152,415,0,17741,127,244,0,60,0,32868,14163,2409,15407,486,591,65,32868,14163,2409,14872,339,82,30,859,34224,14794,1203,17648,359,423,0,0,0,0,0,32798,14449,1333,16421,317,394,0,16022,120,77,0,33495,14150,1382,17099,366,338,0,16782,169,8,0,16182,10503,5438,16638,10985,5653,16462,10193,5731,15936,9395,6249,6264,0,6078,13500,8866,4615,13517,8871,4639,13532,8680,4843,13561,8754,4630,16200,10181,5819,18868,11776,6862,18867,12003,6644,6598,0,6462,15166,9335,5668,11702,6402,5296,11753,6720,4897,6662,0,6466,11690,6363,5314,7924,0,5641,11730,6538,5089,15386,9354,5922,17780,10247,7263,17111,9686,7226
122,122,44340,17889,4063,22148,318,352,33,0,0,44825,18875,4117,21595,227,295,35,0,0,41770,17523,4733,18799,343,651,88,43605,17848,4245,21242,176,271,29,20507,112,34,0,727,42083,17374,4544,19501,260,569,13,33511,14308,2710,16280,227,273,23,0,0,33580,15770,1036,16552,70,180,0,16473,70,72,0,59,0,32752,14534,3096,14541,255,501,45,32752,14534,3096,14129,193,69,26,624,32023,14427,970,16306,40,217,0,0,0,0,0,31037,14087,1162,15164,98,367,0,15025,68,12,0,31973,14871,1486,14957,193,300,0,14538,134,32,0,18138,10773,6998,18180,10905,7275,17993,9865,7737,16824,9027,7380,7000,0,6896,13601,7812,5763,13516,7683,5827,13499,7560,5934,13513,7687,5632,17025,9356,7505,20131,10713,9243,20135,10993,8896,8741,0,8633,16495,8657,7707,13622,6091,7527,13663,6353,7149,8872,0,8728,13568,6034,7528,10035,0,7797,13624,6470,7142,17114,8726,8279,21623,10237,11140,20899,9667,10446
123,123,39992,29406,6030,4098,461,155,46,0,0,43286,33697,4952,4039,676,91,75,0,0,40807,30349,5694,3674,501,571,40,42930,32858,5060,4245,671,168,106,3934,406,9,81,485,41048,30034,5265,4937,626,271,23,33211,25782,4109,2987,330,126,34,0,0,34319,30055,1026,2797,299,18,64,2795,249,4,64,74,0,35006,27622,3722,2762,388,434,24,35006,27622,3722,2561,273,41,3,671,34439,29212,1302,3445,253,87,85,0,0,0,0,33302,27089,1937,3872,253,83,4,3835,174,4,4,33261,27168,2399,3306,240,95,4,3174,136,4,4,20347,8354,11771,21109,7787,13322,23493,9543,12985,22693,7283,14996,14064,0,13897,20255,9079,11163,20073,8445,11618,20066,8286,11776,20047,8232,11558,22751,9365,13109,25057,11042,13781,25132,10862,14120,14110,0,13929,21949,9092,12625,19004,6874,12116,19105,7789,11171,14219,0,13932,18905,6828,12064,16146,0,12826,19021,7516,11378,22365,9370,12864,25839,11173,14336,25239,10266,14881
124,124,38460,25946,2866,8741,932,388,111,0,0,43857,28824,3345,10020,1487,622,56,0,0,42251,28816,3688,8047,1080,805,137,43876,29620,3458,9433,1377,573,71,8465,849,52,19,1324,42931,29275,3356,8494,1361,624,149,29882,20981,2030,6169,661,285,64,0,0,33750,23715,1929,6941,769,238,15,6745,689,63,15,148,0,33514,23790,2580,5844,768,574,87,33514,23790,2580,5363,548,78,34,1006,33998,24619,2135,6218,628,281,20,0,0,0,0,33816,24714,2134,5789,643,394,0,5451,479,14,0,34414,24957,2687,5680,587,403,0,5222,392,24,0,14058,5630,8218,14702,5666,9036,16149,6035,9264,15828,4996,10436,10477,0,10275,14592,6278,8294,14551,6035,8507,14500,5728,8764,14484,5813,8445,16550,6605,9647,19211,8242,10631,19232,8323,10659,10586,0,10394,16240,6620,9380,14306,5235,9058,14396,5981,8272,10621,0,10341,14266,5188,9067,12015,0,9499,14325,5688,8493,17079,7058,9868,20868,8522,12038,20401,7984,12370