ID,Label,T_10_CENS_Total,T_10_CENS_White,T_10_CENS_Hispanic,T_10_CENS_Black,T_10_CENS_Asian,T_10_CENS_Native,T_10_CENS_Pacific,T_10_CENS_BlackAlone,T_10_CENS_NativeAlone,T_19_ACS_Total,T_19_ACS_White,T_19_ACS_Hispanic,T_19_ACS_Black,T_19_ACS_Asian,T_19_ACS_Native,T_19_ACS_Pacific,T_19_ACS_BlackAlone,T_19_ACS_NativeAlone,T_20_CENS_Total,T_20_CENS_White,T_20_CENS_Hispanic,T_20_CENS_Black,T_20_CENS_Asian,T_20_CENS_Native,T_20_CENS_Pacific,T_20_ACS_Total,T_20_ACS_White,T_20_ACS_Hispanic,T_20_ACS_Black,T_20_ACS_Asian,T_20_ACS_Native,T_20_ACS_Pacific,T_20_ACS_BlackAlone,T_20_ACS_AsianAlone,T_20_ACS_NativeAlone,T_20_ACS_PacificAlone,T_20_ACS_TwoOrMore,T_22_ACS_Total,T_22_ACS_White,T_22_ACS_Hispanic,T_22_ACS_Black,T_22_ACS_Asian,T_22_ACS_Native,T_22_ACS_Pacific,T_23_ACS_Total,T_23_ACS_White,T_23_ACS_Hispanic,T_23_ACS_Black,T_23_ACS_Asian,T_23_ACS_Native,T_23_ACS_Pacific,V_10_VAP_Total,V_10_VAP_White,V_10_VAP_Hispanic,V_10_VAP_Black,V_10_VAP_Asian,V_10_VAP_Native,V_10_VAP_Pacific,V_10_VAP_BlackAlone,V_10_VAP_NativeAlone,V_19_CVAP_Total,V_19_CVAP_White,V_19_CVAP_Hispanic,V_19_CVAP_Black,V_19_CVAP_Asian,V_19_CVAP_Native,V_19_CVAP_Pacific,V_19_CVAP_BlackAlone,V_19_CVAP_AsianAlone,V_19_CVAP_NativeAlone,V_19_CVAP_PacificAlone,V_19_CVAP_OtherAlone,V_19_CVAP_TwoOrMore,V_20_VAP_Total,V_20_VAP_White,V_20_VAP_Hispanic,V_20_VAP_Black,V_20_VAP_Asian,V_20_VAP_Native,V_20_VAP_Pacific,V_20_VAP_NH_Total,V_20_VAP_NH_White,V_20_VAP_NH_Hispanic,V_20_VAP_NH_BlackAlone,V_20_VAP_NH_AsianAlone,V_20_VAP_NH_NativeAlone,V_20_VAP_NH_PacificAlone,V_20_VAP_NH_TwoOrMore,V_20_CVAP_Total,V_20_CVAP_White,V_20_CVAP_Hispanic,V_20_CVAP_Black,V_20_CVAP_Asian,V_20_CVAP_Native,V_20_CVAP_Pacific,V_20_CVAP_BlackAlone,V_20_CVAP_AsianAlone,V_20_CVAP_NativeAlone,V_20_CVAP_PacificAlone,V_22_CVAP_Total,V_22_CVAP_White,V_22_CVAP_Hispanic,V_22_CVAP_Black,V_22_CVAP_Asian,V_22_CVAP_Native,V_22_CVAP_Pacific,V_22_CVAP_BlackAlone,V_22_CVAP_AsianAlone,V_22_CVAP_NativeAlone,V_22_CVAP_PacificAlone,V_23_CVAP_Total,V_23_CVAP_White,V_23_CVAP_Hispanic,V_23_CVAP_Black,V_23_CVAP_Asian,V_23_CVAP_Native,V_23_CVAP_Pacific,V_23_CVAP_BlackAlone,V_23_CVAP_AsianAlone,V_23_CVAP_NativeAlone,V_23_CVAP_PacificAlone,V_24_CVAP_Total,V_24_CVAP_White,V_24_CVAP_Hispanic,V_24_CVAP_Black,V_24_CVAP_Asian,V_24_CVAP_Native,V_24_CVAP_Pacific,V_24_CVAP_BlackAlone,V_24_CVAP_AsianAlone,V_24_CVAP_NativeAlone,V_24_CVAP_PacificAlone,E_08_PRES_Total,E_08_PRES_Dem,E_08_PRES_Rep,E_12_PRES_Total,E_12_PRES_Dem,E_12_PRES_Rep,E_14_SEN_Total,E_14_SEN_Dem,E_14_SEN_Rep,E_14_GOV_Total,E_14_GOV_Dem,E_14_GOV_Rep,E_16_PRES_Total,E_16_PRES_Dem,E_16_PRES_Rep,E_16_SCC_Total,E_16_SCC_Dem,E_16_SCC_Rep,E_18_CMPTR_Total,E_18_CMPTR_Dem,E_18_CMPTR_Rep,E_18_SEN_Total,E_18_SEN_Dem,E_18_SEN_Rep,E_18_GOV_Total,E_18_GOV_Dem,E_18_GOV_Rep,E_18_AG_Total,E_18_AG_Dem,E_18_AG_Rep,E_18_LTG_Total,E_18_LTG_Dem,E_18_LTG_Rep,E_18_SCC_Total,E_18_SCC_Dem,E_18_SCC_Rep,E_16-20_COMP_Total,E_16-20_COMP_Dem,E_16-20_COMP_Rep,E_20_PRES_Total,E_20_PRES_Dem,E_20_PRES_Rep,E_20_SEN_Total,E_20_SEN_Dem,E_20_SEN_Rep,E_20_SCC_Total,E_20_SCC_Dem,E_20_SCC_Rep,E_16-22_COMP_Total,E_16-22_COMP_Dem,E_16-22_COMP_Rep,E_22_GOV_Total,E_22_GOV_Dem,E_22_GOV_Rep,E_22_AG_Total,E_22_AG_Dem,E_22_AG_Rep,E_22_LTG_Total,E_22_LTG_Dem,E_22_LTG_Rep,E_22_TREAS_Total,E_22_TREAS_Dem,E_22_TREAS_Rep,E_22_CONG_Total,E_22_CONG_Dem,E_22_CONG_Rep,E_20-24_COMP_Total,E_20-24_COMP_Dem,E_20-24_COMP_Rep,E_24_PRES_Total,E_24_PRES_Dem,E_24_PRES_Rep,E_24_SEN_Total,E_24_SEN_Dem,E_24_SEN_Rep,E_24_CONG_Total,E_24_CONG_Dem,E_24_CONG_Rep
0,Un,0,0,0,0,0,0,0,0,0,0,0,0,0,0,0,0,0,0,0,0,0,0,0,0,0,0,0,0,0,0,0,0,0,0,0,0,0,0,0,0,0,0,0,0,0,0,0,0,0,0,0,0,0,0,0,0,0,0,0,0,0,0,0,0,0,0,0,0,0,0,0,0,0,0,0,0,0,0,0,0,0,0,0,0,0,0,0,0,0,0,0,0,0,0,0,0,0,0,0,0,0,0,0,0,0,0,0,0,0,0,0,0,0,0,0,0,0,0,0,0,0,0,0,0,0,0,0,0,0,0,0,0,0,0,0,0,0,0,0,0,0,0,0,0,0,0,0,0,0,0,0,0,0,0,0,0,0,0,0,0,0,0,0,0,0,0,0,0,0,0,0,0,0,0,0,0,0,0,0,0,0,0,0,0,0,0,0,0,0,0,0,0,0,0,0,0,0,0,0,0,0,0,0,0,0,0,0,0,0,0
1,1,198616,140895,12190,41454,1628,3636,184,0,0,197587,136320,14458,42349,2159,3478,245,0,0,194995,128452,15298,42039,2545,7213,364,197801,135407,14819,42674,2251,3509,147,39537,1659,1522,35,4687,195153,131542,15672,41734,3153,3683,382,194959,130505,15966,41675,2602,4199,641,151244,111359,7691,29078,1091,2609,108,0,0,147285,107999,5940,29779,1014,2377,87,29183,783,861,87,220,0,150743,103591,9956,30113,1817,5286,234,150743,103591,9956,28603,1378,1237,82,5566,147845,107893,6471,30064,972,2390,28,0,0,0,0,145270,105145,7074,29153,1317,2380,104,28757,1064,763,104,145095,104365,7379,29074,1305,2693,109,28262,1032,747,109,145220,103679,7789,29498,1446,2463,155,28473,1179,675,155,76002,23128,51985,73625,20465,53160,42952,10187,32765,44450,11880,32570,75815,17386,56580,219248,52560,159202,62922,14755,46731,63753,15967,47394,63735,14539,48569,63398,16241,46190,63521,17620,44976,180897,30683,142096,72262,17373,53979,85048,20910,63267,83935,20198,62359,248045,60798,187247,71375,16480,53977,60202,11870,47690,59796,11953,46792,59904,12251,46721,59546,11648,47172,59649,11913,47394,76180,17227,58142,83381,18182,64633,82541,18707,62606,26686,4657,22029
2,2,173869,135981,21966,12122,1642,3049,291,0,0,185753,140310,27563,13018,2357,2839,479,0,0,196284,139560,33228,14239,2453,7245,431,188880,141688,28921,13500,2422,3012,186,11550,1728,1380,86,3437,198657,145638,32914,14637,2601,3394,170,203591,146278,36222,15281,2889,4068,488,130806,106522,13027,8308,1225,2143,173,0,0,134540,110835,11741,9207,761,1850,44,8834,668,937,44,139,0,149984,111627,20937,10165,1742,5500,288,149984,111627,20937,9082,1233,1016,133,5603,137485,112405,13051,9209,848,1933,43,0,0,0,0,144180,116165,14765,9797,1307,2077,58,9398,944,639,58,146100,116825,15841,9747,1309,2121,63,9200,846,530,63,149769,118499,17309,10000,1524,2133,54,9179,1059,486,54,62943,16629,45606,58886,12335,46551,34037,5810,28227,35175,7385,27790,66991,11705,53090,192574,33733,150897,57130,10329,45255,58340,12330,45603,58242,10314,47220,57769,12511,44092,57997,12802,44203,165745,21929,136968,66549,12683,52821,80532,15468,64152,79478,14526,63395,231497,42933,188564,68272,12547,54607,63482,10835,51665,62774,10737,50353,63052,11356,50480,62439,9875,51561,62580,9975,51411,78236,14580,62587,91461,16579,74242,91041,18047,71246,89530,15494,74036
3,3,144088,103906,31654,4483,2930,2151,221,0,0,184561,121970,47277,7876,5510,2992,643,0,0,202477,120870,60199,9464,7014,6889,467,192761,124054,51625,8477,6879,2066,383,6682,4847,332,63,4577,204440,127145,58490,9635,6825,2364,486,213492,125960,66224,11090,7530,3166,538,101803,77252,18747,2945,1914,1466,141,0,0,119755,91457,18807,5113,2291,1807,183,4401,2047,423,183,305,0,147859,94138,38409,6487,4792,4951,313,147859,94138,38409,5311,3979,495,134,4901,125501,95136,21410,4702,2880,1075,64,0,0,0,0,134463,99125,25102,5719,3071,1120,80,5313,2732,204,80,138725,98939,28044,6527,3730,1149,115,6089,3047,249,115,148935,103036,32573,7719,3936,1244,136,7051,3149,214,136,44510,8802,35507,49497,7760,41737,28002,3479,24523,28905,4417,24488,61332,11339,47488,180570,30250,143891,55865,10701,43844,56225,12743,43081,56354,10624,45019,56127,12234,42754,56268,12127,43152,161873,22749,132902,66042,13921,50887,83910,19156,63628,83086,17788,63470,244769,52275,192494,68996,14629,53057,65150,13637,50724,64869,13373,49978,65030,13619,50016,64676,12234,51264,64509,12429,51616,83185,18816,63083,101419,23707,76758,101127,25272,73943,100007,21372,78635
4,4,151452,110096,23573,15048,1471,2101,175,0,0,174587,117212,34200,19755,2382,2182,286,0,0,195819,115380,44027,28261,3565,6517,353,181158,117587,36913,22090,2718,2673,260,19896,2157,472,97,3884,201300,121405,45008,29528,3747,3438,309,211740,120966,50229,34455,4458,4726,323,110963,84904,13768,10178,975,1505,121,0,0,121302,91197,14484,13124,1114,1233,65,12792,1002,448,65,103,0,143550,91328,27259,18438,2436,4731,227,143550,91328,27259,16974,1872,723,83,4966,126484,92309,16516,14716,1131,1480,94,0,0,0,0,139678,95415,21934,18898,1589,1451,93,18044,1311,344,93,144985,95625,24088,21120,2044,1645,83,20005,1635,316,83,153356,96595,27379,24496,2512,1877,90,23054,2061,210,90,52183,16252,35428,49678,13268,36410,28528,6512,22016,29332,7800,21532,58172,13897,42450,171000,40038,124657,52639,13497,37764,53128,15365,37388,53205,13145,39320,52977,15233,36642,53091,15125,36968,152663,28313,115512,61496,16847,43611,77196,22804,53474,76794,21662,53367,228596,66057,162539,62986,17768,44153,57837,17020,40133,57219,16644,38789,57429,17077,38954,57107,15674,40279,57211,15823,40190,75003,23147,50695,90733,29037,60763,89761,30912,57022,87731,27646,60085
5,5,175666,126971,28554,17511,1208,2504,173,0,0,186270,130890,33740,18497,1700,2115,116,0,0,186084,125669,35845,17228,1768,6217,241,188060,132195,34953,17114,1877,2166,173,15536,1086,853,125,2918,188100,128727,37016,17909,2087,3053,208,189974,130406,36841,17652,2356,3766,384,131505,100511,16471,12541,768,1774,104,0,0,132916,105167,12301,13204,744,1375,57,12903,541,728,57,69,0,142286,101442,22448,12503,1240,4704,151,142286,101442,22448,11561,894,715,30,4834,134155,106334,12941,12521,877,1537,92,0,0,0,0,134811,104633,15099,12373,935,1635,85,11767,668,283,85,137478,106071,15819,12370,1136,1716,80,11590,813,206,80,138783,106163,16617,12729,1082,1759,72,11732,775,185,72,66049,17950,47395,64132,14350,49782,38693,6527,32166,40102,7225,32877,69964,13048,55048,205072,38564,160031,61375,11334,48680,61937,12521,49017,62059,11243,50164,61704,12631,48013,61839,13822,46979,177232,23716,147681,69661,13242,55454,82874,15863,66126,81980,15274,65219,242685,45724,196961,70540,12799,56748,64249,10037,53571,63910,10293,52378,63992,10347,52564,63698,9734,53148,63521,9927,53154,78365,14034,63383,87791,15177,71937,87320,15902,69759,37386,4995,32391
6,6,170970,103915,29984,33472,2893,1726,171,0,0,183843,106479,36915,35871,3875,1753,231,0,0,189005,106250,38327,36103,4906,5000,248,186212,106558,37248,37635,3878,1773,178,34260,3392,499,101,3846,189270,108434,38165,37359,3944,2112,231,192439,108390,40035,37927,4043,2267,281,127484,83091,17993,23701,1976,1239,119,0,0,128974,85162,14876,25738,1938,1107,132,25405,1877,450,132,104,0,144223,86763,24697,26206,3510,3741,191,144223,86763,24697,24690,2919,432,44,4282,130755,85510,15376,26567,1984,1047,65,0,0,0,0,134579,87107,17661,26537,2051,1103,55,25748,1836,138,55,135417,87484,17963,26977,1920,1048,39,26297,1652,127,39,138487,89322,18572,27314,2151,1047,59,26364,1848,176,59,64607,19503,44643,63921,17774,46147,37197,8289,28908,38091,8896,29195,68206,18747,46471,198593,52622,139624,61536,17498,42544,62490,19725,42395,62328,17492,44075,61954,18964,41735,62037,19056,41848,173712,36189,128830,69009,20585,47136,80524,25230,54163,80390,24129,54665,239330,73172,166158,68513,19895,47332,60742,15907,44107,60172,16002,42732,60333,15742,43181,59970,15021,43890,60305,15343,44962,74498,21679,51666,82706,23647,58006,81952,24414,55915,0,0,0
7,7,197907,124223,27600,42811,2218,2477,224,0,0,200039,120421,32242,43452,2958,1935,259,0,0,202803,116958,34268,44077,2951,5856,259,200167,119196,32625,43920,3092,2507,251,40043,2031,355,218,5513,203011,118602,34435,45317,3250,3604,248,204075,118024,35313,45774,3274,3804,229,147896,98692,16223,30340,1543,1774,138,0,0,140185,95385,11053,30941,1316,1364,185,30359,1152,335,185,113,0,153884,94469,21301,32094,2116,4291,186,153884,94469,21301,30488,1670,633,67,4843,140900,95153,11760,31016,1284,1471,220,0,0,0,0,143950,95467,13565,31809,1375,1602,85,30621,1033,277,85,144275,95283,14086,31794,1337,1626,54,30308,1036,307,54,145763,95558,14968,30257,1293,3588,67,28761,886,384,67,73240,23697,48873,71202,22298,48904,38519,9646,28873,39673,10599,29074,72535,19993,50496,212220,57575,148776,61416,16762,43266,62026,18396,43243,62072,16516,44858,61785,18352,42359,61874,19187,41634,173935,34683,131568,70103,19858,49159,82563,24043,57429,81625,22913,57078,240859,68832,172027,68942,18938,48922,57881,14050,43252,57506,14265,42123,57651,14127,42373,57393,13615,42916,57636,14211,43425,74112,20162,52939,81695,21764,59261,81278,22169,57508,0,0,0
8,8,187468,121997,33596,29314,1235,2253,541,0,0,189238,118191,38377,29026,1308,3028,991,0,0,192599,115289,42337,28451,1802,5397,957,190336,118004,39330,29047,1363,2186,1017,26145,1008,731,825,4170,192835,115263,42042,28954,1624,4224,1117,195339,115128,44228,28648,1828,4952,752,142790,97478,20941,22323,833,1604,334,0,0,135413,95288,15323,22324,656,1569,245,21774,554,819,245,56,0,149542,94224,28148,21919,1290,4076,606,149542,94224,28148,20755,962,525,504,4118,135511,95576,15882,21743,644,1513,119,0,0,0,0,137532,94914,18145,20819,839,2372,284,19955,661,490,284,138705,94960,19457,20510,976,2468,119,19420,809,437,119,140448,95577,20079,19755,1019,3903,100,18609,805,868,100,61752,17456,43523,58867,14072,44795,35373,6835,28538,36462,7862,28600,63345,12890,48906,184639,38070,140122,55349,11242,42857,55848,12484,42978,56036,10988,44439,55743,12656,42096,55833,12956,41995,159919,23591,130072,62491,13155,48516,73761,15927,57072,73135,15188,56588,216798,45789,171009,62687,12721,49114,56056,9801,45672,55567,9792,44456,55742,10153,44603,55405,9246,45361,12873,1630,11033,69049,13795,54420,77161,14695,61850,76675,15683,59615,75266,13652,61614
9,9,201132,138039,28604,31313,1510,2624,123,0,0,203612,135881,33054,30857,1778,3582,134,0,0,199902,128840,33621,30447,2155,5480,247,204689,136397,33585,30779,1834,3304,34,28882,1514,872,27,3251,200868,132148,34131,28128,1918,6491,47,202436,132726,34736,27940,2147,7478,198,154164,110524,18235,22979,1025,1867,77,0,0,149765,109515,14583,22693,969,1924,74,22358,825,766,74,167,0,156851,105762,22723,22672,1568,4212,164,156851,105762,22723,21541,1217,1022,42,4227,151175,110204,15229,22838,1101,1867,24,0,0,0,0,148840,107449,15891,20530,1187,3808,10,19750,1012,790,10,149930,107789,16631,19996,1342,4162,8,18947,1133,621,8,151933,108536,17730,20022,1253,4549,37,18587,959,735,37,75817,23679,51248,72375,19251,53124,41414,8568,32846,42640,9625,33015,75986,17015,57032,217684,50145,161169,64797,14335,49073,65889,15669,49843,65717,13917,51158,65314,15791,48554,65474,16649,47811,185847,29745,149124,74400,17002,56426,88882,20550,67489,87432,19824,65940,258248,58371,199877,74045,16230,56804,64013,11989,51341,63577,12133,50125,63657,12256,50299,63161,11501,50751,63384,11887,51313,80368,17181,62234,88882,18374,69877,88067,19036,67393,82911,16126,66785
10,10,149613,97990,35161,14298,1271,1865,213,0,0,173642,105654,45529,20160,1952,4725,156,0,0,192455,106495,52032,27000,2639,5978,428,179484,106903,47758,21869,2045,4667,164,18492,1288,449,60,4328,195509,109920,53807,27460,2385,6101,292,203927,111619,56354,30855,2650,6670,483,106297,74108,21088,9468,781,1294,116,0,0,119702,81387,22555,13246,966,1226,45,12647,705,377,45,336,0,140984,83519,33562,18423,1708,4269,284,140984,83519,33562,17079,1172,555,142,4408,124065,82680,24250,14504,1060,1208,40,0,0,0,0,135260,85855,28045,18668,1222,1368,25,17883,932,260,25,140315,87440,28705,21070,1369,1599,150,19774,1069,242,150,147130,88602,31495,23805,1537,1518,153,22808,1207,157,153,53850,15334,38080,53334,13784,39550,30810,6703,24107,31568,7963,23605,64114,16254,44944,187259,45688,133464,59473,16115,41216,60593,19107,41025,60505,15880,43650,60023,18587,39885,60191,18648,40207,171235,34307,126347,68981,20386,47120,85694,27567,56721,85038,25782,57082,251704,78399,173305,71388,21735,48096,67807,21338,45564,66795,20733,43753,67052,21236,43941,66385,19211,45596,0,0,0,83924,27514,54848,99818,33850,64763,98775,35685,61020,95403,30759,64644
11,11,192377,129301,25846,34468,1618,2127,159,0,0,192156,125016,29391,34863,1832,2406,252,0,0,185491,117250,30788,31351,2183,4789,222,191775,124147,29722,34543,1952,2838,239,32126,1360,408,71,3544,186533,119342,30389,31484,2576,3852,653,186433,118394,31498,29910,2416,5577,645,146867,103280,15748,25614,1183,1561,107,0,0,139515,100860,10515,25991,762,1249,73,25451,645,470,73,108,0,143703,95473,20105,23226,1563,3646,152,143703,95473,20105,22020,1169,523,36,4054,139655,100525,10937,25836,907,1425,73,0,0,0,0,136625,97180,12485,23481,1127,2108,172,22772,733,224,172,136470,96170,13714,22044,1059,3274,163,21248,626,295,163,137563,96304,14407,22355,1063,3347,142,21197,665,213,142,72015,21338,49876,68187,17748,50439,37859,7267,30592,39009,7994,31015,71442,16144,53356,205133,46908,152101,61572,14279,45871,62868,15949,46616,62669,14264,47837,62120,15582,45612,62209,16881,44395,176755,29745,139486,69741,16547,52320,81311,19596,60879,80416,18830,60212,237183,56142,181041,68589,15672,52027,58359,11506,46299,57992,11562,45402,58085,11627,45532,57675,11162,45835,57541,11447,46094,73355,16391,56170,79914,17205,62204,79435,17690,60535,30329,7983,22346
12,12,184330,110289,33566,38115,1923,1753,163,0,0,198254,114334,39836,40078,3535,1909,349,0,0,202487,111581,45987,38304,3099,4545,308,197385,113014,40562,39245,3202,1807,227,36947,2879,353,195,3218,205135,117505,43411,38874,2479,4055,362,206986,115547,47223,37197,2955,5250,476,145050,91133,22795,29076,1428,1312,119,0,0,147208,95036,19419,29977,1475,1247,90,29258,1351,458,90,101,0,162321,93529,33048,30204,2403,3458,215,162321,93529,33048,28900,1946,436,77,3863,147010,94393,20210,29413,1424,1390,130,0,0,0,0,155628,98904,23223,29269,1210,2754,193,28614,1065,310,193,157062,98021,26267,27428,1543,3500,192,26642,1317,282,192,161285,100085,27461,27610,1593,4098,195,26517,1376,369,195,62410,21311,40438,62067,18726,43341,36908,8709,28199,38275,10385,27890,66774,17919,46313,193188,50666,135142,59715,15144,42861,60649,17474,42738,60570,15183,44566,60120,17180,41598,60369,17823,41350,170962,32199,129553,67732,18506,48002,81096,22932,57011,80284,21493,57076,236507,64891,171616,68339,18040,49047,61608,14201,46628,61042,14124,45237,61273,14487,45362,60877,13125,46724,60658,13142,46774,76755,19732,55869,88060,21875,65383,87557,22751,63076,85788,19406,65245
13,13,188781,111554,41779,33819,1287,2155,162,0,0,191267,109853,46145,32727,1507,2915,470,0,0,188981,103809,46777,33094,2013,5768,286,194391,109237,48038,33999,1727,2982,387,30929,1347,597,177,3838,193030,105762,49650,34400,2961,3216,362,193080,104939,49283,34738,2830,3322,345,142295,90744,25852,23994,999,1552,94,0,0,134649,89065,19965,23083,871,1428,169,22753,737,606,169,116,0,145156,86023,30551,23647,1503,4331,174,145156,86023,30551,22206,1063,585,61,4152,137053,89377,20926,24292,846,1584,124,0,0,0,0,136669,87645,23061,23870,748,1420,49,22962,611,359,49,136541,87857,22767,23659,808,1355,25,22583,552,242,25,138458,88562,24026,23515,952,1338,26,22324,631,157,26,63237,22401,39766,58713,18671,40042,35101,8413,26688,36043,9605,26438,62338,17012,43525,180923,50397,124770,54713,14463,38930,55468,16007,39131,55458,14310,40588,55089,16187,37878,55158,16719,37526,154960,30395,118034,61530,16980,43654,73222,20360,52010,72016,19076,51331,211223,57530,153693,61475,16223,44281,54449,12328,41457,54032,12247,40435,54159,12551,40522,53821,11655,41348,31714,8752,22962,67861,17215,49745,75673,18182,56885,75294,19333,54481,73530,17149,56381
14,14,168985,101012,39199,17545,11107,1615,280,0,0,191383,107273,49393,20409,14521,3250,485,0,0,203047,106699,54387,23331,16257,4778,452,196425,108637,50670,21806,15067,2502,413,18610,12989,235,136,4640,202312,109198,53111,23772,15259,2688,425,206374,109521,55713,24567,15492,3678,577,136396,87538,27233,11846,9313,1258,202,0,0,135812,90039,25739,12854,5747,976,114,12087,5095,185,114,481,0,163186,91041,39518,16569,13777,3619,325,163186,91041,39518,14292,12386,342,163,4809,141580,92492,27563,13789,6297,864,134,0,0,0,0,147962,94611,30041,15252,6723,1012,176,14514,6006,157,176,149303,94289,31075,15715,6502,1057,181,15066,5755,147,181,151887,94727,32550,16061,6888,1022,194,14987,6068,148,194,48606,17083,31254,44696,14356,30340,23726,6072,17654,24856,7490,17366,56099,19953,31338,159001,50575,97970,52502,20069,29994,53889,24610,28729,53593,20572,31802,52979,22460,28723,53161,22731,28644,149756,42948,93001,59454,24362,33066,70894,30857,38100,70106,27988,39784,204107,83683,120424,57985,23879,32111,49107,20207,27936,48459,19857,26762,48684,19800,27275,48308,18487,28399,46975,17831,27664,64732,26356,36661,75053,29112,44695,74864,29984,42586,73682,26232,45157
15,15,148254,110707,22600,7307,6936,1469,327,0,0,183883,123989,34474,14081,12126,1678,170,0,0,200185,121058,40477,18114,16258,5026,704,189541,126715,36838,13648,12182,1745,355,11315,9962,133,57,4086,204207,129702,41606,17025,15387,1848,230,208171,129103,43226,19106,16304,2193,411,107889,83351,14584,4682,4572,1051,195,0,0,123274,92663,16079,8513,5115,641,7,8364,4601,99,7,255,0,147396,93889,27060,11822,11140,3565,448,147396,93889,27060,10135,9721,361,188,5380,125754,93424,17122,8632,5267,1049,60,0,0,0,0,133962,96162,20372,10126,6119,960,39,9358,5285,124,39,136178,95022,22466,10457,6891,985,39,9562,6102,118,39,139167,93588,24711,11938,7455,1058,46,10888,6360,102,46,61829,16496,45159,65127,14892,50235,37524,7242,30282,38850,8949,29901,75740,21842,49166,220896,54213,156614,69682,20571,47016,70689,24960,45146,70586,20764,48697,70221,23665,44851,70401,23187,45660,198341,43807,142915,79895,26445,51553,96753,35438,59767,96080,32198,61696,280740,94314,186426,80565,27436,51181,72578,25383,46152,72103,24877,45125,72297,25172,45320,71662,22981,47132,71415,23239,48157,88890,31594,55634,98009,35116,61581,97989,36537,59461,96585,30782,65803
16,16,143790,94485,37046,9577,2046,2278,238,0,0,178578,115019,49200,10734,3043,2212,300,0,0,190052,113877,53356,14214,4097,6349,439,182194,115119,49313,13317,3505,2622,420,10913,2509,480,17,3727,194171,120448,52396,15428,4002,3165,310,203713,124125,56323,16615,4315,3805,417,105965,74695,22917,6327,1435,1483,141,0,0,117249,91154,17361,6391,1503,805,9,6050,1359,354,9,34,0,143293,92032,34947,9623,2978,4530,280,143293,92032,34947,8493,2320,518,115,4391,122587,92467,18912,8485,1645,1076,15,0,0,0,0,132437,96972,21745,10153,2104,1409,134,8988,1776,240,134,139745,100799,23937,10969,2396,1491,173,9957,1978,267,173,145963,104963,24871,11418,3060,1422,166,10226,2491,275,166,45167,10295,34605,50296,9269,41027,31084,4234,26850,32018,5284,26734,61990,11671,47989,182332,31968,144187,56666,10673,44617,57046,12480,44161,57208,10718,45794,56981,12249,43571,57062,12145,43925,163890,22602,135392,65619,13504,50947,81491,18077,62411,80414,16638,61946,236698,49457,187241,67612,13774,52604,63164,12242,50191,62810,12087,49216,62969,12417,49289,62599,11064,50450,62130,10863,50525,79478,16874,61454,94676,20307,73718,94333,21632,71065,92443,18072,74371
17,17,170760,97986,54762,16065,1462,2652,206,0,0,186460,98863,68092,17296,1851,2039,326,0,0,202973,99548,81407,16415,2165,6422,402,189864,98621,70941,17327,2004,3121,202,14912,1487,486,8,3085,205157,101963,81046,17701,2076,5115,220,210907,101553,86709,17631,2424,6198,250,126318,78894,34353,11206,1027,1874,130,0,0,128337,81342,33092,11697,880,1142,49,11372,803,416,49,139,0,153215,82963,53547,11748,1460,4796,257,153215,82963,53547,10469,967,522,65,4164,131185,82000,35044,11666,1089,1214,8,0,0,0,0,141860,86185,40932,12138,1016,1398,15,11390,813,199,15,143545,86280,42304,12060,994,1534,0,11280,726,136,0,148821,87652,45932,12085,1212,1602,33,11321,922,138,33,58880,24173,33973,55242,20532,34710,36522,11409,25113,38171,13359,24812,63021,20276,39694,181805,59120,112317,58492,19262,37035,59323,22053,36700,59276,19115,39056,58858,21713,35338,59031,21550,35952,166510,41152,112648,65686,22925,41285,79018,28178,49527,78220,27298,49076,230960,82396,148564,66603,23062,42092,61975,20593,40389,61305,20595,38663,61502,20508,39167,61147,19197,40425,61116,19787,40708,75038,25966,47685,84544,28281,55184,83692,29281,52239,81982,27144,53952
18,18,176243,136108,22249,15280,1190,2036,204,0,0,193588,139776,34844,15758,1410,2218,119,0,0,202990,131746,49093,15005,1850,6206,274,197795,140850,37532,16078,1534,2369,105,14490,922,776,20,3016,204936,135873,47841,16898,1606,3324,178,212448,133641,56852,17268,1742,3936,182,130948,104014,13727,11173,799,1544,123,0,0,136337,108006,14675,11561,687,1355,20,11209,489,627,20,44,0,151159,103678,30851,11074,1286,4550,183,151159,103678,30851,10150,905,570,64,4546,138578,109297,15286,11677,781,1484,20,0,0,0,0,139098,106606,18061,11883,783,1642,37,11133,445,248,37,140317,105060,20921,11765,838,1575,48,10858,518,140,48,143562,105730,22698,12303,967,1553,54,11199,534,74,54,57159,13761,42815,58841,11741,47100,31821,5190,26631,33291,6336,26955,64261,10663,52228,185974,32104,147533,55352,8976,45147,56149,9927,45938,56053,8610,46931,55643,10043,44659,55897,10115,44961,161690,18954,137209,64507,10752,52898,78998,13302,64897,78010,12948,63483,230432,38608,191824,64708,10590,53221,56067,8449,47020,55878,8375,46406,55917,8587,46297,55630,7965,46859,55694,8171,47415,73277,12333,60025,85423,14621,70363,84909,15808,67421,83946,13908,70038
19,19,156408,123791,26958,2081,2367,2004,159,0,0,185436,139420,37036,3746,4275,3970,299,0,0,202995,147870,38480,3988,7061,5772,395,189187,142617,37093,3212,4381,3827,301,1866,2811,373,136,4203,201601,146616,40808,4144,7194,3600,504,208729,151531,41001,4598,8447,4031,588,119987,99021,17068,1317,1516,1425,108,0,0,136638,112417,18800,1887,2172,1166,115,1504,1748,272,115,97,0,159395,121643,25751,2582,4835,4347,275,159395,121643,25751,1718,3886,517,58,5204,140923,115722,19031,1867,2483,1461,120,0,0,0,0,150114,121822,20773,1999,3548,1484,190,1712,2752,256,190,155054,125608,21181,2280,3886,1598,138,1750,3145,348,138,160103,128938,22493,2532,4168,1650,94,1870,3428,247,94,72767,20094,52015,74479,17028,57451,50268,9809,40459,52026,12351,39675,87893,21102,62586,257275,54232,190285,86501,21364,62460,87730,25984,60934,87586,21297,64599,86586,25215,59000,87340,24920,60275,248062,45279,189498,96827,26549,68214,117537,34652,81144,116536,31803,82440,341192,92464,248728,100683,27854,70718,99041,27168,70421,98155,27317,67436,98537,27421,68428,97930,24559,71430,76989,21413,54716,114591,32610,80026,128277,36281,90401,127797,37605,87572,125544,32914,90752
20,20,150274,108523,30312,6474,4386,1932,320,0,0,201468,139168,44062,10282,7657,2428,1003,0,0,203898,132341,45812,11867,9808,6404,664,199028,134139,45000,12211,7378,2506,750,8486,4871,182,329,5743,207257,134818,47543,13279,9976,3641,997,216823,138275,47778,15239,13641,3881,1017,108769,82803,18424,3986,2848,1304,188,0,0,144127,109036,24001,5668,3873,1146,229,5046,2943,250,229,237,0,155291,106852,30254,7672,6812,4537,443,155291,106852,30254,5983,5278,502,139,5677,142344,105808,24925,6673,3294,1062,299,0,0,0,0,149315,108278,27348,7380,4327,1377,319,6313,3454,258,319,155580,111761,27504,8680,5570,1403,345,7273,4531,203,345,161215,114167,29311,9055,6564,1398,337,7695,5443,144,337,57876,21783,35738,62831,20684,42147,39761,11665,28096,41188,13826,27362,76283,26296,44545,220357,68595,137403,76172,27800,45436,77549,33130,43471,77375,27753,47777,76835,31621,42584,77110,30937,43855,213511,58591,138576,86408,34259,49592,106771,45092,59384,104596,41884,60048,304142,121218,182924,88875,36156,50196,85566,35743,48367,83446,34896,45376,84460,35331,46576,83966,32737,49160,5611,3002,2416,100960,42254,56384,113624,47517,64061,112448,48466,60991,103541,41481,61857
21,21,181060,142540,12961,20476,3727,1856,206,0,0,183882,138818,15546,23687,4339,1971,163,0,0,187992,133180,19738,25302,5496,4361,203,186352,141106,17025,22670,3873,1830,153,21519,3130,273,49,3028,186333,136840,20591,22250,4016,2342,217,186932,135896,21058,22915,4194,2614,223,137363,111515,8246,13956,2551,1359,130,0,0,135987,108875,7982,15904,1980,1210,29,15775,1903,234,29,50,0,144682,106358,13000,17809,3948,3341,130,144682,106358,13000,16867,3521,603,43,3946,137579,110878,8660,14738,1899,1311,49,0,0,0,0,136768,108085,10595,15059,1719,1527,89,14425,1358,366,89,137139,107684,10712,15220,2223,1602,108,14511,1897,387,108,137766,106834,11150,15950,2317,1521,143,15024,1980,402,143,69802,18667,50657,71109,16987,54122,40965,8503,32462,42200,9311,32889,75089,15472,57504,218413,47512,164182,63090,13166,48507,64001,14488,49189,63921,12526,50772,63551,14459,48107,63555,14657,47985,182529,27649,147903,72231,15463,55747,84642,18552,65071,83604,17943,64152,246544,53962,192582,71141,14828,55321,60364,11118,48636,59909,11257,47748,59979,11186,47845,59617,10823,48047,59644,10984,48660,76193,15899,59381,84109,17224,66191,83150,18069,63739,81525,16013,65512
22,22,188760,64797,36721,80422,7041,2022,207,0,0,190033,58678,46004,77581,7721,1535,159,0,0,186322,51597,48640,78093,7404,3582,175,186122,53478,45858,78493,8196,1763,202,76108,7584,438,119,2480,186402,51972,46872,79462,8282,1869,151,184807,49463,48712,78731,8032,2360,344,142657,54536,24416,58287,5211,1464,129,0,0,127348,47459,18003,57389,3428,864,52,57107,3341,443,52,133,0,141013,43734,32910,57790,5611,2653,142,141013,43734,32910,55725,5177,312,33,2686,124126,43815,17225,58522,3710,750,27,0,0,0,0,125042,43033,18976,58034,3982,484,8,57255,3910,116,8,123491,41292,20026,57148,3930,485,8,56212,3821,108,8,123714,40895,21302,56254,4075,567,37,55115,3959,110,37,60808,37525,22778,59995,37829,22166,33689,20761,12928,34506,21485,13021,58139,35296,21479,170999,105766,61491,47991,29260,17856,48403,29972,18210,48439,28328,19683,48202,29842,17805,48169,29685,17956,123366,59584,55585,54030,32543,20809,61738,36832,24227,60384,35269,23808,178050,107578,70472,50850,29934,20210,38573,20822,17170,38070,20794,16675,38084,20706,16625,37895,20433,16761,37956,20683,17273,51189,29149,21362,54561,30272,23758,53479,30561,22041,52286,28968,23318
23,23,163580,88908,43347,26936,4112,2258,224,0,0,186546,98145,54850,28803,4664,1932,517,0,0,198405,101948,56252,31055,5970,5672,367,190141,101379,54353,29787,4639,2191,493,26352,3536,241,86,3980,201921,104800,59171,30675,5946,3133,875,205701,106722,60900,31134,6227,3881,300,123077,71835,28516,18910,3060,1642,138,0,0,129858,78749,27937,19495,2542,970,68,18825,2293,292,68,199,0,151425,83392,38215,22122,4483,4267,264,151425,83392,38215,20458,3709,577,86,4411,133865,82031,28604,20041,2175,868,51,0,0,0,0,143027,85585,31619,20801,3620,1114,290,19761,3297,199,290,145934,86958,32273,21476,3930,1334,69,20101,3587,230,69,148746,86338,34012,23040,4036,1377,161,21763,3694,239,161,53832,23386,29914,55845,22607,33238,30568,10864,19704,31801,12663,19138,63313,23553,37296,185161,67434,109946,58205,21771,34518,59035,24198,34375,58956,21510,36410,58612,23647,33559,58742,23273,34172,163275,45589,106373,66215,25292,39550,80797,30901,48636,79617,29209,48201,234139,88523,145616,65596,24773,39445,56470,20580,35017,56145,20239,34278,56265,20361,34316,55979,19312,35392,56157,19953,36204,73360,26859,45163,83196,28924,53413,82756,30276,50435,81891,27676,54215
24,24,162825,108511,28558,18436,6710,1649,265,0,0,187685,120487,36428,20701,9436,2389,196,0,0,198848,119268,43336,21882,10545,5275,424,190030,118317,39760,21001,9783,2502,125,18568,8179,563,2,4474,195917,118497,43598,21632,9329,2786,549,198198,118820,43245,23640,9912,2814,263,119150,82903,18100,12816,4590,1198,160,0,0,132242,91921,19187,14279,5171,1377,10,13716,4689,416,10,426,0,149421,94104,28725,15610,7535,3792,267,149421,94104,28725,14232,6456,421,96,4786,134280,90474,22072,14264,5642,1437,0,0,0,0,0,138803,91650,25198,14898,5213,1351,40,13985,4593,335,40,140741,92567,25545,15519,5509,1173,15,14410,4840,305,15,143468,94030,26750,15018,6151,1185,48,13764,5369,339,48,64199,21606,42328,67272,19653,47619,38739,10220,28519,40087,12027,28060,76422,23052,49797,225839,63523,152661,68741,20552,45973,69764,23792,45409,69643,20263,48196,69226,23251,44298,69429,22812,45158,196431,43452,141316,79234,25294,52204,96177,31936,62624,95114,29670,63149,279573,88480,191093,79312,25370,52206,69974,22198,46753,69655,21899,45724,69780,22200,45743,69462,20576,47419,69747,21463,48284,88634,28586,58373,100758,31995,67439,100498,33653,64414,99438,29903,69535
25,25,151611,80714,41752,22107,6814,1789,132,0,0,175911,81155,54262,29529,10993,2036,64,0,0,186855,80425,55714,35742,13262,4850,319,182999,82973,55706,30541,13684,1930,74,28695,11951,387,52,2936,188601,83387,56292,34302,14628,2048,283,193410,82882,56642,39148,14599,3197,530,111620,63621,26841,16009,4618,1226,89,0,0,120246,64100,28917,20984,5634,577,20,20645,5353,130,20,33,0,139436,64746,37857,25421,9217,3545,206,139436,64746,37857,23721,8510,455,58,3619,126676,66247,31360,21250,6872,725,50,0,0,0,0,131707,66395,33411,23581,7134,1047,43,22815,6889,228,43,135337,65801,34241,26511,7302,1337,53,25732,6863,254,53,141376,66643,36393,28270,8594,1498,68,27154,8084,259,68,49830,17572,31921,49114,16227,32887,28043,7884,20159,29281,9374,19907,56980,19966,34721,167211,56365,103803,52360,18922,31916,52947,20906,31641,52872,18413,33682,52605,20472,30908,52745,20347,31242,149895,39529,98502,60244,22780,36247,74258,29460,43705,73464,28032,43506,216534,84358,132176,60434,23260,35915,53160,20785,31545,52822,20475,30833,52971,20595,30872,52696,19494,31958,52813,20208,32496,68691,27281,40123,79211,31393,46793,78916,32915,43972,56228,15861,40367
26,26,127331,69976,29684,11999,15739,1090,156,0,0,185863,83186,48393,21960,33033,1689,202,0,0,199811,84165,46914,24636,42159,3332,328,186741,84911,48476,22312,31298,2315,40,19627,29009,240,2,3991,198478,81833,51747,24947,38548,2881,252,209478,83690,53334,28642,40902,2826,269,86020,49461,18724,7784,9848,666,92,0,0,104688,56564,21565,11909,13425,964,25,11509,12958,641,25,240,0,140059,62536,31505,16426,27870,2309,200,140059,62536,31505,14685,26355,223,60,4075,108650,58077,23604,13839,12272,712,4,0,0,0,0,119217,58509,28204,15790,15943,692,124,14647,15273,102,124,125742,60962,28339,17989,17391,806,110,16777,16676,130,110,128577,59019,29324,19702,19453,1011,73,18523,18812,106,73,43966,13883,29896,49919,14011,35908,31947,7248,24699,32830,8739,24091,63120,23117,36977,188069,60386,121058,60264,21771,36945,60882,25518,34908,60801,21627,38262,60494,24462,34703,60596,24034,35410,169018,46095,112121,69359,27754,40218,86781,37857,47583,84733,33978,49083,247853,100531,147322,70037,28545,40055,62891,25683,36266,62189,25006,35496,62405,25362,35569,62054,22872,37930,62338,22861,38153,77896,32486,43793,86275,35275,48548,84878,37065,45626,83100,32606,50494
27,27,156963,30825,37157,70258,19904,1590,242,0,0,186557,34206,47640,79162,27658,1721,330,0,0,197352,32701,49795,83264,32709,3774,299,191960,39053,45358,80015,31080,2898,84,74768,26394,375,0,5446,192812,37820,47057,77852,32553,3048,155,194894,36637,48367,80244,32324,3678,227,109659,23546,23558,48589,14343,1033,152,0,0,116741,24810,20555,56686,14049,455,105,56026,13734,145,105,290,0,145498,25661,33725,61433,24689,2609,201,145498,25661,33725,58601,23624,192,45,3057,120898,28300,19267,56872,15378,659,0,0,0,0,0,125891,27784,22383,56725,17870,555,20,55364,17407,147,20,130443,27061,24129,59295,18713,717,25,57837,18244,144,25,134890,28602,24193,61392,19481,836,45,59583,18972,107,45,58538,41804,16533,59046,41671,17375,34338,23135,11203,35177,24435,10742,66506,47087,17469,198415,135745,57508,63622,44305,17676,64261,47261,16665,64057,42617,20502,63879,46087,16591,63942,45352,17604,166612,91288,56349,71565,50416,19932,86819,61818,23921,84222,57816,24433,248067,175769,72298,69973,49497,19240,59678,41937,16781,58814,40968,16451,58998,40875,16437,58475,39788,17348,58832,41353,17020,77290,53473,22415,88014,58748,27817,86372,59585,24959,26994,13432,13562
28,28,127387,59903,33461,13301,20850,1010,190,0,0,171736,76499,45450,18439,31505,1155,349,0,0,197627,78182,53560,25861,38398,3661,328,190421,75728,51036,23090,40378,1551,263,20461,38185,446,141,4086,208946,78124,60948,25790,44340,2364,250,221267,82346,60262,30844,48526,2935,243,91099,45863,21478,8704,14887,654,116,0,0,109323,56414,24768,11519,16216,376,14,11244,15691,181,14,74,0,142051,59748,35969,17249,27341,2581,242,142051,59748,35969,15732,25998,296,43,3676,120023,57057,28034,13686,20627,556,8,0,0,0,0,130992,58556,34186,15443,22105,664,14,14408,21493,154,14,137872,61174,33567,18160,24315,816,23,16467,23726,119,23,147748,64018,36070,20381,26024,737,45,18738,25263,117,45,47445,16899,30259,50269,16285,33984,30646,7970,22676,31485,9394,22091,60682,23449,34870,180261,62260,112150,62169,24047,36545,62909,27692,34801,62755,23732,38170,62343,26622,34496,62506,26126,35329,173241,50490,111327,70750,29362,40115,89558,39405,48829,87164,35542,49827,254617,105412,149205,72139,29910,40858,67015,27061,38940,66205,26294,38282,66399,26636,38223,65963,24246,40345,66268,24472,40563,84740,35223,47780,99820,40236,57040,98084,42276,53334,95667,37500,58167
29,29,161592,85963,44914,18194,12273,1748,221,0,0,185049,89154,56281,23992,15535,2697,243,0,0,185176,81408,59488,25376,16735,4882,304,185063,86714,58388,25399,14158,2381,88,23142,12372,939,0,3264,185999,79839,63261,27383,14918,2680,365,188240,80970,63085,26880,16199,2561,303,114584,65530,28272,11962,8273,1205,128,0,0,123457,67374,30611,16109,7820,1176,0,15881,7586,753,0,454,0,136464,64536,39815,17911,11780,3536,213,136464,64536,39815,16307,10834,358,50,4104,122879,65343,31447,17895,6989,1086,0,0,0,0,0,123648,61829,33924,18710,7897,827,0,18439,7548,349,0,125168,63179,33819,18446,8563,745,10,17963,8151,226,10,127285,62424,35072,19656,8835,754,65,19145,8255,230,65,54784,18913,35598,56079,18154,37925,30564,8969,21595,31799,10331,21468,64212,23241,38074,189367,64159,117393,58131,21584,34851,58818,24330,34056,58686,21131,36695,58432,23566,33542,58582,23166,34259,166464,45200,107443,66622,25907,39341,80742,32779,46733,79911,30735,47204,234882,92256,142626,66059,25935,38712,56834,22579,33393,56554,22186,32777,56646,22330,32764,56374,20879,34102,56411,21346,34029,73228,29238,42576,82835,32583,49074,82530,34160,46236,62962,20779,42183
30,30,184140,98312,68307,15457,2209,1829,204,0,0,191625,96125,77381,15739,2599,1722,455,0,0,189735,92859,76329,16072,3121,4153,221,191524,95166,78106,15941,2360,1944,307,13435,1975,195,223,2129,189767,91793,79109,15115,2464,2867,290,190064,92896,77409,15597,2890,2778,285,137124,79803,44855,10523,1472,1316,128,0,0,135245,77829,44824,10545,1062,691,139,10254,999,178,139,194,0,143889,76349,52271,10999,2301,3099,126,143889,76349,52271,9765,1940,343,33,2817,136425,77414,46363,10537,1237,738,183,0,0,0,0,135650,75275,47814,10077,1306,992,115,9522,1214,222,115,135935,76369,46739,10082,1346,1075,84,9595,1254,236,84,136203,76031,47153,9809,1594,1331,67,9178,1371,225,67,66304,20487,44915,63428,17678,45750,37069,7754,29315,38279,9188,29091,68027,16576,49393,195690,48779,139983,58630,13054,44315,59365,14791,44234,59301,13022,45688,58802,15066,42719,58927,14967,43001,167339,28284,132630,65782,15967,48899,76621,18850,56890,75271,17935,55956,221423,53921,167502,65273,15393,48967,57265,11575,45077,56642,11918,43628,56794,11631,44108,56564,10656,44932,56679,11307,45199,70450,16300,53318,77229,17416,59235,76412,18279,56852,75420,16285,59135
31,31,176573,44782,127690,3173,728,1164,89,0,0,187630,44863,138571,2944,1100,2154,94,0,0,184966,45168,133026,3396,1201,2971,249,188254,44846,138960,3027,1112,2698,70,1966,696,50,30,1561,185772,43811,135969,3333,1364,3062,211,186657,45905,134182,3550,1691,2934,106,126106,35441,87227,2656,511,820,59,0,0,116540,35747,77570,2163,428,577,40,1959,279,84,40,100,0,137003,36866,94656,2807,841,2253,167,137003,36866,94656,2272,518,220,22,2137,117925,36042,78704,2125,432,577,30,0,0,0,0,118180,35395,78849,2511,516,932,14,2129,337,40,14,118105,37196,76664,2593,772,825,23,2313,297,76,23,121130,37469,78608,3181,1026,720,40,2921,353,157,40,49398,26056,22463,50964,27402,23562,26803,12046,14757,28386,13381,15005,54427,25652,27449,148763,68593,73579,45573,19796,24053,48130,22169,25664,47266,19027,27802,46102,21204,23871,46156,20847,24446,125840,41844,75605,54512,22882,30848,69493,25790,43120,64355,24034,38531,184369,73387,110982,55439,22227,32401,51046,18508,31908,46614,16828,28822,46922,16164,29609,45792,15349,28644,49244,20299,28491,61348,21741,38812,70219,21966,47876,66364,23029,41900,66180,26656,39524
32,32,164734,85407,66395,6303,6335,2038,369,0,0,186985,84843,85362,7475,8881,2595,443,0,0,187448,83763,82996,9317,9032,5016,495,190292,84296,89589,7167,8425,2451,450,5538,6801,509,266,3020,187477,81552,89076,6959,8620,3092,455,190651,84621,87490,8004,9017,3425,249,126193,71093,45489,4187,4630,1558,247,0,0,136948,69027,57507,4796,3872,1414,180,4649,3513,522,180,155,0,146778,70678,59854,6799,6768,3908,360,146778,70678,59854,5342,5466,549,168,4138,140214,69255,61019,4451,3974,1192,265,0,0,0,0,139303,67258,61500,4619,4049,1446,180,4310,3541,396,180,142439,70935,60582,5078,4221,1360,25,4466,3647,409,25,144192,71095,61590,5433,4473,1338,80,4608,3837,402,80,61447,22979,38125,56753,20400,36353,34318,10142,24176,35778,12467,23311,64704,23216,38466,189218,63529,115339,58444,20669,35471,59687,24517,34676,59602,19970,38722,59024,23281,34155,59095,23065,34605,168184,44658,109506,67037,25330,40244,80666,31670,47624,79615,29487,48001,231798,88143,143655,67140,25511,40186,60003,22270,36863,59543,22102,35886,59667,21735,36139,59087,20558,36855,59603,22471,37132,73612,27896,44412,81081,29887,50344,80587,31323,47360,79283,27937,51346
33,33,137317,89923,22508,11272,12953,1640,196,0,0,168884,105213,30573,15359,16326,2054,511,0,0,190539,107824,35377,20716,22467,5796,439,176728,108802,31891,16768,17935,3087,485,14853,15187,567,141,4697,194933,115622,35996,19345,21930,3643,635,202559,116806,38997,21413,23600,3504,467,96585,66625,13540,7114,8673,1057,120,0,0,112407,79432,13444,9538,8523,1133,75,8963,8034,574,75,319,0,140932,83725,23238,14286,16282,4073,290,140932,83725,23238,12926,15070,550,80,4874,119339,83041,14785,11075,8880,1312,70,0,0,0,0,133362,89313,18659,12754,10988,1112,85,12174,9998,239,85,139219,90962,21174,14044,11426,1145,79,13398,10468,245,79,146376,93675,23080,15364,12712,1276,101,14615,11524,175,101,53473,17100,36097,56174,16098,40076,32430,7884,24546,33193,9376,23817,65929,20819,41314,191034,53636,128997,63822,21553,40371,65107,25509,39038,64856,21223,42481,64496,24574,38279,64588,24126,39023,183356,45189,124037,73264,26633,44903,90529,35592,53353,89443,32420,54963,263736,96802,166934,74516,27379,45397,68943,25198,42821,68429,24934,41098,68645,25367,41527,68269,22735,44054,68227,23722,43124,85753,31975,51838,99161,35237,60881,98421,38379,57847,96283,33459,62188
34,34,198647,42813,145588,9558,1511,2153,228,0,0,199017,38206,151809,7864,1236,1271,164,0,0,189560,38218,140214,8756,2248,3882,328,196079,36898,149463,8616,1363,1199,183,7571,850,251,31,965,189816,33253,147048,8975,1599,1720,357,186627,37390,138190,9614,1769,1947,141,144410,35484,101253,6491,1097,1571,140,0,0,135662,31771,97347,5476,536,425,15,5322,432,215,15,110,0,143094,32137,102315,6051,1578,3026,223,143094,32137,102315,5001,1070,331,69,1736,133511,30425,96104,5807,586,549,30,0,0,0,0,130792,27749,96285,5620,523,453,55,5364,479,145,55,129706,31004,90973,6257,781,559,40,6025,721,155,40,129445,30020,91752,5836,980,597,131,5549,809,162,131,51286,28707,22161,47363,27986,19377,24419,12261,12158,25754,13758,11996,50273,28447,20040,147406,82252,57851,42477,23074,17688,43360,25122,17957,43328,21547,21271,42902,24393,17473,42888,24426,17580,117627,48686,56876,49238,26970,21407,59175,32171,26232,57848,30422,25746,168925,93565,75360,47733,26044,20851,38943,20128,18285,38435,20094,17533,38427,19565,17808,38045,18862,17625,38597,20904,17693,50113,26062,23259,53628,26192,26947,52828,27179,24307,51993,25056,26937
35,35,162411,8950,152773,602,434,711,46,0,0,182868,5663,176504,365,682,499,117,0,0,193328,8290,183468,892,709,2676,104,189123,5540,183081,348,488,655,83,47,305,36,9,105,192585,5803,186171,787,618,1202,257,194453,6027,187334,894,779,1802,328,100700,7225,92999,292,295,437,27,0,0,78703,4733,73543,95,293,27,12,95,278,2,12,0,0,128027,6760,120206,485,486,1811,70,128027,6760,120206,180,300,83,13,281,83213,4508,78334,38,287,16,10,0,0,0,0,86852,4795,81753,76,161,65,18,76,128,40,18,88531,4812,83173,270,252,112,0,255,228,75,0,93000,5238,87198,193,233,166,5,167,202,104,5,22668,16700,5624,25014,19623,5391,12924,8914,4010,13868,9700,4168,30721,22010,7620,85844,60795,20494,25734,17566,6865,26469,18868,7425,26303,17050,8981,25871,18454,6787,25888,18146,7219,69270,37156,23652,30750,19976,10179,39722,22747,16582,36343,20802,14124,104684,65187,39497,30051,18794,10649,24728,14517,9867,23396,13969,8919,23491,13166,9580,23126,12912,8814,24316,13702,9990,32982,17994,14422,37419,17276,19851,36251,18552,16793,36314,18634,17680
36,36,174140,12228,160120,914,1301,716,71,0,0,188250,9584,175844,875,1500,405,73,0,0,186731,9878,174370,1066,1520,2320,82,188735,9226,176798,895,1301,639,21,328,1002,6,7,69,190131,8677,178755,1525,1411,1098,26,189495,9028,177217,1998,1681,1409,59,112216,10269,100726,507,850,461,41,0,0,88003,8897,78261,318,469,19,10,293,439,0,10,0,0,131138,8348,121003,633,1115,1754,50,131138,8348,121003,299,885,87,8,351,90425,8704,80961,348,405,23,4,0,0,0,0,94464,7869,85402,477,657,82,8,452,642,43,8,96814,8370,86874,691,714,139,34,651,684,64,34,99106,8515,88729,844,803,161,34,812,747,81,34,25590,18308,7020,28716,21438,7278,14305,9414,4891,15267,10271,4996,37151,27068,8709,104813,75219,24898,30886,21195,8326,31390,22708,8509,31228,20638,10228,30969,22142,8184,31003,21883,8544,83690,44555,28789,36776,23966,12050,46639,26857,19295,44071,24397,17665,128343,78677,49666,35503,22297,12441,27808,16525,10835,26744,16130,10055,26791,15267,10666,26555,14906,10098,27191,15490,11079,38606,20996,16869,43960,20539,23052,42792,21503,20044,42699,22189,20510
37,37,182862,31378,148070,2038,1840,1399,153,0,0,187878,27896,156584,1820,1848,1012,58,0,0,184892,26248,153728,2528,2157,3120,208,189944,27679,158279,2083,1875,1164,144,1276,1571,353,92,682,187387,26417,156638,3027,1794,1301,168,186159,28354,153062,3062,1805,1613,161,127520,26789,98078,1356,1318,941,99,0,0,113864,23081,88646,845,883,367,12,811,863,261,12,21,0,135324,22861,108490,1707,1705,2343,136,135324,22861,108490,1128,1355,216,35,956,116202,23284,90299,1006,985,477,84,0,0,0,0,117246,22547,91852,1291,936,468,87,1058,852,198,87,117880,24384,90598,1539,744,480,80,1226,647,176,80,117126,23366,90199,1719,1164,550,115,1383,1068,161,115,38442,21117,16807,38423,21529,16894,18402,7780,10622,19551,9015,10536,44173,23900,18558,124039,64758,51725,38016,18951,17105,39412,21180,17985,39119,17901,20746,38471,20525,16830,38473,19733,17772,106878,40533,55379,44577,22872,20915,54655,27632,26485,53228,26388,25613,153765,80418,73347,44975,22892,21335,40232,19202,20551,39498,19204,19486,39609,18316,20303,39078,18007,19454,39987,18187,20673,50338,24274,25393,57556,25388,31666,56734,27217,28331,56653,26166,30487
38,38,182304,9870,170631,956,1382,866,108,0,0,186089,8770,175201,1031,1268,550,42,0,0,186152,8533,175349,1044,1320,2350,131,183175,8165,172988,876,1450,380,151,450,1148,61,11,313,184350,7495,174286,1117,1636,1365,146,186938,7630,176200,1113,2008,1481,159,119852,8063,110476,545,974,540,71,0,0,94395,6882,86384,381,527,179,15,371,488,144,15,3,0,132804,6974,124097,669,1022,1773,91,132804,6974,124097,292,801,71,15,400,95251,6561,87677,313,586,138,10,0,0,0,0,99630,6016,92501,372,575,213,20,372,521,30,20,101577,6045,94117,407,757,209,25,397,702,46,25,104025,6428,95949,494,805,279,29,459,745,52,29,31507,23108,8149,31164,23681,7483,14177,9291,4886,15344,10497,4847,39809,29561,8571,112289,78199,25425,30494,20182,7840,31479,22845,8374,31327,19892,10890,30839,21814,7864,30792,21212,8566,84269,43880,28254,37880,25402,11576,47836,29616,17658,46534,28542,16336,135262,89418,45844,37250,24487,11900,29514,18203,10721,28970,18192,10081,29021,16970,11032,28585,16794,9954,29332,16310,11835,40890,23836,16257,46762,23323,22997,45959,25121,19511,45919,25372,20547
39,39,175962,14021,160853,864,734,876,78,0,0,187510,11407,175006,722,557,890,12,0,0,186199,11836,172547,978,880,2492,94,183072,11800,169972,651,1000,783,13,297,717,179,5,28,188345,11870,175144,858,315,1547,37,189022,13133,174326,1270,328,1824,36,114277,12522,101017,440,485,541,56,0,0,94526,9742,84324,196,69,211,0,196,69,107,0,8,0,129174,10480,117370,570,652,1828,65,129174,10480,117370,214,437,113,25,344,93583,10208,82892,187,156,164,4,0,0,0,0,98198,10382,87008,465,32,308,19,405,32,265,19,97483,10983,85408,811,64,206,19,766,62,164,19,98943,10869,86653,1122,157,155,33,1069,95,83,33,30759,22056,8367,31617,23519,8098,16986,11106,5880,18189,12090,6099,38347,26702,10182,105939,72609,27896,31268,20607,9249,31929,22176,9580,31754,19944,11472,31401,21713,9023,31420,21295,9515,85192,43384,31387,37288,23912,12606,47033,27861,18679,44678,25390,17321,129814,80331,49483,36650,22842,13040,30155,17686,12056,28930,17072,11272,28985,16055,12018,28645,15715,11155,29816,16634,12328,40485,22474,17292,46959,22694,23824,45293,23950,20163,45484,24202,21282
40,40,157140,7973,146510,1646,1568,830,63,0,0,180024,8005,168376,2237,1501,1084,0,0,0,185455,8787,171985,2254,2579,2608,66,184344,8162,172703,2114,1151,887,72,1840,1083,150,72,257,186383,9044,173518,2251,1827,897,116,191052,10278,176468,2398,2246,1098,112,102648,6549,94055,1158,1086,564,34,0,0,91732,6564,83211,1278,449,235,0,1238,430,100,0,10,0,128995,7071,118311,1638,1885,1859,40,128995,7071,118311,1154,1668,112,4,382,96998,6211,88927,1048,474,261,70,0,0,0,0,98754,6490,90070,1087,754,226,83,997,744,87,83,101933,7466,92173,1156,795,188,78,1081,790,65,78,103979,7290,94307,913,1062,250,93,814,1035,118,93,25607,19042,6308,27102,20606,6496,14616,10209,4407,15605,11028,4577,34584,24386,8828,96740,67807,24013,30509,20717,8398,31115,22113,8835,30972,19834,10809,30643,21705,8295,30676,21393,8682,83197,43751,28867,35877,23361,11788,45444,27292,17709,43135,25083,16457,125307,78337,46970,35405,22474,12231,29878,18217,11335,28922,17739,10632,28937,16922,11155,28647,16493,10496,29505,17298,11554,39970,22729,16595,46947,23250,23270,45785,24644,20026,45711,24434,21277
41,41,168304,21795,140293,1937,4886,1040,116,0,0,185811,21364,157887,1937,5628,855,109,0,0,189205,18678,162845,2308,5379,3213,124,186298,19617,159162,2347,6070,765,207,1341,5097,258,118,574,186148,17636,160733,2787,5736,1685,152,187212,18513,160780,2371,6074,2300,203,117296,18328,94521,1157,3429,710,77,0,0,105437,16703,84771,745,2874,307,30,705,2784,228,30,20,0,139455,15861,117599,1488,4119,2509,76,139455,15861,117599,927,3703,126,14,889,106523,16215,85834,964,3092,316,115,0,0,0,0,109201,15043,89398,1134,3163,338,34,875,3014,205,34,110502,16185,89661,893,3343,325,42,684,3208,211,42,111909,16252,90788,1093,3275,387,51,827,3141,178,51,37631,21819,15521,36275,20966,15309,19837,9679,10158,20931,10835,10096,47383,28006,17194,134513,76803,50884,41409,23605,16088,42196,26069,15898,42060,22924,18633,41671,25289,15484,41724,24758,16101,116117,50184,52263,48281,27714,19644,59471,33365,25592,57959,30836,25433,169546,95744,73802,47593,27072,19669,39889,22125,17364,39290,21944,16660,39349,21208,17186,39054,20574,16882,39521,21335,17498,52486,27970,23755,59534,28978,29947,58722,30374,27096,58508,30031,28477
42,42,175864,6889,167033,996,1630,929,66,0,0,192031,7985,181546,1204,1479,704,142,0,0,184728,6966,175074,1228,1576,2127,106,189220,7256,179619,1258,1340,612,73,696,1146,91,21,314,183992,6948,174464,1354,1357,1082,32,183460,7746,172823,1444,1575,1262,53,116987,5203,110345,612,1156,597,45,0,0,101827,6172,94361,486,658,158,30,457,658,94,30,0,0,132081,5322,124724,873,1175,1576,80,132081,5322,124724,498,949,67,18,299,100004,5758,93115,502,493,143,20,0,0,0,0,101041,5776,93993,558,565,162,0,533,520,53,0,100684,6388,92817,800,471,194,4,740,366,74,4,101106,6429,93135,833,502,201,5,774,381,76,5,37135,25564,11230,37417,27887,9530,17683,11334,6349,19858,13456,6402,44220,31607,10828,127617,87729,30895,36800,23906,10070,37965,26426,11258,37653,23927,13289,37114,26250,9672,37171,25495,10776,103535,52230,37074,43526,28635,13958,53065,32242,20242,51751,31419,18730,148998,95453,53545,42382,27299,14139,34737,20853,13110,33239,21100,11376,33178,19231,12265,32869,18760,11366,34311,24038,10273,45270,26002,18431,50234,24758,25006,48971,26107,21546,48541,29285,19256
43,43,198328,66969,121312,6961,3172,2070,258,0,0,200378,61709,127578,7936,3479,2628,218,0,0,196580,60142,123531,7126,4004,3977,315,199584,60666,127587,8010,3552,2474,220,5122,2874,297,54,2832,196684,58563,126559,7100,3385,3107,406,196625,60011,124059,7241,3632,3402,381,145804,54439,83329,5308,2328,1507,164,0,0,142740,50089,85235,5051,1351,1074,97,4544,1254,310,97,71,0,149566,49943,89312,5425,2982,3048,196,149566,49943,89312,4555,2471,361,55,2456,143360,49555,86163,4943,1631,1099,53,0,0,0,0,142920,48039,86555,5019,1568,1679,240,4325,1354,330,240,142555,49598,84770,4952,1570,1610,210,4317,1317,354,210,142314,49306,84371,5507,1640,1232,182,4907,1362,228,182,61552,28572,32216,56675,25858,30817,31726,12322,19404,33669,14095,19574,62012,25877,34029,176450,74484,93602,51075,20164,29184,52543,22096,30112,52348,18726,33054,51554,21436,28933,51599,21500,29118,143277,42642,90577,59449,23500,34989,71324,27032,43401,69376,25866,41886,202849,79230,123619,58682,22754,34982,49393,17388,31398,48676,17751,29982,48672,17285,30332,48239,16476,30257,48784,17792,30706,62645,22916,38881,68593,23325,44771,67637,24915,41184,66650,22691,43959
44,44,151340,80922,56242,11344,3026,1998,431,0,0,179695,88691,70794,16204,4441,2085,773,0,0,192359,92222,75130,17457,5729,5632,852,183858,89534,72976,17242,4681,2243,765,13984,2732,263,211,3810,193564,91555,78067,19580,5576,3800,493,198132,93635,78661,20285,6301,4048,1085,109568,63155,36389,7646,1967,1356,285,0,0,126835,69540,43010,10816,2214,1005,119,10521,1741,269,119,228,0,142911,73853,50754,12023,3872,4066,550,142911,73853,50754,10050,2558,401,258,4505,130685,70680,44890,11421,2489,1042,174,0,0,0,0,138460,72995,48990,12219,2757,1435,35,11285,2143,133,35,142005,75135,49574,12464,2738,1414,85,11401,2130,127,85,145846,76448,51189,13027,2955,1426,57,11794,1956,149,57,53677,18321,34938,54830,17472,37358,32681,7956,24725,33652,9628,24024,64472,19962,41219,185893,54505,122790,59236,18821,38361,60198,21501,38112,60019,18435,40678,59582,20682,37231,59727,20034,38331,167522,39492,117811,68695,23206,43921,85405,30753,53180,84508,28479,53925,249301,86729,162572,69651,23491,44510,62808,20485,41251,62072,20003,40065,62301,19717,40522,61790,18704,41366,61492,19908,41150,80057,27455,51046,93119,31302,60672,91721,32830,56579,89504,29393,60111
45,45,126516,66126,51744,6312,2470,1839,270,0,0,178887,85951,78240,10515,4474,2018,156,0,0,201407,90224,87199,12543,9423,6014,2863,187258,88076,82236,11326,5211,2851,152,8225,2936,265,0,4007,205679,92794,93447,12545,6203,5180,323,214555,99141,93679,13332,6755,5717,415,94971,54097,34402,4379,1766,1340,184,0,0,127137,69581,48057,6467,1779,1002,0,6136,1404,342,0,275,0,154436,73457,61834,9335,7551,4516,2717,154436,73457,61834,7235,3709,395,108,7110,133409,71320,51650,6816,2101,1147,0,0,0,0,0,147502,76159,59096,7663,2901,1419,14,6475,2121,203,14,154664,81846,59341,8370,3374,1435,29,7242,2580,149,29,161760,84621,62766,8926,3703,1515,36,7696,2650,83,36,43028,22197,20601,41110,19973,21137,24823,10824,13999,26393,12848,13545,53774,26712,23036,156832,72693,72187,58630,31901,23670,59980,37183,22162,59773,32433,25722,59197,34880,22155,59380,34363,22961,161008,67725,73666,66417,37606,26658,83619,48892,32930,82850,45683,34278,241870,137455,104415,68888,39554,27207,67184,39783,26119,66563,39200,24849,66716,38696,25389,66193,36705,27206,66255,39039,27216,82345,47261,33033,97189,54067,41629,96885,55700,38283,94356,52271,41090
46,46,132202,45885,50334,31297,5755,2203,309,0,0,178503,65266,66818,37893,11224,3226,275,0,0,203324,71385,75885,39958,15483,5862,595,191314,68617,76198,36084,12129,3160,326,31128,9785,301,68,4882,210444,73867,85191,38996,13663,4269,403,219689,77067,86320,42240,14974,5313,514,92754,36695,30757,21414,3978,1469,186,0,0,113682,52548,29092,25049,5738,1144,100,24105,5066,242,100,289,0,151543,58620,51246,29029,11203,4379,440,151543,58620,51246,26107,9426,321,171,4908,121588,55975,34002,24110,6532,910,54,0,0,0,0,134835,59889,41169,24781,7283,920,84,23688,6599,131,84,143597,64125,43545,26314,7884,1113,80,24761,7287,81,80,147641,65298,44920,26894,8769,1156,88,25090,8002,37,88,42154,30424,11423,42511,30373,12138,28335,19703,8632,30086,21926,8160,57634,40543,13385,168535,111959,44162,61656,44636,14494,62742,49051,13015,62353,45061,15713,62098,47076,13058,62146,46757,13516,162827,92799,46269,69505,51465,16022,87449,65375,20138,85747,62016,21122,248570,184768,63802,70187,52453,15802,64548,49444,14081,63591,48434,13232,63793,47869,13620,63290,45688,15334,63169,47973,14796,79669,58747,18959,88888,62903,23789,87829,64210,21206,84421,60776,23192
47,47,157785,114906,20311,4577,17283,1654,264,0,0,189441,125547,28835,7167,27126,1939,560,0,0,203643,126470,32373,8198,32793,4574,465,193794,125730,30554,8699,28039,1877,955,6529,23829,181,5,6600,201793,127517,31592,10072,31003,2410,543,205128,129708,32582,10825,30358,2822,520,116928,87993,13625,3223,11388,1136,179,0,0,129058,94828,16917,4078,11749,928,20,3800,10580,190,20,549,0,153837,99515,22614,5934,22625,3348,314,153837,99515,22614,4466,20590,302,70,5485,133138,96173,17871,5746,11917,956,4,0,0,0,0,139704,98573,19080,6756,13901,899,120,5982,12626,114,120,142730,101089,19575,6846,13859,895,104,5951,12534,117,104,143817,100752,19567,7676,14369,981,122,6432,12987,154,122,75113,38279,36586,73693,34299,39394,49621,21808,27813,51765,25656,26109,88327,47262,34663,256221,117901,120678,86234,46835,36121,88327,54820,32483,87624,46863,38437,87183,52241,32085,87383,51311,33327,235448,98096,111941,95389,55397,37175,111311,68457,40559,109957,62902,44742,315896,181970,133926,94498,56331,35535,85677,52607,31712,84445,52285,29162,84925,52241,30167,84032,47356,34660,84193,50731,31735,99838,60423,37202,104320,62526,39235,103666,63718,37693,100944,59288,39446
48,48,174450,117402,38431,6620,11690,2130,303,0,0,202469,125755,49999,9452,17175,1986,332,0,0,202586,121948,49857,10325,17396,5147,547,206893,127005,52563,9465,17825,2222,791,6691,14008,376,30,5735,200788,121688,48742,10270,18394,3355,870,203098,120597,51386,10176,19205,3725,897,136091,95510,26739,4547,8626,1571,217,0,0,146487,101146,31302,5931,6714,1008,19,5294,5840,206,19,313,0,161721,100819,37114,7853,13060,4020,375,161721,100819,37114,5900,10997,322,79,5745,150757,102789,33957,5560,6797,1157,30,0,0,0,0,150222,101496,32027,6712,8012,1372,60,5803,6923,304,60,152340,100926,33930,6696,8633,1353,130,5932,7416,344,130,154220,101477,34342,6771,9498,1438,151,5983,8232,351,151,86440,52166,34028,80675,46344,34331,55815,30697,25118,58840,35859,22981,93252,59056,27211,270186,151664,97798,92195,58639,29721,94600,68141,25434,93606,59194,31608,93244,64917,25225,93373,63985,26233,247028,123170,92065,100230,67807,29331,114329,80601,31238,112980,74855,35379,324138,218805,105333,98549,68257,27465,89143,63707,24052,87758,63154,21577,88132,62875,22534,87107,57485,27160,87468,62215,23440,102834,71858,28622,106914,73752,30598,106193,75046,28730,103455,71820,29643
49,49,177738,104176,51579,9025,12786,2647,329,0,0,203850,118984,59000,11200,14804,2544,441,0,0,203558,116215,54151,10419,19737,5014,449,207287,117908,61484,10881,16664,2506,601,8404,11972,258,89,6723,202793,115131,59356,11022,16547,3355,470,201032,114196,56310,11853,17336,3556,326,150540,94158,37519,6740,11610,2112,278,0,0,153882,104693,31062,7733,8866,1039,95,7099,7488,350,95,522,0,174979,103865,42129,8593,17404,4139,341,174979,103865,42129,6631,14793,414,104,6126,158569,104639,35124,7650,9726,949,90,0,0,0,0,157082,103024,34443,7923,9980,1130,80,7147,7685,275,80,157215,102612,33743,8807,10407,1311,60,7706,8047,294,60,157637,100529,34795,9233,11523,1274,67,7832,8944,193,67,78539,59061,19241,70624,52484,18140,47262,35267,11995,50831,40129,10702,94335,72146,15309,269862,188748,58269,94876,73548,17238,98108,83357,13737,96724,74723,19099,96069,78947,14278,96263,78020,15097,249138,153202,56753,100198,80431,16703,109046,89142,17489,107597,84328,20524,308700,247702,60998,96545,78910,14986,86099,72827,12057,84768,71665,10916,85052,71488,11387,83862,67065,14534,83949,70431,11653,98991,80585,16222,103690,81753,19183,102834,83775,16966,99247,79590,17660
50,50,164534,54685,69275,25742,15813,2992,330,0,0,195281,62025,85845,30084,19097,6132,517,0,0,202082,61970,87188,30065,22673,6624,561,200891,63511,83485,33342,21372,5903,404,28810,18126,361,0,5845,210453,64772,86824,36458,23438,7140,371,210388,65106,83912,35579,25257,6408,476,122212,47211,45293,17905,11906,2049,238,0,0,114108,51978,33336,18057,9118,1237,35,17432,8184,340,35,449,0,158533,54886,61888,22592,18162,5102,394,158533,54886,61888,19543,16088,318,102,4996,123481,53832,36585,21033,10417,1246,0,0,0,0,0,133159,55130,41085,23620,11811,968,55,22780,10254,140,55,137750,56324,42377,24021,13224,935,99,23204,11555,114,99,140609,58283,42273,24918,13807,833,109,23622,12209,90,109,46354,31884,14276,43163,30169,12994,25759,17306,8453,27233,19265,7968,52834,37079,11812,153651,101237,39227,52182,38024,11846,53152,42078,10494,52843,38497,12875,52597,40149,10592,52642,39755,11118,138274,79148,38099,58947,43905,13106,72074,54296,16162,70404,51489,16681,203311,152818,50493,57725,43663,12394,49564,38890,9874,48797,38192,9301,48928,37768,9534,48525,36031,10773,48482,37530,9875,61836,46481,13842,65627,47608,16359,64614,48340,14544,62467,46128,15059
51,51,172853,43038,108281,18288,4506,3804,340,0,0,199866,58186,116378,19982,6656,3554,326,0,0,203508,62134,112262,19399,8989,6888,492,192958,58680,109097,20783,6278,3729,567,16240,4266,349,64,3925,194803,61117,108629,18567,7587,4909,401,196806,65285,104791,19283,9079,5785,431,127016,39171,71324,13036,3756,2565,239,0,0,128068,52289,57562,13272,3671,1187,45,12671,2971,326,45,303,0,160986,56721,80589,14959,7385,5375,363,160986,56721,80589,12488,5543,459,91,4374,128334,51998,58057,12681,3809,1332,59,0,0,0,0,131774,54491,59853,11471,4243,1508,64,10682,3218,228,64,135849,57846,58771,12171,5271,1466,30,11324,4130,189,30,138529,58566,59370,12282,6600,1272,57,11283,5054,204,57,42139,34433,7486,38786,31893,6893,23119,18534,4585,25162,20928,4234,52998,42096,7287,153855,115324,24176,54989,44666,7745,56289,49331,6446,55817,45444,8874,55486,46850,6803,55527,46321,7219,143536,93043,26144,60802,50091,8829,73304,60178,11475,71635,56697,12303,206598,169689,36909,59562,49210,8638,52316,43938,7512,51382,42838,7032,51460,42163,7338,50863,39987,8418,51045,42647,8046,64138,51395,11076,68726,51747,15328,67719,52938,12734,65004,50321,14226
52,52,114913,70651,29244,9630,5346,1382,318,0,0,158316,88870,41023,16426,12263,2660,212,0,0,201532,108733,50901,18554,20554,5744,680,180748,103171,45638,17867,15557,3195,253,12868,12338,300,50,6269,207908,114069,55114,20007,19398,3684,622,222322,121933,57291,20390,22711,3981,629,79386,51748,17915,6033,3324,859,179,0,0,106124,66094,24030,9497,4971,905,5,9068,4301,198,5,631,0,144897,83402,33110,12413,13131,4015,422,144897,83402,33110,10490,11526,386,139,5137,122045,77916,26064,9791,5961,1059,50,0,0,0,0,139718,87349,31552,11135,7508,1165,60,10418,6301,117,60,148763,93102,32655,11319,9497,1180,105,10531,8386,157,105,159070,96922,35060,12913,11663,1214,145,11849,10279,128,145,43959,17834,25782,41969,15453,26516,27680,8897,18783,28703,10378,18325,62132,23839,33678,179353,62681,104989,63684,25989,35124,64943,30958,33202,64771,26077,37138,64236,29331,32553,64433,28781,33617,177970,54890,107582,74424,32881,39242,96773,45276,49285,94685,42222,49943,275172,122268,152904,79242,35662,41207,79643,36500,41813,77616,35354,39287,78451,35752,40177,78045,33127,42712,8585,3966,4619,97059,44470,50252,117696,52899,62497,116260,54415,58712,107587,46608,60979
53,53,194417,120539,67601,3866,1451,2733,211,0,0,203819,119595,75887,4240,1851,4905,161,0,0,199548,115565,72969,4730,2331,5480,474,205559,119467,76912,4443,1929,4176,207,3254,1196,519,74,3581,200950,114228,76608,4816,2344,3702,407,202679,116827,74947,5027,2322,4215,218,150836,100234,45684,2747,1036,2027,152,0,0,152915,100495,46760,3068,661,1775,86,2862,523,548,86,94,0,159656,98924,51911,3496,1657,4302,321,159656,98924,51911,2597,1045,554,88,4066,154455,100950,47765,2963,597,2095,58,0,0,0,0,152370,97505,48623,3516,852,1574,47,3299,666,391,47,154245,100065,47361,3883,1054,1789,43,3553,840,298,43,155760,100345,48041,3851,1274,2079,75,3382,1124,342,75,79357,21124,56957,76193,17449,58744,48770,8567,40203,50840,10682,40158,82740,17659,62389,240316,49028,180649,75441,15362,57964,76607,17875,58157,76504,15168,60425,76022,17709,56735,76157,18028,56682,218260,32495,176289,84202,18507,64411,99885,22852,75912,98430,21125,75362,288676,63727,224949,85664,18521,65754,80355,16172,63132,79573,16435,61108,79681,16214,61564,79191,14914,62631,61431,12073,47420,94273,20634,72331,103322,22397,80056,102675,23756,76730,78397,16445,61144
54,54,163471,78373,33931,44635,7534,3086,2586,0,0,180482,76254,43216,57551,9309,3228,3036,0,0,185290,71769,45733,58231,9244,6161,3752,181005,75888,42270,58681,9847,2788,3079,46483,5743,383,1602,8352,185057,74889,46027,60423,8690,4500,2196,187784,74573,46046,62684,8829,4790,1984,116510,60931,21333,28471,5260,1995,1557,0,0,122955,58183,24580,32469,4341,1278,1081,31313,3787,376,1081,1171,0,134595,57217,30024,38660,6698,4324,2283,134595,57217,30024,33193,4649,618,1555,6615,125854,59939,24859,33170,4572,1306,1069,0,0,0,0,128565,59483,27377,34428,4081,1341,932,32611,3566,239,932,130393,59187,27666,36329,4244,1387,800,33923,3640,204,800,129927,59041,27164,36802,4446,1314,712,34144,3739,195,712,44236,21400,22498,40712,18244,22468,19366,6415,12951,19986,6965,13021,44923,18569,23875,130483,51887,71663,39389,16277,21742,39845,18029,21501,39764,16109,23034,39600,17364,21223,39641,17209,21485,112226,34203,67207,46820,20419,25240,59277,26951,31065,58866,25756,31416,175007,78671,96336,46796,19945,25699,39813,15463,23763,39286,15197,22862,39374,14999,23153,39112,14471,23656,0,0,0,52356,22067,29211,58945,24104,34027,58116,24607,31937,26282,4880,21402
55,55,146764,78916,33079,29766,5490,2395,1145,0,0,168117,83309,43322,37163,6809,2679,1493,0,0,185357,85011,47734,42374,9027,6455,2229,174695,83093,47855,39296,6845,2741,1596,30735,3814,454,609,7674,187764,86065,51585,43133,8817,4466,2062,192027,89012,51991,42815,9314,4971,2086,105608,61923,20342,19096,3772,1615,698,0,0,115640,64497,23515,22756,2972,1286,346,21266,2243,313,346,491,0,137568,68907,31152,28819,6193,4651,1374,137568,68907,31152,24824,4386,519,886,6265,118441,63796,25220,24152,3076,1245,391,0,0,0,0,127610,66481,28458,26833,3586,1311,515,24835,2659,237,515,130432,69103,28714,26538,3695,1308,523,24589,2767,208,523,136154,70227,31569,27494,4022,1223,669,25345,3086,227,669,46122,19013,26744,44365,17268,27097,22596,6709,15887,23204,7447,15757,50778,19232,28123,147029,52746,86180,46135,17839,26583,46732,20388,25936,46634,17694,28123,46388,19320,25843,46460,19133,26155,131931,37760,82025,54213,22452,30320,68413,30063,36828,67933,28657,37518,201605,86198,115407,54749,22738,30546,48181,19322,28125,47523,18972,26975,47730,18735,27430,47423,17970,28122,0,0,0,62593,26373,34910,72068,29869,41134,71224,30834,38531,53128,18668,34460
56,56,177293,117826,36180,19442,3499,1997,222,0,0,191425,118832,45406,21997,4663,2029,267,0,0,199975,119341,47594,23972,5764,5659,384,191905,119455,45322,21464,4687,1836,288,19254,3710,290,21,3541,197364,121191,47682,22248,5268,2031,335,200866,123421,47919,22617,5457,2271,314,133570,94412,22813,13058,2618,1436,161,0,0,137021,95760,23157,14845,2195,820,16,14704,1853,254,16,185,0,152415,96864,31491,16368,4386,4210,272,152415,96864,31491,14631,3496,550,99,4785,137112,96408,23547,14111,2049,787,32,0,0,0,0,141751,98565,24820,14402,2610,971,43,13749,2007,275,43,144319,100307,24787,15173,2638,1078,44,14104,1971,326,44,145544,100603,25509,15247,2695,1078,45,14043,2028,244,45,65356,21397,43481,60782,17935,42847,35959,8010,27949,36973,9576,27397,65798,19718,42836,194186,54418,132394,62028,18055,41915,62742,21513,40749,62846,18295,43608,62429,21186,39742,62607,21389,39796,176467,38878,127741,68887,22106,45263,81353,27568,52408,80130,25021,52989,234400,74433,159967,68640,21765,45370,62059,18584,42660,61550,18523,41151,61751,18617,41578,61431,17032,43140,61354,17974,43380,75581,24117,50127,83777,26291,56451,83945,27778,54432,82405,24469,57936
57,57,118434,81302,21906,10378,3944,1881,239,0,0,172973,108400,34081,20894,8949,2768,304,0,0,186531,101787,39726,26800,14105,6339,491,177433,106091,34644,23770,13224,3558,372,19525,9180,607,45,6889,184345,103395,38568,28909,13377,4794,237,192656,103557,41946,30945,16354,5270,169,82208,59504,12915,6364,2574,1235,147,0,0,113316,81171,15590,11724,3067,1676,45,11109,2606,579,45,179,0,133748,78184,25362,17189,9459,4407,282,133748,78184,25362,15246,8242,615,89,5417,115676,80219,15294,13717,4731,1669,29,0,0,0,0,122462,79654,17767,18491,5082,1480,24,16800,4283,238,24,128015,79851,20718,19320,6613,1546,24,17608,5508,234,24,132383,80624,21873,20496,7651,1791,5,18718,6370,301,5,43474,14823,28366,43879,13541,30338,25473,6725,18748,26301,8064,18237,57806,19266,35368,170601,51964,109916,57462,21330,33915,58675,25117,33050,58424,21270,35893,58082,23597,32748,58194,23322,33275,160700,44793,103966,67245,26563,38986,85919,36584,47935,85017,33611,48993,247601,100349,147252,69319,27761,39878,64959,26311,37715,64477,25757,36245,64657,26043,36497,64175,23930,38405,62086,4123,40116,80792,33251,45860,92496,37536,53558,92316,39506,50713,78493,29848,46683
58,58,159421,122137,28945,4823,1549,2266,648,0,0,176050,127377,37359,6961,2142,2300,886,0,0,189132,126237,44300,9003,2945,7011,1232,180317,128810,39287,8192,2223,2235,874,6460,1528,319,700,3122,192027,131722,44770,10642,2991,3340,1041,198330,132585,48122,11684,3274,3866,1124,116027,92763,17652,3065,1061,1585,370,0,0,126568,98278,21073,4266,1065,1327,369,4067,905,369,369,170,0,140933,99137,28557,5874,2010,5119,735,140933,99137,28557,4841,1412,731,532,5275,130085,99850,22409,4754,1155,1358,439,0,0,0,0,137295,102615,24903,6261,1328,1588,74,5764,927,345,74,140475,103475,26293,6877,1437,1714,194,6319,1075,381,194,145282,105046,28060,7958,1690,1836,179,7219,1253,306,179,53478,13701,39358,51573,11033,40540,30079,5086,24993,30893,6383,24510,61499,11528,47585,180484,33714,138757,55168,10902,42388,56122,13043,42600,56043,10603,44624,55657,12930,41319,55832,12699,41954,160332,23061,129715,63524,13501,48810,76970,17230,58729,76377,16184,58502,225085,48632,176453,64841,13880,49750,59902,12819,46384,59573,12611,45037,59685,13250,45046,59267,11701,46438,0,0,0,74110,16905,55975,86239,19998,65245,85586,21794,61680,75676,5953,68221
59,59,172977,128241,25349,14789,3198,2814,1108,0,0,183784,131498,30875,14792,3660,6316,1252,0,0,195458,132839,34739,17935,4613,6428,1773,186261,132461,31800,14509,3932,6614,1162,10559,2275,910,645,7574,196418,136023,34932,17015,4511,6279,1452,199534,136585,36198,17692,4850,6500,1407,130806,101475,15802,9891,2166,1921,610,0,0,138090,105570,17309,9859,1638,3265,381,8896,1225,919,381,400,0,152143,108250,23413,12594,3221,4684,1051,152143,108250,23413,10452,2206,804,713,5857,140305,106670,17992,9804,1773,3416,411,0,0,0,0,148040,110950,19853,10737,2140,3398,464,9370,1637,442,464,150305,112019,20888,10891,2280,3206,446,9528,1686,400,446,153223,113237,21882,11540,2302,3290,538,10009,1663,456,538,58823,15697,42493,54288,11350,42938,30624,5103,25521,31476,6386,25090,62104,11711,47877,181669,33555,140310,56069,10842,43685,56823,12780,43566,56805,10635,45405,56518,12707,42462,56676,12784,42667,163056,22889,132876,64019,13329,49403,77602,16821,59404,76629,15697,58931,225448,47345,178103,65070,13085,50600,60222,11160,48210,59735,11129,46662,59851,11629,46739,59496,10274,48145,0,0,0,73448,14956,57192,83242,16485,65944,82773,17644,63186,75316,6973,68227
60,60,154668,128945,19406,3325,1199,2330,134,0,0,171715,139764,24340,4088,1674,3156,219,0,0,185732,144781,27637,4113,2424,6643,392,176597,142701,25667,4572,1770,3073,203,2749,1004,776,38,3455,189017,149724,28824,5026,2250,4024,201,196277,154074,30422,5331,2506,4045,367,115463,99105,11866,2287,802,1669,84,0,0,124540,108310,11324,2268,741,1726,43,1925,461,716,43,129,0,140599,113471,17618,2528,1575,4880,257,140599,113471,17618,1806,1009,855,79,5324,128605,110865,12608,2353,842,1735,18,0,0,0,0,137955,116915,15215,2640,1031,1909,33,2278,871,329,33,142525,120550,15774,2974,1040,2034,33,2533,870,229,33,148931,124567,17611,2949,1308,2034,34,2291,1086,235,34,61301,13634,47107,59499,9979,49520,37411,5277,32134,38680,6850,31830,70574,10400,57791,208292,29929,170917,66478,9981,54700,66889,12117,54245,67219,9919,56441,66868,12029,53279,67023,12073,53658,194284,21366,166060,75539,12286,61916,92426,15592,75609,91580,14321,75016,269768,42255,227513,78406,12573,64358,75705,11826,62930,75255,11711,61047,75437,12452,61158,75079,10674,63113,47665,6813,40852,91689,15052,75170,107942,17399,89629,107696,19154,86304,102444,10230,92150
61,61,121290,84131,14918,12792,8878,1596,202,0,0,177250,106899,21339,21060,26444,2254,206,0,0,202295,103943,24249,24952,45525,4763,485,199046,111962,27434,22041,35589,2604,308,19252,32197,837,14,6457,209515,109580,29111,24602,43951,2966,682,217998,111310,29614,24712,49532,3764,637,80664,57923,8862,7724,5583,944,106,0,0,108278,74478,10450,12725,9441,992,10,12329,8773,466,10,191,0,139746,76602,15365,16139,28889,3037,330,139746,76602,15365,14404,27198,447,120,5119,121069,78628,14521,13138,12820,1295,14,0,0,0,0,129487,79166,16536,14277,17378,1212,129,13606,16430,425,129,135884,81254,17507,14484,20222,1387,144,13754,19055,419,144,141032,82140,19474,15415,21564,1351,164,14513,20504,251,164,43190,14556,28388,49473,15217,34256,28367,7459,20908,29132,8712,20420,65626,23646,37881,189337,60164,121210,62943,24329,36773,64745,28765,35476,64334,24032,39236,63943,27157,35170,63977,26490,36196,177640,50660,113092,74549,30912,41890,95789,43274,50795,93750,38729,52858,272669,114177,158492,76621,32352,42442,70830,30211,39753,69811,29579,37820,70162,29826,38641,69441,27115,40975,69693,27713,40235,89705,38554,49212,104904,43291,58685,103620,46292,55197,100306,40376,59930
62,62,170628,135488,18535,11485,1743,4275,146,0,0,181514,138680,23435,12925,2847,4129,288,0,0,186794,134318,26935,13420,3172,9605,332,184617,139703,24357,13918,3006,4595,298,9590,2348,1295,18,6816,188783,140558,26660,14212,3097,5571,219,192380,140989,28772,14492,3447,5853,238,130206,107202,11329,7866,1227,3011,105,0,0,132100,110540,8803,8506,1090,2873,28,7760,907,1287,28,292,0,144154,108720,17025,9261,2195,6910,220,144154,108720,17025,8055,1674,1687,79,6559,135360,112150,10297,8399,1160,2992,18,0,0,0,0,137870,112905,11236,8849,1452,3129,104,7934,1072,700,104,139555,113485,12054,8927,1485,3185,116,8098,1006,609,116,142369,115267,12791,9254,1419,3161,187,8030,914,554,187,63992,18989,44199,58234,14174,44060,32548,6193,26355,33400,7220,26180,66320,13498,50294,192328,39053,145027,58861,12461,44717,59800,14257,45086,59672,12462,46383,59336,14145,43907,59406,14540,43677,169817,26211,136420,67390,14738,51461,82184,18368,62657,81198,17620,61796,240629,52492,188137,68444,14498,52744,62620,12208,49695,62115,12403,48160,62278,12416,48531,61936,11583,49353,61988,11242,49448,78257,16751,60371,90405,18617,70927,89545,19692,68095,82720,16110,66610
63,63,171795,105435,33243,14877,17459,2130,307,0,0,195170,108509,41364,20675,24126,2556,456,0,0,202319,101237,44533,23993,28998,6005,522,195970,107407,42134,20774,25063,2787,459,17273,22605,410,182,5560,199844,105621,43358,22035,26952,3512,698,203209,104204,46625,22955,27142,4287,686,124032,80189,20943,10155,11933,1438,181,0,0,129365,84187,18796,13402,11348,1276,125,12719,10685,411,125,368,0,152377,81282,30094,17164,20664,4374,333,152377,81282,30094,15276,19115,535,99,5406,130821,84043,20333,13321,11675,1063,113,0,0,0,0,136304,85567,21995,13715,13291,1288,268,12741,12440,210,268,137875,85849,22325,14188,13876,1281,255,13169,13047,137,255,139274,85382,22476,14972,14714,1410,333,13715,13802,183,333,65149,23952,40965,62353,21289,41064,32722,9181,23541,33766,10877,22889,70408,26823,39414,207358,69988,127220,65616,25970,37172,67172,30961,35691,66829,25822,39598,66458,29131,35374,66599,28618,36214,182557,54520,114034,75270,32194,41164,91201,42353,47360,90135,38122,49615,260973,112819,148154,74721,32483,40378,65403,28630,35831,64888,28025,34361,65112,28561,34581,64523,25708,37037,61573,1033,39460,80811,35877,43254,86909,38160,47313,86838,39863,45015,85057,35637,47456
64,64,165448,115913,31313,11731,5148,2740,283,0,0,187343,124896,40520,14467,6363,2638,767,0,0,192862,122076,42635,16499,6410,7080,420,192305,127526,40519,16361,6974,3258,766,13291,4769,750,319,4923,198046,129866,41205,18038,6636,4119,217,203259,130336,43454,19134,7642,4425,526,129474,94335,20684,9031,4195,1978,231,0,0,136117,101947,19578,10234,2454,1455,220,9751,1947,588,220,287,0,153317,101176,29755,12534,5306,5368,300,153317,101176,29755,10869,4259,876,125,5829,140780,103622,20231,11493,3215,1680,255,0,0,0,0,145848,106596,21289,12661,3171,1819,44,11775,2064,414,44,150485,107603,24036,12953,3499,1858,84,11998,2409,311,84,157018,111107,26139,13283,3917,2017,112,12237,2713,305,112,57659,21875,35350,54012,17821,36191,33602,10289,23313,35423,12741,22682,67489,22378,41374,198664,61989,125519,64844,23812,38416,66148,27685,37934,65906,24341,40271,65425,26244,37278,65528,25988,37724,182011,50086,117796,72663,27304,43484,86813,33096,52156,85718,30498,52547,249784,91945,157839,73707,27371,44468,68923,25659,42322,68400,25168,40912,68536,25290,41067,68102,23657,42693,67165,19558,42972,84329,31297,51346,98387,35823,61313,98074,37458,58405,38713,7846,30064
65,65,151011,92205,26194,16640,15255,2000,242,0,0,186035,102768,34463,23505,24864,2556,346,0,0,202249,104394,38414,26835,29075,5493,517,193665,108600,36662,22829,25235,2941,361,19831,22545,743,102,5028,207469,111701,41167,23928,29310,3378,479,213112,113525,41879,25566,30168,3823,587,109911,70058,16832,11463,10748,1361,152,0,0,125897,79737,15843,16265,12542,1484,75,15480,11740,518,75,189,0,154144,83581,26261,19540,21618,4019,332,154144,83581,26261,17475,20059,565,81,5477,132600,84652,18306,15952,11963,1453,45,0,0,0,0,142499,89205,21198,16230,14427,1130,20,15382,13060,354,20,146680,90369,21965,17267,15444,1461,35,16257,14168,327,35,152715,90600,23246,18750,18713,1311,6,17532,17392,272,6,55867,20979,34649,55531,18686,36845,30975,8634,22341,31781,10139,21642,68303,25666,38876,201843,67177,125716,65772,25278,38174,67148,29968,36615,66885,24988,40471,66444,28212,36420,66595,27752,37167,183023,52965,116946,76426,31764,42812,95663,43157,51085,94603,38703,53521,274850,114539,160311,78397,33029,43563,72942,30451,41487,72427,30050,39844,72685,30509,40117,72122,27425,42896,69067,3863,44913,90419,38238,50436,103742,42458,59712,103671,44643,56890,101577,39738,59637
66,66,148864,97388,16286,10768,23738,1544,256,0,0,192155,116586,21212,16349,37343,2246,498,0,0,198718,109861,24758,19817,40467,4410,478,189493,113123,21868,17442,36533,1805,401,15126,32501,456,132,5955,200899,111531,25461,20955,41245,2495,644,209510,112801,27826,22513,44532,2940,584,106865,72298,10487,7276,16114,1010,169,0,0,124685,87075,11026,10349,14829,1045,84,9999,14246,669,84,320,0,149863,86428,16962,14065,29208,3111,299,149863,86428,16962,12452,27289,486,93,5436,123622,85096,11340,11769,14804,856,103,0,0,0,0,130219,84472,13704,14013,16671,1115,111,12678,15814,352,111,136035,86328,15202,15141,17885,1070,141,13769,16999,258,141,143453,89845,15755,16876,19558,1104,69,15257,18556,185,69,57417,20194,36940,60403,19265,41138,33142,8800,24342,34042,10437,23605,72170,27016,40933,207729,66728,132750,68314,26102,40389,70342,31449,38382,69881,25852,42842,69422,29594,38220,69439,28918,39144,192039,54521,122965,78916,32733,44398,97103,43902,51608,95160,38762,54482,276742,113711,163031,79734,33575,44351,72821,30421,41464,71736,30077,39256,72150,30491,40000,71471,27207,42959,71830,28054,42020,89668,38285,49640,101375,42029,56846,100307,44389,54072,97148,38635,58513
67,67,134413,85737,25582,11539,10850,1933,271,0,0,175328,102847,31844,19024,21495,1351,286,0,0,200888,103907,39438,24714,28607,6134,497,179963,105059,32668,19610,22456,1600,320,16958,20280,361,94,4179,199208,111124,36235,23992,26821,2234,308,208449,112842,39023,26138,29058,2631,563,95638,64599,15748,7369,7195,1291,178,0,0,113918,77787,13253,12380,9709,777,52,11778,9210,292,52,62,0,148161,82400,25854,16604,19647,4295,341,148161,82400,25854,14820,18215,667,115,5474,118559,80639,13798,12258,10578,949,59,0,0,0,0,133918,88516,16964,14597,12389,998,43,13821,11690,337,43,139883,90290,18899,15847,13473,946,69,15034,12841,280,69,147229,92209,19983,17213,16266,1181,89,16375,15508,298,89,48407,17549,30510,49007,16234,32773,27629,7816,19813,28431,9241,19190,63095,23090,36098,181439,59335,113525,60424,23735,34808,62179,27947,33720,61834,23667,37074,61340,26610,33056,61461,26002,34074,169708,49451,106931,70651,29451,39458,89361,39889,47769,87253,35897,49143,253778,106336,147442,72554,30572,40130,67770,28647,38127,66741,28150,36142,67131,28539,36863,66425,25879,39079,66382,26404,38205,84645,36215,46523,99163,41110,55479,97841,43429,52206,94809,38127,56682
68,68,192176,151153,32454,5285,1393,2866,208,0,0,192506,145591,36900,6733,1893,2904,217,0,0,193744,141215,38085,6416,2024,6815,437,193432,145386,37587,6407,2030,3298,256,4589,1026,980,101,3597,194852,143471,39205,6925,1877,3730,165,196910,144612,39516,6895,2078,4119,251,146146,120199,19925,3429,959,2088,137,0,0,142310,116605,18639,4287,945,1720,37,4002,714,675,37,24,0,150323,115128,24597,4274,1441,5090,282,150323,115128,24597,3345,966,827,121,5007,143575,116930,19072,4279,1055,2198,28,0,0,0,0,145115,116705,20466,4526,1127,2213,22,3801,691,502,22,146210,117695,20575,4335,1197,2256,32,3670,722,379,32,148314,118396,21597,4344,1290,2491,43,3642,801,323,43,75226,15005,58902,70076,10191,59885,44318,4967,39351,45697,6091,39606,76968,9819,65096,224694,29217,187656,66906,8559,56871,67653,10084,57113,67747,8524,58468,67323,10310,55811,67456,11238,55036,195757,18345,171680,75486,10350,64100,89226,12529,75752,88088,11733,74689,260418,35184,225234,76385,10145,65168,70084,8471,60811,69532,8645,59227,69678,9018,59327,69271,7849,60436,24526,819,21856,84759,11591,72138,95212,12757,81762,94560,14047,78806,46909,2848,43358
69,69,192125,136677,32281,17834,3872,3370,330,0,0,190239,128545,36894,18847,4648,3711,500,0,0,185518,120093,36585,19237,4978,6745,595,190688,127910,37628,18817,4683,4302,529,15461,3014,1102,165,4945,186247,122373,38225,18595,4809,4635,436,186137,122314,37502,18996,4848,4719,469,147468,109737,20704,12577,2832,2378,240,0,0,141470,103715,20845,12533,1996,2089,54,11734,1679,1118,54,383,0,144494,98337,24647,13636,3571,4998,422,144494,98337,24647,11843,2652,1065,123,5377,142030,103355,21451,12738,2086,2113,43,0,0,0,0,138305,99000,22402,12339,2259,2169,109,10940,1904,536,109,138370,99185,21785,12642,2254,2218,114,11388,1836,425,114,138941,98725,22479,12705,2417,2313,146,11512,1991,394,146,71905,20054,50774,63694,14916,48778,33802,6358,27444,35206,7295,27911,62020,12298,47343,177582,36391,133393,53068,11551,39922,54169,13250,40487,54171,11474,42014,53641,13028,39519,53778,13938,38637,152502,24366,121669,60797,13636,46080,72650,16953,54609,71441,16130,53647,209029,47437,161592,60146,13129,45939,51738,10023,41038,51265,10368,39785,51415,10169,40017,50993,9662,40445,51113,10071,40635,65219,14498,49791,71277,15758,54858,70811,16423,52957,4560,0,4048
70,70,162924,95580,23064,16155,27618,1606,294,0,0,182687,91743,28467,20965,40206,3276,515,0,0,185574,85204,28494,23055,46054,4039,397,182025,90196,26670,21644,42700,3142,530,18152,39593,591,246,6057,186527,88843,28397,22495,45795,2267,295,190271,88888,29644,23957,46649,2694,254,125729,77564,15868,11859,19818,1147,214,0,0,116409,74965,11588,13566,14394,1767,166,12805,13784,324,166,247,0,146914,72378,20523,17126,34355,2971,264,146914,72378,20523,15406,32569,373,63,5009,117391,74550,12199,13748,15033,1573,202,0,0,0,0,120033,72860,12645,15670,17596,1157,45,14865,16787,303,45,123327,73143,13741,16583,18306,1103,40,15923,17477,289,40,124768,72469,14643,16495,19491,1110,38,15904,18515,303,38,66791,27823,38767,60305,23923,36382,34110,11709,22401,35212,13832,21380,67826,31189,32352,194599,78632,106537,63018,29583,31490,64874,34696,29640,64399,29296,33823,63972,32981,29339,64028,32168,30395,174183,61574,96547,70669,35637,33261,82543,45114,35990,80877,40630,38404,234676,119235,115441,69146,35805,31630,60152,31749,27581,59170,31363,25793,59579,31691,26411,58905,28551,29149,59030,29536,28109,72591,38298,32702,77003,39486,35137,76112,41387,33239,73414,37085,36184
71,71,180468,121926,40211,14807,3249,2368,317,0,0,185573,117832,45848,16861,4332,2614,205,0,0,191317,118494,46920,18064,4716,5816,546,186255,117136,46714,16936,4402,2935,167,13797,3233,617,48,3968,191313,118221,49378,17485,4687,3390,175,192809,119793,48263,18031,4534,3745,400,137416,98105,26148,9988,2310,1747,204,0,0,135865,93780,27780,10827,1856,1535,20,10344,1421,571,20,180,0,146476,95900,31617,12176,3368,4328,342,146476,95900,31617,10395,2483,629,138,4917,135865,93510,28274,10568,1838,1586,25,0,0,0,0,139960,95075,30422,10406,2244,1676,29,9727,1765,179,29,141805,96360,30598,10728,2131,1712,194,9858,1626,252,194,143439,96651,31556,10608,2274,1830,82,9718,1777,314,82,64184,16802,46594,57532,12713,44819,30741,4530,26211,31767,5169,26598,62145,12619,46486,181349,34569,138292,54108,10854,41556,54738,12859,41419,54759,10930,42994,54399,12483,40695,54509,13266,39956,156599,23082,126807,61754,13582,46876,74179,17483,55350,73100,15798,55427,214851,47978,166873,61446,13321,46803,53472,10550,42186,53039,10784,40888,53168,10602,41108,52830,9720,41949,47863,0,38912,67343,14947,51243,74486,16312,57414,74168,17504,55019,71067,0,59233
72,72,179374,104955,63326,8454,2197,2483,323,0,0,187642,101179,73980,8826,2696,2083,524,0,0,186421,98364,72948,8956,3598,5424,532,187775,99910,74821,9036,2743,2420,503,7160,1767,573,36,3375,185299,95805,75722,10070,3630,3070,291,183936,96481,73144,10453,3743,3099,266,137687,85986,43178,6017,1611,1828,213,0,0,134515,82080,43745,5761,1331,1258,90,5402,1033,483,90,294,0,143348,80498,51396,6079,2536,4101,348,143348,80498,51396,4665,1774,596,137,3904,134985,81585,44629,5893,1384,1281,32,0,0,0,0,133785,78304,46608,5898,1520,1280,55,5432,1169,193,55,132690,79149,44628,5914,1476,1325,95,5227,1118,181,95,133452,78259,46325,5870,1453,1409,51,5259,1092,237,51,62168,16128,45040,56327,12623,43704,28979,4235,24744,29970,4985,24985,60054,12433,45181,175696,35451,132391,52348,11084,39715,53298,12732,40136,53329,11140,41498,52849,12762,38822,52863,13840,37743,151428,23365,121401,59257,13233,44976,70344,16068,53359,69466,14977,52900,204446,45420,159026,58313,12613,44656,49665,9569,39383,49206,9925,38176,49285,9799,38289,48970,8937,38925,7010,65,5920,63244,13816,48506,69451,14883,53936,68905,15983,51310,9492,119,8061
73,73,139029,103292,30643,2432,1646,1885,183,0,0,175938,124247,43566,3968,2793,1976,255,0,0,201161,136594,49262,5916,4320,6063,510,184490,128068,46964,4312,3328,2075,300,3270,1812,249,84,3319,204873,138332,52772,6004,4787,3181,687,216426,145643,55137,6712,5992,3824,705,106124,82362,20103,1583,1127,1353,124,0,0,131109,99561,26232,2698,1255,1192,45,2346,890,170,45,130,0,157622,112173,34009,4148,2934,4571,326,157622,112173,34009,3065,1807,512,120,5272,138566,103920,28830,2996,1476,1238,85,0,0,0,0,154103,113016,33203,3772,2030,1446,185,3079,1519,171,185,163036,119429,34734,4206,2482,1535,155,3460,2018,174,155,172466,124565,38123,4681,2836,1582,98,3780,2186,210,98,63220,18602,44248,66600,16864,49736,44500,9670,34830,45955,11870,34085,80529,20734,55904,236715,54773,170331,80644,21264,56619,81214,25208,55201,81504,21180,58783,81120,24429,54536,81338,23891,55426,229420,45027,171717,91894,26444,63401,114585,35411,77454,113881,32422,78768,334984,96603,238381,97240,28360,66700,97306,28382,67469,96814,28202,65467,97039,28238,65951,96625,25962,68595,96661,27990,68671,114422,34125,78165,132129,39141,91565,132015,40924,87910,130230,36577,90751
74,74,193926,27674,160247,4385,1703,2089,230,0,0,206552,27008,171735,5622,2162,2213,192,0,0,203239,28330,165920,5406,2887,4669,563,206173,27874,170965,5123,2210,2316,94,3150,1658,1270,19,1030,205094,27860,169646,4961,2504,3184,164,204330,28270,168576,4765,2576,3418,95,133962,22956,106645,3001,1109,1380,134,0,0,118553,21945,91812,2870,640,1147,45,2655,560,816,45,190,0,149920,24422,118612,3738,2136,3387,388,149920,24422,118612,2627,1471,784,170,1508,120945,22352,94120,2574,688,1119,8,0,0,0,0,123143,22582,95824,2429,942,1213,33,2109,782,1011,33,123088,22951,95340,2663,856,1048,83,2298,633,874,83,123770,22806,95638,2800,1131,1099,114,2318,815,830,114,44214,26972,16480,41645,25610,16035,21223,11266,9957,22678,12367,10311,51945,31413,17931,144256,83862,50323,42586,24118,15819,44619,27561,16640,43968,24495,18810,43062,25476,16079,43186,25391,16633,117284,51597,52443,49910,28216,20439,60790,31412,28541,58269,29674,26279,169129,91823,77306,48364,26413,20815,38834,19218,18915,36933,18632,17331,37089,17931,17850,36357,17152,17221,37483,16254,17942,51485,24890,25556,58551,24671,33260,56458,25783,28702,54638,22199,32425
75,75,133689,5917,125327,1779,695,1566,127,0,0,161598,9051,147756,4479,1344,2671,403,0,0,200505,11259,181431,6309,2441,4765,606,164296,10068,148866,4756,1828,2478,137,3041,505,630,86,1010,194797,12142,175846,6445,2781,3356,307,199780,11989,180308,6804,2466,4229,469,86024,4560,79868,1022,396,959,60,0,0,83835,5871,75182,1773,387,456,25,1733,352,343,25,125,0,137361,8293,123720,3825,1525,3267,367,137361,8293,123720,2739,827,413,191,912,89174,6828,79080,2179,412,542,85,0,0,0,0,109542,8080,96886,3079,680,601,30,2839,409,421,30,114385,8430,100973,3439,576,722,40,3069,340,572,40,120099,8839,105258,4182,717,756,225,3837,495,578,225,19989,15103,4589,20298,15250,5048,8643,5801,2842,9222,6456,2766,33864,25112,6895,96118,68173,21298,31096,22004,7174,32188,25034,6981,31585,22480,8594,31246,22879,7319,31206,22716,7635,82245,46455,25077,37522,26556,9902,49053,32611,15638,47788,30916,14456,141411,95127,46284,36381,24890,10530,28763,18258,10023,28025,17456,9719,28014,16919,9944,27779,16559,9807,28121,16715,10516,42788,25750,16016,52975,27407,24924,51361,28028,21273,50512,26855,23619
76,76,157755,44275,36421,33755,44253,1369,255,0,0,191634,50974,42118,42495,57465,1454,236,0,0,198548,40774,45075,47236,65725,3214,302,194864,46775,46328,42075,61857,1388,207,39125,57031,260,0,4811,204325,46826,45394,52305,62431,2779,456,205401,45715,44969,51474,65862,3077,562,113613,35263,24138,22157,32233,887,181,0,0,118675,38891,21491,26440,31191,532,0,26230,30522,253,0,170,0,148367,33153,32233,32779,49748,2278,203,148367,33153,32233,30756,48254,171,56,3056,120089,34941,24679,25838,34095,448,0,0,0,0,0,125587,33886,25419,29422,35896,654,0,28806,35299,255,0,127666,33551,24955,29762,38343,717,30,29015,37560,222,30,130800,32453,26083,30027,40999,697,210,29106,40388,174,210,46861,23559,23160,48802,25174,23628,26183,11598,14585,26890,12835,14055,58803,34779,21731,174937,97220,71900,56031,33018,21482,56533,36020,20177,56431,32302,23350,56227,34936,20247,56317,34310,21068,149077,68358,67143,64460,38740,24523,81230,49235,30836,77768,45140,30823,228439,136506,91933,62407,37300,23900,50665,29705,20148,49886,28940,19702,50046,28965,19803,49610,27661,20791,49700,28622,20706,67943,38899,27210,75413,39060,32778,73011,41352,28926,68691,37570,31121
77,77,224709,18122,199933,5548,2114,2629,453,0,0,211502,16429,186732,6752,3049,2609,189,0,0,203921,15838,180004,5837,2918,4807,569,211831,16688,187241,6335,2770,2548,380,3664,1941,680,199,1341,204049,15683,181025,5151,2842,3552,437,199929,16216,175516,5776,3115,3837,532,161703,14822,142148,3437,1580,1772,253,0,0,126816,13181,108687,3270,1026,500,15,3000,914,380,15,142,0,158812,13388,139246,4059,2154,3788,326,158812,13388,139246,2829,1426,327,156,1112,127166,13446,109378,2527,915,699,85,0,0,0,0,127410,13048,110388,1979,1030,647,133,1812,876,342,133,126984,13406,108805,2642,1114,705,138,2530,879,382,138,125156,13160,106512,3261,1107,777,190,3057,939,393,190,49772,37814,11595,43369,33707,9662,18855,13524,5331,19774,14909,4865,53055,41055,9221,151740,113129,28329,46589,35202,8310,48100,39829,7982,47393,36073,10480,46871,36587,8623,46913,36184,9269,121398,74105,30362,51811,39615,10538,59079,43836,14239,57140,40175,13231,168362,126260,42102,47199,35655,10108,34311,24959,8692,33409,24013,8328,33349,23182,8740,33130,22885,8432,33552,24514,9011,46981,32844,12775,50570,32703,16937,48721,31653,14638,48029,32666,15286
78,78,193425,44446,134564,10711,5437,2034,588,0,0,201144,39473,146413,11066,6233,2323,656,0,0,203786,38407,148278,11617,6811,5154,719,201071,38763,146941,10748,7216,2423,609,7069,4115,479,433,3075,201189,36235,148189,12377,7217,3899,892,203898,36181,150815,12423,7744,4152,734,136539,36344,89632,6986,3887,1442,364,0,0,127424,32188,84620,6375,2840,629,320,6090,2359,398,320,434,0,153882,32417,108291,8036,5041,3937,482,153882,32417,108291,5968,3525,461,215,2539,130040,31605,87669,6240,3131,593,260,0,0,0,0,135237,30003,93787,6559,3216,722,245,5782,2561,364,245,135889,29707,95161,6291,3304,739,150,5554,2706,284,150,137750,29339,97290,6457,3442,822,79,5628,2722,241,79,55567,30682,24590,51747,28424,23323,24667,11061,13606,25782,12912,12870,61433,36205,21181,174015,95658,66279,57341,33308,20450,59672,39566,19730,58831,34086,23531,57942,35291,20624,58015,34664,21522,156737,70363,67884,64502,38939,23513,75809,46232,28419,73841,42386,27755,215890,128946,86944,61865,36933,23070,51082,29140,21133,49992,27937,20426,49981,27185,20876,49449,26318,20917,49954,28392,21484,65594,37205,26679,72459,38960,32396,70756,38472,29736,69262,38008,31091
79,79,201666,32637,157704,9386,3367,2229,576,0,0,207532,30540,163259,11055,3916,2903,977,0,0,201379,26063,160459,11159,4845,5031,934,205937,27514,163516,12379,4227,2707,893,8270,2352,458,460,3272,205367,26348,163126,13154,4014,3409,809,203724,25985,161175,13831,4288,4574,907,145084,27186,109426,6298,2423,1590,400,0,0,137267,24508,103094,6719,1504,987,299,6251,1329,519,299,238,0,154313,21596,121222,7749,3629,3875,625,154313,21596,121222,5805,2436,531,402,1930,137380,22767,104528,7292,1478,776,305,0,0,0,0,137733,21827,105805,7200,1513,1001,245,6456,1234,471,245,137084,21492,105121,7290,1712,1218,259,6359,1379,452,259,136309,21066,104961,6988,1952,1351,160,5854,1558,315,160,53330,34020,19079,48047,31057,16990,20278,11336,8942,21221,12757,8464,57128,38207,15660,162561,103595,47947,52230,34382,14482,53952,39680,13978,53283,35020,17308,52645,36130,14759,52681,35569,15558,140915,72786,49459,58723,39667,17269,68656,46122,21551,66827,42790,20405,196614,131774,64840,55353,36953,16831,43557,27876,14969,42794,27055,14559,42781,26306,14910,42410,25815,14590,42850,27224,15555,57458,36201,19770,62631,36874,24898,61087,36467,22142,60043,36233,23725
80,80,184646,30077,151682,2023,1118,1547,141,0,0,200264,30176,166860,2372,944,1939,134,0,0,192601,29731,158377,2452,1154,3004,188,204895,30422,170767,3385,1121,1850,104,1584,1016,136,0,918,194049,27705,162151,2925,1351,2317,81,195197,28257,161944,3120,1557,2224,116,123950,24179,97478,1364,842,1075,93,0,0,113943,23729,88279,916,227,779,0,732,213,124,0,55,0,135888,24064,108349,1790,858,2260,114,135888,24064,108349,1281,613,207,29,1075,118491,24187,91940,1344,490,569,0,0,0,0,0,114009,22325,89067,1438,673,544,0,1155,658,109,0,114611,22754,88933,1683,588,631,0,1348,578,195,0,118183,22793,91990,1734,773,896,11,1462,753,442,11,40540,24781,15037,42409,26122,16287,21633,10885,10748,23257,12500,10757,47017,26468,19094,132841,73507,52024,39578,20870,16486,41044,22963,17721,40671,20461,19747,40008,22517,16352,40111,21968,17266,108828,44713,53949,46463,24165,21423,57270,27099,29572,54957,25873,27298,159356,80247,79109,46076,23093,22061,39702,18249,20611,37530,17495,19035,37566,16748,19426,36877,15866,18904,38879,18781,19009,49839,22089,26840,55837,21191,34203,53750,22784,29442,52886,22733,30153
81,81,154985,64315,81248,7651,1440,2369,223,0,0,180200,59363,108502,10529,2435,2876,150,0,0,184670,58287,111109,10401,3170,4526,511,181751,58035,111034,10164,2459,3132,268,8095,1764,477,38,1989,181325,53857,114266,11152,2919,3340,360,182055,55707,112500,11384,3021,3647,229,110138,51659,51953,4829,996,1677,138,0,0,111510,46235,57825,5444,905,1067,4,5342,770,350,4,34,0,133588,46695,75720,7074,2314,3317,318,133588,46695,75720,5937,1877,518,198,2300,112595,45279,59500,5651,1027,1072,4,0,0,0,0,111375,41934,61555,5586,1032,1208,4,5294,872,386,4,110990,43203,59490,5953,1160,1279,35,5485,1041,307,35,111065,41724,61055,5813,1137,1201,201,5113,959,233,201,41504,10506,30453,36917,9248,27669,16979,2782,14197,17567,3029,14538,41910,11456,29028,123814,32537,85622,34593,9083,24321,34902,10357,24261,34991,9194,25331,34731,10011,23900,34829,10068,23959,99905,19534,74799,40867,10814,29347,50828,12493,37751,49671,11750,36621,147282,36826,110456,39331,10134,28557,29366,6551,22476,29011,6585,21760,29089,6468,21908,28967,6056,22085,3864,523,3144,42804,10219,31987,48543,10820,37314,48038,11668,35332,5553,805,4748
82,82,155499,80799,61072,11084,2171,1940,156,0,0,186629,83672,85127,13508,4527,2568,302,0,0,187676,83857,82353,13863,4918,4914,344,189763,83152,87898,14099,4946,2458,194,11519,3482,762,57,2775,186963,78015,89645,14907,5292,3130,95,189037,82272,85990,16097,5471,3792,94,113093,64213,39153,7518,1547,1390,103,0,0,120135,64650,45155,7949,1148,1078,70,7700,953,472,70,184,0,136280,65334,55471,9649,3304,3523,239,136280,65334,55471,8584,2804,552,112,2977,121380,63904,46995,7865,1213,1029,50,0,0,0,0,120755,59715,49870,7954,1708,1404,44,7464,1274,311,44,123305,62855,48525,8559,1801,1505,19,8014,1477,302,19,124614,61927,50340,8989,1860,1338,70,8399,1740,230,70,52127,11157,40450,49001,9424,39577,25549,3025,22524,26370,3463,22907,54193,11126,41064,159048,29384,121655,46772,8916,36392,47524,10777,36356,47397,9069,37592,47134,10086,35857,47144,10538,35458,135773,19083,110784,53876,11061,41801,64805,13425,50432,64279,12418,50371,189860,38426,151434,52916,10662,41318,44093,7705,35818,43400,7792,34460,43569,7601,34811,43053,6782,35150,3907,0,3434,57653,11222,45522,64567,12265,51579,63704,12818,49474,5297,0,4572
83,83,170810,105035,55088,8019,2276,1909,153,0,0,181832,104857,63987,9418,3254,2884,165,0,0,185969,105330,65004,9599,3704,4547,349,183884,106084,65025,9893,3057,2230,150,6871,2063,309,61,3145,185294,103118,68244,10058,3415,2937,172,187567,106570,66573,9862,3287,3668,174,128184,83887,36346,5714,1588,1368,93,0,0,128922,83241,37226,5773,1393,1425,43,5174,1153,464,43,156,0,140204,84262,44340,6447,2601,3422,205,140204,84262,44340,5399,2089,450,40,3300,129883,83914,38190,5418,1228,1039,43,0,0,0,0,132479,81316,42599,5783,1475,1291,27,5035,1249,259,27,134121,83838,41476,5604,1702,1525,8,4821,1369,302,8,136420,83573,43381,5939,1848,1676,29,5117,1323,316,29,65403,15844,48636,60777,12963,47814,34209,4648,29561,35393,5562,29831,66595,13197,50611,193344,35731,149663,59396,11754,45911,60436,14377,45657,60224,12086,47035,59860,14253,44259,59935,15623,42786,173243,25120,139947,67170,14652,51228,79777,18203,60586,78852,16593,60406,231823,49875,181948,67065,14402,51507,59055,11471,46907,58507,11569,45414,58639,11667,45493,58211,10370,46556,57930,98,47818,74078,15822,57180,83714,17864,65070,83203,18211,63117,79398,0,65519
84,84,175770,89199,62970,18667,4984,2428,361,0,0,188120,88426,74628,19427,6028,3522,479,0,0,187524,78868,73527,24965,8332,5552,350,189078,87171,75698,20250,6584,3412,482,16442,5170,659,193,3670,188649,85012,76133,21416,6723,3268,608,188946,85743,74887,21777,6847,3661,633,133856,75325,41447,12459,4035,1739,289,0,0,137033,73174,48199,12022,2391,985,136,11471,1969,465,136,128,0,144770,66089,51075,18158,6900,4221,224,144770,66089,51075,16469,6120,889,103,3568,138442,73156,48785,12663,2508,1248,139,0,0,0,0,139446,72559,50131,12562,2444,1361,116,11436,2095,411,116,140264,73232,49638,12915,2594,1469,185,11810,2296,357,185,141082,73621,49930,12794,2893,1327,192,11709,2605,297,192,54785,20465,33942,48401,17586,30815,21692,5699,15993,22575,6474,16101,52178,18420,30560,151560,49119,93325,47035,17764,27292,47956,20903,26639,47728,18046,28493,47425,19663,26334,47511,19956,26004,134418,37630,84720,53167,20960,30694,62905,25604,36144,62072,23328,36468,181520,70974,110546,50688,19674,29685,40319,14996,24706,39916,14754,23884,40035,14588,24021,39696,13659,24635,38454,0,25571,55029,20705,33182,62958,22558,39661,62548,22792,37915,57061,0,39628
85,85,174219,94825,46879,26165,6380,1703,140,0,0,199065,97446,56266,29813,15892,1434,88,0,0,202964,96810,57947,28702,17177,4425,220,198700,97760,56874,30014,14352,1508,76,27667,13704,187,20,2329,202675,95119,60037,31836,15660,2797,116,206018,96698,60159,32482,16260,3105,109,130232,76486,29495,19545,4333,1184,93,0,0,134173,78709,25345,21941,7508,605,25,21761,7354,141,25,82,0,154177,79369,38484,22037,11822,3222,151,154177,79369,38484,20987,11360,356,23,3028,136590,79455,27058,22310,6926,814,20,0,0,0,0,140918,77522,30773,23500,7889,1201,18,22894,7609,199,18,142142,79055,30415,23647,7758,1287,31,22817,7395,209,31,143915,79306,31447,22748,8618,1609,53,21833,8155,241,53,66717,22648,43221,65935,19519,46416,39905,8420,31485,41057,10199,30858,76640,22683,51633,223065,64214,152224,68824,19402,48028,69552,22290,46863,69415,19440,49273,68969,22119,45628,69157,22016,46122,194641,41529,143219,76994,23383,52519,90956,28142,61830,89847,26485,61743,264976,78909,186067,76716,22451,53134,68097,17543,49791,67457,17381,48602,67724,17703,48749,67446,15741,50676,67356,16084,50199,85299,24642,59447,96811,27523,67905,95947,28868,65089,94163,25042,67893
86,86,167084,115504,43510,4715,2334,2323,184,0,0,179520,114377,54118,6352,3843,3521,975,0,0,185308,112317,57807,7521,3795,5652,273,181181,113852,55700,6783,3915,3321,638,4319,2659,618,271,3672,186500,113086,59915,8041,3785,4607,819,188497,113790,60676,8753,3983,4826,363,123033,90277,27176,2936,1630,1610,121,0,0,124965,89455,29095,3053,1438,1413,325,2787,1331,501,325,231,0,138631,89743,38049,4678,2602,4224,161,138631,89743,38049,3636,2070,750,38,3983,126490,89610,30450,3252,1453,1484,230,0,0,0,0,130945,89853,33305,3820,1773,1669,174,3136,1453,471,174,132465,90710,33744,4135,1868,1744,53,3337,1512,474,53,134565,90549,35669,4166,2069,1600,117,3211,1536,292,117,65841,12215,53028,60670,9666,51004,33759,3637,30122,34880,4584,30296,66476,10578,53046,196445,28847,158890,58007,9629,46657,58741,11500,46822,58636,9749,48094,58303,11236,45766,58366,12081,44931,170633,20522,142679,65776,11813,52682,77744,15102,61434,77245,13737,61682,228697,42067,186630,65480,11623,52619,57042,9349,47032,56712,9600,45855,56793,9671,45724,56545,8722,46710,56479,9496,46831,71280,13114,57108,79242,14788,63722,79091,15513,62073,2366,0,2113
87,87,193481,101772,68791,14965,7010,3342,264,0,0,190534,90832,74004,15657,9209,3380,563,0,0,187448,85253,73882,16309,8176,7153,238,188239,88736,73916,16539,8770,3360,389,13173,7562,1216,156,3437,186231,85494,74993,16520,8341,4323,376,184515,84400,73883,16771,7942,4637,431,138653,80762,42179,9800,4564,2371,155,0,0,118805,71930,32810,8987,3072,1873,250,8550,2894,902,250,49,0,138418,69386,49016,10864,5377,5329,149,138418,69386,49016,9587,4856,923,26,4073,116990,70585,32955,8871,2725,1782,88,0,0,0,0,117810,68678,35608,8793,2834,1790,125,8228,2275,769,125,117700,68254,35732,8956,2860,1779,129,8331,2162,676,129,116814,67181,35740,8861,3023,1742,163,8115,2240,499,163,54969,12542,41615,48418,9865,38553,25978,3481,22497,26615,4145,22470,52300,10533,39593,151657,29192,115351,42967,8677,32973,43599,9877,33329,43492,8832,34015,43235,9794,32467,43283,10757,31437,125349,18400,100894,49343,10503,37879,58297,12935,44391,57520,11994,44020,170157,36932,133225,48211,9982,37291,39202,6893,31730,38946,7107,30949,39006,7090,30826,38765,6515,31376,39011,7246,31765,51318,10593,39928,56067,11419,44111,55563,11801,42453,0,0,0
88,88,191030,98835,82114,8310,971,2823,146,0,0,193099,90656,91673,9503,1476,3262,218,0,0,186059,86426,88538,7400,1382,4682,352,191906,88529,92550,9019,1376,3442,297,6489,708,697,106,2687,185828,82751,91760,8853,1671,3450,354,185465,84073,89706,8840,1577,4110,225,137015,77794,51788,5809,685,1929,98,0,0,123095,68935,46459,5745,465,1471,102,5171,376,489,102,135,0,135454,67951,59037,5229,922,3523,212,135454,67951,59037,4405,549,564,44,2671,123760,67435,48437,6008,390,1513,57,0,0,0,0,118225,63270,47099,5624,779,1379,65,5150,662,425,65,119660,63450,48159,5744,696,1604,55,5156,561,413,55,119109,62409,48390,5795,779,1616,75,5207,678,439,75,62246,13294,47412,54419,10016,44403,28885,3096,25789,29784,3622,26162,57493,9509,46114,166014,27407,132055,47001,7470,38358,47763,8517,38965,47707,7542,39571,47379,8821,37699,47410,10676,35646,137075,15932,116573,53705,8869,44054,63332,10106,52473,62184,9512,51367,183241,28841,154400,53028,8364,43896,44022,5338,38152,43565,5599,37148,43645,5749,36968,43266,4953,37458,43072,1291,38366,56782,8488,47602,62342,8959,52915,61675,9347,51052,41266,0,35954
89,89,155971,98814,25492,15225,15458,2119,300,0,0,176082,100914,32709,20710,21636,1549,321,0,0,194270,101931,37402,22704,28297,5811,364,179958,100230,32160,23409,23205,1750,225,19519,20578,543,33,6646,198702,105542,35160,28265,26920,3726,488,204745,105588,36827,30564,28354,3901,290,107105,71599,15221,9306,10079,1355,174,0,0,111941,74236,13199,12177,10975,869,63,11755,10391,394,63,475,0,139747,78047,23989,14778,19675,4051,204,139747,78047,23989,13315,18297,603,65,4908,115285,74226,13548,14798,11566,962,31,0,0,0,0,130421,81258,16262,17655,13422,1385,132,16639,12464,394,132,133947,81478,17557,18733,14456,1354,130,17656,13559,345,130,142049,83421,19902,20190,16819,1320,136,19273,15804,315,136,58071,20309,37481,57859,18609,39250,33919,9266,24653,34866,10824,24042,69931,24508,40866,200327,62977,127513,65476,24586,38786,67380,28986,37762,66991,24524,41179,66486,27417,37187,66515,27012,37923,184335,51192,119054,74859,30053,42845,90848,39563,49499,88561,35569,50777,256799,104185,152614,74918,30532,42392,67331,27643,38701,66249,26876,36869,66594,27426,37373,65933,24826,39580,66308,25524,38945,84710,35115,47411,98597,39054,56048,97151,42169,52546,93943,37003,56920
90,90,195392,38346,126374,26773,4624,2398,196,0,0,205149,37448,135558,28470,4399,1653,160,0,0,202379,34331,132813,29085,5740,4983,325,207975,38105,135144,31242,6009,2114,108,27046,4421,397,8,2680,206426,37057,133088,32457,6379,3958,218,202982,37006,129904,32020,6519,4107,166,132369,32290,78510,18284,3321,1630,123,0,0,105107,31334,52118,19329,1676,601,49,19104,1404,319,49,58,0,145431,29462,90297,20627,4125,3778,201,145431,29462,90297,19040,3409,317,61,2487,109963,30898,56126,19841,2302,624,10,0,0,0,0,111606,30755,57442,19910,2456,730,14,18944,2223,279,14,109987,30885,55240,20107,2535,736,24,19064,2292,234,24,110327,29732,54965,21164,3255,646,45,20098,2915,211,45,42325,26891,15033,38319,25102,13217,21065,12959,8106,22154,14472,7682,41718,28195,11626,122085,79144,37268,38929,26570,10865,39746,29031,10443,39491,26817,12029,39168,27773,10533,39242,27534,10847,99003,55006,34544,43586,30228,12455,52108,36025,15294,51305,33855,16001,150573,103266,47307,41461,28541,12028,32930,22324,10143,32553,21832,9698,32638,21808,9828,32417,20736,10347,31725,20794,10544,43940,29179,13987,47693,29961,17123,47241,30979,14988,45911,28677,17229
91,91,172437,111591,38717,10058,10891,2569,634,0,0,189272,108658,49680,15454,14262,3340,1042,0,0,186760,99881,51223,17104,14345,6332,893,189025,109617,48803,14766,14711,2871,681,11841,12570,576,508,4708,187629,104266,50761,16548,14555,4340,800,186504,103819,49046,17794,14509,3574,802,125371,86741,23727,6182,7581,1748,374,0,0,126111,86100,22739,8201,7285,1491,110,7752,6699,662,110,295,0,141029,81308,33961,11229,10751,4704,532,141029,81308,33961,9703,9587,573,302,5066,127840,87447,23391,7933,7417,1246,161,0,0,0,0,129273,84811,25124,9698,8023,1250,247,9219,7556,358,247,128452,84443,24093,10793,7652,1283,242,10270,7132,344,242,129129,83785,25188,10831,7477,1457,271,10188,7054,308,271,60818,20859,39702,56335,17562,38773,33226,9028,24198,34494,10903,23591,63366,20386,39498,186836,56237,120983,57133,19880,35100,58130,23253,34317,57982,19820,37032,57628,22084,33969,57774,21542,34786,160259,41568,108002,64705,23788,39252,76264,29844,45055,75633,27572,45687,221987,83170,138817,63582,23709,38208,54829,20887,32988,54411,20462,31794,54554,20778,31923,54258,19157,33614,54477,20241,34236,68358,26375,40491,74939,28795,45136,74713,30424,42285,73587,27656,45931
92,92,161352,58373,54215,35272,13024,2352,1342,0,0,176354,53516,62071,45828,14063,2500,1716,0,0,188309,51696,61146,54421,18987,5401,1647,176612,51897,60385,47932,15103,2582,1869,42584,13950,356,1502,5341,183753,50419,62398,52539,17335,3119,1846,183715,49181,62913,52721,18223,2757,1555,118999,49647,33961,24555,10013,1692,835,0,0,105196,44732,24051,27854,6575,962,705,27038,6194,448,705,399,0,144186,45038,42095,39701,15149,3976,1094,144186,45038,42095,36823,14002,486,796,4197,105637,43558,24450,28469,7204,935,614,0,0,0,0,112579,42894,26324,32507,8537,913,749,31439,8135,283,749,111832,41736,26453,33076,8555,850,569,32002,8178,191,569,112896,40771,26871,34056,8636,1007,726,32794,8144,181,726,42802,22737,19875,38989,21014,17975,20107,9240,10867,20894,10363,10531,43814,24133,17434,128782,67800,54240,39801,22555,15720,40435,24954,15147,40262,22406,17054,40025,23898,15108,40114,23591,15501,106472,46850,49002,45857,26965,17794,55874,34207,20809,55290,32269,21355,162481,97959,64522,44211,26073,17098,35381,20680,14217,35123,20272,13637,35205,20380,13710,34998,19351,14636,21967,12384,9372,47425,27889,18534,51739,29313,21443,51457,30568,19610,44901,21004,23295
93,93,129220,81607,27522,11181,8463,1779,444,0,0,174348,100833,35857,21181,14852,3789,446,0,0,195785,100779,45965,25558,20292,5987,757,179837,104294,37413,20815,14910,3837,411,17893,12718,778,75,5746,191375,102759,42836,26397,17457,2752,487,200865,106303,43526,28720,19952,2880,448,86221,57223,16249,6641,5556,1102,242,0,0,112787,71963,18154,12972,7482,1760,25,12470,6968,749,25,514,0,137347,74628,29663,16086,13984,4118,494,137347,74628,29663,14087,12460,568,183,5215,119786,77441,19833,12377,7849,1723,35,0,0,0,0,127205,76950,24847,15808,8386,1179,25,14663,7609,232,25,132327,80204,25205,16144,9418,1282,30,14987,8363,157,30,140448,81819,28920,18532,9747,1299,44,16928,8722,57,44,38657,13730,24693,43685,13969,29716,24926,6970,17956,25852,8291,17561,56982,19029,34659,168187,52094,107593,52848,19640,31228,53633,22845,30346,53469,19549,32935,53201,21576,30202,53300,21208,30742,148181,41087,96053,63258,24846,36822,81720,34308,45976,81088,31798,46880,238637,95681,142956,65184,25999,37519,59266,24310,34136,58963,23736,33132,59060,23943,33281,58760,22394,34796,58977,23202,35740,77151,31489,44050,91166,36253,53728,90963,38364,50386,89660,35001,54659
94,94,173053,114297,31332,17357,8559,2478,848,0,0,183548,109870,35917,25265,11172,2286,569,0,0,185756,100645,42366,27304,11550,5689,1336,184275,105592,38542,26623,12287,2457,542,23324,10106,727,319,5191,183872,99870,42716,26846,12773,3023,763,184895,97734,43974,28788,12246,3502,1130,131985,93413,19701,11335,6141,1758,525,0,0,128601,89632,15908,15136,6300,1342,188,14413,5747,616,188,170,0,143762,84719,28190,18566,8678,4274,851,143762,84719,28190,16445,7560,593,612,5127,128708,86370,17540,16113,6811,1547,195,0,0,0,0,128755,83262,19655,16951,6717,1620,410,15891,6184,407,410,129482,82348,20079,18472,6389,1792,415,17058,5782,317,415,131032,81811,22232,17771,7227,1560,372,16503,6456,201,372,75731,27681,47778,70055,24014,46041,42894,13132,29762,44508,15707,28801,74080,27068,42852,218332,73170,134069,67893,26039,39323,69143,30396,38077,68971,25803,41705,68553,29044,37627,68745,28450,38451,189050,54392,120746,75073,30844,42298,85503,37995,45961,84963,35085,47574,248985,105063,143922,72969,30854,40274,62977,27557,34479,62494,27180,32807,62737,27916,32948,62312,25477,35256,31871,13314,18550,76223,33552,40994,81054,35945,43704,80927,37510,41392,67958,17401,50241
95,95,170282,37898,49653,78852,4720,1972,293,0,0,193881,37732,66658,82459,7572,1858,428,0,0,203993,38168,72684,85464,7757,4698,444,199881,38298,70936,82972,8300,2502,416,77440,7213,278,232,5137,204063,39265,78134,80692,6725,3408,482,205857,38402,81454,78769,8212,4024,319,120838,33116,29841,54617,3310,1396,179,0,0,116662,32183,22643,57554,2890,1070,231,56597,2766,276,231,383,0,149313,33840,47058,62092,5457,3436,291,149313,33840,47058,59316,4703,435,95,3447,121921,33051,25651,58618,3139,1200,219,0,0,0,0,125319,34229,30499,56353,2598,1243,200,55392,2417,338,200,126142,33706,32836,55346,2948,1182,151,54490,2755,345,151,125839,32642,33746,54983,3039,1133,166,54042,2844,381,166,57340,43359,13658,51770,39751,12019,29300,21797,7503,30372,23285,7087,49976,37127,11221,148243,108471,34496,45470,33871,10124,45934,35693,9934,45866,33575,11563,45724,34910,9882,45759,34617,10250,112934,69641,32214,51111,38405,11737,60487,45593,14060,59763,43516,14504,176560,133251,43309,48610,36318,11343,38399,28238,9621,38090,27695,9246,38216,27872,9248,37993,27212,9686,31827,23841,7456,51176,37301,12949,55433,38783,15873,55179,39786,14024,50346,32989,17296
96,96,163302,107154,24061,23773,7520,2025,273,0,0,183893,106520,32535,33774,9697,2044,828,0,0,188593,99275,37308,37889,10975,5806,485,186934,105548,31416,38225,9931,2163,1306,34198,7629,406,853,6367,191081,101419,34579,41685,11706,2483,1141,197513,102309,38001,43345,11891,2919,1146,116726,80915,14775,15160,5028,1378,167,0,0,128781,82492,18244,20808,5652,1122,152,20295,5006,383,152,445,0,140738,79950,24346,25582,7730,4231,322,140738,79950,24346,23548,6578,556,114,5148,131721,82694,17412,24351,5374,1166,486,0,0,0,0,134889,80721,18623,26903,6676,1152,516,26092,5569,162,516,137412,81399,19969,27178,6673,1411,480,26182,5854,169,480,138981,81088,22075,27074,6806,1380,397,26189,5949,216,397,66826,24222,42382,65413,23074,42339,39639,12820,26819,40914,14803,26111,72610,26615,42583,214713,73932,131703,66611,25959,38452,67646,29650,37458,67474,25490,40838,67159,28445,37183,67333,28113,37733,184810,54168,118117,75232,31052,42558,88813,39472,48073,88215,36851,49208,259129,110458,148671,73959,31311,41085,63912,27877,35260,63457,27503,33916,63651,28033,34040,63298,26071,35897,3521,2537,984,79774,35083,43171,87224,38310,47591,87086,40311,44783,70118,13587,56175
97,97,158976,111588,25845,15346,5438,1994,283,0,0,180856,114648,35676,22816,7700,1922,166,0,0,189469,110693,39563,26737,8964,5390,459,181380,110809,39842,21130,9413,2038,174,17590,6834,410,117,5162,191030,110950,44511,25828,9360,3066,221,194156,109050,46863,28222,10278,3699,302,123285,91494,16569,10317,3983,1451,205,0,0,132042,94500,17952,14580,3822,996,49,13911,3098,321,49,193,0,147798,91998,26786,18830,6847,4032,304,147798,91998,26786,16969,5635,564,152,5140,130376,91013,20423,13287,4391,1046,35,0,0,0,0,136096,91060,23730,15377,4322,1383,0,14499,3750,219,0,138891,90160,25674,16761,4685,1269,4,15813,4070,188,4,143029,91085,25000,19502,4998,1470,9,18146,4309,173,9,65138,24228,40587,62095,21461,40634,39691,12510,27181,41242,15364,25878,68678,25601,39059,202130,68709,123881,64721,24858,37560,66091,29325,36194,65862,24649,39928,65432,27784,35896,65627,27343,36593,179954,51792,115584,72842,30000,41065,86265,38218,46530,85806,34725,48851,251202,103917,147285,72671,30706,40164,65334,28336,36059,64829,28082,34236,65040,28787,34295,64641,25991,37126,62515,24658,37857,80560,35243,43733,90969,40115,49654,91036,41853,47068,88606,35007,53584
98,98,160805,124018,17651,6890,11092,1785,479,0,0,186813,133420,25100,9750,18489,2200,341,0,0,184798,123244,24410,11644,21009,4802,642,189111,130507,27662,12231,17980,2032,180,8778,15549,529,39,5750,184943,124420,25751,14693,18651,2158,417,185210,121359,25950,14798,20268,2920,710,116215,92237,11232,4598,7167,1214,273,0,0,128200,101584,11807,4788,8711,1010,90,4465,7799,438,90,234,0,141006,98400,16539,8152,14245,3469,457,141006,98400,16539,6968,12885,443,250,4991,130347,100178,12908,7436,8665,998,38,0,0,0,0,128340,96180,12949,8881,8943,927,82,7312,8238,233,82,128744,94713,12994,9241,9937,1194,157,7531,9119,256,157,129720,93579,14014,9140,11121,1247,93,7244,10222,276,93,76267,22471,53567,75204,18980,56224,46416,9920,36496,47923,12403,35520,84785,25636,54498,250777,63786,176212,80131,24204,53494,81714,29945,51114,81388,23768,56064,80914,27838,51115,81119,27210,51947,226648,50807,162871,89002,30156,56845,103093,39097,62412,102780,34539,66066,301362,101985,199377,88475,30909,55528,80022,28309,50613,79511,28128,48406,79761,29026,48746,79385,25528,52296,79736,27758,51978,94442,34129,58525,100702,36392,62723,101015,38154,60847,99983,34357,65626
99,99,162255,100111,43225,13652,4377,2342,303,0,0,187295,107498,55256,19035,5658,2613,309,0,0,194917,103078,56589,24345,7381,6070,541,188290,105670,57478,20008,4943,2617,500,16917,3838,415,65,3805,193539,104153,61101,22518,4967,3322,518,195663,104166,58189,26977,5335,4267,410,119680,79763,26574,9143,3177,1716,206,0,0,128146,85923,26441,11505,2859,1293,55,10882,2412,368,55,270,0,146865,84471,37462,16148,5418,4449,346,146865,84471,37462,14438,4365,684,120,4864,131355,85548,29393,12461,2485,1153,65,0,0,0,0,136169,85209,33045,13796,2500,1272,4,13154,2174,325,4,137622,85840,31275,16204,2650,1312,24,15561,2344,333,24,140989,86932,32269,16333,3655,1328,82,15694,3095,301,82,52785,20273,32164,51233,17828,33405,30712,9428,21284,32019,11488,20531,59423,20939,35371,174768,57437,108327,54481,20302,32074,55514,23600,31412,55391,20438,33951,55026,22494,31099,55145,22054,31672,151637,42615,98536,62782,24510,36789,76574,31245,43999,75947,28725,44985,222897,87041,135856,62393,24537,36350,54428,21719,31869,54031,21293,30712,54213,21756,30772,53906,19865,32627,54098,19801,34297,69386,27637,40338,78130,30507,46636,77968,32165,43736,76804,28751,48053
100,100,167976,18412,76216,71885,2243,1806,201,0,0,190612,21585,94879,72303,2033,1339,48,0,0,184691,20423,92108,69075,3321,5181,200,195307,23336,96843,73076,2884,1276,77,70220,2547,268,45,1762,189645,22084,96481,68156,3474,2481,204,184377,21670,93307,66634,3804,3002,263,119558,16984,47618,53423,1704,1237,120,0,0,102797,18321,30018,52585,1224,687,11,52257,1089,273,11,95,0,136545,18693,62414,52283,2833,3833,162,136545,18693,62414,49978,2285,338,30,2400,106567,19876,31773,52525,1901,731,44,0,0,0,0,105126,19230,32883,49850,2261,1014,20,49241,2033,240,20,104973,19163,34116,48340,2416,952,30,47434,2125,223,30,105221,17761,37131,46434,2741,1230,30,45183,2385,273,30,40590,34796,5554,38702,34012,4690,18529,15497,3032,19300,16494,2806,38852,33077,4736,114015,93306,15778,36175,29987,4736,36774,32137,4434,36594,30000,5815,36368,30981,4527,36371,30848,4817,90995,62069,16107,40453,34085,5579,47693,39939,7120,47381,38460,7523,141044,118889,22155,37865,31823,5334,28784,23927,4442,28612,23455,4279,28659,23379,4283,28539,22790,4564,28440,23544,4391,39011,31578,6657,41298,31544,9050,40531,32236,7221,39096,32011,4724
101,101,162251,52413,44405,47220,18765,2169,445,0,0,189787,48280,56570,64122,21699,1648,460,0,0,189881,43094,56840,64853,25028,4874,547,193833,52198,54693,66169,22094,2358,561,60352,20187,359,231,5292,196143,52930,54300,66248,24795,3688,446,198383,52593,57774,68077,23012,3809,697,110471,40267,27035,29708,13332,1372,275,0,0,115093,37469,26088,37790,12470,854,185,37062,12006,448,185,368,0,136571,34484,37780,44384,18917,3576,334,136571,34484,37780,41546,17616,377,157,4043,116791,38073,26198,37984,12759,1131,235,0,0,0,0,120324,38378,28055,38864,13428,1151,95,37982,12893,224,95,120333,37117,28935,39964,12671,1125,200,38651,12186,145,200,121756,35934,28988,42240,12830,1409,190,40760,12366,153,190,47726,28452,19053,48586,30132,18454,25267,14930,10337,26071,16161,9910,53315,33727,17283,157350,96152,54189,49449,32118,15445,50154,34887,14910,49986,31567,17481,49778,33669,14985,49840,33147,15572,129663,66516,49055,56458,37168,18094,68369,45693,21813,67680,43594,22251,199220,132346,66874,54380,35951,17381,43890,29186,14215,43538,28613,13783,43598,28574,13821,43370,27781,14503,11756,7872,3622,58516,38120,19317,64263,40127,23015,63888,41628,20808,51391,25988,22145
102,102,175211,55060,59241,41153,20232,2353,384,0,0,201431,55045,67849,54604,23733,2855,224,0,0,187686,49338,62693,50521,24361,4570,324,203451,54268,67530,57843,23944,2373,319,53441,21780,243,83,5282,189947,49802,63063,55701,21504,2193,433,188356,49346,62886,54823,21483,2795,358,128525,47104,37413,28425,15448,1560,245,0,0,108160,45338,18534,30843,11915,1532,55,30021,11411,282,55,291,0,141854,42406,42532,36901,18849,3386,240,141854,42406,42532,34776,17558,297,49,3670,111221,43993,20908,33026,11864,1095,84,0,0,0,0,106356,39853,21208,32539,11358,887,75,31359,10986,259,75,106398,39749,21857,32494,10845,987,50,30939,10365,238,50,107358,40507,22379,31857,11237,1014,46,30131,10649,192,46,50385,28125,22112,46429,26081,20348,23716,11417,12299,24642,13017,11625,48116,29210,16707,141846,77872,56001,45425,27066,16571,46398,30504,15488,46144,27139,17993,45871,29246,15411,45888,28741,16014,121272,56399,51674,50305,31457,17642,57898,37448,19496,57655,35217,20840,170575,107206,63369,47509,29846,16537,37804,23468,13722,37538,23215,12913,37667,23334,13062,37489,21712,14591,37235,23747,13415,48776,30137,17436,51718,29989,19839,50609,31497,17802,49635,29120,19242
103,103,171864,35959,116236,14718,5454,2223,203,0,0,185610,56951,104595,17298,7468,1832,119,0,0,184639,41003,114078,18962,9634,5787,256,190245,53299,110194,18480,9204,2190,117,15926,7912,292,17,2335,185780,46998,110363,19064,10436,3350,46,186530,44393,112085,19231,11566,3689,80,123210,32436,75297,11045,4473,1567,125,0,0,92243,41493,32811,12941,4239,823,31,12230,3887,208,31,151,0,143421,37430,80960,15528,8259,4475,183,143421,37430,80960,14049,7384,396,32,2657,96842,40475,36553,14055,4739,893,19,0,0,0,0,97348,37924,38977,14326,5119,923,4,13488,4741,273,4,98867,36834,41001,14560,5707,790,10,13841,5344,206,10,103070,35757,45172,15642,5697,944,16,14883,5287,254,16,37204,23672,13325,35043,22661,12382,18611,11387,7224,19558,12775,6783,42437,29729,10936,124143,78973,37683,41807,28915,11048,42841,32574,9996,42514,29529,12110,42208,30896,10192,42210,30532,10680,110874,60385,35210,46672,33452,12197,55467,40174,14462,55116,37872,15687,162687,115243,47444,45078,32439,11702,37812,27405,9903,37565,26922,9404,37617,26830,9598,37453,25155,10731,36399,25818,9674,48439,33897,13528,52759,34883,16805,51953,36024,14648,49447,34941,11385
104,104,191643,35473,131645,20364,4721,2889,264,0,0,201942,29596,145156,22589,5267,1939,150,0,0,185500,27556,129906,22408,4882,6526,334,200742,29723,144481,22378,5210,2387,250,19965,3907,393,22,1742,188131,27851,133863,23028,4100,4606,232,185543,28555,129730,23619,4363,5610,160,129901,30321,82460,13535,3454,1927,164,0,0,100931,26312,55863,14753,3058,778,0,14540,2821,357,0,177,0,135335,24287,90329,15712,3825,4876,251,135335,24287,90329,14280,3317,517,123,2071,102346,26654,58184,13901,2859,629,0,0,0,0,0,99688,25146,57893,13414,2351,801,0,13060,2017,318,0,97888,25593,55917,13223,2132,980,10,12707,1896,344,10,101240,25121,57689,14731,2695,1031,12,13971,2483,260,12,36260,21418,14547,34230,21593,12637,16030,8887,7143,16796,9812,6984,38694,25904,11294,113138,71036,35232,36080,24533,9927,36918,27086,9570,36658,24981,11073,36330,25863,9582,36315,25522,10073,94617,51200,31987,40387,27939,11592,47714,32843,14149,47257,31295,14437,140204,96587,43617,38142,26192,11118,29720,20117,9161,29439,19790,8717,29493,19524,8949,29384,18339,9300,24763,17136,6910,40447,26731,12892,44759,27612,16393,43787,28641,13782,41146,28322,10281
105,105,168953,49485,81521,21930,16067,2768,410,0,0,182783,37933,94100,28855,21973,1682,729,0,0,191644,40192,96154,28037,26156,6641,515,183358,35790,95973,28639,23394,2165,482,25360,22092,441,101,3089,192823,35322,102193,28872,26816,2927,456,191789,34691,101399,29373,26609,3461,573,122307,42570,51753,15198,12431,1826,268,0,0,85877,32546,28189,17312,6649,658,264,16954,6332,352,264,262,0,143476,35454,66283,20635,19714,4812,360,143476,35454,66283,18761,18732,419,156,3089,86579,31480,29988,16754,7188,841,129,0,0,0,0,92732,31381,33190,17539,9628,741,70,17054,9225,116,70,93665,31486,33833,17972,9396,790,60,17324,8956,87,60,92096,29464,33809,17862,10013,767,18,17310,9504,99,18,40376,20099,20127,36870,18835,18035,18888,8048,10840,19645,9115,10530,41071,22903,16427,120165,62428,51242,37799,21265,14999,38628,23820,14534,38360,21304,16334,38091,22729,14455,38055,22211,15012,101763,44309,46950,42643,24926,16781,50271,30326,19224,49889,28622,19773,147155,87485,59670,40226,23431,15925,31055,17515,13086,30778,17233,12479,30845,17175,12688,30679,16020,13454,8091,5362,2533,41733,23522,17079,44809,22950,20037,43735,24457,17808,42159,22733,19426
106,106,114524,78784,18223,8706,8009,1704,170,0,0,157817,99664,23288,14782,19704,1492,210,0,0,191093,106647,31164,20772,28316,5596,421,170201,103288,26201,17513,22193,1687,283,14268,19791,508,160,5653,195228,110048,30685,22810,29023,2814,405,205767,112862,32789,25251,32290,3630,493,78063,55944,10850,5417,5130,1070,111,0,0,102420,73507,11053,9045,8040,713,45,8592,7484,302,45,108,0,136666,81025,20216,13789,18270,3786,286,136666,81025,20216,12086,16879,521,99,5259,111758,77309,13266,11005,9175,909,135,0,0,0,0,130232,84618,17273,14027,12455,1419,130,13344,11446,162,130,136990,87563,18206,15490,13627,1498,144,14683,12728,173,144,146246,92085,20671,16879,14517,1515,120,15726,13472,136,120,40790,13975,26499,42671,12612,30059,25168,6307,18861,25897,7568,18329,59176,20103,36074,174464,52662,114265,58343,20747,35682,59524,24748,34311,59296,20501,37692,59000,23391,34137,59083,22980,34775,162495,43867,108488,69316,26898,40931,90353,38345,50731,89336,34570,52730,259388,102233,157155,73281,29209,42550,71372,28875,41639,70850,28452,40038,71105,28907,40348,70516,26100,42744,68396,7906,44226,88818,36494,50693,105897,43131,61010,105700,45556,58015,101349,39193,60413
107,107,173642,50785,88195,30524,4477,2714,271,0,0,185806,39792,111976,30620,4118,2203,357,0,0,184603,35618,113702,29477,5049,6549,301,184923,36985,114058,30023,4547,3171,497,26925,3653,372,83,2492,181892,34205,115556,28027,4467,3666,400,183326,32974,116652,28906,5871,5007,223,119449,42953,53280,19701,3223,1765,170,0,0,92078,34674,34724,19678,2225,803,67,19269,2116,312,67,103,0,132648,31083,75806,20634,3844,4851,214,132648,31083,75806,19178,3364,403,55,2414,91807,32104,36970,19648,2314,805,53,0,0,0,0,93913,30247,41865,18876,2127,694,25,18239,1969,141,25,93031,29205,40820,19116,2983,926,18,18410,2653,69,18,94178,27593,42695,19970,3073,680,34,19241,2776,22,34,41606,22569,18809,37466,21302,16164,19129,9190,9939,19940,10366,9574,40698,24185,14975,119038,66730,45561,36503,22267,12701,37231,24480,12473,37026,22323,14018,36788,23458,12407,36783,23074,12939,96743,46184,40321,40717,25321,14490,46780,29601,16428,46409,28265,16632,137738,87482,50256,38067,23656,13577,28847,17775,10648,28612,17462,10100,28704,17393,10283,28538,16371,10819,28364,17108,10626,38778,23826,14135,41660,24316,16647,40730,25381,14178,39691,24055,15222
108,108,160818,128415,18316,7612,5738,1352,124,0,0,176987,138497,18155,9661,10211,1755,383,0,0,187178,141476,19963,9986,12294,3519,258,177219,137238,17775,10335,10467,2166,416,8602,8673,319,128,4214,177033,135419,18599,9777,11002,2417,469,180471,137052,18830,10775,11005,2707,330,126260,103067,12558,5611,4324,997,101,0,0,133697,111715,9081,6187,5337,1012,84,5893,4719,239,84,248,0,150711,115876,14811,7793,9283,2634,180,150711,115876,14811,6667,7921,320,44,4519,133803,110869,9566,6708,5458,1177,106,0,0,0,0,134076,109306,11042,6558,6006,1114,85,6062,5143,271,85,137308,110560,11884,7203,6457,1240,34,6595,5478,255,34,136730,109737,11576,7102,7142,1152,46,6298,6102,232,46,85929,31476,54139,84071,26515,57556,55447,15272,40175,57146,19845,37301,91323,38681,48227,270941,82830,177355,90336,33408,54487,93204,44562,47904,92570,33431,57141,91872,42210,47571,92036,40743,49273,252625,72252,162292,98492,43257,53374,111363,54479,55363,111810,46149,63965,327704,135693,192011,97171,44498,50747,89047,41022,46796,88055,42100,42293,88721,43049,43518,88146,34787,51950,87649,39481,47856,102461,47585,53109,107866,49651,55750,107860,52197,54305,104165,47270,53198
109,109,159601,37005,34351,86436,2461,1837,171,0,0,175486,28429,47733,96825,3241,1798,306,0,0,184600,27533,53274,100769,3171,4483,219,174041,27522,46469,97350,3469,1849,173,92587,2494,193,69,4347,183250,27682,53866,98979,2985,2717,364,183464,25681,57454,97617,3047,3530,96,112114,31212,21142,57923,1701,1272,122,0,0,111230,24742,17840,65895,1602,803,68,64725,1479,197,68,515,0,135061,24122,34433,73459,2375,3224,172,135061,24122,34433,70826,1852,418,68,2886,111362,23735,18185,66736,1503,824,33,0,0,0,0,119861,23982,23153,69808,1533,1205,48,68393,1378,376,48,121541,22035,25081,71570,1636,1234,0,69815,1485,247,0,125119,21179,26296,74129,2226,1258,16,71864,2007,186,16,57751,42903,14547,57978,44785,13193,32848,24521,8327,33850,25734,8116,59752,45915,12546,177213,133336,38448,56034,42832,11287,56639,45273,11068,56440,41704,13577,56266,44061,11015,56277,43729,11569,144667,88365,36927,62304,48229,12953,72568,57311,14445,72256,55236,15049,215459,171436,44023,59274,46229,12073,47771,37199,9998,47567,36423,9640,47642,36542,9527,47508,36089,10142,47533,35889,9581,62887,48457,13284,68820,51734,16082,68032,52622,13869,63798,54613,2130
110,110,162912,17524,75084,70202,800,2203,163,0,0,182201,14692,97872,69780,635,1045,59,0,0,184614,12380,108452,62999,1209,6243,227,183140,14233,99393,69859,927,1099,42,66933,598,170,0,1564,186992,14007,107774,65703,1113,2353,262,185445,13091,103050,69738,1361,3021,381,110191,14453,44350,50926,561,1423,91,0,0,89550,11786,24798,52468,218,337,0,52233,198,93,0,104,0,127657,10337,69251,47133,846,4234,163,127657,10337,69251,45408,502,258,26,1606,90663,11391,28208,50180,323,352,0,0,0,0,0,91709,11238,33117,46375,450,359,0,45771,405,133,0,93727,11133,33246,48092,609,420,0,47317,544,129,0,94953,10228,36139,47628,453,520,0,46796,396,185,0,43102,38137,4713,40999,37014,3985,18970,16662,2308,19558,17390,2168,38000,33060,4239,111767,95641,12672,32278,27648,3556,32585,28876,3535,32463,27471,4499,32359,28157,3613,32354,28049,3799,78475,56922,12321,36673,31582,4527,43003,36625,5895,42712,35364,6080,127529,109922,17607,33864,29010,4327,24191,20333,3560,24014,19895,3405,24079,19851,3387,24010,19641,3471,23960,20042,3348,34323,28175,5519,36464,28130,7797,35698,28661,6075,34081,29231,2308
111,111,170460,30613,47741,88035,4875,1862,238,0,0,186396,26279,62080,93929,5498,1634,303,0,0,184755,23016,64002,92082,5816,5014,291,191689,27693,62003,97967,5297,1278,455,94024,4446,217,71,2902,192752,25356,67389,95943,4707,2530,398,192285,25178,68659,94582,4666,3899,416,120786,26087,29030,62262,3497,1218,153,0,0,119868,22617,25184,68204,3178,515,57,67638,3044,269,57,299,0,136448,20166,42234,69059,4400,3617,182,136448,20166,42234,66513,3791,297,41,2880,126332,23788,26948,71856,3053,515,80,0,0,0,0,125131,22002,30049,69292,2839,721,27,68311,2668,292,27,124828,21101,31886,68312,2683,1139,10,66731,2522,230,10,125450,21113,33142,67195,2842,1357,13,65604,2592,248,13,64639,48316,16087,62490,48354,14136,35359,26068,9291,36456,27391,9065,61216,47194,12487,181631,135956,39732,56903,43185,11716,57524,45814,11381,57297,42059,14156,57129,44638,11311,57170,44294,11914,146539,89243,38168,62662,48421,13136,71660,56595,14211,71324,54409,15028,212708,168464,44244,59290,46184,12122,47537,36855,10178,47266,36187,9639,47419,36321,9671,47244,35456,10315,47405,35718,9781,61044,46896,13043,64772,48286,15447,63978,49187,13403,59379,51392,134
112,112,157485,104437,22713,15378,14273,1887,206,0,0,176110,100383,31626,22557,20590,3250,364,0,0,185204,101216,33622,24687,22344,4992,369,176593,101332,29129,23073,21897,2948,354,19899,18798,543,32,6336,177998,97819,30072,26808,22530,3031,546,180154,97230,30977,27668,23042,2976,957,119655,83633,14497,10247,10541,1310,121,0,0,124744,81732,15780,14352,11144,1667,24,13432,10502,519,24,297,0,144361,83096,23356,17637,17235,3788,252,144361,83096,23356,15933,15921,506,84,4868,125252,81953,14515,14839,12356,1623,30,0,0,0,0,127657,78493,15989,18168,13530,1429,105,16936,12187,469,105,128342,77584,16103,18884,14080,1166,240,17504,12983,172,240,133346,78266,19271,19161,14994,1436,278,17809,13634,131,278,72150,26849,45032,68956,24597,44359,43169,13174,29995,44620,16133,28487,74196,30493,40196,219227,77031,131528,72181,29851,39839,73846,35529,37693,73596,29485,42538,73106,34056,37141,73172,33307,38249,200631,62836,121585,79587,35865,41896,91809,44907,45401,91701,40975,48533,270344,123069,147275,78152,36422,40006,69659,33467,35245,69158,33407,33119,69415,33880,33591,69048,30294,37152,68811,32741,35276,83804,40101,41879,90953,42714,45796,90144,45223,43115,88090,40980,46531
113,113,172672,69557,50569,39059,13422,2398,280,0,0,180836,53826,63167,48161,16275,2265,496,0,0,185211,51198,67228,48681,16737,5555,318,177998,51593,64683,46861,15640,2619,331,42435,13470,444,10,4918,182787,48677,67676,50666,15632,4635,250,182230,46622,66962,52405,15672,4621,360,121829,55775,30853,25015,9690,1578,174,0,0,110857,45576,25083,30429,8520,1062,4,29425,8172,421,4,428,0,137513,43693,45057,33934,12938,4086,227,137513,43693,45057,32097,12114,464,57,3554,109506,43497,26970,29276,8326,1044,11,0,0,0,0,112620,41877,28918,32171,8176,1619,19,30529,7756,376,19,112629,40319,28582,33511,8737,1552,29,32017,8250,283,29,114605,39384,29315,34754,9802,1237,44,33112,9391,266,44,55250,27824,27220,52184,26846,25338,28234,12846,15388,29178,14422,14756,56331,30416,23882,165518,84137,73270,51808,29025,20975,52662,31804,20483,52498,28522,23104,52216,30630,20393,52194,30225,20976,139383,60128,65742,57731,33047,23554,66799,39512,26377,66484,37595,26993,197267,115455,81812,54619,31431,22123,43275,24854,17848,43004,24432,17149,43105,24468,17246,42907,23285,18234,42701,23904,17809,57027,32734,23141,62008,34232,26689,61009,35760,23810,59601,33795,25751
114,114,171454,74150,68069,20895,8158,2277,270,0,0,183471,83563,60993,26168,12799,1842,384,0,0,184649,84188,59475,26157,12618,5665,410,187206,85728,60726,27094,13671,2317,322,23830,11268,550,0,4561,179705,81974,57215,28421,11915,3430,401,182024,83431,55965,29595,12476,3712,355,133850,66087,45223,15840,6219,1728,191,0,0,119568,73195,22794,17519,4980,876,0,16768,4192,350,0,340,0,151157,74821,43667,20651,9714,4484,295,151157,74821,43667,18575,8257,422,70,4787,126478,75230,26064,18063,5670,1122,0,0,0,0,0,124972,72636,26354,18931,5374,1455,25,17651,4382,457,25,127822,73774,26308,20320,5609,1412,35,18893,4421,449,35,129157,72557,27673,21170,6018,1458,44,19789,4842,429,44,53840,31453,22143,50878,29089,21789,28568,15381,13187,30117,17957,12160,60563,38157,18724,177817,94714,70445,60579,37042,20661,62314,43803,17906,61754,37461,22402,61426,41153,18253,61481,40589,18982,164027,78095,64072,66967,43790,21266,78156,53199,23578,78058,49043,26788,229913,148225,81688,65184,43376,20092,56734,38363,17492,56324,37844,16294,56503,38056,16565,56120,34844,19549,56122,38125,17601,69012,45311,22172,72953,45782,25475,72401,47666,23229,69889,45331,20040
115,115,163416,77825,36006,19939,29479,1833,273,0,0,195460,72316,46631,26881,48564,3612,545,0,0,198565,69850,43178,27894,55493,4486,376,196722,70831,45792,28174,50300,3329,620,24867,47621,707,222,6042,195318,66440,42319,30167,56397,2841,720,197822,65344,44039,31690,57141,3292,661,126221,65213,24336,14887,21394,1302,202,0,0,115156,60685,18710,17681,15703,2192,59,16631,14975,504,59,695,0,156391,61232,31338,21518,40114,3412,293,156391,61232,31338,19438,38603,351,87,4650,116087,60054,18670,19273,15927,1807,125,0,0,0,0,116296,56894,19168,20096,18051,1094,98,18830,17176,315,98,117936,55791,19651,21553,18955,1095,95,20061,17870,390,95,118441,55781,20128,20795,20227,1144,59,19069,19020,186,59,57202,25363,31664,54657,23815,30842,29522,10676,18846,30622,12691,17931,62954,32169,27594,185345,82631,93072,59030,30229,26641,60369,35152,24686,60024,29814,28925,59685,33514,24583,59713,32727,25440,162347,63091,82407,66363,36379,28392,77833,45643,30961,77648,42125,33558,228978,127546,101432,64211,35922,26792,53669,30334,22605,53320,30108,21309,53489,30363,21520,53238,27850,24024,51994,29028,22738,67700,38190,27886,72497,39204,30661,71655,41559,28252,69965,38342,31050
116,116,184840,45943,117474,11926,10681,3288,509,0,0,212288,52603,128790,16206,15915,2267,421,0,0,199721,43825,122421,17671,16601,5929,697,218205,51052,131871,18299,18831,2367,403,14551,15683,367,104,4269,206617,43804,129221,18145,16780,3922,444,206882,43311,128269,18423,18029,5247,586,143482,40685,85723,8805,8458,2372,391,0,0,143130,42125,84830,10186,4928,603,139,9663,4233,321,139,281,0,159526,38867,94677,13170,12444,4732,474,159526,38867,94677,10645,10357,358,140,3832,148512,42648,88416,10822,5528,598,100,0,0,0,0,143516,37313,89058,11015,5106,642,90,10059,4059,249,90,140875,37243,86223,11055,5129,697,149,9897,4113,174,149,143170,37523,86711,12377,5134,744,153,11104,4139,134,153,51494,31210,20063,45659,28076,17583,24525,13313,11212,25645,15395,10250,55295,34707,16998,159501,94682,53732,50466,32748,15415,51537,36463,14608,51144,32473,17636,50901,34836,14580,50951,33875,15729,136013,68354,50362,57259,37906,17720,68459,46270,20987,66868,42754,21839,196808,131390,65418,55363,36949,16865,45770,31289,13762,44997,30290,13386,45000,29623,13596,44547,28475,14153,44642,31267,13338,58227,38314,18633,62567,39341,22165,60815,40070,19187,5218,3736,1472
117,117,141858,24494,107072,8490,3039,2112,385,0,0,176566,30594,129372,13450,4351,3842,644,0,0,203057,36076,142420,18576,7744,5664,917,177117,28554,131034,13779,5101,4108,738,10045,3072,555,97,3584,204187,35126,145305,19721,6463,6810,713,206021,38628,143506,18923,8149,8227,959,95798,18788,69932,5239,2013,1427,233,0,0,110046,23355,76070,7579,1988,710,40,7127,1593,362,40,471,0,142508,28096,97072,12033,5179,4025,578,142508,28096,97072,9602,3553,339,232,3036,111200,21855,78137,7815,2241,752,55,0,0,0,0,130023,27823,86952,10942,2755,791,110,9913,2243,195,110,132364,30288,87042,10042,3391,892,170,8667,2586,108,170,138504,30353,90845,12027,3510,933,212,10841,2634,129,212,29874,18484,11185,32574,20440,12134,17067,9099,7968,17719,10198,7521,43706,26246,15053,126418,72785,46211,40862,24572,14489,41564,27007,14142,41283,23695,16914,41123,25914,14093,41154,25085,15109,109901,51245,47115,49603,30225,18158,66059,40747,24254,64364,37734,24641,189872,116124,73748,51013,31167,18624,45839,28144,17051,45036,27158,16728,44989,26398,16911,44605,25612,17159,44869,27436,16902,61325,36234,23905,74424,41182,32294,72499,42390,28255,26102,12620,13482
118,118,170582,57545,101384,8793,3614,2520,464,0,0,186293,54315,115717,12761,4532,3167,582,0,0,203245,55358,128783,13380,5527,6171,733,188766,53790,116785,14508,4697,3681,529,10609,3175,236,96,3673,196773,52976,125657,14184,5040,4786,691,202693,54417,127613,16573,5049,6523,589,122511,46304,67877,5697,2539,1752,290,0,0,124464,44047,69853,7087,2297,656,104,6644,1974,108,104,482,0,151094,46212,90518,9168,3925,4680,477,151094,46212,90518,7203,2700,423,192,3299,128113,44671,71606,8177,2320,828,89,0,0,0,0,135261,44419,79338,7455,2512,976,193,6876,1897,150,193,139749,45685,80516,9113,2962,997,132,8439,2253,292,132,147823,48469,84437,9957,3291,1023,311,8902,2495,376,311,50283,23572,26425,47322,22038,25284,25816,9957,15859,26803,11753,15050,55591,26175,26444,160711,72663,78675,48590,23189,23451,49343,25668,23183,49097,22420,25875,48867,24882,22663,48943,23932,23932,134117,48367,73880,57471,28193,27873,72246,36549,34598,70575,33755,34684,207702,103938,103764,58303,28823,28070,51954,25952,25172,51167,25142,24627,51038,24466,24828,50653,23586,25245,49812,24845,24642,67445,33167,32962,80355,37852,41505,78426,39430,36943,71536,33532,37610
119,119,178462,35783,124751,16736,2779,2818,521,0,0,208573,38957,143450,22738,4321,3766,722,0,0,201534,34999,139662,23482,4924,6417,885,211520,38916,148119,20924,4954,3855,850,16875,2632,304,114,4005,205996,36724,143609,23320,5457,5299,859,209761,37655,144030,25173,6582,5764,949,127637,29749,85002,11216,1934,1971,317,0,0,138175,32070,89027,14307,1493,1104,104,13594,1218,314,104,268,0,149782,29570,100100,16328,3586,4814,580,149782,29570,100100,13698,2354,396,256,2917,141675,32312,93760,12369,1795,991,151,0,0,0,0,139734,29753,92639,13770,2532,653,260,12959,2074,228,260,141257,31322,91491,14311,3091,656,265,13541,2696,219,265,141786,30348,91209,15535,3249,642,176,14678,2808,97,176,48532,29999,18236,44276,28419,15857,22989,12851,10138,23986,14568,9418,51687,32263,17011,149737,90965,49982,45277,28694,14676,46093,31050,14606,45830,27590,17514,45562,29980,14354,45649,29030,15618,120468,59540,47904,53476,33987,18214,66938,42966,22899,65177,39890,23186,192156,124111,68045,52641,33465,17894,43814,27893,15192,43022,26935,14787,42871,26075,14973,42550,25578,15046,41508,26426,15076,57694,35860,20681,64558,38157,25514,62811,39068,22016,53120,31654,21395
120,120,176122,41934,83040,48724,5372,3026,808,0,0,182242,38961,94226,46635,5640,1934,964,0,0,200262,40900,104569,49917,7801,6215,1106,186016,42092,92848,48935,5482,2636,1159,41587,4002,384,197,4549,194559,43993,102805,44912,5816,3535,1439,199511,45067,101552,48700,7224,4373,1990,125298,35420,53368,33233,3908,2009,475,0,0,118875,32173,51305,30900,2973,906,94,30265,2734,353,94,620,0,147538,34751,71631,35477,5909,4589,724,147538,34751,71631,31353,4478,438,306,3987,124399,34691,51972,33502,2740,928,113,0,0,0,0,130244,37349,58223,30105,2816,1049,247,29042,2402,193,247,132936,38613,57284,31932,2934,1149,353,30521,2554,223,353,136562,39347,60307,31030,3721,1115,352,29359,3238,180,352,48689,31168,17226,45693,30260,15433,23299,13220,10079,24214,14917,9297,49012,31236,15122,142411,87594,46413,42118,26967,13392,42766,29367,13012,42508,26353,15362,42352,28333,12801,42404,27642,13768,111821,55892,43356,50054,32794,15981,63255,42409,19794,61657,39317,20336,181864,121129,60735,49317,32458,15575,40380,26697,12974,39719,25852,12622,39552,25208,12691,39324,24701,13096,38302,25342,12960,53546,34709,17707,59047,36669,21482,57678,37267,18829,55185,34864,20159
121,121,167318,97638,51896,10267,7937,1886,479,0,0,188460,99100,66506,14599,10255,1765,557,0,0,203209,98132,73954,16430,13865,5603,955,191926,97507,71387,14010,9282,1780,544,10173,6448,210,108,4722,198953,95581,76893,15355,10853,3760,743,205745,98759,78133,15468,11914,5114,796,125805,77550,35533,7044,5444,1324,302,0,0,136009,79169,42585,8576,4648,527,54,7929,3980,215,54,513,0,155904,80194,52687,11513,9696,4104,655,155904,80194,52687,9079,7667,374,256,4955,138617,79158,45059,9130,4287,527,90,0,0,0,0,142398,77384,48701,9926,4968,766,174,8954,4108,235,174,147430,80291,49366,10672,5434,949,125,9694,4442,232,125,148069,79553,51032,9958,5900,1074,126,8910,4737,146,126,73360,27769,45376,73533,25813,47720,45524,12902,32622,47021,16592,30429,83854,33713,44847,242668,84432,145571,77121,30769,43700,78580,36912,40977,78202,30877,45826,77746,35520,40342,77915,34530,41638,218281,64869,135218,87515,38640,46723,104231,50117,52569,102869,44820,55839,301394,132630,168764,87577,39950,45530,78811,37368,40300,77804,36750,38788,77938,36525,39085,77173,32976,42290,76287,35362,40776,94197,44295,48200,101558,47520,52444,100274,49045,49309,98478,44538,52290
122,122,139828,83621,43458,4980,7966,1298,292,0,0,173996,91754,62799,8243,11719,2595,703,0,0,203881,99012,76258,11740,15954,4973,746,173733,91035,63237,8153,11803,2932,664,5697,8975,154,115,4362,195135,93794,77260,11584,13815,4371,495,202372,98174,78427,12616,14349,4962,701,101955,64203,28957,3314,5209,914,174,0,0,121710,70113,39389,5110,5755,885,120,4832,5051,155,120,330,0,152559,78917,53226,7888,10772,3567,509,152559,78917,53226,6169,8670,319,161,4529,122149,70018,39774,4795,5999,1201,100,0,0,0,0,138379,73112,49747,6628,7165,1203,104,5675,6380,128,104,143130,77126,49715,7201,7239,1230,135,6067,6416,101,135,143579,76803,50137,6954,7774,1229,161,5689,6671,157,161,64263,21536,42516,69486,21511,47975,44831,11174,33657,46062,14346,31716,82298,30263,47151,238570,74940,152256,80313,29043,48807,81821,35104,46076,81492,28823,51266,81026,33582,45552,81229,32433,47097,228630,61353,150097,91271,37051,52214,111444,50034,59908,110119,44637,63293,323049,132059,190990,93156,39375,51748,87451,38491,47856,86423,37865,46240,86619,37632,46754,85813,33875,49950,85914,34416,49475,104522,45762,56986,116603,50830,64050,115306,52663,60506,110012,42180,67670
123,123,199834,52573,135495,9101,3813,3291,320,0,0,213700,52196,148091,9289,4572,3528,461,0,0,197123,49910,130732,11211,5447,6301,559,215935,50522,150919,10037,4970,3551,542,7065,3779,246,123,2835,200586,45291,140887,10136,4347,4626,702,199712,47580,136518,11097,4720,5285,628,153915,46451,98104,6750,2901,2422,218,0,0,145636,45728,90485,6081,2138,1129,130,5480,1748,384,130,190,0,157560,44902,99461,8241,4198,4921,395,157560,44902,99461,6367,2890,352,112,2908,148552,44451,93728,6781,2458,990,125,0,0,0,0,139926,40500,89081,6665,2320,1179,155,5912,1679,390,155,140754,42550,86844,7111,2609,1179,140,6256,1938,366,140,141517,41973,87722,7621,2596,1075,117,6820,1780,471,117,59170,33910,24903,55021,32528,22493,32178,16746,15432,33732,19663,14069,62760,38537,20440,180760,103280,65904,57344,35208,19755,58588,39657,18401,58184,35213,21842,57817,38094,18126,57946,37129,19411,154538,73349,63386,64186,41088,21432,75142,49422,24522,73608,45742,25725,216143,138733,77410,62411,40479,20339,53178,35265,17060,52285,34330,16381,52221,33761,16570,51742,31920,17800,51067,34128,16920,64866,41854,21705,68329,42664,24477,66966,43745,21632,49916,31514,17856
124,124,170492,31995,119915,15389,4717,2579,702,0,0,197435,30171,144524,18375,6248,2913,693,0,0,194508,31543,137649,19685,7366,5381,942,199276,30158,146535,18676,6034,3528,921,13458,3732,250,475,4197,197410,30257,142961,19914,7147,4564,1081,192567,30141,136295,22292,7354,5784,1032,120012,26616,79255,10911,3300,1791,477,0,0,129206,23687,89293,12210,2764,678,250,11341,2064,338,250,419,0,143923,26583,97623,14444,5405,4028,636,143923,26583,97623,11771,3827,372,259,2857,130290,23732,90695,11887,2743,666,280,0,0,0,0,130759,24683,89480,12204,2970,664,255,11025,2380,111,255,129735,24899,86984,13400,3032,641,255,12005,2253,188,255,128653,24471,86797,12743,2932,768,199,11667,2058,293,199,39015,25072,13765,37015,24489,12526,18447,10630,7817,19145,11923,7222,45216,29416,13240,130865,82245,40514,39538,26025,11679,40177,28278,11509,39948,25171,14107,39814,27170,11523,39833,26269,12604,104944,54042,38859,46830,30986,14605,58925,39495,18450,57303,36455,18892,169270,113337,55933,45577,30302,14092,36488,24555,11420,35860,23745,11163,35783,23078,11328,35502,22520,11313,35672,24595,10943,48921,31590,16316,53370,32238,20457,51789,32998,17388,5012,2920,2092
125,125,185404,47592,122462,10640,6228,2662,535,0,0,213291,51785,142501,12239,7677,3804,855,0,0,202784,45977,134510,14105,9333,6166,719,216332,52486,144385,13050,8465,3253,640,9321,6135,262,294,3329,213843,48226,144474,14415,9698,4999,476,212080,50527,138512,15298,9980,7133,474,133050,38511,83313,7054,4398,1842,358,0,0,144389,40442,91318,7382,3850,876,420,6996,3362,165,420,147,0,151994,38061,97048,9564,6838,4738,442,151994,38061,97048,7468,5036,330,137,3367,145818,40645,92893,7261,3920,693,300,0,0,0,0,144295,37125,93485,7706,4671,874,150,7042,3755,316,150,144675,39246,90629,8550,4957,860,174,7827,4094,298,174,142939,38609,89716,8049,5483,757,131,7294,4456,239,131,59581,32807,26580,55515,31095,24420,29931,14138,15793,31081,16356,14725,65155,36994,24027,188873,101843,74830,58037,33797,21694,59101,37440,21086,58709,32887,24701,58526,35962,20876,58582,34761,22322,157921,70394,70029,67279,39992,25444,82443,50443,30637,80395,46224,31660,236820,142643,94177,66707,40116,24838,57386,35369,21206,56427,34222,20650,56398,33529,20878,55869,32219,21430,56137,35074,20686,72149,42890,27789,79212,44936,33157,77375,46227,29197,14526,6995,7531
126,126,163192,97065,32332,17920,15751,1806,256,0,0,186556,96447,42311,29942,18188,1346,371,0,0,188805,85624,49569,31228,20594,5055,417,193284,90191,48105,34922,20410,1681,426,32204,18874,209,306,3187,198278,85887,53509,36901,21279,3610,258,198792,83552,54228,37316,22608,4037,376,120772,76215,20964,11988,11140,1193,174,0,0,126763,76119,21813,18247,9625,669,75,17869,9005,208,75,261,0,142610,70172,33653,21379,15317,3657,296,142610,70172,33653,19277,14123,287,69,4399,129852,70807,26482,20223,11438,469,169,0,0,0,0,128962,66816,28082,20988,12065,815,200,19974,11322,58,200,129880,65605,28204,21783,12984,946,230,20793,12196,128,230,132650,65256,28949,23875,13234,1246,189,22570,12419,145,189,64997,18993,45836,61629,17223,44406,38634,8830,29804,39863,10758,29105,71809,24320,43894,212415,64555,139479,64967,22614,40686,65391,26054,38848,65412,22560,41935,65214,25305,38531,65333,25068,39147,180654,47554,123251,73232,27693,44008,86509,35301,50018,85702,32695,50949,252024,97672,154352,71504,27507,42450,60369,23627,35835,59993,23166,35146,60186,23460,35244,59755,21555,36931,59994,21977,37103,75722,30228,43946,81157,32436,47139,80872,34116,44604,79567,31041,48503
127,127,163212,99018,34358,23830,5719,1601,648,0,0,193042,99446,51434,34177,7320,1772,757,0,0,202964,95790,56161,39215,8907,5402,953,198754,102402,53839,34767,8198,2951,828,30270,5542,406,485,5110,203718,95111,58323,40860,8656,5302,779,207049,93913,60091,42009,9501,5903,956,115146,74214,21343,15146,3890,1106,380,0,0,128225,75306,26701,21732,3174,636,377,21274,2875,170,377,363,0,147142,74543,36767,26660,6319,3771,660,147142,74543,36767,24428,5118,410,408,4820,132719,77008,28574,21663,3613,693,380,0,0,0,0,135356,73574,29804,25382,4546,1405,289,24425,4012,183,289,137762,73596,30395,26406,5039,1427,253,25108,4482,148,253,141963,74531,30843,28793,5629,1636,249,27392,4970,202,249,62989,19946,42849,62527,18961,43566,38548,9964,28584,40001,11756,28245,73844,25704,44779,218533,69548,140644,67882,24109,42050,68396,27329,40580,68370,23778,43679,68138,26715,40042,68279,26146,41033,189398,50470,127647,77116,29561,46028,92719,38334,53153,91787,35618,53952,270540,107173,163367,76570,29989,45003,66841,26791,39102,66505,26208,38480,66674,26405,38578,66240,24746,40053,66416,24619,41730,84095,34516,48078,93695,39288,53316,93461,40809,50398,92358,35417,56941
128,128,163094,94584,48380,16299,3498,1890,305,0,0,181914,88100,68381,21415,4488,2538,336,0,0,192949,86212,76158,23251,4832,5549,366,178774,84190,70308,21395,3823,2145,279,16408,2641,306,11,4786,187304,79102,82044,21931,4007,3272,258,188012,79939,80275,23356,4482,3754,162,117787,74093,29808,10808,2548,1287,189,0,0,120852,69979,34861,12750,2152,876,0,12306,2013,331,0,239,0,142045,69774,50065,15883,3583,4100,256,142045,69774,50065,14134,2930,407,75,3967,117937,68014,34697,12233,1816,994,0,0,0,0,0,123069,64886,41246,13649,2124,923,65,12898,1812,148,65,124189,65175,41107,14439,2509,919,40,13404,2161,129,40,127574,65159,44129,14663,2532,1070,66,13524,2127,163,66,51030,15055,35723,51513,13919,37594,27204,6094,21110,28170,7055,21115,55905,16070,37919,164550,45509,113022,48589,14524,32900,48833,15893,32621,48913,14205,34091,48792,15810,32094,48844,15652,32418,136411,30202,100147,56365,17291,38095,68903,21739,46270,67761,20534,45547,199842,62419,137423,55600,16929,37652,46589,13915,31983,46368,13692,31566,46444,13748,31548,46159,12795,32350,46299,13344,32955,60966,18914,41042,68382,20817,46960,67925,22386,43805,67046,20045,47001
129,129,181084,105649,41642,14158,19314,1959,348,0,0,192697,98695,54819,18607,21401,2710,390,0,0,201896,98219,58727,19576,22755,5484,401,192946,98853,54005,18055,22161,3105,306,13604,19321,485,8,6305,198258,96857,58888,19779,22755,3825,388,199454,100262,56921,18849,22720,4110,496,136032,84436,27338,9609,14005,1371,232,0,0,133376,79170,30436,10788,11202,1274,19,9967,10541,286,19,570,0,157245,81839,41074,14004,17449,4198,281,157245,81839,41074,12129,16037,435,83,4905,136144,79539,31092,11382,12285,1432,10,0,0,0,0,140133,79739,33856,13200,11653,1365,50,12217,10917,411,50,141338,82624,32464,12706,12052,1254,130,11223,11367,234,130,144854,80051,35868,13776,13148,1381,149,12391,12409,250,149,69318,24250,44859,63672,20254,43418,38970,10917,28053,40424,13239,27185,73079,27274,42067,214169,71231,133089,67210,25118,39976,67925,29113,38248,67843,25005,41717,67588,28399,37603,67728,27883,38463,185802,52971,121723,76084,30559,43794,91033,38403,51193,89879,35450,52081,263199,105580,157619,75230,30630,42825,65366,27144,37118,64943,26643,36386,65115,26966,36347,64614,24936,38119,64849,26298,38551,81367,33481,46120,88744,35661,51343,88407,37488,48514,87074,34868,52206
130,130,140993,94079,26564,11293,8622,1461,212,0,0,180880,103918,40469,19000,17608,1788,362,0,0,192603,105268,46304,20167,17929,4915,357,182070,105534,42060,19024,15194,1592,232,16470,12487,488,16,4865,186465,102942,44823,20920,17929,2089,182,194269,105040,46615,22363,19492,2514,249,97075,67623,16216,7161,5570,914,125,0,0,114833,74635,19293,10971,8503,956,55,10828,8141,234,55,413,0,138299,79817,30202,13437,12172,3445,258,138299,79817,30202,11948,10987,311,88,4347,116657,76719,20501,10495,7831,730,14,0,0,0,0,120881,76069,23080,12757,7956,736,4,12030,7134,44,4,125171,77241,23838,13746,9310,749,30,12784,8422,39,30,130774,80459,24195,14256,10950,656,9,13375,9919,93,9,51347,12764,38414,53276,11707,41569,33434,6204,27230,34666,7579,27087,68127,18616,46357,201545,48806,145300,63712,17949,44210,64135,20940,42720,64110,17809,45418,63892,20228,42356,64034,20197,42709,179871,37917,133584,73144,22408,49226,89883,29700,58875,89006,27195,59705,262338,80777,181561,74019,22936,49493,66857,20891,44983,66537,20427,44397,66675,20934,44307,66250,18701,46320,66483,19375,46092,83517,26936,54949,94568,30561,62583,94260,32757,59084,92944,29407,63516
131,131,186188,12550,91372,70760,13476,2260,304,0,0,216926,14443,110700,79977,13424,1328,343,0,0,202667,10776,108458,70644,14212,5729,287,210659,14177,106491,79141,12706,2088,306,75242,11683,236,53,1996,206795,13800,104650,77005,12832,4311,355,205093,13930,104793,74560,13698,5277,743,128291,10903,58363,49196,10839,1460,202,0,0,109806,12249,36400,53009,7807,395,30,52661,7632,171,30,98,0,146134,9264,73489,52342,11620,4034,198,146134,9264,73489,49474,11023,146,44,1771,109309,11812,39173,50698,7132,448,25,0,0,0,0,109849,11638,40522,49710,7256,589,80,49270,6973,194,80,107956,12255,38534,48548,7856,709,50,47976,7588,219,50,109931,11497,39967,49853,7744,595,48,49358,7435,204,48,42420,34338,7927,40330,33508,6822,21542,17268,4274,22350,18298,4052,44228,37102,6035,130522,107471,19265,39433,32459,5988,39337,33485,5653,39482,31738,7318,39460,33177,5738,39465,32857,6155,96244,66467,19607,44632,36385,7576,53431,42515,10442,52164,40304,10389,154707,124573,30134,42013,33955,7373,31755,25387,5963,31426,24875,5857,31489,24670,5886,31295,24275,6114,31571,25721,5850,43460,33609,9086,46315,33982,11732,45800,34639,9941,1569,1160,409
132,132,122470,69320,29948,11814,11373,1374,193,0,0,174925,86593,47049,20609,20175,2471,597,0,0,196710,84777,56092,27784,26233,4932,441,186897,89799,50711,21574,24012,2505,505,18200,21333,711,0,5628,199894,86627,57871,26402,28489,3290,553,211004,86069,60462,31396,31777,4528,478,85622,51262,18870,7467,7785,865,117,0,0,108504,62201,23620,11525,9828,997,0,11167,9361,550,0,409,0,142413,65452,38150,18752,18125,3581,264,142413,65452,38150,16488,16838,299,61,4486,116602,67358,24541,11926,11410,1130,0,0,0,0,0,123057,66046,27353,14715,13577,1071,10,13656,12766,369,10,130060,66274,28603,17817,15858,1354,10,16440,14974,349,10,135917,67244,30949,18733,17295,1632,29,17374,16434,320,29,41985,12983,28836,38212,11072,27140,27972,6704,21268,28956,8128,20828,57532,20352,34227,170209,53858,109666,55730,20483,33896,56005,23399,32191,56017,20302,34877,55858,22699,32006,55931,22434,32443,154098,42967,102383,65199,25932,37883,83540,35849,46449,82648,33075,47619,243387,98964,144423,66995,27221,38330,61491,25603,35079,61118,25125,34454,61289,25498,34417,60986,23387,36340,61135,23928,36019,79468,33548,44297,94312,39625,52744,93965,41997,49462,92747,38472,54274
133,133,162684,98355,27164,17958,19316,1206,253,0,0,183314,98495,33562,25817,25145,1609,225,0,0,189647,93808,36416,30849,27113,3359,355,183979,96845,32627,29862,24771,2090,193,26712,21618,304,80,4915,184431,91133,34079,32184,26059,2319,359,187155,90336,36825,34632,24682,2685,366,128205,80506,19653,13114,14743,889,183,0,0,110994,70520,15711,14763,9114,848,50,14308,8464,266,50,167,0,148744,76504,27160,23199,20345,2486,235,148744,76504,27160,20816,18506,279,40,4610,117090,70046,17124,19163,9609,1109,50,0,0,0,0,118740,67545,18451,21682,9969,1182,10,20754,9268,296,10,122040,68093,19489,23731,9492,977,25,22837,8703,295,25,121198,66949,18874,23723,10733,973,36,22493,9932,214,36,68419,24072,44220,71341,23961,47380,40639,10224,30415,42015,13321,28694,70118,29448,37138,205599,70648,127195,65046,24357,38944,65823,30350,34938,65615,24876,39558,65329,29531,34386,65516,29110,35102,179129,52254,115870,72251,31758,38963,83690,40502,42084,83173,35932,45614,242205,105211,136994,70670,31657,37490,61019,26971,33195,60499,26700,31901,60748,27421,31931,60353,24187,35123,60870,25941,34388,74124,33771,38921,78205,35523,41018,78397,36955,39664,77342,33487,43845
134,134,166117,113543,24118,8840,19236,1223,243,0,0,190310,120719,25652,12665,30388,1554,397,0,0,197013,115911,30240,15021,33415,3134,391,193941,121447,26093,12697,32083,1962,525,11012,27032,472,6,7176,194725,115604,28324,15686,33086,2309,541,200175,115722,30550,18647,32743,2774,569,137388,95626,18857,7201,15190,957,190,0,0,137530,95916,16412,8989,14869,1035,19,8612,13537,335,19,247,0,163800,99276,24117,12137,25815,2422,271,163800,99276,24117,10349,23654,200,67,5228,140259,96835,17143,9342,15335,1336,4,0,0,0,0,142628,94102,18500,11527,16975,1083,8,10710,15652,150,8,148151,95650,19723,13333,17904,1032,14,12349,16512,95,14,148966,93902,20149,14380,19093,951,71,13025,17478,106,71,78334,38408,39653,84567,37762,46805,47735,20416,27319,49680,25504,24176,87146,49390,32434,251663,115910,124339,85265,43265,39541,87297,54514,32114,86425,45388,39112,86203,52762,31523,86415,51809,32789,230510,92638,117737,93390,54893,36440,107203,66968,38704,106854,60472,44549,309157,173868,135289,91724,55495,34263,81839,51010,29592,81278,50706,28201,81592,51502,28262,80856,46611,32915,81598,50863,30640,97080,59573,35746,102748,63272,37235,103229,64967,36260,94048,57676,36370
135,135,150885,45776,64247,29446,12631,1886,473,0,0,192027,46038,87210,42096,19225,2459,661,0,0,203172,40604,94791,48527,20108,6212,442,186657,43495,81890,44820,18372,2636,541,38196,15560,295,166,5704,196856,41503,91874,49718,17459,3815,755,200809,40563,92018,49457,21100,3991,758,100301,34377,39243,18156,8839,1157,293,0,0,107218,33469,36958,25272,10595,460,135,24814,9963,168,135,392,0,144609,32346,64709,32064,15143,4448,299,144609,32346,64709,29016,13981,305,80,3463,107007,32951,37803,25402,9765,532,125,0,0,0,0,112673,32030,43990,26282,9387,645,120,25289,8849,121,120,114988,31657,44383,26466,11452,704,125,25491,10965,119,125,119926,30200,48711,27511,12604,909,42,25975,12250,161,42,36295,17917,18253,33216,16773,16443,19358,8759,10599,20185,9774,10411,48616,28218,18207,143563,79283,57908,45891,27793,16703,46005,29614,16078,46040,27367,18049,45947,28932,16089,45969,28527,16664,119729,57450,52065,53417,32177,20122,67727,40569,26172,66570,38306,26192,197208,117725,79483,51775,30751,19902,41147,24121,16443,40893,23615,16314,40937,23514,16373,40717,22475,17107,40804,23171,16902,57749,32981,23468,65373,34545,29444,64819,36543,26189,63779,34944,28834
136,136,157349,90194,38457,14113,14806,2251,478,0,0,188292,97319,48865,17519,25576,2172,265,0,0,203587,95336,50375,20794,34434,5393,686,190661,95519,49811,18544,28603,3032,804,13564,23090,383,263,7315,202231,96176,51948,21450,33048,4045,612,204744,94407,52911,23108,34096,4174,674,112961,69239,24402,8949,9949,1492,298,0,0,121693,73650,26340,10544,9884,899,55,9981,8786,249,55,386,0,152857,77078,35055,14503,23529,3930,456,152857,77078,35055,12094,21551,391,171,5752,123361,72976,27436,11200,10013,1125,125,0,0,0,0,133652,74968,31045,13255,12729,1156,104,12130,11390,142,104,136877,75332,32555,14043,13041,1049,75,13018,11531,189,75,138095,74892,32579,14649,14213,1169,117,13235,12789,160,117,54981,28017,26764,53674,25544,28130,29729,13261,16468,31042,15272,15770,66180,34299,25928,189136,89222,84629,64027,35712,25349,65673,41723,23167,65314,36138,27284,64801,39355,23022,64953,38621,24053,174447,75095,78746,72117,42436,27110,86590,53382,31037,84442,49631,32381,244790,146460,98330,70219,42298,25564,60463,37999,21308,58469,36784,19590,59458,37168,20360,59141,35077,22297,44088,28081,15235,74177,45548,26639,78195,47350,28752,77228,48195,26748,71791,43104,27667
137,137,186714,31113,103134,33088,21284,3981,434,0,0,203526,31166,109687,39614,23536,1362,297,0,0,196097,28661,103911,40165,24283,6121,411,202275,29551,108639,41369,24973,1326,539,36777,22320,188,46,3494,201698,26269,115593,40516,22494,2363,381,199728,27402,117559,37782,20430,3097,326,139154,27154,70850,24996,17218,2970,314,0,0,79529,23574,24358,21885,8961,565,19,21691,8731,274,19,175,0,147453,24594,74032,30561,18744,4425,283,147453,24594,74032,27662,17368,229,43,2691,80468,22022,26354,21625,9471,458,19,0,0,0,0,79151,19715,26862,22000,9586,788,14,21148,9190,153,14,78983,20193,27132,21180,9387,473,80,20574,8919,182,80,79847,20384,25888,22419,10034,425,85,21640,9526,118,85,31130,18735,12294,31961,18639,13322,14126,7016,7110,14768,8063,6705,31690,20522,9764,92235,55964,32167,28006,17588,9545,28177,19265,8702,28142,17514,10167,28057,18844,8638,28123,18581,9020,72861,36525,29347,31797,20655,10452,37979,24830,12633,37032,23015,12945,108609,69811,38798,29613,19030,9912,21648,13421,7860,21438,13091,7704,21504,13164,7690,21337,12428,8263,21522,13518,8004,29746,18346,10738,30439,17605,12173,30065,18233,10970,22432,14069,8363
138,138,185420,81445,71581,14138,18821,2086,251,0,0,192837,78305,77720,17702,19611,1926,217,0,0,198419,73216,81554,19897,22889,6107,315,198419,77531,81566,17764,22792,2538,159,13763,20026,365,22,4389,196668,72963,82662,18523,23015,4106,362,200161,70418,86511,20180,23666,4973,410,137333,66956,46571,9663,14218,1419,163,0,0,116825,63277,29878,11469,11212,614,30,11167,10844,266,30,382,0,152454,61924,56867,14323,18121,4414,211,152454,61924,56867,12348,16828,297,62,3572,121336,63172,32972,11025,12998,764,15,0,0,0,0,120440,60234,35312,11002,12625,747,20,10335,11997,181,20,118805,58710,33809,11762,13399,719,100,10889,12608,149,100,119924,58585,34756,11822,13731,731,67,10867,13014,108,67,61966,21367,40433,62785,22367,40418,35701,9524,26177,37021,11833,25188,65703,27237,35202,192780,69303,115770,61481,24437,35378,62185,28872,32794,62002,24572,36371,61784,28176,32359,61935,27695,33132,168371,51739,106547,68610,30081,37090,80654,37578,41959,79727,34138,43842,232883,100864,132019,67043,29730,35843,57469,25464,31077,57090,25204,30154,57245,25534,30328,56861,23012,32580,57164,24091,32170,71041,31993,37624,75899,34014,40490,75704,35522,38205,74529,32267,42235
139,139,180848,28682,66553,76393,10709,2019,286,0,0,207824,29469,94355,72733,12391,1578,745,0,0,202150,27127,88768,74896,11993,5678,360,210407,30063,93301,76315,11926,1928,450,71413,10886,142,185,4072,211147,27881,96143,77538,11320,3460,522,210389,26271,93620,80468,12332,4666,553,128470,24785,42189,53879,8108,1319,189,0,0,118708,23750,33024,53228,7869,1046,120,52399,7618,229,120,139,0,148506,22605,60175,55982,9628,4080,255,148506,22605,60175,53422,8823,253,100,2554,122110,23988,35082,55201,7292,964,59,0,0,0,0,120856,22876,36092,54722,6464,650,79,53491,6084,98,79,123073,22065,37380,55950,6953,639,54,54648,6573,122,54,122441,22892,36902,54741,7016,664,52,53408,6638,188,52,55565,40472,14909,52645,37977,14668,29642,20539,9103,30809,22266,8543,56729,42291,12454,167544,120727,41404,50518,36749,12505,50711,38822,11590,50793,36129,13982,50664,38338,11503,50753,37935,12126,126376,75544,39303,57015,42073,13938,67654,49861,17000,66405,47118,17412,196155,143927,52228,54897,40260,13601,44354,32115,11643,43955,31372,11438,44086,31304,11536,43800,30301,12325,44221,31104,11942,57389,40889,15414,61424,41960,18545,61011,43009,16401,60260,41591,18654
140,140,180023,14596,143175,20367,3229,2716,235,0,0,190644,9871,159971,17256,4098,913,35,0,0,186188,10455,153383,19015,4046,6213,270,186612,9822,155619,17593,4636,888,39,16247,4389,141,15,341,188167,10831,154131,19181,4878,2148,72,183263,10706,150719,18954,4092,3837,221,118644,12773,90035,14014,2448,1700,134,0,0,78884,8679,55740,11861,2285,338,15,11720,2253,209,15,4,0,130011,8975,104227,13758,3182,4435,195,130011,8975,104227,12660,2851,126,40,848,80037,8707,56103,12565,2545,254,15,0,0,0,0,82610,9080,57095,13568,2698,244,37,13401,2631,103,37,83304,8968,58594,13361,2371,190,25,13185,2283,18,25,84991,8382,61263,13216,1979,298,27,12984,1927,101,27,24978,16720,8076,26896,19454,7442,11032,7217,3815,11498,7824,3674,29502,22235,6339,86177,62799,19613,25001,18759,5560,25055,19532,5393,25118,18428,6466,25055,19215,5502,25094,18949,5880,61712,38499,18066,28821,20942,7398,35202,24045,10760,33673,22315,10243,99706,69820,29886,26968,19138,7295,19474,13400,5717,19149,13078,5605,19178,12681,5850,19010,12183,5761,19342,13923,5415,27993,18256,9204,30639,17762,12554,30008,18872,10071,29814,19165,10649
141,141,173399,16617,70476,83704,3813,1937,539,0,0,197941,14679,88777,93081,3574,1947,537,0,0,201495,12361,92940,93324,4028,5488,678,199658,13802,92264,91896,3476,1869,632,85678,2928,84,154,3872,201348,12851,99036,86564,3379,3862,827,202057,11412,99081,88327,3888,4185,1071,119016,14314,44013,58284,2834,1281,329,0,0,106959,12697,28764,63126,1951,748,83,62153,1828,90,83,145,0,141906,10561,61536,67019,3129,3835,473,141906,10561,61536,63933,2580,178,307,2301,109437,12141,32243,62730,1844,652,30,0,0,0,0,109626,11344,36112,59537,1755,861,141,58459,1641,251,141,107561,10392,33859,60158,2113,716,234,58974,1986,196,234,106759,10491,34606,58570,1795,676,262,57338,1705,207,262,39625,33270,6156,36088,31161,4927,18537,15338,3199,19274,16223,3051,40270,33804,5508,119342,99445,16690,32814,27585,4508,32738,28097,4459,32878,26879,5657,32853,27938,4427,32855,27736,4752,78446,56213,14845,38535,31928,6007,47004,38442,8071,45857,36417,8041,136387,112864,23523,36110,29677,5806,25838,20922,4549,25586,20489,4487,25635,20290,4494,25495,20094,4586,25781,20909,4384,37162,29354,7134,39622,29579,9583,39262,30192,7930,38780,29966,8812
142,142,149420,26268,57951,62884,3180,1612,297,0,0,183483,27779,81273,71616,4238,2171,278,0,0,193612,24315,90347,74397,5407,4786,569,184569,24943,86382,69227,4787,2273,622,66340,3629,473,323,2323,189548,25853,90378,68543,5720,2910,712,192590,26492,89111,71838,6031,4044,561,106443,21181,36545,46712,2326,1053,196,0,0,111789,22097,34972,51810,1971,706,45,51364,1827,225,45,281,0,138996,19863,60008,55176,3954,3321,392,138996,19863,60008,52394,3374,240,192,2398,112574,19482,38080,51197,2389,819,135,0,0,0,0,116295,20279,40505,50891,3211,967,185,50374,3069,460,185,118732,20918,40795,52460,3243,1058,135,51799,3029,509,135,125648,20036,46044,55051,3544,1158,140,54107,3214,504,140,37314,28941,8132,40071,30215,9856,20044,14834,5210,20799,15761,5038,43314,32588,9331,128022,94279,29828,38080,28579,8577,38190,29706,8266,38222,27739,10025,38145,29238,8291,38188,28977,8749,94915,58591,27447,44552,33284,10503,55805,41333,13837,54647,39159,13922,162034,120384,41650,43456,32278,10364,34952,25793,8666,34667,25228,8580,34714,25030,8641,34502,24548,8957,34800,25679,8738,47781,34328,12596,53742,36708,16425,53349,37789,14174,52747,36851,15882
143,143,196799,27692,142329,25406,2434,3013,313,0,0,201278,21973,151011,27282,2040,1841,218,0,0,200529,20298,152081,26373,2524,6191,213,201549,19850,155639,24978,2642,1537,253,21933,2027,167,45,1670,198987,18015,155711,24211,3202,2712,310,195753,18716,150936,24355,3921,3147,280,133883,23108,91598,17638,1847,1983,207,0,0,99713,18738,59470,19828,991,587,20,19394,977,138,20,144,0,143834,17239,105353,19229,1937,4566,147,143834,17239,105353,17437,1541,252,35,1544,100680,16726,64478,17443,1429,400,19,0,0,0,0,101513,15121,68065,15966,1649,558,50,15350,1579,182,50,100305,16187,65461,15898,2048,597,25,15251,1948,218,25,98443,15465,64341,16222,1593,597,27,15527,1469,229,27,35992,22670,12973,37019,23952,13067,15639,9572,6067,16402,10401,6001,38256,26712,10328,111166,75369,31051,32367,22516,8858,32538,23604,8750,32557,22070,10181,32455,23143,8770,32503,22799,9296,81510,46436,28202,36932,25008,11258,44348,28368,15472,42658,26490,14716,125770,82571,43199,34412,22864,10864,24874,16047,8420,24535,15595,8346,24543,15270,8469,24367,14611,8538,24680,16486,8183,35552,21903,13021,38615,21747,16443,37975,22981,13787,37678,23260,14417
144,144,201017,40793,143954,11690,5518,2491,275,0,0,217636,28879,168194,14980,6346,3303,64,0,0,203960,27741,154151,15572,6820,5424,263,215190,27802,166393,14040,7298,3261,42,11650,6424,127,28,2591,207167,27075,159960,12973,7413,3512,209,202494,26542,154090,14511,7801,3967,274,136783,34563,90679,7557,4118,1690,182,0,0,109259,25133,70221,10016,3341,696,39,9563,3213,172,39,20,0,146211,23873,106248,10526,5195,4066,193,146211,23873,106248,9073,4660,212,45,1707,109476,24286,72433,8555,3495,648,29,0,0,0,0,108923,24409,72042,8089,3740,795,15,7531,3587,107,15,106745,23756,69094,9465,3778,903,0,8781,3666,85,0,106017,22444,70961,8344,3709,813,19,7728,3567,89,19,35198,17007,17959,35926,18549,17377,16444,7235,9209,17136,8090,9046,39002,22915,14479,114255,64534,44449,33876,19964,12870,34006,21270,12502,34059,19724,13984,33947,20890,12476,33965,20473,13029,87863,41346,40276,38648,22465,15480,46635,25920,20128,45211,24310,19539,133482,75313,58169,36212,20597,14894,26693,14683,11566,26374,14337,11375,26434,14029,11551,26269,13368,11734,26501,15011,11490,37963,20156,17106,41895,20063,21279,41210,21547,18328,40737,21367,19370
145,145,188469,33805,136356,15309,3873,2425,249,0,0,187273,41131,128083,13578,5084,1243,226,0,0,188902,44351,119810,17271,6831,5659,270,188851,43260,125389,15142,5823,1856,120,13176,4821,209,7,1780,185115,45998,117215,16334,6309,2711,157,184331,46441,111838,18562,7981,3472,91,137697,30235,93384,11278,3049,1747,179,0,0,107675,35077,60184,9312,2618,391,50,9083,2346,106,50,139,0,146523,38509,88746,12954,5260,4289,189,146523,38509,88746,11531,4333,262,30,2597,113119,36843,61765,10596,3387,551,7,0,0,0,0,115868,39517,60581,11926,3561,400,7,11365,3052,61,7,115955,40415,57454,13115,4484,521,9,12424,3929,106,9,117076,40849,56789,13503,5247,704,41,12636,4493,143,41,39863,25963,13543,43909,27909,16000,22452,14174,8278,23883,16236,7647,51286,36245,12081,148334,95490,43751,49533,33244,14368,50394,37772,12139,50147,33832,15273,49923,36433,12190,50037,35901,12970,128880,69705,44780,54949,38654,14879,65257,45724,18442,63859,42264,19650,186733,127091,59642,53577,37795,14394,46256,32765,12631,45742,32097,12220,45848,32031,12368,45336,29642,13855,45888,31974,13071,57380,39227,16921,61753,40418,20209,61382,41896,17646,57173,38049,19109
146,146,171027,32932,42990,82200,14088,1542,257,0,0,184308,35874,52598,80409,16051,1064,187,0,0,192277,31442,56834,87934,16835,3816,354,188107,35513,54723,83981,15602,1519,201,79679,13388,261,14,4043,187159,32806,55315,85496,15142,2701,114,189255,33223,56488,86150,15176,3859,252,128818,28614,28529,60355,11837,1086,194,0,0,110594,27567,16793,58903,6757,418,75,58514,6491,224,75,151,0,146202,26787,38846,66568,14127,2766,222,146202,26787,38846,63402,13095,201,46,3134,112960,27911,17164,61005,6259,444,19,0,0,0,0,115735,26587,19851,61874,6457,580,63,60647,6177,266,63,117151,26950,20880,61640,6634,827,58,60052,6310,212,58,119213,27140,21582,61942,7344,1049,47,60176,6980,159,47,57465,44535,12734,56802,43899,12903,30312,22428,7884,31450,24304,7146,55322,43492,9701,162211,122726,34065,49257,37503,10396,49662,40101,9217,49609,37166,11683,49519,39618,9073,49564,39152,9660,123490,77495,32744,55459,43571,10859,65126,51972,12403,64151,49168,13304,188933,149058,39875,53079,41882,10183,42657,33610,8511,42310,32991,8320,42451,33018,8285,42102,32118,9031,42433,33727,8649,54720,42586,11176,57431,43675,12844,57184,44215,11668,3758,3248,505
147,147,173292,33549,63543,68194,8991,1628,252,0,0,197497,41199,75065,68679,13697,1187,377,0,0,201033,42861,74413,66231,18042,4240,635,197583,39752,77569,67005,13953,1533,327,63637,11928,187,101,3596,198486,41368,77536,64953,14613,3292,359,197896,40657,75568,67532,14508,4158,231,133432,31314,42426,52561,7388,1241,187,0,0,129449,36823,32711,51418,7739,513,95,50516,7219,174,95,273,0,162711,40306,53897,52354,15941,3192,457,162711,40306,53897,49265,14572,273,90,3654,130296,36057,34816,50638,8235,593,102,0,0,0,0,133722,37610,36201,49635,9086,1132,55,48356,8498,303,55,136418,37246,36503,51525,9599,1071,11,50048,9011,370,11,137942,36616,37889,51712,10099,1033,97,50116,9439,138,97,54022,43361,10363,52486,41540,10946,28280,21968,6312,29603,23835,5768,58083,45354,10019,170104,125665,36042,54283,41336,11169,54832,44927,9540,54761,41279,12450,54568,43713,9696,54629,43326,10261,137444,85705,35337,60520,47141,12047,71467,55490,14920,70404,52390,15913,207151,159031,48120,57836,45347,11221,47015,37366,8952,46703,36766,8731,46810,36618,8809,46426,35412,9676,46743,36910,9137,61530,47241,13062,67026,50150,15749,66729,51296,13771,49029,36478,12540
148,148,196979,46764,108565,27915,15013,2862,280,0,0,210211,43992,117889,30705,18184,2001,302,0,0,203639,38683,114852,32124,17747,6877,370,213996,41808,121419,34268,18004,2853,380,30762,16936,364,142,1958,208941,38093,118550,34282,19269,4336,182,205535,39613,117150,31065,18571,5655,191,139842,39586,70257,19204,11159,1911,209,0,0,113192,37263,42573,21396,10948,708,113,21004,10738,243,113,239,0,151087,33459,79668,23049,14117,5016,253,151087,33459,79668,21073,13273,279,48,2588,115089,34755,45643,22991,10519,647,123,0,0,0,0,114835,31875,48185,22064,11914,483,20,21495,11697,267,20,113698,33660,47862,19468,11643,620,19,18747,11423,290,19,113642,32486,48388,19324,12668,595,21,18546,12353,221,21,43155,21549,21438,42964,22300,20664,20938,9025,11913,21980,10436,11544,46995,26559,18207,137455,72811,58156,43366,24516,17475,43649,26929,16368,43663,24455,18547,43547,26201,16426,43601,25796,17040,114401,51052,53776,49236,28495,19682,59697,34690,24166,58537,32346,24433,172344,98468,73876,47211,27164,18965,37527,21460,15451,37237,20981,15221,37288,20840,15383,37021,19567,16203,37256,20122,16021,50029,28114,20879,53883,28843,24177,53410,30292,21596,52487,28162,24309
149,149,179122,31950,69344,46938,32680,2164,370,0,0,201250,29472,79624,51507,42799,1797,171,0,0,198740,26274,81049,53800,38185,4941,352,202146,28402,78109,53451,43446,1910,158,49983,40405,443,12,4147,197890,27823,78232,54080,39653,3224,340,198777,28134,75780,57362,38465,4877,212,127153,26340,45297,30850,25388,1442,248,0,0,110989,23223,34940,28164,23933,704,20,27654,23372,324,20,155,0,149180,22048,58099,37737,31181,3670,257,149180,22048,58099,35003,30009,203,60,2772,112348,22536,35662,29441,23696,730,10,0,0,0,0,112298,21964,37093,30454,21848,504,39,29898,21342,107,39,114116,22706,35905,32682,21789,660,34,31948,21214,86,34,115592,22057,37925,33253,20649,636,36,32480,20100,47,36,40266,24076,16055,38981,24849,14132,19015,10383,8632,19783,11474,8309,44782,30108,13084,130899,84451,41409,39485,25689,12751,39507,27149,12104,39609,25331,13772,39519,26686,12196,39561,26258,12765,100857,52838,39690,46330,29824,15675,58240,35912,21684,56572,33773,21226,166520,103738,62782,43855,27706,15330,32344,19844,12068,32005,19423,11876,32062,19315,11923,31841,18681,12278,32050,19488,12386,46094,27255,17916,49273,26741,21481,48472,27879,19089,46071,26114,19957
150,150,129960,73502,31420,17081,7769,1375,443,0,0,178070,88104,49187,27313,13773,1741,168,0,0,195678,84819,57700,34223,16707,5784,655,183286,87720,53484,30253,13481,1430,272,26641,10888,177,36,3682,197132,90089,61256,33089,13430,3285,383,204538,87718,64439,38722,15153,4224,381,91302,55451,19512,10689,5216,898,255,0,0,113805,65947,22972,16540,7185,878,40,16160,6741,526,40,245,0,141469,65933,38265,23073,11944,4051,449,141469,65933,38265,20873,10648,326,201,4516,116564,64824,25415,18486,6912,598,40,0,0,0,0,124124,66659,28183,20796,7248,779,85,20144,6635,49,85,128983,65671,30455,23256,8428,875,50,22424,7553,99,50,131938,64191,31928,25779,8838,1053,64,24599,7843,154,64,43994,13592,30244,46307,14559,31748,28093,6775,21318,29081,8003,21078,60772,21360,36396,179349,57415,114691,56511,20832,34169,56963,23466,33084,56930,20662,35503,56742,22682,32917,56812,22454,33419,156844,43478,104180,65389,25677,38341,81109,34151,45789,80211,31676,46439,236444,95448,140996,65722,26114,38146,58044,23303,33857,57703,22726,33382,57877,22898,33548,57453,21318,34841,57644,21803,35307,73531,30180,41871,82344,33796,47229,82018,35404,44470,80776,31808,48962