stateCode,year,nDistricts,planType,description,title,id,thumbnail,pendingCourtApproval,url
AK,2018,40,lower,Districts for the 2018 Lower State House,AK 2018 Lower State House,5ab284b5-6786-4494-b4b4-19c8dce4daec,401ebf8c-15e5-45dd-b8b4-0c7c290b59d7.png,NA,https://davesredistricting.org/maps#viewmap::5ab284b5-6786-4494-b4b4-19c8dce4daec
AK,2018,20,upper,Districts for the 2018 Upper State House,AK 2018 Upper State House,bdba735e-167f-4bb9-80e4-e27c2b294263,f1ca771c-99c5-4c1e-bbb0-a47102487f90.png,NA,https://davesredistricting.org/maps#viewmap::bdba735e-167f-4bb9-80e4-e27c2b294263
AK,2020,40,lower,AK 2020 State House,AK 2020 State House,221a3b4c-750b-4ff6-a3a9-34a1f5b77e9f,NA,NA,https://davesredistricting.org/maps#viewmap::221a3b4c-750b-4ff6-a3a9-34a1f5b77e9f
AK,2020,20,upper,AK 2020 State Senate,AK 2020 State Senate,4ab6f5a0-0c30-4fc4-9b2d-706e9026d87f,NA,NA,https://davesredistricting.org/maps#viewmap::4ab6f5a0-0c30-4fc4-9b2d-706e9026d87f
AK,2022,40,lower,AK 2022 State House,AK 2022 State House,00c40e22-b9d4-4be4-b83c-0fe653360f1c,NA,FALSE,https://davesredistricting.org/maps#viewmap::00c40e22-b9d4-4be4-b83c-0fe653360f1c
AK,2022,20,upper,AK 2022 State Senate,AK 2022 State Senate,bdb0da36-3ec9-42ab-8971-643d667dbf6b,NA,FALSE,https://davesredistricting.org/maps#viewmap::bdb0da36-3ec9-42ab-8971-643d667dbf6b
AL,115,7,congress,Districts for the 116th US Congress,AL 116th Congressional,a3df66fd-3cb8-4c76-ba40-04a804c80a20,14d34dc8-a4eb-46be-9add-62d291444b73.png,NA,https://davesredistricting.org/maps#viewmap::a3df66fd-3cb8-4c76-ba40-04a804c80a20
AL,116,7,congress,Districts for the 116th US Congress,AL 116th Congressional,a3df66fd-3cb8-4c76-ba40-04a804c80a20,14d34dc8-a4eb-46be-9add-62d291444b73.png,NA,https://davesredistricting.org/maps#viewmap::a3df66fd-3cb8-4c76-ba40-04a804c80a20
AL,2018,105,lower,Districts for the 2018 Lower State House,AL 2018 Lower State House,2f8b0500-89c0-4850-a322-6bbca01ef671,bb60f99c-5ec4-4df9-8bf0-cebcc3c839ea.png,NA,https://davesredistricting.org/maps#viewmap::2f8b0500-89c0-4850-a322-6bbca01ef671
AL,2018,35,upper,Districts for the 2018 Upper State House,AL 2018 Upper State House,dbd4c81b-34c4-4e41-8b1f-da634a6d9a6e,6372268f-f089-4fc9-9af9-2dfc9de973bf.png,NA,https://davesredistricting.org/maps#viewmap::dbd4c81b-34c4-4e41-8b1f-da634a6d9a6e
AL,2020,7,congress,AL 2020 Congressional,AL 2020 Congressional,f025ff76-e268-4033-971d-d7d755ea01bb,NA,NA,https://davesredistricting.org/maps#viewmap::f025ff76-e268-4033-971d-d7d755ea01bb
AL,2020,105,lower,AL 2020 State House,AL 2020 State House,344dad94-a85c-4a55-8961-39d88e8835d0,NA,NA,https://davesredistricting.org/maps#viewmap::344dad94-a85c-4a55-8961-39d88e8835d0
AL,2020,35,upper,AL 2020 State Senate,AL 2020 State Senate,d68ce671-e1a9-4806-9eac-ba7478189558,NA,NA,https://davesredistricting.org/maps#viewmap::d68ce671-e1a9-4806-9eac-ba7478189558
AL,2022,7,congress,AL 2022 Congressional,AL 2022 Congressional,b1cfc3f6-27df-498d-a147-0664d75fea88,NA,NA,https://davesredistricting.org/maps#viewmap::b1cfc3f6-27df-498d-a147-0664d75fea88
AL,2022,105,lower,AL 2022 State House,AL 2022 State House,642e8d2a-248c-4191-a88a-a6cdad508cdb,NA,NA,https://davesredistricting.org/maps#viewmap::642e8d2a-248c-4191-a88a-a6cdad508cdb
AL,2022,35,upper,AL 2022 State Senate,AL 2022 State Senate,b694ea80-20d6-45fb-a0e2-09ddaa2880d5,NA,NA,https://davesredistricting.org/maps#viewmap::b694ea80-20d6-45fb-a0e2-09ddaa2880d5
AL,2024,7,congress,AL 2024 Congressional,AL 2024 Congressional,e164e6f9-b758-4c9e-b6bb-332a1386c0cd,NA,NA,https://davesredistricting.org/maps#viewmap::e164e6f9-b758-4c9e-b6bb-332a1386c0cd
AR,115,4,congress,Districts for the 116th US Congress,AR 116th Congress,362b215a-ca8d-4796-b024-afb1b2144472,0373168a-2bd9-4f5c-b605-cc77da6b3942.png,NA,https://davesredistricting.org/maps#viewmap::362b215a-ca8d-4796-b024-afb1b2144472
AR,116,4,congress,Districts for the 116th US Congress,AR 116th Congress,362b215a-ca8d-4796-b024-afb1b2144472,0373168a-2bd9-4f5c-b605-cc77da6b3942.png,NA,https://davesredistricting.org/maps#viewmap::362b215a-ca8d-4796-b024-afb1b2144472
AR,2018,100,lower,Districts for the 2018 Lower State House,AR 2018 Lower State House,6a179e3d-0f5a-4d37-b22e-aedb1180891b,d740c29d-6089-4d5e-829e-3b592f5da886.png,NA,https://davesredistricting.org/maps#viewmap::6a179e3d-0f5a-4d37-b22e-aedb1180891b
AR,2018,35,upper,Districts for the 2018 Upper State House,AR 2018 Upper State House,23f3b195-d111-449c-afdc-1dab33556c20,56875461-3cef-415d-9eaa-2b9b0c1699c5.png,NA,https://davesredistricting.org/maps#viewmap::23f3b195-d111-449c-afdc-1dab33556c20
AR,2020,4,congress,AR 2020 Congressional,AR 2020 Congressional,1db11e90-c162-4363-847c-a0d34a8864e8,NA,NA,https://davesredistricting.org/maps#viewmap::1db11e90-c162-4363-847c-a0d34a8864e8
AR,2020,100,lower,AR 2020 State House,AR 2020 State House,5ae54dad-eff3-4691-a70a-93a6c4c7d54f,NA,NA,https://davesredistricting.org/maps#viewmap::5ae54dad-eff3-4691-a70a-93a6c4c7d54f
AR,2020,35,upper,AR 2020 State Senate,AR 2020 State Senate,675350c0-88b5-4e21-bc75-72ebd663f484,NA,NA,https://davesredistricting.org/maps#viewmap::675350c0-88b5-4e21-bc75-72ebd663f484
AR,2022,4,congress,AR 2022 Congressional,AR 2022 Congressional,fa3434ec-4f52-48de-947b-5998b6937bf0,NA,NA,https://davesredistricting.org/maps#viewmap::fa3434ec-4f52-48de-947b-5998b6937bf0
AR,2022,100,lower,AR 2022 State House,AR 2022 State House,583730d5-1254-4dca-8f73-850940804307,NA,NA,https://davesredistricting.org/maps#viewmap::583730d5-1254-4dca-8f73-850940804307
AR,2022,35,upper,AR 2022 State Senate,AR 2022 State Senate,083cee53-0d0c-43af-ace1-863ccd3a2fe5,NA,NA,https://davesredistricting.org/maps#viewmap::083cee53-0d0c-43af-ace1-863ccd3a2fe5
AZ,115,9,congress,Districts for the 116th US Congress,AZ 116th Congressional,411b45cb-5c12-471e-afe2-9440225624b4,58ded7ee-cbc5-4044-9617-17e10c24f19d.png,NA,https://davesredistricting.org/maps#viewmap::411b45cb-5c12-471e-afe2-9440225624b4
AZ,116,9,congress,Districts for the 116th US Congress,AZ 116th Congressional,411b45cb-5c12-471e-afe2-9440225624b4,58ded7ee-cbc5-4044-9617-17e10c24f19d.png,NA,https://davesredistricting.org/maps#viewmap::411b45cb-5c12-471e-afe2-9440225624b4
AZ,2018,30,lower,Districts for the 2018 Upper State House,AZ 2018 Upper State House,8c641e70-cbc1-43cd-9458-4fcba1481c08,cf407c86-8a24-4533-b997-dfe42c306e91.png,NA,https://davesredistricting.org/maps#viewmap::8c641e70-cbc1-43cd-9458-4fcba1481c08
AZ,2018,30,upper,Districts for the 2018 Upper State House,AZ 2018 Upper State House,8c641e70-cbc1-43cd-9458-4fcba1481c08,cf407c86-8a24-4533-b997-dfe42c306e91.png,NA,https://davesredistricting.org/maps#viewmap::8c641e70-cbc1-43cd-9458-4fcba1481c08
AZ,2020,9,congress,AZ 2020 Congressional,AZ 2020 Congressional,283ef00f-9b80-4547-984f-74c25f554eef,NA,NA,https://davesredistricting.org/maps#viewmap::283ef00f-9b80-4547-984f-74c25f554eef
AZ,2020,30,upper,AZ 2020 State Legislatures,AZ 2020 State Legislatures,315552d3-98d9-4f42-a421-e8a25bc3de17,NA,NA,https://davesredistricting.org/maps#viewmap::315552d3-98d9-4f42-a421-e8a25bc3de17
AZ,2022,9,congress,AZ 2022 Congressional,AZ 2022 Congressional,4ee8ecf2-14b7-4a8d-99bc-82fa633a9305,NA,NA,https://davesredistricting.org/maps#viewmap::4ee8ecf2-14b7-4a8d-99bc-82fa633a9305
AZ,2022,30,upper,AZ 2022 State Legislature,AZ 2022 State Legislature,72e34ca5-9ae1-4ddd-96f0-697bd261294e,NA,NA,https://davesredistricting.org/maps#viewmap::72e34ca5-9ae1-4ddd-96f0-697bd261294e
CA,115,53,congress,,CA 116th Congressional,49552eb5-eb2b-4d2b-b3f3-7fb4479039dd,ad21f8d0-e6f4-45b8-9856-a337fffae6db.png,NA,https://davesredistricting.org/maps#viewmap::49552eb5-eb2b-4d2b-b3f3-7fb4479039dd
CA,116,53,congress,,CA 116th Congressional,49552eb5-eb2b-4d2b-b3f3-7fb4479039dd,ad21f8d0-e6f4-45b8-9856-a337fffae6db.png,NA,https://davesredistricting.org/maps#viewmap::49552eb5-eb2b-4d2b-b3f3-7fb4479039dd
CA,2018,80,lower,Districts for the 2018 Lower State House,CA 2018 Lower State House,c117a92d-7b7f-4c93-9d31-8e9b023aacbc,1993b868-f413-4cb8-ab7a-55c4f6386977.png,NA,https://davesredistricting.org/maps#viewmap::c117a92d-7b7f-4c93-9d31-8e9b023aacbc
CA,2018,40,upper,Districts for the 2018 Upper State House,CA 2018 Upper State House,384d098d-13bf-464d-ac2d-8691804542b6,2e2d7063-3a91-4fcc-b1d7-8be4ae85867c.png,NA,https://davesredistricting.org/maps#viewmap::384d098d-13bf-464d-ac2d-8691804542b6
CA,2020,53,congress,CA 2020 Congressional,CA 2020 Congressional,d6ccadfa-243e-4ecc-9bb2-716b3f82afee,NA,NA,https://davesredistricting.org/maps#viewmap::d6ccadfa-243e-4ecc-9bb2-716b3f82afee
CA,2020,80,lower,CA 2020 State House,CA 2020 State House,c16e04b6-9e99-4be2-bbc7-b37713c0b4a6,NA,NA,https://davesredistricting.org/maps#viewmap::c16e04b6-9e99-4be2-bbc7-b37713c0b4a6
CA,2020,40,upper,CA 2020 State Senate,CA 2020 State Senate,4767f8bd-f938-4f8b-873a-5f52add3985d,NA,NA,https://davesredistricting.org/maps#viewmap::4767f8bd-f938-4f8b-873a-5f52add3985d
CA,2022,52,congress,CA 2022 Congressional,CA 2022 Congressional,fc9d2d06-7c7f-451c-92cb-122127a79c29,NA,NA,https://davesredistricting.org/maps#viewmap::fc9d2d06-7c7f-451c-92cb-122127a79c29
CA,2022,80,lower,CA 2022 State House,CA 2022 State House,43cea5ab-ef0a-4946-b3e2-c3f2aaf73cf1,NA,NA,https://davesredistricting.org/maps#viewmap::43cea5ab-ef0a-4946-b3e2-c3f2aaf73cf1
CA,2022,40,upper,CA 2022 State Senate,CA 2022 State Senate,f0a4ed9d-205f-4122-abab-fa3c75b6b050,NA,NA,https://davesredistricting.org/maps#viewmap::f0a4ed9d-205f-4122-abab-fa3c75b6b050
CA,2026,52,congress,CA 2026 Congressional,CA 2026 Congressional,9ba47178-511a-4c42-889f-aa4eeda01df6,NA,NA,https://davesredistricting.org/maps#viewmap::9ba47178-511a-4c42-889f-aa4eeda01df6
CO,115,7,congress,Districts for the 116th US Congress,CO 116th Congressional,8db12fcc-9d2d-4305-8766-505d5fe93d81,9308c545-6e23-4b04-852a-1872578a3b8d.png,NA,https://davesredistricting.org/maps#viewmap::8db12fcc-9d2d-4305-8766-505d5fe93d81
CO,116,7,congress,Districts for the 116th US Congress,CO 116th Congressional,8db12fcc-9d2d-4305-8766-505d5fe93d81,9308c545-6e23-4b04-852a-1872578a3b8d.png,NA,https://davesredistricting.org/maps#viewmap::8db12fcc-9d2d-4305-8766-505d5fe93d81
CO,2018,65,lower,Districts for the 2018 Lower State House,CO 2018 Lower State House,23e50f87-b194-4dd7-89c9-c166ebd69eb2,7530ce4a-0209-43ea-80a4-ea866e8bc49b.png,NA,https://davesredistricting.org/maps#viewmap::23e50f87-b194-4dd7-89c9-c166ebd69eb2
CO,2018,35,upper,Districts for the 2018 Upper State House,CO 2018 Upper State House,d8bc1a66-0ecc-4cf1-8e35-eb5d615aad3c,048e95e6-1711-4cdd-a483-b253327294d8.png,NA,https://davesredistricting.org/maps#viewmap::d8bc1a66-0ecc-4cf1-8e35-eb5d615aad3c
CO,2020,7,congress,CO 2020 Congressional,CO 2020 Congressional,22b4dc91-5c29-4d11-a408-108feda65390,NA,NA,https://davesredistricting.org/maps#viewmap::22b4dc91-5c29-4d11-a408-108feda65390
CO,2020,65,lower,CO 2020 State House,CO 2020 State House,89ac698a-6544-401f-95ba-29d3f2451c7a,NA,NA,https://davesredistricting.org/maps#viewmap::89ac698a-6544-401f-95ba-29d3f2451c7a
CO,2020,35,upper,CO 2020 State Senate,CO 2020 State Senate,fc463936-d190-4975-b95c-18a59a899747,NA,NA,https://davesredistricting.org/maps#viewmap::fc463936-d190-4975-b95c-18a59a899747
CO,2022,8,congress,CO 2022 Congressional,CO 2022 Congressional,39f44408-23f7-439d-b7eb-923da58b63df,NA,NA,https://davesredistricting.org/maps#viewmap::39f44408-23f7-439d-b7eb-923da58b63df
CO,2022,65,lower,CO 2022 State House,CO 2022 State House,dee1f8ad-23c1-497b-859c-6d1a9293bbd5,NA,NA,https://davesredistricting.org/maps#viewmap::dee1f8ad-23c1-497b-859c-6d1a9293bbd5
CO,2022,35,upper,CO 2022 State Senate,CO 2022 State Senate,9b5ec272-1fba-4a7a-ac6c-f2dcb4c6d0ae,NA,NA,https://davesredistricting.org/maps#viewmap::9b5ec272-1fba-4a7a-ac6c-f2dcb4c6d0ae
CT,115,5,congress,Districts for the 116th US Congress,CT 116th Congressional,aba6596c-99e3-4af9-8c6f-b0d67b9efbd6,88a22c60-6801-4330-9cc5-a57b5837e2a5.png,NA,https://davesredistricting.org/maps#viewmap::aba6596c-99e3-4af9-8c6f-b0d67b9efbd6
CT,116,5,congress,Districts for the 116th US Congress,CT 116th Congressional,aba6596c-99e3-4af9-8c6f-b0d67b9efbd6,88a22c60-6801-4330-9cc5-a57b5837e2a5.png,NA,https://davesredistricting.org/maps#viewmap::aba6596c-99e3-4af9-8c6f-b0d67b9efbd6
CT,2018,151,lower,Districts for the 2018 Lower State House,CT 2018 Lower State House,5b10f7f3-017d-4ec8-8750-e1011badc02d,a986a28d-5ca8-4f6d-9f68-dd890886bcac.png,NA,https://davesredistricting.org/maps#viewmap::5b10f7f3-017d-4ec8-8750-e1011badc02d
CT,2018,36,upper,Districts for the 2018 Upper State House,CT 2018 Upper State House,dfa5bc60-e914-4e81-a2d4-9aa6adc17950,98ad7d58-7533-43f0-9a07-fafea059c944.png,NA,https://davesredistricting.org/maps#viewmap::dfa5bc60-e914-4e81-a2d4-9aa6adc17950
CT,2020,5,congress,CT 2020 Congressional,CT 2020 Congressional,94bd0713-6e46-4041-9eca-75265455c49f,NA,NA,https://davesredistricting.org/maps#viewmap::94bd0713-6e46-4041-9eca-75265455c49f
CT,2020,151,lower,CT 2020 State House,CT 2020 State House,d667a31e-a2c1-45f7-ad27-73250e674679,NA,NA,https://davesredistricting.org/maps#viewmap::d667a31e-a2c1-45f7-ad27-73250e674679
CT,2020,36,upper,CT 2020 State Senate,CT 2020 State Senate,458c5cf5-f54e-42b4-b8f5-0aa2e2de2721,NA,NA,https://davesredistricting.org/maps#viewmap::458c5cf5-f54e-42b4-b8f5-0aa2e2de2721
CT,2022,5,congress,CT 2022 Congressional,CT 2022 Congressional,707f203c-ce98-4de8-b150-a2605136e015,NA,NA,https://davesredistricting.org/maps#viewmap::707f203c-ce98-4de8-b150-a2605136e015
CT,2022,151,lower,CT 2022 State House,CT 2022 State House,2e38109d-9987-46e3-9ff0-dd6c3caa59e8,NA,NA,https://davesredistricting.org/maps#viewmap::2e38109d-9987-46e3-9ff0-dd6c3caa59e8
CT,2022,36,upper,CT 2022 State Senate,CT 2022 State Senate,fc9e83c0-59e2-4dea-b0cf-d2fff1c0b8a3,NA,NA,https://davesredistricting.org/maps#viewmap::fc9e83c0-59e2-4dea-b0cf-d2fff1c0b8a3
DE,2018,41,lower,Districts for the 2018 Lower State House,DE 2018 Lower State House,26b3aa65-eb6f-4af9-a5f7-039528942d20,7cabf8b0-abd0-4cb7-8717-ca04bc9229c6.png,NA,https://davesredistricting.org/maps#viewmap::26b3aa65-eb6f-4af9-a5f7-039528942d20
DE,2018,21,upper,Districts for the 2018 Upper State House,DE 2018 Upper State House,c1407133-974b-4f42-aac5-0507a57c74b5,ac4ac48c-e586-4a60-9cb0-f91c114c5f55.png,NA,https://davesredistricting.org/maps#viewmap::c1407133-974b-4f42-aac5-0507a57c74b5
DE,2020,41,lower,DE 2020 State House,DE 2020 State House,6c396af4-564d-477b-841a-9c0b055f74d4,NA,NA,https://davesredistricting.org/maps#viewmap::6c396af4-564d-477b-841a-9c0b055f74d4
DE,2020,21,upper,DE 2020 State Senate,DE 2020 State Senate,c4d257ff-1d98-4901-b720-d50254dbb792,NA,NA,https://davesredistricting.org/maps#viewmap::c4d257ff-1d98-4901-b720-d50254dbb792
DE,2022,41,lower,DE 2022 State House,DE 2022 State House,f3acc27c-28b6-4e3a-a3f3-f5027ab59466,NA,NA,https://davesredistricting.org/maps#viewmap::f3acc27c-28b6-4e3a-a3f3-f5027ab59466
DE,2022,21,upper,DE 2022 State Senate,DE 2022 State Senate,735ff37c-3bd7-4a57-8961-b3ebf6c079f0,NA,NA,https://davesredistricting.org/maps#viewmap::735ff37c-3bd7-4a57-8961-b3ebf6c079f0
FL,115,27,congress,Districts for the 116th US Congress,FL 116th Congressional,7d61faa0-1353-4a5c-967f-1cec59cc8f55,808b35af-1ee3-48ea-bdf2-5ea15db74e20.png,NA,https://davesredistricting.org/maps#viewmap::7d61faa0-1353-4a5c-967f-1cec59cc8f55
FL,116,27,congress,Districts for the 116th US Congress,FL 116th Congressional,7d61faa0-1353-4a5c-967f-1cec59cc8f55,808b35af-1ee3-48ea-bdf2-5ea15db74e20.png,NA,https://davesredistricting.org/maps#viewmap::7d61faa0-1353-4a5c-967f-1cec59cc8f55
FL,2018,120,lower,Districts for the 2018 Lower State House,FL 2018 Lower State House,0cdef6da-77c9-4d74-bfed-7905acdd875e,27de1973-2ce7-41d5-b7a4-b7e30c9d2117.png,NA,https://davesredistricting.org/maps#viewmap::0cdef6da-77c9-4d74-bfed-7905acdd875e
FL,2018,40,upper,Districts for the 2018 Upper State House,FL 2018 Upper State House,82698093-33d3-46d2-ab17-8c83d84a626a,a2dc9a42-0790-4e98-8d19-305f7aebd0ef.png,NA,https://davesredistricting.org/maps#viewmap::82698093-33d3-46d2-ab17-8c83d84a626a
FL,2020,27,congress,FL 2020 Congressional,FL 2020 Congressional,96dd2bb5-d35c-4bbe-a28e-f798072e0983,NA,NA,https://davesredistricting.org/maps#viewmap::96dd2bb5-d35c-4bbe-a28e-f798072e0983
FL,2020,120,lower,FL 2020 State House,FL 2020 State House,1316ea9d-fedd-405e-bcdc-e2b234e2c48f,NA,NA,https://davesredistricting.org/maps#viewmap::1316ea9d-fedd-405e-bcdc-e2b234e2c48f
FL,2020,40,upper,FL 2020 State Senate,FL 2020 State Senate,07ea1b6e-0d01-4f07-b616-975c846a0800,NA,NA,https://davesredistricting.org/maps#viewmap::07ea1b6e-0d01-4f07-b616-975c846a0800
FL,2022,28,congress,FL 2022 Congressional,FL 2022 Congressional,3a6791b9-a186-4691-a95c-5d51dbb3be1c,NA,NA,https://davesredistricting.org/maps#viewmap::3a6791b9-a186-4691-a95c-5d51dbb3be1c
FL,2022,120,lower,FL 2022 State House,FL 2022 State House,488c9284-a2c4-4846-9d7d-08af9d98a6c5,NA,NA,https://davesredistricting.org/maps#viewmap::488c9284-a2c4-4846-9d7d-08af9d98a6c5
FL,2022,40,upper,FL 2022 State Senate,FL 2022 State Senate,91f2ce50-b3c1-4d74-87f2-d3a9fa078129,NA,NA,https://davesredistricting.org/maps#viewmap::91f2ce50-b3c1-4d74-87f2-d3a9fa078129
GA,115,14,congress,Districts for the 116th US Congress,GA 116th Congressional,fddc521a-0e08-4a52-a17c-12f9f81da1b7,aabe8adb-2145-4b8f-82c7-6d606bac3e7b.png,NA,https://davesredistricting.org/maps#viewmap::fddc521a-0e08-4a52-a17c-12f9f81da1b7
GA,116,14,congress,Districts for the 116th US Congress,GA 116th Congressional,fddc521a-0e08-4a52-a17c-12f9f81da1b7,aabe8adb-2145-4b8f-82c7-6d606bac3e7b.png,NA,https://davesredistricting.org/maps#viewmap::fddc521a-0e08-4a52-a17c-12f9f81da1b7
GA,2018,180,lower,Districts for the 2018 Lower State House,GA 2018 Lower State House,e0a2a894-9fe5-452b-82f3-64869e2f2003,a298f125-c3d0-4fcc-86f5-b7deb02017b8.png,NA,https://davesredistricting.org/maps#viewmap::e0a2a894-9fe5-452b-82f3-64869e2f2003
GA,2018,56,upper,Districts for the 2018 Upper State House,GA 2018 Upper State House,2ded4fc6-7347-4065-8207-fb6392af706c,20aacf58-1229-4505-b0f6-77061e81819b.png,NA,https://davesredistricting.org/maps#viewmap::2ded4fc6-7347-4065-8207-fb6392af706c
GA,2020,14,congress,GA 2020 Congressional,GA 2020 Congressional,434b0674-aa0b-4c34-837e-d46d5af6e8d6,NA,NA,https://davesredistricting.org/maps#viewmap::434b0674-aa0b-4c34-837e-d46d5af6e8d6
GA,2020,180,lower,GA 2020 State House,GA 2020 State House,372f005d-224d-44cb-9a1a-90724467a7be,NA,NA,https://davesredistricting.org/maps#viewmap::372f005d-224d-44cb-9a1a-90724467a7be
GA,2020,56,upper,GA 2020 State Senate,GA 2020 State Senate,4ecaf2bf-0b61-4a17-b12e-3310e276ab61,NA,NA,https://davesredistricting.org/maps#viewmap::4ecaf2bf-0b61-4a17-b12e-3310e276ab61
GA,2022,14,congress,GA 2022 Congressional,GA 2022 Congressional,3a370cc7-f820-4af4-8fca-a27ec52502b7,NA,NA,https://davesredistricting.org/maps#viewmap::3a370cc7-f820-4af4-8fca-a27ec52502b7
GA,2022,180,lower,GA 2022 State House,GA 2022 State House,041f73c7-8f4f-48c5-a5ff-cb059e692827,NA,NA,https://davesredistricting.org/maps#viewmap::041f73c7-8f4f-48c5-a5ff-cb059e692827
GA,2022,56,upper,GA 2022 State Senate,GA 2022 State Senate,f1249844-4b84-45e6-9ca6-e13f6ddddb0d,NA,NA,https://davesredistricting.org/maps#viewmap::f1249844-4b84-45e6-9ca6-e13f6ddddb0d
GA,2024,14,congress,GA 2024 Congressional,GA 2024 Congressional,e2864750-49da-49dd-b0a4-f5930c339af1,NA,NA,https://davesredistricting.org/maps#viewmap::e2864750-49da-49dd-b0a4-f5930c339af1
GA,2024,180,lower,GA 2024 State House,GA 2024 State House,b14b9be1-e73b-4f26-b34e-26a788ad9931,NA,NA,https://davesredistricting.org/maps#viewmap::b14b9be1-e73b-4f26-b34e-26a788ad9931
GA,2024,56,upper,GA 2024 State Senate,GA 2024 State Senate,2bab4178-725d-4c55-961a-de0a6f5ffcce,NA,NA,https://davesredistricting.org/maps#viewmap::2bab4178-725d-4c55-961a-de0a6f5ffcce
HI,115,2,congress,Districts for the 116th US Congress,HI 116th Congressional,1b68a414-7d71-4db5-b158-878a3cef3a80,e00941b9-f506-41c8-b487-39d993ecdd46.png,NA,https://davesredistricting.org/maps#viewmap::1b68a414-7d71-4db5-b158-878a3cef3a80
HI,116,2,congress,Districts for the 116th US Congress,HI 116th Congressional,1b68a414-7d71-4db5-b158-878a3cef3a80,HI-congressional.png,NA,https://davesredistricting.org/maps#viewmap::1b68a414-7d71-4db5-b158-878a3cef3a80
HI,2018,51,lower,Districts for the 2018 Lower State House,HI 2018 Lower State House,d5b23ed3-c772-48f4-849e-8080ed43c43a,HI-state-lower-house.png,NA,https://davesredistricting.org/maps#viewmap::d5b23ed3-c772-48f4-849e-8080ed43c43a
HI,2018,25,upper,Districts for the 2018 Upper State House,HI 2018 Upper State House,1187472e-e881-4918-a0ac-884f8a4ab829,HI-state-upper-house.png,NA,https://davesredistricting.org/maps#viewmap::1187472e-e881-4918-a0ac-884f8a4ab829
HI,2020,2,congress,HI 2020 Congressional,HI 2020 Congressional,f0155598-3679-42aa-9ff9-17f7a3b6ad82,NA,NA,https://davesredistricting.org/maps#viewmap::f0155598-3679-42aa-9ff9-17f7a3b6ad82
HI,2020,51,lower,HI 2020 State House,HI 2020 State House,783f9996-34b4-443e-b183-3f555dbc43ac,NA,NA,https://davesredistricting.org/maps#viewmap::783f9996-34b4-443e-b183-3f555dbc43ac
HI,2020,25,upper,HI 2020 State Senate,HI 2020 State Senate,affa089a-a56a-435d-9163-6d1a9ad8eeec,NA,NA,https://davesredistricting.org/maps#viewmap::affa089a-a56a-435d-9163-6d1a9ad8eeec
HI,2022,2,congress,HI 2022 Congressional,HI 2022 Congressional,021708d3-fda3-45b0-ae4b-9362a4f23fe9,NA,NA,https://davesredistricting.org/maps#viewmap::021708d3-fda3-45b0-ae4b-9362a4f23fe9
HI,2022,51,lower,HI 2022 State House,HI 2022 State House,6e4f9c2e-6a11-4848-adab-22f3113bef79,NA,NA,https://davesredistricting.org/maps#viewmap::6e4f9c2e-6a11-4848-adab-22f3113bef79
HI,2022,25,upper,HI 2022 State Senate,HI 2022 State Senate,c4d580e8-5bfd-4656-820d-b58c7ccfe92c,NA,NA,https://davesredistricting.org/maps#viewmap::c4d580e8-5bfd-4656-820d-b58c7ccfe92c
IA,115,4,congress,Districts for the 116th US Congress,IA 116th Congressional,e43359c8-d3cc-4606-ba54-b84e7e7f2e6f,c366c461-3ccd-40da-a474-55c8d93e7649.png,NA,https://davesredistricting.org/maps#viewmap::e43359c8-d3cc-4606-ba54-b84e7e7f2e6f
IA,116,4,congress,Districts for the 116th US Congress,IA 116th Congressional,e43359c8-d3cc-4606-ba54-b84e7e7f2e6f,c366c461-3ccd-40da-a474-55c8d93e7649.png,NA,https://davesredistricting.org/maps#viewmap::e43359c8-d3cc-4606-ba54-b84e7e7f2e6f
IA,2018,100,lower,Districts for the 2018 Lower State House,IA 2018 Lower State House,b7cdc251-1cff-4857-9496-2de7b0359d2c,9cf363a5-1138-4b3a-8e83-1aad233989cd.png,NA,https://davesredistricting.org/maps#viewmap::b7cdc251-1cff-4857-9496-2de7b0359d2c
IA,2018,50,upper,Districts for the 2018 Upper State House,IA 2018 Upper State House,9b7066c0-54eb-4d3d-b2ca-f8699a15dc2e,7ebe43fb-12fa-4948-a211-20741b0aea93.png,NA,https://davesredistricting.org/maps#viewmap::9b7066c0-54eb-4d3d-b2ca-f8699a15dc2e
IA,2020,4,congress,IA 2020 Congressional,IA 2020 Congressional,2d801234-32b3-4a96-a64c-82e27c460716,NA,NA,https://davesredistricting.org/maps#viewmap::2d801234-32b3-4a96-a64c-82e27c460716
IA,2020,100,lower,IA 2020 State House,IA 2020 State House,208b9eab-83c0-4837-883d-a2541712b676,NA,NA,https://davesredistricting.org/maps#viewmap::208b9eab-83c0-4837-883d-a2541712b676
IA,2020,50,upper,IA 2020 State Senate,IA 2020 State Senate,29dd3b02-60bc-4602-a250-9a9710fdd9e2,NA,NA,https://davesredistricting.org/maps#viewmap::29dd3b02-60bc-4602-a250-9a9710fdd9e2
IA,2022,4,congress,IA 2022 Congressional,IA 2022 Congressional,628d5e9a-bd35-4248-aa8c-73af095e0135,NA,NA,https://davesredistricting.org/maps#viewmap::628d5e9a-bd35-4248-aa8c-73af095e0135
IA,2022,100,lower,IA 2022 State House,IA 2022 State House,3bba1647-f4a4-4374-8021-a8e4aeb6f15a,NA,NA,https://davesredistricting.org/maps#viewmap::3bba1647-f4a4-4374-8021-a8e4aeb6f15a
IA,2022,50,upper,IA 2022 State Senate,IA 2022 State Senate,0e81cf3d-648d-4851-b14b-0ee893f92610,NA,NA,https://davesredistricting.org/maps#viewmap::0e81cf3d-648d-4851-b14b-0ee893f92610
ID,115,2,congress,Districts for the 116th US Congress,ID 116th Congressional,e196e984-cd84-45cb-abc1-d82fbad0445b,062a2af0-9706-469e-a640-5472e3d078f9.png,NA,https://davesredistricting.org/maps#viewmap::e196e984-cd84-45cb-abc1-d82fbad0445b
ID,116,2,congress,Districts for the 116th US Congress,ID 116th Congressional,e196e984-cd84-45cb-abc1-d82fbad0445b,062a2af0-9706-469e-a640-5472e3d078f9.png,NA,https://davesredistricting.org/maps#viewmap::e196e984-cd84-45cb-abc1-d82fbad0445b
ID,2018,35,lower,Districts for the 2018 Lower State House,ID 2018 Lower State House,82adcf76-7859-4f78-a9de-a6ad500ae91c,fbf8bf3f-451e-44c7-acb5-3a517b50f8fa.png,NA,https://davesredistricting.org/maps#viewmap::82adcf76-7859-4f78-a9de-a6ad500ae91c
ID,2018,35,upper,Districts for the 2018 Lower State House,ID 2018 Lower State House,82adcf76-7859-4f78-a9de-a6ad500ae91c,fbf8bf3f-451e-44c7-acb5-3a517b50f8fa.png,NA,https://davesredistricting.org/maps#viewmap::82adcf76-7859-4f78-a9de-a6ad500ae91c
ID,2020,2,congress,ID 2020 Congressional,ID 2020 Congressional,14e046b2-98a2-4b59-bfe3-6c8afee85f43,NA,NA,https://davesredistricting.org/maps#viewmap::14e046b2-98a2-4b59-bfe3-6c8afee85f43
ID,2020,35,upper,ID 2020 State Legislatures,ID 2020 State Legislatures,b2528343-8aad-4a29-9978-22ab901d6508,NA,NA,https://davesredistricting.org/maps#viewmap::b2528343-8aad-4a29-9978-22ab901d6508
ID,2022,2,congress,ID 2022 Congressional,ID 2022 Congressional,ebc8cec8-b919-4a66-9b42-9cf5bf7e02a1,NA,NA,https://davesredistricting.org/maps#viewmap::ebc8cec8-b919-4a66-9b42-9cf5bf7e02a1
ID,2022,35,upper,ID 2022 State Legislature,ID 2022 State Legislature,a56da372-79a4-48e7-9fd5-b689d0ccb602,NA,NA,https://davesredistricting.org/maps#viewmap::a56da372-79a4-48e7-9fd5-b689d0ccb602
IL,115,18,congress,Districts for the 116th US Congress,IL 116th Congressional,032b7ec2-cdf0-4d3e-a02b-77c2d28a2008,5df0f1b7-6428-46d9-9b8c-4a8fa5742dab.png,NA,https://davesredistricting.org/maps#viewmap::032b7ec2-cdf0-4d3e-a02b-77c2d28a2008
IL,116,18,congress,Districts for the 116th US Congress,IL 116th Congressional,032b7ec2-cdf0-4d3e-a02b-77c2d28a2008,5df0f1b7-6428-46d9-9b8c-4a8fa5742dab.png,NA,https://davesredistricting.org/maps#viewmap::032b7ec2-cdf0-4d3e-a02b-77c2d28a2008
IL,2018,118,lower,Districts for the 2018 Lower State House,IL 2018 Lower State House,8b9ccb4c-d702-433d-9cbd-1e898d521eab,94cf5ed7-c565-4c98-baed-7e247295e268.png,NA,https://davesredistricting.org/maps#viewmap::8b9ccb4c-d702-433d-9cbd-1e898d521eab
IL,2018,59,upper,Districts for the 2018 Upper State House,IL 2018 Upper State House,f29396b2-e7ee-44b5-892c-46043fd36017,f6214ade-f394-40ea-b2ea-3d2c63d53b8c.png,NA,https://davesredistricting.org/maps#viewmap::f29396b2-e7ee-44b5-892c-46043fd36017
IL,2020,18,congress,IL 2020 Congressional,IL 2020 Congressional,1f28107b-3981-46fc-9be5-6c3be848683d,NA,NA,https://davesredistricting.org/maps#viewmap::1f28107b-3981-46fc-9be5-6c3be848683d
IL,2020,118,lower,IL 2020 State House,IL 2020 State House,8baed7b3-8702-4265-9ab5-0ae0ec9cb187,NA,NA,https://davesredistricting.org/maps#viewmap::8baed7b3-8702-4265-9ab5-0ae0ec9cb187
IL,2020,59,upper,IL 2020 State Senate,IL 2020 State Senate,e7eface3-406c-42e0-b7fc-7e0d6471d975,NA,NA,https://davesredistricting.org/maps#viewmap::e7eface3-406c-42e0-b7fc-7e0d6471d975
IL,2022,17,congress,IL 2022 Congressional,IL 2022 Congressional,8a4586ad-4c58-489b-828c-4477cfd0ce88,NA,NA,https://davesredistricting.org/maps#viewmap::8a4586ad-4c58-489b-828c-4477cfd0ce88
IL,2022,118,lower,IL 2022 State House,IL 2022 State House,19bc2a13-2ad1-455a-a7cb-4182ff7c6f6f,NA,NA,https://davesredistricting.org/maps#viewmap::19bc2a13-2ad1-455a-a7cb-4182ff7c6f6f
IL,2022,59,upper,IL 2022 State Senate,IL 2022 State Senate,8cd5c7ba-6e69-42a7-89e1-3806a2a05e64,NA,NA,https://davesredistricting.org/maps#viewmap::8cd5c7ba-6e69-42a7-89e1-3806a2a05e64
IN,115,9,congress,Districts for the 116th US Congress,IN 116th Congressional,acf2b347-b496-4e52-9403-cab828d4fab3,2e1bbe07-bad5-41ef-9cd9-ecec04e51aa8.png,NA,https://davesredistricting.org/maps#viewmap::acf2b347-b496-4e52-9403-cab828d4fab3
IN,116,9,congress,Districts for the 116th US Congress,IN 116th Congressional,acf2b347-b496-4e52-9403-cab828d4fab3,2e1bbe07-bad5-41ef-9cd9-ecec04e51aa8.png,NA,https://davesredistricting.org/maps#viewmap::acf2b347-b496-4e52-9403-cab828d4fab3
IN,2018,100,lower,Districts for the 2018 Lower State House,IN 2018 Lower State House,8935736d-bd0c-4f89-927c-4843e156d8ec,8ce1fe08-886e-440e-8704-054505952d51.png,NA,https://davesredistricting.org/maps#viewmap::8935736d-bd0c-4f89-927c-4843e156d8ec
IN,2018,50,upper,Districts for the 2018 Upper State House,IN 2018 Upper State House,37bc63df-0daa-40c3-8ad9-812afb2fcc6c,647c4a29-4128-4f71-b0ce-adb6b23c4d45.png,NA,https://davesredistricting.org/maps#viewmap::37bc63df-0daa-40c3-8ad9-812afb2fcc6c
IN,2020,9,congress,IN 2020 Congressional,IN 2020 Congressional,930472f1-d096-42c0-9e38-10f463ecdb89,NA,NA,https://davesredistricting.org/maps#viewmap::930472f1-d096-42c0-9e38-10f463ecdb89
IN,2020,100,lower,IN 2020 State House,IN 2020 State House,4885f23b-bb9d-45ca-81ea-f56c3d7a0047,NA,NA,https://davesredistricting.org/maps#viewmap::4885f23b-bb9d-45ca-81ea-f56c3d7a0047
IN,2020,50,upper,IN 2020 State Senate,IN 2020 State Senate,dd9c6c14-2199-4e23-933f-14a1f2bb38a6,NA,NA,https://davesredistricting.org/maps#viewmap::dd9c6c14-2199-4e23-933f-14a1f2bb38a6
IN,2022,9,congress,IN 2022 Congressional,IN 2022 Congressional,c08c9df0-9756-4c5a-a7e7-01ff03bbb170,NA,NA,https://davesredistricting.org/maps#viewmap::c08c9df0-9756-4c5a-a7e7-01ff03bbb170
IN,2022,100,lower,IN 2022 State House,IN 2022 State House,db849782-86e9-4293-a492-3e17d7cfceab,NA,NA,https://davesredistricting.org/maps#viewmap::db849782-86e9-4293-a492-3e17d7cfceab
IN,2022,50,upper,IN 2022 State Senate,IN 2022 State Senate,f2d2e4a3-f50d-4f77-bc5d-027ba0e2717e,NA,NA,https://davesredistricting.org/maps#viewmap::f2d2e4a3-f50d-4f77-bc5d-027ba0e2717e
KS,115,4,congress,Districts for the 116th US Congress,KS 116th Congressional,e3fd663e-4c82-4d10-b11c-5d1f0c775b0b,1b20df18-9489-4e52-8058-f2f013f35286.png,NA,https://davesredistricting.org/maps#viewmap::e3fd663e-4c82-4d10-b11c-5d1f0c775b0b
KS,116,4,congress,Districts for the 116th US Congress,KS 116th Congressional,e3fd663e-4c82-4d10-b11c-5d1f0c775b0b,1b20df18-9489-4e52-8058-f2f013f35286.png,NA,https://davesredistricting.org/maps#viewmap::e3fd663e-4c82-4d10-b11c-5d1f0c775b0b
KS,2018,125,lower,Districts for the 2018 Lower State House,KS 2018 Lower State House,eb9f1289-f1cb-49c5-bb8d-a87fec0d150c,a14377da-f25d-4a42-b51a-c9b170f0202d.png,NA,https://davesredistricting.org/maps#viewmap::eb9f1289-f1cb-49c5-bb8d-a87fec0d150c
KS,2018,40,upper,Districts for the 2018 Upper State House,KS 2018 Upper State House,7db8407a-01bb-43ac-8a82-925fd859c592,c9fc194f-2f39-4811-b8bc-d6d91a022509.png,NA,https://davesredistricting.org/maps#viewmap::7db8407a-01bb-43ac-8a82-925fd859c592
KS,2020,4,congress,KS 2020 Congressional,KS 2020 Congressional,d5273801-39a6-4ad6-89fe-c0d1d7460680,NA,NA,https://davesredistricting.org/maps#viewmap::d5273801-39a6-4ad6-89fe-c0d1d7460680
KS,2020,125,lower,KS 2020 State House,KS 2020 State House,bfa7a21c-4216-4d1e-b00e-350cb9788623,NA,NA,https://davesredistricting.org/maps#viewmap::bfa7a21c-4216-4d1e-b00e-350cb9788623
KS,2020,40,upper,KS 2020 State Senate,KS 2020 State Senate,8de87032-ce70-47b8-8ba0-c3f0846eedec,NA,NA,https://davesredistricting.org/maps#viewmap::8de87032-ce70-47b8-8ba0-c3f0846eedec
KS,2022,4,congress,KS 2022 Congressional,KS 2022 Congressional,2ea884cd-5687-48b4-879a-4f780d3de1cf,NA,NA,https://davesredistricting.org/maps#viewmap::2ea884cd-5687-48b4-879a-4f780d3de1cf
KS,2022,125,lower,KS 2022 State House,KS 2022 State House,781f29f1-259e-4235-8b14-85137bc38893,NA,NA,https://davesredistricting.org/maps#viewmap::781f29f1-259e-4235-8b14-85137bc38893
KS,2022,40,upper,KS 2022 State Senate,KS 2022 State Senate,2bc2f97f-a285-4596-9fcd-6108056b229f,NA,NA,https://davesredistricting.org/maps#viewmap::2bc2f97f-a285-4596-9fcd-6108056b229f
KY,115,6,congress,Districts for the 116th US Congress,KY 116th Congressional,f1f47fec-7014-4008-a104-8b79b35fda3d,0bff73f4-bc94-4fad-908e-3d395c01bd69.png,NA,https://davesredistricting.org/maps#viewmap::f1f47fec-7014-4008-a104-8b79b35fda3d
KY,116,6,congress,Districts for the 116th US Congress,KY 116th Congressional,f1f47fec-7014-4008-a104-8b79b35fda3d,0bff73f4-bc94-4fad-908e-3d395c01bd69.png,NA,https://davesredistricting.org/maps#viewmap::f1f47fec-7014-4008-a104-8b79b35fda3d
KY,2018,100,lower,Districts for the 2018 Lower State House,KY 2018 Lower State House,349fa36e-d601-4dc1-8215-dda34470d5fc,ac7163ac-50c9-4724-84c2-a89267d1d558.png,NA,https://davesredistricting.org/maps#viewmap::349fa36e-d601-4dc1-8215-dda34470d5fc
KY,2018,38,upper,Districts for the 2018 Upper State House,KY 2018 Upper State House,85adc6ee-b822-4e60-b2f6-bebaf9e2e53a,ffb38f02-9c54-4202-97d7-dd14ecce6286.png,NA,https://davesredistricting.org/maps#viewmap::85adc6ee-b822-4e60-b2f6-bebaf9e2e53a
KY,2020,6,congress,KY 2020 Congressional,KY 2020 Congressional,4f9930e4-072e-452d-9b5f-12cab0427ece,NA,NA,https://davesredistricting.org/maps#viewmap::4f9930e4-072e-452d-9b5f-12cab0427ece
KY,2020,100,lower,KY 2020 State House,KY 2020 State House,32bc1182-d63b-49d4-b768-b83e75257931,NA,NA,https://davesredistricting.org/maps#viewmap::32bc1182-d63b-49d4-b768-b83e75257931
KY,2020,38,upper,KY 2020 State Senate,KY 2020 State Senate,de0f45b2-4654-468b-83a5-eccb63e71bb4,NA,NA,https://davesredistricting.org/maps#viewmap::de0f45b2-4654-468b-83a5-eccb63e71bb4
KY,2022,6,congress,KY 2022 Congressional,KY 2022 Congressional,0ec1616e-7ed6-4f84-b20d-dcc51221b2bf,NA,NA,https://davesredistricting.org/maps#viewmap::0ec1616e-7ed6-4f84-b20d-dcc51221b2bf
KY,2022,100,lower,KY 2022 State House,KY 2022 State House,8eed4db7-46cd-4e09-a179-c0a7e821a963,NA,NA,https://davesredistricting.org/maps#viewmap::8eed4db7-46cd-4e09-a179-c0a7e821a963
KY,2022,38,upper,KY 2022 State Senate,KY 2022 State Senate,8ef6d39b-ae52-4587-8ed1-88b781dd4300,NA,NA,https://davesredistricting.org/maps#viewmap::8ef6d39b-ae52-4587-8ed1-88b781dd4300
LA,115,6,congress,Districts for the 116th US Congress,LA 116th Congressional,e1c9b1d0-22a4-4330-b615-27dab9740b02,95846016-cb7c-4935-8836-392a0764a8ac.png,NA,https://davesredistricting.org/maps#viewmap::e1c9b1d0-22a4-4330-b615-27dab9740b02
LA,116,6,congress,Districts for the 116th US Congress,LA 116th Congressional,e1c9b1d0-22a4-4330-b615-27dab9740b02,95846016-cb7c-4935-8836-392a0764a8ac.png,NA,https://davesredistricting.org/maps#viewmap::e1c9b1d0-22a4-4330-b615-27dab9740b02
LA,2018,105,lower,Districts for the 2018 Lower State House,LA 2018 Lower State House,5f3692f2-6b4b-473b-b23b-9146023f1039,374f7e7a-17ba-479c-ae31-6737076bbc6b.png,NA,https://davesredistricting.org/maps#viewmap::5f3692f2-6b4b-473b-b23b-9146023f1039
LA,2018,39,upper,Districts for the 2018 Upper State House,LA 2018 Upper State House,9d69e362-cb04-4054-98d2-3b63f7eb50b3,d69ecb5f-8d6d-499d-8c7c-12c3f4a6f8e5.png,NA,https://davesredistricting.org/maps#viewmap::9d69e362-cb04-4054-98d2-3b63f7eb50b3
LA,2020,6,congress,LA 2020 Congressional,LA 2020 Congressional,ce81ca33-09da-40a2-8803-35e9cf0a6469,NA,NA,https://davesredistricting.org/maps#viewmap::ce81ca33-09da-40a2-8803-35e9cf0a6469
LA,2020,105,lower,LA 2020 State House,LA 2020 State House,10a698a3-8b55-46b4-ab7d-6bd9c6fdf724,NA,NA,https://davesredistricting.org/maps#viewmap::10a698a3-8b55-46b4-ab7d-6bd9c6fdf724
LA,2020,39,upper,LA 2020 State Senate,LA 2020 State Senate,9515fb0b-c59e-4240-a495-6a6f8abcb9f5,NA,NA,https://davesredistricting.org/maps#viewmap::9515fb0b-c59e-4240-a495-6a6f8abcb9f5
LA,2022,6,congress,LA 2022 Congressional,LA 2022 Congressional,42873bd9-ce68-4ee1-878e-be420dbf0ee3,NA,NA,https://davesredistricting.org/maps#viewmap::42873bd9-ce68-4ee1-878e-be420dbf0ee3
LA,2022,105,lower,LA 2022 State House,LA 2022 State House,d63b737c-a8b3-46e9-8855-aa20a728c2b5,NA,NA,https://davesredistricting.org/maps#viewmap::d63b737c-a8b3-46e9-8855-aa20a728c2b5
LA,2022,39,upper,LA 2022 State Senate,LA 2022 State Senate,12eedba5-68de-4ab4-a3bb-7f59d9268041,NA,NA,https://davesredistricting.org/maps#viewmap::12eedba5-68de-4ab4-a3bb-7f59d9268041
LA,2024,6,congress,LA 2024 Congressional,LA 2024 Congressional,2ecbe5cd-461e-41e9-a954-2368bbe8b0a2,NA,NA,https://davesredistricting.org/maps#viewmap::2ecbe5cd-461e-41e9-a954-2368bbe8b0a2
MA,115,9,congress,Districts for the 116th US Congress,MA 116th Congressional,eafbf1a0-c836-4908-a607-aa6b5c63b942,bb01f52e-0cf7-416c-a8ad-cafd34ca3c6a.png,NA,https://davesredistricting.org/maps#viewmap::eafbf1a0-c836-4908-a607-aa6b5c63b942
MA,116,9,congress,Districts for the 116th US Congress,MA 116th Congressional,eafbf1a0-c836-4908-a607-aa6b5c63b942,bb01f52e-0cf7-416c-a8ad-cafd34ca3c6a.png,NA,https://davesredistricting.org/maps#viewmap::eafbf1a0-c836-4908-a607-aa6b5c63b942
MA,2018,160,lower,Districts for the 2018 Lower State House,MA 2018 Lower State House,9fb9b073-c5d3-4b93-9c93-c02212a023d4,28e5c142-fe66-4b27-8498-ac1ca0e33896.png,NA,https://davesredistricting.org/maps#viewmap::9fb9b073-c5d3-4b93-9c93-c02212a023d4
MA,2018,40,upper,Districts for the 2018 Upper State House,MA 2018 Upper State House,4e245ae5-a6a0-4cbf-ab40-58a36bc387d0,ad937b84-00d1-4802-9b99-c368bc1caead.png,NA,https://davesredistricting.org/maps#viewmap::4e245ae5-a6a0-4cbf-ab40-58a36bc387d0
MA,2020,9,congress,MA 2020 Congressional,MA 2020 Congressional,63f8c635-75ee-4a08-a798-cec3342feb49,NA,NA,https://davesredistricting.org/maps#viewmap::63f8c635-75ee-4a08-a798-cec3342feb49
MA,2020,160,lower,MA 2020 State House,MA 2020 State House,afbc6011-bf8b-4303-adc3-e322b216e025,NA,NA,https://davesredistricting.org/maps#viewmap::afbc6011-bf8b-4303-adc3-e322b216e025
MA,2020,40,upper,MA 2020 State Senate,MA 2020 State Senate,e6ebd737-2229-495e-9178-1fc902c383a3,NA,NA,https://davesredistricting.org/maps#viewmap::e6ebd737-2229-495e-9178-1fc902c383a3
MA,2022,9,congress,MA 2022 Congressional,MA 2022 Congressional,791f8174-e00d-4baf-9b0a-206a298eb28b,NA,NA,https://davesredistricting.org/maps#viewmap::791f8174-e00d-4baf-9b0a-206a298eb28b
MA,2022,160,lower,MA 2022 State House,MA 2022 State House,f4bfa2f3-1e73-4e0b-a237-cc2aa2e611b8,NA,NA,https://davesredistricting.org/maps#viewmap::f4bfa2f3-1e73-4e0b-a237-cc2aa2e611b8
MA,2022,40,upper,MA 2022 State Senate,MA 2022 State Senate,b32decd8-3ed9-4ab2-876b-c92cfa798e33,NA,NA,https://davesredistricting.org/maps#viewmap::b32decd8-3ed9-4ab2-876b-c92cfa798e33
MD,115,8,congress,Districts for the 116th US Congress,MD 116th Congressional,52a6108a-4b23-4e22-a4a4-c19837c0bca2,498a0084-21d2-4b3f-bb45-e97270f46320.png,NA,https://davesredistricting.org/maps#viewmap::52a6108a-4b23-4e22-a4a4-c19837c0bca2
MD,116,8,congress,Districts for the 116th US Congress,MD 116th Congressional,52a6108a-4b23-4e22-a4a4-c19837c0bca2,498a0084-21d2-4b3f-bb45-e97270f46320.png,NA,https://davesredistricting.org/maps#viewmap::52a6108a-4b23-4e22-a4a4-c19837c0bca2
MD,2018,67,lower,Districts for the 2018 Lower State House,MD 2018 Lower State House,af64ba50-9cec-40d6-9cf2-f934074d37be,5fe21d07-b676-4acb-bd37-3ec2d852914c.png,NA,https://davesredistricting.org/maps#viewmap::af64ba50-9cec-40d6-9cf2-f934074d37be
MD,2018,47,upper,Districts for the 2018 Upper State House,MD 2018 Upper State House,05f88f2e-eb5a-4115-afd3-97566ecd07c7,ec6a12ab-d404-4348-97c6-73eaaaba89e7.png,NA,https://davesredistricting.org/maps#viewmap::05f88f2e-eb5a-4115-afd3-97566ecd07c7
MD,2020,8,congress,MD 2020 Congressional,MD 2020 Congressional,c35703c2-6cd0-4f1d-9fae-5a0826507cfb,NA,NA,https://davesredistricting.org/maps#viewmap::c35703c2-6cd0-4f1d-9fae-5a0826507cfb
MD,2020,67,lower,MD 2020 State House Revised,MD 2020 State House,201a40ac-bc4d-4676-9cf3-95db3cb599b1,NA,NA,https://davesredistricting.org/maps#viewmap::201a40ac-bc4d-4676-9cf3-95db3cb599b1
MD,2020,47,upper,MD 2020 State Senate,MD 2020 State Senate,c3244696-9641-4055-88d4-3a49b63bd99c,NA,NA,https://davesredistricting.org/maps#viewmap::c3244696-9641-4055-88d4-3a49b63bd99c
MD,2022,8,congress,MD 2022 Congressional,MD 2022 Congressional,a365ecbd-db5f-4c84-a77f-90310c6a6c1a,NA,NA,https://davesredistricting.org/maps#viewmap::a365ecbd-db5f-4c84-a77f-90310c6a6c1a
MD,2022,71,lower,MD 2022 State House,MD 2022 State House,4cf1f21b-2347-457a-bbca-f299c7a8cb2b,NA,NA,https://davesredistricting.org/maps#viewmap::4cf1f21b-2347-457a-bbca-f299c7a8cb2b
MD,2022,47,upper,MD 2022 State Senate,MD 2022 State Senate,92ad6e43-2394-4957-b30a-828ca424a034,NA,NA,https://davesredistricting.org/maps#viewmap::92ad6e43-2394-4957-b30a-828ca424a034
ME,115,2,congress,Districts for the 116th US Congress,ME 116th Congressional,9e5d4508-5a2e-4bc2-a0bc-ef716a9abf79,d3ac2e51-a7ea-4107-ac85-9600d9f90f80.png,NA,https://davesredistricting.org/maps#viewmap::9e5d4508-5a2e-4bc2-a0bc-ef716a9abf79
ME,116,2,congress,Districts for the 116th US Congress,ME 116th Congressional,9e5d4508-5a2e-4bc2-a0bc-ef716a9abf79,d3ac2e51-a7ea-4107-ac85-9600d9f90f80.png,NA,https://davesredistricting.org/maps#viewmap::9e5d4508-5a2e-4bc2-a0bc-ef716a9abf79
ME,2018,151,lower,Districts for the 2018 Lower State House,ME 2018 Lower State House,bfa42ae5-4f24-42d7-88f2-1aaff619b408,0927b3e6-5354-4690-850c-6850cb21fa1b.png,NA,https://davesredistricting.org/maps#viewmap::bfa42ae5-4f24-42d7-88f2-1aaff619b408
ME,2018,35,upper,Districts for the 2018 Upper State House,ME 2018 Upper State House,6833ceac-aca7-480b-aa64-b6bbeba6f9a7,c1e1fae4-aad6-49fd-89f4-fd7084cd45a9.png,NA,https://davesredistricting.org/maps#viewmap::6833ceac-aca7-480b-aa64-b6bbeba6f9a7
ME,2020,2,congress,ME 2020 Congressional,ME 2020 Congressional,9fd5b08c-1830-4d60-a0c8-387c764ecfb0,NA,NA,https://davesredistricting.org/maps#viewmap::9fd5b08c-1830-4d60-a0c8-387c764ecfb0
ME,2020,151,lower,ME 2020 State House,ME 2020 State House,933cef6d-489a-4273-88e5-c0552e115a98,NA,NA,https://davesredistricting.org/maps#viewmap::933cef6d-489a-4273-88e5-c0552e115a98
ME,2020,35,upper,ME 2020 State Senate,ME 2020 State Senate,87060e31-2035-4bb2-a1fe-213b6e3fb0f3,NA,NA,https://davesredistricting.org/maps#viewmap::87060e31-2035-4bb2-a1fe-213b6e3fb0f3
ME,2022,2,congress,ME 2022 Congressional,ME 2022 Congressional,91042741-7e4e-423f-8a96-313236f71ac1,NA,NA,https://davesredistricting.org/maps#viewmap::91042741-7e4e-423f-8a96-313236f71ac1
ME,2022,151,lower,ME 2022 State House,ME 2022 State House,0ceefdda-ed1c-45e2-9f4a-e887394b5985,NA,NA,https://davesredistricting.org/maps#viewmap::0ceefdda-ed1c-45e2-9f4a-e887394b5985
ME,2022,35,upper,ME 2022 State Senate,ME 2022 State Senate,9916fa38-8d7a-498b-beb7-af2e530453c7,NA,NA,https://davesredistricting.org/maps#viewmap::9916fa38-8d7a-498b-beb7-af2e530453c7
MI,115,14,congress,Districts for the 116th US Congress,MI 116th Congressional,93fb7816-4a76-4b4b-a90f-5504f3f1d96e,ada80ff1-aaf5-4a9b-9fc5-491381df3061.png,NA,https://davesredistricting.org/maps#viewmap::93fb7816-4a76-4b4b-a90f-5504f3f1d96e
MI,116,14,congress,Districts for the 116th US Congress,MI 116th Congressional,93fb7816-4a76-4b4b-a90f-5504f3f1d96e,ada80ff1-aaf5-4a9b-9fc5-491381df3061.png,NA,https://davesredistricting.org/maps#viewmap::93fb7816-4a76-4b4b-a90f-5504f3f1d96e
MI,2018,110,lower,Districts for the 2018 Lower State House,MI 2018 Lower State House,321679fb-69a2-4489-a195-78a0f3e40bec,89641e55-a994-4379-b36c-ae5d0a2a2a6d.png,NA,https://davesredistricting.org/maps#viewmap::321679fb-69a2-4489-a195-78a0f3e40bec
MI,2018,38,upper,Districts for the 2018 Upper State House,MI 2018 Upper State House,bfd73815-53fa-4840-84f3-2e8d19cac4a5,fa0d3fa1-8d4a-4272-9300-27a51e067e47.png,NA,https://davesredistricting.org/maps#viewmap::bfd73815-53fa-4840-84f3-2e8d19cac4a5
MI,2020,14,congress,MI 2020 Congressional,MI 2020 Congressional,5a43a57b-ba16-4a6d-ad53-1fcfcd8a253b,NA,NA,https://davesredistricting.org/maps#viewmap::5a43a57b-ba16-4a6d-ad53-1fcfcd8a253b
MI,2020,110,lower,MI 2020 State House,MI 2020 State House,9c633615-dc5f-4b6f-87ce-fe72ca5852c6,NA,NA,https://davesredistricting.org/maps#viewmap::9c633615-dc5f-4b6f-87ce-fe72ca5852c6
MI,2020,38,upper,MI 2020 State Senate,MI 2020 State Senate,e80b756a-c0b6-4e22-9973-1de7a9d806a5,NA,NA,https://davesredistricting.org/maps#viewmap::e80b756a-c0b6-4e22-9973-1de7a9d806a5
MI,2022,13,congress,MI 2022 Congressional,MI 2022 Congressional,287ace43-1a66-4686-b596-949f578971a8,NA,NA,https://davesredistricting.org/maps#viewmap::287ace43-1a66-4686-b596-949f578971a8
MI,2022,110,lower,MI 2022 State House,MI 2022 State House,8f2d562d-9d7f-4d3b-992e-5c52debd8f08,NA,NA,https://davesredistricting.org/maps#viewmap::8f2d562d-9d7f-4d3b-992e-5c52debd8f08
MI,2022,38,upper,MI 2022 State Senate,MI 2022 State Senate,7563fcf7-de01-411a-aa51-c56cf76340b0,NA,NA,https://davesredistricting.org/maps#viewmap::7563fcf7-de01-411a-aa51-c56cf76340b0
MI,2024,110,lower,MI 2024 State House,MI 2024 State House,e24c9c82-a8de-4706-9ebb-91181592c37f,NA,NA,https://davesredistricting.org/maps#viewmap::e24c9c82-a8de-4706-9ebb-91181592c37f
MI,2026,38,upper,MI 2026 State Senate,MI 2026 State Senate,4cd32ab3-57e5-4bd7-9825-ed19122d14c8,NA,NA,https://davesredistricting.org/maps#viewmap::4cd32ab3-57e5-4bd7-9825-ed19122d14c8
MN,115,8,congress,Districts for the 116th US Congress,MN 116th Congressional,aff51588-afa7-4f38-9d68-9a9a6775a2a4,c2934158-4fd2-4f9e-a31b-ff2f8227909c.png,NA,https://davesredistricting.org/maps#viewmap::aff51588-afa7-4f38-9d68-9a9a6775a2a4
MN,116,8,congress,Districts for the 116th US Congress,MN 116th Congressional,aff51588-afa7-4f38-9d68-9a9a6775a2a4,c2934158-4fd2-4f9e-a31b-ff2f8227909c.png,NA,https://davesredistricting.org/maps#viewmap::aff51588-afa7-4f38-9d68-9a9a6775a2a4
MN,2018,134,lower,Districts for the 2018 Lower State House,MN 2018 Lower State House,1665fa02-f790-43b9-a2cc-ff9566604e0f,c707cf54-a9c8-4d2e-8d6c-f44b1826b515.png,NA,https://davesredistricting.org/maps#viewmap::1665fa02-f790-43b9-a2cc-ff9566604e0f
MN,2018,67,upper,Districts for the 2018 Upper State House,MN 2018 Upper State House,c89fa7c8-e41e-4c0a-bcb3-357acd000226,792d1273-d76f-44c0-aff2-89a1bb1a90e1.png,NA,https://davesredistricting.org/maps#viewmap::c89fa7c8-e41e-4c0a-bcb3-357acd000226
MN,2020,8,congress,MN 2020 Congressional,MN 2020 Congressional,f27e6b94-e78f-4726-bf94-4a5d9911d535,NA,NA,https://davesredistricting.org/maps#viewmap::f27e6b94-e78f-4726-bf94-4a5d9911d535
MN,2020,134,lower,MN 2020 State House,MN 2020 State House,cb969948-ce7a-460b-b391-d6bb2c5a2133,NA,NA,https://davesredistricting.org/maps#viewmap::cb969948-ce7a-460b-b391-d6bb2c5a2133
MN,2020,67,upper,MN 2020 State Senate,MN 2020 State Senate,dcd08710-5719-4426-9a04-a57819e006e4,NA,NA,https://davesredistricting.org/maps#viewmap::dcd08710-5719-4426-9a04-a57819e006e4
MN,2022,8,congress,MN 2022 Congressional,MN 2022 Congressional,4b212b88-2b8b-48aa-b2d2-e2f9980ac884,NA,NA,https://davesredistricting.org/maps#viewmap::4b212b88-2b8b-48aa-b2d2-e2f9980ac884
MN,2022,134,lower,MN 2022 State House,MN 2022 State House,0e589052-0df8-4b8a-bede-c8e9fcc8814c,NA,NA,https://davesredistricting.org/maps#viewmap::0e589052-0df8-4b8a-bede-c8e9fcc8814c
MN,2022,67,upper,MN 2022 State Senate,MN 2022 State Senate,8d55ed9f-d825-4a8a-95e4-864cbeede612,NA,NA,https://davesredistricting.org/maps#viewmap::8d55ed9f-d825-4a8a-95e4-864cbeede612
MN,2022,8,congress,MN 2022 Congressional,MN 2022 Congressional,eeb51954-eced-4c47-b041-20ce307a22b5,NA,NA,https://davesredistricting.org/maps#viewmap::eeb51954-eced-4c47-b041-20ce307a22b5
MN,2022,134,lower,MN 2022 State House,MN 2022 State House,e24abe92-7cbf-406a-aadc-8c8da64cded6,NA,NA,https://davesredistricting.org/maps#viewmap::e24abe92-7cbf-406a-aadc-8c8da64cded6
MN,2022,67,upper,MN 2022 State Senate,MN 2022 State Senate,edf127e5-daea-4672-8f9f-ba08d11344fc,NA,NA,https://davesredistricting.org/maps#viewmap::edf127e5-daea-4672-8f9f-ba08d11344fc
MO,115,8,congress,Districts for the 116th US Congress,MO 116th Congressional,53ed6fd8-fea1-4139-a1f0-c8d47943cfe4,e8549147-3908-4981-8672-115c49515fb5.png,NA,https://davesredistricting.org/maps#viewmap::53ed6fd8-fea1-4139-a1f0-c8d47943cfe4
MO,116,8,congress,Districts for the 116th US Congress,MO 116th Congressional,53ed6fd8-fea1-4139-a1f0-c8d47943cfe4,e8549147-3908-4981-8672-115c49515fb5.png,NA,https://davesredistricting.org/maps#viewmap::53ed6fd8-fea1-4139-a1f0-c8d47943cfe4
MO,2018,163,lower,Districts for the 2018 Lower State House,MO 2018 Lower State House,96a1e211-471b-433e-8725-f36b83956b3d,848906c1-102d-46c6-b4d8-bd80ccf2a29e.png,NA,https://davesredistricting.org/maps#viewmap::96a1e211-471b-433e-8725-f36b83956b3d
MO,2018,34,upper,Districts for the 2018 Upper State House,MO 2018 Upper State House,4fc88c53-829e-4939-a131-98e3a0c19125,c99915ca-c127-412e-b155-709f416144aa.png,NA,https://davesredistricting.org/maps#viewmap::4fc88c53-829e-4939-a131-98e3a0c19125
MO,2020,8,congress,MO 2020 Congressional,MO 2020 Congressional,e39cf7d4-f655-4f39-a7ff-178ca55673fa,NA,NA,https://davesredistricting.org/maps#viewmap::e39cf7d4-f655-4f39-a7ff-178ca55673fa
MO,2020,163,lower,MO 2020 State House,MO 2020 State House,fbee4d97-5a12-4790-ac8b-fef44ce6432d,NA,NA,https://davesredistricting.org/maps#viewmap::fbee4d97-5a12-4790-ac8b-fef44ce6432d
MO,2020,34,upper,MO 2020 State Senate,MO 2020 State Senate,3a0e988f-8c6f-4d02-9920-6936eea90b51,NA,NA,https://davesredistricting.org/maps#viewmap::3a0e988f-8c6f-4d02-9920-6936eea90b51
MO,2022,8,congress,MO 2022 Congressional,MO 2022 Congressional,68b2b598-69cd-430e-bee2-1dc4b76705f6,NA,NA,https://davesredistricting.org/maps#viewmap::68b2b598-69cd-430e-bee2-1dc4b76705f6
MO,2022,163,lower,MO 2022 State House,MO 2022 State House,ebb632d0-2569-4a2a-81f6-1d8d6adc0d5e,NA,NA,https://davesredistricting.org/maps#viewmap::ebb632d0-2569-4a2a-81f6-1d8d6adc0d5e
MO,2022,34,upper,MO 2022 State Senate,MO 2022 State Senate,8d25c96a-2a78-40b2-b2f0-c504ecaa6762,NA,NA,https://davesredistricting.org/maps#viewmap::8d25c96a-2a78-40b2-b2f0-c504ecaa6762
MO,2026,8,congress,MO 2026 Congressional,MO 2026 Congressional,84069d4a-8b18-470e-97e3-897ddb4b2428,NA,NA,https://davesredistricting.org/maps#viewmap::84069d4a-8b18-470e-97e3-897ddb4b2428
MS,115,4,congress,Districts for the 116th US Congress,MS 116th Congressional,f661b634-071c-4a35-b6b8-7bac141fec7b,a12f5d30-edbc-45cd-87f4-b97f4500521c.png,NA,https://davesredistricting.org/maps#viewmap::f661b634-071c-4a35-b6b8-7bac141fec7b
MS,116,4,congress,Districts for the 116th US Congress,MS 116th Congressional,f661b634-071c-4a35-b6b8-7bac141fec7b,a12f5d30-edbc-45cd-87f4-b97f4500521c.png,NA,https://davesredistricting.org/maps#viewmap::f661b634-071c-4a35-b6b8-7bac141fec7b
MS,2018,122,lower,Districts for the 2018 Lower State House,MS 2018 Lower State House,9c1c699b-28f2-4f42-9cf2-40af296222ed,b46ee932-1aff-4e5e-bc25-ff74d111bf18.png,NA,https://davesredistricting.org/maps#viewmap::9c1c699b-28f2-4f42-9cf2-40af296222ed
MS,2018,52,upper,Districts for the 2018 Upper State House,MS 2018 Upper State House,d1d44b19-b72b-475f-8d81-2355abfac5cd,99c3cd2a-8ede-43c5-9f0b-af0982102521.png,NA,https://davesredistricting.org/maps#viewmap::d1d44b19-b72b-475f-8d81-2355abfac5cd
MS,2020,4,congress,MS 2020 Congressional,MS 2020 Congressional,a1d6a28b-18ed-4481-8ae0-c3deaf673308,NA,NA,https://davesredistricting.org/maps#viewmap::a1d6a28b-18ed-4481-8ae0-c3deaf673308
MS,2020,122,lower,MS 2020 State House,MS 2020 State House,b424166f-ca91-4c6c-a6d7-612d49a34f14,NA,NA,https://davesredistricting.org/maps#viewmap::b424166f-ca91-4c6c-a6d7-612d49a34f14
MS,2020,52,upper,MS 2020 State Senate,MS 2020 State Senate,7d59c9be-3aa0-417d-802f-89436cb878a2,NA,NA,https://davesredistricting.org/maps#viewmap::7d59c9be-3aa0-417d-802f-89436cb878a2
MS,2022,4,congress,MS 2022 Congressional,MS 2022 Congressional,2a63d0b3-58db-4e59-9b3b-436b221e078a,NA,NA,https://davesredistricting.org/maps#viewmap::2a63d0b3-58db-4e59-9b3b-436b221e078a
MS,2022,122,lower,MS 2022 State House,MS 2022 State House,f8554517-7286-461a-9cfa-892b3d4731f7,NA,NA,https://davesredistricting.org/maps#viewmap::f8554517-7286-461a-9cfa-892b3d4731f7
MS,2022,52,upper,MS 2022 State Senate,MS 2022 State Senate,f3908ec6-949f-444b-9fd5-7b2173abcb6e,NA,NA,https://davesredistricting.org/maps#viewmap::f3908ec6-949f-444b-9fd5-7b2173abcb6e
MS,2025,122,lower,MS 2025 State House,MS 2025 State House,207ee204-8093-4d3d-b9fe-f226dc4b47ab,NA,NA,https://davesredistricting.org/maps#viewmap::207ee204-8093-4d3d-b9fe-f226dc4b47ab
MS,2025,52,upper,MS 2025 State Senate,MS 2025 State Senate,35ad63a3-a7d0-4d71-88e2-18232383d3b7,NA,NA,https://davesredistricting.org/maps#viewmap::35ad63a3-a7d0-4d71-88e2-18232383d3b7
MS,2025.1,122,lower,MS 2025 State House,MS 2025 State House,2f9cd385-813e-4c81-a474-7d74d2d5ed51,NA,NA,https://davesredistricting.org/maps#viewmap::2f9cd385-813e-4c81-a474-7d74d2d5ed51
MS,2025.1,52,upper,MS 2025 State Senate,MS 2025 State Senate,5cd7f259-4e1b-4da5-9352-f50ead4494d0,NA,NA,https://davesredistricting.org/maps#viewmap::5cd7f259-4e1b-4da5-9352-f50ead4494d0
MT,2018,100,lower,Districts for the 2018 Lower State House,MT 2018 Lower State House,809245ae-e9ec-4562-a7a4-724e3cacb4b4,85cc4204-9b2e-4f7d-a827-2c0b6e2e749a.png,NA,https://davesredistricting.org/maps#viewmap::809245ae-e9ec-4562-a7a4-724e3cacb4b4
MT,2018,50,upper,Districts for the 2018 Upper State House,MT 2018 Upper State House,7ce67766-6035-4077-91a1-2d8de7743a47,ec73b721-6fc2-42d3-a851-c8d31051b7c6.png,NA,https://davesredistricting.org/maps#viewmap::7ce67766-6035-4077-91a1-2d8de7743a47
MT,2020,100,lower,MT 2020 State House,MT 2020 State House,fe2f2ff5-f70e-459d-8a1f-48b3786c8e64,NA,NA,https://davesredistricting.org/maps#viewmap::fe2f2ff5-f70e-459d-8a1f-48b3786c8e64
MT,2020,50,upper,MT 2020 State Senate,MT 2020 State Senate,0312ecba-7989-480c-bed4-777e2e06c178,NA,NA,https://davesredistricting.org/maps#viewmap::0312ecba-7989-480c-bed4-777e2e06c178
MT,2022,2,congress,MT 2022 Congressional,MT 2022 Congressional,66ff2b64-826d-48a9-bbe4-08afa4c10873,NA,NA,https://davesredistricting.org/maps#viewmap::66ff2b64-826d-48a9-bbe4-08afa4c10873
MT,2022,100,lower,MT 2022 State House,MT 2022 State House,9cbcae13-e8cf-47fb-bf43-cd44f3dd05b9,NA,NA,https://davesredistricting.org/maps#viewmap::9cbcae13-e8cf-47fb-bf43-cd44f3dd05b9
MT,2022,50,upper,MT 2022 State Senate,MT 2022 State Senate,def19658-4d7c-4d36-a9c8-6d22ed5bf6ec,NA,NA,https://davesredistricting.org/maps#viewmap::def19658-4d7c-4d36-a9c8-6d22ed5bf6ec
NC,115,13,congress,Current proposed map in response to court ruling. Litigation ongoing.,NC 118th Congressional (Court Approved - HB 1029),78c45418-c70a-4d74-bcde-0d74fae1a27e,d64763f1-82c9-4331-b2b7-7361be11f461.png,NA,https://davesredistricting.org/maps#viewmap::78c45418-c70a-4d74-bcde-0d74fae1a27e
NC,116,13,congress,Current proposed map in response to court ruling. Litigation ongoing.,NC 118th Congressional (Court Approved - HB 1029),78c45418-c70a-4d74-bcde-0d74fae1a27e,d64763f1-82c9-4331-b2b7-7361be11f461.png,NA,https://davesredistricting.org/maps#viewmap::78c45418-c70a-4d74-bcde-0d74fae1a27e
NC,2018,120,lower,Districts for the 2018 Lower State House,NC 2018 Lower State House,241341aa-3e2b-4648-bf91-ec993801d541,a7758506-c647-4a6f-8bc5-6281f187ffd5.png,NA,https://davesredistricting.org/maps#viewmap::241341aa-3e2b-4648-bf91-ec993801d541
NC,2018,50,upper,Districts for the 2018 Upper State House,NC 2018 Upper State House,e32b833a-918f-4f46-bf66-1816c02bdc0d,a52af8f6-362a-4d62-8fb1-e5e91ffa0a16.png,NA,https://davesredistricting.org/maps#viewmap::e32b833a-918f-4f46-bf66-1816c02bdc0d
NC,2020,13,congress,Court Approved - HB 1029 for the 118th Congress converted to 2020 shapes (which makes it approximate).,NC 2020 Congressional (Court Approved - HB 1029 - Converted),87c865df-abda-40b4-aabb-59f9c388c3a0,d1e0b800-532c-4090-9e19-9d365d8e4d68.png,NA,https://davesredistricting.org/maps#viewmap::87c865df-abda-40b4-aabb-59f9c388c3a0
NC,2020,120,lower,NC 2020 State House,NC 2020 State House (Enacted 2019 - Converted),c5bbacee-c990-4a1b-a63b-85a146c4ca7d,NA,NA,https://davesredistricting.org/maps#viewmap::c5bbacee-c990-4a1b-a63b-85a146c4ca7d
NC,2020,50,upper,NC 2020 State Senate,NC 2020 State Senate (Enacted 2019 - Converted),e65f635d-af7b-4bb8-8591-72bb6c429f91,NA,NA,https://davesredistricting.org/maps#viewmap::e65f635d-af7b-4bb8-8591-72bb6c429f91
NC,2022,14,congress,NC 2022 Congressional,NC 2022 Congressional,6e8268a4-3b9b-4140-8f99-e3544a2f0816,NA,NA,https://davesredistricting.org/maps#viewmap::6e8268a4-3b9b-4140-8f99-e3544a2f0816
NC,2022,120,lower,NC 2022 State House,NC 2022 State House,e4b677ba-541f-40bd-ad9f-ba8707515f7d,NA,NA,https://davesredistricting.org/maps#viewmap::e4b677ba-541f-40bd-ad9f-ba8707515f7d
NC,2022,50,upper,NC 2022 State Senate,NC 2022 State Senate,8288b613-df48-45a7-9bd1-5d9f9ca3d685,NA,NA,https://davesredistricting.org/maps#viewmap::8288b613-df48-45a7-9bd1-5d9f9ca3d685
NC,2024,14,congress,NC 2024 Congressional,NC 2024 Congressional,4f133eac-adb1-4bb4-a7fe-92aa8a5f1ed4,NA,NA,https://davesredistricting.org/maps#viewmap::4f133eac-adb1-4bb4-a7fe-92aa8a5f1ed4
NC,2024,120,lower,NC 2024 State House,NC 2024 State House,42841eaa-3a00-49ce-ba28-77726707251a,NA,NA,https://davesredistricting.org/maps#viewmap::42841eaa-3a00-49ce-ba28-77726707251a
NC,2024,50,upper,NC 2024 State Senate,NC 2024 State Senate,9157bd00-cfbb-4d32-9b01-ce7f38e53d1f,NA,NA,https://davesredistricting.org/maps#viewmap::9157bd00-cfbb-4d32-9b01-ce7f38e53d1f
NC,2026,14,congress,NC 2026 Congressional,NC 2026 Congressional,95fee9e1-2c0b-49a4-95b2-6a92aa185c61,NA,NA,https://davesredistricting.org/maps#viewmap::95fee9e1-2c0b-49a4-95b2-6a92aa185c61
ND,2018,47,lower,Districts for the 2018 Lower State House,ND 2018 Lower State House,b25e629a-f6ac-4a6d-b7e2-5bc1fb48a999,d6510da1-f891-4d90-b452-aaa0fcb5ff7d.png,NA,https://davesredistricting.org/maps#viewmap::b25e629a-f6ac-4a6d-b7e2-5bc1fb48a999
ND,2018,47,upper,Districts for the 2018 Lower State House,ND 2018 Lower State House,b25e629a-f6ac-4a6d-b7e2-5bc1fb48a999,d6510da1-f891-4d90-b452-aaa0fcb5ff7d.png,NA,https://davesredistricting.org/maps#viewmap::b25e629a-f6ac-4a6d-b7e2-5bc1fb48a999
ND,2020,47,upper,ND 2020 State Legislatures,ND 2020 State Legislatures,ce9f5d2e-7854-4e25-af08-b844c8fd079b,NA,NA,https://davesredistricting.org/maps#viewmap::ce9f5d2e-7854-4e25-af08-b844c8fd079b
ND,2022,47,upper,ND 2022 State Senate,ND 2022 State Senate,93075ffd-76b7-4374-ad3c-b0eb3d94efd3,NA,NA,https://davesredistricting.org/maps#viewmap::93075ffd-76b7-4374-ad3c-b0eb3d94efd3
ND,2022,49,lower,ND 2022 State House,ND 2022 State House,3dae0952-0a39-4b93-99c7-d18f67b95bb7,NA,NA,https://davesredistricting.org/maps#viewmap::3dae0952-0a39-4b93-99c7-d18f67b95bb7
ND,2024,47,upper,ND 2024 State Senate,ND 2024 State Senate,0493b6e8-10fb-4def-be5e-f5ed0ff3f963,NA,NA,https://davesredistricting.org/maps#viewmap::0493b6e8-10fb-4def-be5e-f5ed0ff3f963
ND,2024,49,lower,ND 2024 State House,ND 2024 State House,16edefb5-c6c7-4cdf-822a-a6a714f7e52f,NA,NA,https://davesredistricting.org/maps#viewmap::16edefb5-c6c7-4cdf-822a-a6a714f7e52f
NE,115,3,congress,Districts for the 116th US Congress,NE 116th Congressional,08fd73da-d47e-4190-b8b1-f5a7fdb83b75,261ffcca-fa5f-47bd-8a4b-297a36638139.png,NA,https://davesredistricting.org/maps#viewmap::08fd73da-d47e-4190-b8b1-f5a7fdb83b75
NE,116,3,congress,Districts for the 116th US Congress,NE 116th Congressional,08fd73da-d47e-4190-b8b1-f5a7fdb83b75,261ffcca-fa5f-47bd-8a4b-297a36638139.png,NA,https://davesredistricting.org/maps#viewmap::08fd73da-d47e-4190-b8b1-f5a7fdb83b75
NE,2018,49,upper,Districts for the 2018 State House,NE 2018 State House,0073fbe7-166c-45dc-90f2-4c93cd372ff2,75190ed4-5305-47ea-91ba-80df9f10c24d.png,NA,https://davesredistricting.org/maps#viewmap::0073fbe7-166c-45dc-90f2-4c93cd372ff2
NE,2020,3,congress,NE 2020 Congressional,NE 2020 Congressional,a2b03bdb-525c-4082-945f-1150528ec151,NA,NA,https://davesredistricting.org/maps#viewmap::a2b03bdb-525c-4082-945f-1150528ec151
NE,2020,49,upper,NE 2020 State Senate,NE 2020 State Senate,9d437afb-1aea-4d50-84a0-f3e37e4e6b2d,NA,NA,https://davesredistricting.org/maps#viewmap::9d437afb-1aea-4d50-84a0-f3e37e4e6b2d
NE,2022,3,congress,NE 2022 Congressional,NE 2022 Congressional,9de1188c-2169-4c5a-a4f3-76179d22b279,NA,NA,https://davesredistricting.org/maps#viewmap::9de1188c-2169-4c5a-a4f3-76179d22b279
NE,2022,49,upper,NE 2022 State Senate,NE 2022 State Senate,ab1f2fef-b979-4431-844a-98d93a4d6730,NA,NA,https://davesredistricting.org/maps#viewmap::ab1f2fef-b979-4431-844a-98d93a4d6730
NH,115,2,congress,Districts for the 116th US Congress,NH 116th Congressional,f65ef53a-5a6d-430d-ae51-e51e6147f3cd,69fd80b4-e7e5-4bfa-bb2d-b5ee96d17743.png,NA,https://davesredistricting.org/maps#viewmap::f65ef53a-5a6d-430d-ae51-e51e6147f3cd
NH,116,2,congress,Districts for the 116th US Congress,NH 116th Congressional,f65ef53a-5a6d-430d-ae51-e51e6147f3cd,69fd80b4-e7e5-4bfa-bb2d-b5ee96d17743.png,NA,https://davesredistricting.org/maps#viewmap::f65ef53a-5a6d-430d-ae51-e51e6147f3cd
NH,2018,161,lower,Districts for the 2018 Lower State House,NH 2018 Lower State House,b40925fa-9ef6-470a-a9b6-da316a2ac38c,d331dd15-83c0-497d-9b48-31e10d2225ed.png,NA,https://davesredistricting.org/maps#viewmap::b40925fa-9ef6-470a-a9b6-da316a2ac38c
NH,2018,24,upper,Districts for the 2018 Upper State House,NH 2018 Upper State House,e9dce281-d65c-4252-a183-9b4634f1978c,e78aad4b-3aac-4419-b5f7-de4e6cfb69da.png,NA,https://davesredistricting.org/maps#viewmap::e9dce281-d65c-4252-a183-9b4634f1978c
NH,2020,2,congress,NH 2020 Congressional,NH 2020 Congressional,dc25e6e9-1e87-439f-8f67-9f20aa842487,NA,NA,https://davesredistricting.org/maps#viewmap::dc25e6e9-1e87-439f-8f67-9f20aa842487
NH,2020,161,lower,NH 2020 State House,NH 2020 State House,f9d72699-7ef6-4c38-afb0-c6f2d08f0702,NA,NA,https://davesredistricting.org/maps#viewmap::f9d72699-7ef6-4c38-afb0-c6f2d08f0702
NH,2020,24,upper,NH 2020 State Senate,NH 2020 State Senate,8617ea05-d3d5-45fe-ab73-de5b1122db69,NA,NA,https://davesredistricting.org/maps#viewmap::8617ea05-d3d5-45fe-ab73-de5b1122db69
NH,2022,2,congress,NH 2022 Congressional,NH 2022 Congressional,a1a2b285-f862-402c-9e89-b45791a46473,NA,NA,https://davesredistricting.org/maps#viewmap::a1a2b285-f862-402c-9e89-b45791a46473
NH,2022,164,lower,NH 2022 State House,NH 2022 State House,dfddaed1-5a76-4ca7-8a11-ddc533ea9f6e,NA,NA,https://davesredistricting.org/maps#viewmap::dfddaed1-5a76-4ca7-8a11-ddc533ea9f6e
NH,2022,24,upper,NH 2022 State Senate,NH 2022 State Senate,15bf8903-0c56-4536-9265-7b7177726a73,NA,NA,https://davesredistricting.org/maps#viewmap::15bf8903-0c56-4536-9265-7b7177726a73
NJ,115,12,congress,Districts for the 116th US Congress,NJ 116th Congressional,0c3e761c-fb70-4745-9da2-b78b949d4122,fd2d3aa4-6d88-4cd5-8498-97fa7f20303d.png,NA,https://davesredistricting.org/maps#viewmap::0c3e761c-fb70-4745-9da2-b78b949d4122
NJ,116,12,congress,Districts for the 116th US Congress,NJ 116th Congressional,0c3e761c-fb70-4745-9da2-b78b949d4122,fd2d3aa4-6d88-4cd5-8498-97fa7f20303d.png,NA,https://davesredistricting.org/maps#viewmap::0c3e761c-fb70-4745-9da2-b78b949d4122
NJ,2018,40,lower,Districts for the 2018 Upper State House,NJ 2018 Upper State House,a15d9637-3381-4ad6-b5ad-a85be7368b49,abfcd587-e52d-49f9-aa20-3fb040414b99.png,NA,https://davesredistricting.org/maps#viewmap::a15d9637-3381-4ad6-b5ad-a85be7368b49
NJ,2018,40,upper,Districts for the 2018 Upper State House,NJ 2018 Upper State House,a15d9637-3381-4ad6-b5ad-a85be7368b49,abfcd587-e52d-49f9-aa20-3fb040414b99.png,NA,https://davesredistricting.org/maps#viewmap::a15d9637-3381-4ad6-b5ad-a85be7368b49
NJ,2020,12,congress,NJ 2020 Congressional,NJ 2020 Congressional,c601c3fd-769d-4a46-9c0c-4801ad29fa31,NA,NA,https://davesredistricting.org/maps#viewmap::c601c3fd-769d-4a46-9c0c-4801ad29fa31
NJ,2020,40,upper,NJ 2020 State Legislatures,NJ 2020 State Legislatures,3e874200-c618-42b5-8ed0-55cfc0bc5755,NA,NA,https://davesredistricting.org/maps#viewmap::3e874200-c618-42b5-8ed0-55cfc0bc5755
NJ,2022,12,congress,NJ 2022 Congressional,NJ 2022 Congressional,6ff0b024-2e5d-4e9b-ba0e-56f6de17ea80,NA,NA,https://davesredistricting.org/maps#viewmap::6ff0b024-2e5d-4e9b-ba0e-56f6de17ea80
NJ,2022,40,upper,NJ 2022 State Legislatures,NJ 2022 State Legislatures,61388384-5d1f-4f3b-9669-31e485b781f1,NA,NA,https://davesredistricting.org/maps#viewmap::61388384-5d1f-4f3b-9669-31e485b781f1
NM,115,3,congress,Districts for the 116th US Congress,NM 116th Congressional,dd6717a4-ea8e-460d-970a-a302d86c1ee1,2dbcc783-62e7-4468-8fac-134a15abe34f.png,NA,https://davesredistricting.org/maps#viewmap::dd6717a4-ea8e-460d-970a-a302d86c1ee1
NM,116,3,congress,Districts for the 116th US Congress,NM 116th Congressional,dd6717a4-ea8e-460d-970a-a302d86c1ee1,2dbcc783-62e7-4468-8fac-134a15abe34f.png,NA,https://davesredistricting.org/maps#viewmap::dd6717a4-ea8e-460d-970a-a302d86c1ee1
NM,2018,70,lower,Districts for the 2018 Lower State House,NM 2018 Lower State House,4700854a-a08d-4a93-96af-2a2395ed21e6,320a310c-b6d6-4fca-8072-b92be39fcd82.png,NA,https://davesredistricting.org/maps#viewmap::4700854a-a08d-4a93-96af-2a2395ed21e6
NM,2018,42,upper,Districts for the 2018 Upper State House,NM 2018 Upper State House,06869f29-1c53-4fce-8e0b-b6e1e49ad95d,af0ae21a-a6d5-4bea-954c-a0c8a83fbef9.png,NA,https://davesredistricting.org/maps#viewmap::06869f29-1c53-4fce-8e0b-b6e1e49ad95d
NM,2020,3,congress,NM 2020 Congressional,NM 2020 Congressional,33ecdb53-4a90-4191-88b2-b58148c20a45,NA,NA,https://davesredistricting.org/maps#viewmap::33ecdb53-4a90-4191-88b2-b58148c20a45
NM,2020,70,lower,NM 2020 State House,NM 2020 State House,cb331bfa-90f3-4f21-aee0-54edce6e5bfa,NA,NA,https://davesredistricting.org/maps#viewmap::cb331bfa-90f3-4f21-aee0-54edce6e5bfa
NM,2020,42,upper,NM 2020 State Senate,NM 2020 State Senate,98f0ac40-b84a-4318-8e3e-9c91c839c6f8,NA,NA,https://davesredistricting.org/maps#viewmap::98f0ac40-b84a-4318-8e3e-9c91c839c6f8
NM,2022,3,congress,NM 2022 Congressional,NM 2022 Congressional,ec1c76cd-f59f-445b-8f24-fbffb0e8bdf5,NA,NA,https://davesredistricting.org/maps#viewmap::ec1c76cd-f59f-445b-8f24-fbffb0e8bdf5
NM,2022,70,lower,NM 2022 State House,NM 2022 State House,5e00bd63-7008-4b5e-b570-db5ba1d36785,NA,NA,https://davesredistricting.org/maps#viewmap::5e00bd63-7008-4b5e-b570-db5ba1d36785
NM,2022,42,upper,NM 2022 State Senate,NM 2022 State Senate,11c9cc63-8521-4785-89f3-58b5e4359507,NA,NA,https://davesredistricting.org/maps#viewmap::11c9cc63-8521-4785-89f3-58b5e4359507
NV,115,4,congress,Districts for the 116th US Congress,NV 116th Congressional,0e58977e-bb6b-488f-b6e1-36d6a55a7c0c,6fe1ef33-7eec-47bd-af97-15caf48595b1.png,NA,https://davesredistricting.org/maps#viewmap::0e58977e-bb6b-488f-b6e1-36d6a55a7c0c
NV,116,4,congress,Districts for the 116th US Congress,NV 116th Congressional,0e58977e-bb6b-488f-b6e1-36d6a55a7c0c,6fe1ef33-7eec-47bd-af97-15caf48595b1.png,NA,https://davesredistricting.org/maps#viewmap::0e58977e-bb6b-488f-b6e1-36d6a55a7c0c
NV,2018,42,lower,Districts for the 2018 Lower State House,NV 2018 Lower State House,33d282f2-d93a-4d5f-aadf-88f50ce2da4a,5b3b82f0-cd0e-4321-a3ff-4fff3dabd3b5.png,NA,https://davesredistricting.org/maps#viewmap::33d282f2-d93a-4d5f-aadf-88f50ce2da4a
NV,2018,21,upper,Districts for the 2018 Upper State House,NV 2018 Upper State House,8cb306b0-bdb4-40d2-8816-92e0bb5d982b,76d46eda-9dfd-4ff9-ad4e-34b2bb35b373.png,NA,https://davesredistricting.org/maps#viewmap::8cb306b0-bdb4-40d2-8816-92e0bb5d982b
NV,2020,4,congress,NV 2020 Congressional,NV 2020 Congressional,43ac26c6-a829-4102-9d40-be3288998318,NA,NA,https://davesredistricting.org/maps#viewmap::43ac26c6-a829-4102-9d40-be3288998318
NV,2020,42,lower,NV 2020 State House,NV 2020 State House,deaf50a1-581a-4f1e-a21b-4d798d6d58c9,NA,NA,https://davesredistricting.org/maps#viewmap::deaf50a1-581a-4f1e-a21b-4d798d6d58c9
NV,2020,21,upper,NV 2020 State Senate,NV 2020 State Senate,fc1bd6ca-39d6-4326-bed0-4d78991177e2,NA,NA,https://davesredistricting.org/maps#viewmap::fc1bd6ca-39d6-4326-bed0-4d78991177e2
NV,2022,4,congress,NV 2022 Congressional,NV 2022 Congressional,eb89e40d-595f-485f-9a43-d1bbdd6d0cb4,NA,NA,https://davesredistricting.org/maps#viewmap::eb89e40d-595f-485f-9a43-d1bbdd6d0cb4
NV,2022,42,lower,NV 2022 State House,NV 2022 State House,2a33203f-8725-48dc-ba1b-478bd6012a58,NA,NA,https://davesredistricting.org/maps#viewmap::2a33203f-8725-48dc-ba1b-478bd6012a58
NV,2022,21,upper,NV 2022 State Senate,NV 2022 State Senate,99808524-5012-4119-91ce-973ba647806b,NA,NA,https://davesredistricting.org/maps#viewmap::99808524-5012-4119-91ce-973ba647806b
NY,115,27,congress,Districts for the 116th US Congress,NY 116th Congressional,8f4e0292-205f-4260-b2f2-717687baa0c6,ecc44c78-800e-4c49-b1ec-66876035d062.png,NA,https://davesredistricting.org/maps#viewmap::8f4e0292-205f-4260-b2f2-717687baa0c6
NY,116,27,congress,Districts for the 116th US Congress,NY 116th Congressional,8f4e0292-205f-4260-b2f2-717687baa0c6,ecc44c78-800e-4c49-b1ec-66876035d062.png,NA,https://davesredistricting.org/maps#viewmap::8f4e0292-205f-4260-b2f2-717687baa0c6
NY,2018,150,lower,Districts for the 2018 Lower State House,NY 2018 Lower State House,ae6b9fb0-8348-4666-a2bf-1997e26cf4e9,1e3b383f-b90f-4594-9228-551308ab0070.png,NA,https://davesredistricting.org/maps#viewmap::ae6b9fb0-8348-4666-a2bf-1997e26cf4e9
NY,2018,63,upper,Districts for the 2018 Upper State House,NY 2018 Upper State House,3c13df3e-2cbc-4ba1-9ee1-2921d81118f0,391d8303-16c4-4bcd-9a30-63deb4b77b0f.png,NA,https://davesredistricting.org/maps#viewmap::3c13df3e-2cbc-4ba1-9ee1-2921d81118f0
NY,2020,27,congress,NY 2020 Congressional,NY 2020 Congressional,6703b5c2-0849-4fdd-9712-f281849255ab,NA,NA,https://davesredistricting.org/maps#viewmap::6703b5c2-0849-4fdd-9712-f281849255ab
NY,2020,150,lower,NY 2020 State House,NY 2020 State House,a8e775b4-a57d-4899-b5fe-797958d6b9ec,NA,NA,https://davesredistricting.org/maps#viewmap::a8e775b4-a57d-4899-b5fe-797958d6b9ec
NY,2020,63,upper,NY 2020 State Senate,NY 2020 State Senate,f5f5e082-407c-432c-899a-6d615cc5faa8,NA,NA,https://davesredistricting.org/maps#viewmap::f5f5e082-407c-432c-899a-6d615cc5faa8
NY,2022,26,congress,NY 2022 Congressional,NY 2022 Congressional,395a7fbe-fa32-47fc-993d-e07d36baff72,NA,FALSE,https://davesredistricting.org/maps#viewmap::395a7fbe-fa32-47fc-993d-e07d36baff72
NY,2022,150,lower,NY 2022 State House,NY 2022 State House,1933abca-db19-40f9-808d-17dd90642cdc,NA,NA,https://davesredistricting.org/maps#viewmap::1933abca-db19-40f9-808d-17dd90642cdc
NY,2022,63,upper,NY 2022 State Senate,NY 2022 State Senate,bb78268d-ea3c-46a1-a484-c192a6c0e15d,NA,FALSE,https://davesredistricting.org/maps#viewmap::bb78268d-ea3c-46a1-a484-c192a6c0e15d
NY,2024,26,congress,NY 2024 Congressional,NY 2024 Congressional,948da7ae-d2f9-48d8-a04a-433f5ff88fcd,NA,FALSE,https://davesredistricting.org/maps#viewmap::948da7ae-d2f9-48d8-a04a-433f5ff88fcd
OH,115,16,congress,Districts for the 116th US Congress,OH 116th Congressional,4767b727-0165-4901-9e40-3fc135bf1032,873117ba-e63d-453d-b445-e3e01f2d5410.png,NA,https://davesredistricting.org/maps#viewmap::4767b727-0165-4901-9e40-3fc135bf1032
OH,116,16,congress,Districts for the 116th US Congress,OH 116th Congressional,4767b727-0165-4901-9e40-3fc135bf1032,873117ba-e63d-453d-b445-e3e01f2d5410.png,NA,https://davesredistricting.org/maps#viewmap::4767b727-0165-4901-9e40-3fc135bf1032
OH,2018,99,lower,Districts for the 2018 Lower State House,OH 2018 Lower State House,51c73f00-ffa5-4aa6-8656-9bfd26baf468,8efb7f47-2583-4e89-a820-8ec5722c7f0d.png,NA,https://davesredistricting.org/maps#viewmap::51c73f00-ffa5-4aa6-8656-9bfd26baf468
OH,2018,33,upper,Districts for the 2018 Upper State House,OH 2018 Upper State House,6c2c2f9c-5ffe-42f0-9e1f-809c8b9eb10d,246b62c6-d1bb-4536-8d39-07542f895c64.png,NA,https://davesredistricting.org/maps#viewmap::6c2c2f9c-5ffe-42f0-9e1f-809c8b9eb10d
OH,2020,16,congress,OH 2020 Congressional,OH 2020 Congressional,00eb40c5-ef15-4634-af87-72fd2b9d062d,NA,NA,https://davesredistricting.org/maps#viewmap::00eb40c5-ef15-4634-af87-72fd2b9d062d
OH,2020,99,lower,OH 2020 State House,OH 2020 State House,8db12bef-0510-4386-be22-19949a43b73c,NA,NA,https://davesredistricting.org/maps#viewmap::8db12bef-0510-4386-be22-19949a43b73c
OH,2020,33,upper,OH 2020 State Senate,OH 2020 State Senate,bc4f22d5-75d7-42f5-a628-c1dc9b0740e4,NA,NA,https://davesredistricting.org/maps#viewmap::bc4f22d5-75d7-42f5-a628-c1dc9b0740e4
OH,2022,15,congress,OH 2022 Congressional,OH 2022 Congressional,64d56870-70ea-4f4d-b667-9a4fd60ac511,NA,FALSE,https://davesredistricting.org/maps#viewmap::64d56870-70ea-4f4d-b667-9a4fd60ac511
OH,2022,99,lower,OH 2022 State House,OH 2022 State House,90de759b-f81d-44c0-a019-d2714a38cc3a,NA,FALSE,https://davesredistricting.org/maps#viewmap::90de759b-f81d-44c0-a019-d2714a38cc3a
OH,2022,33,upper,OH 2022 State Senate,OH 2022 State Senate,6eba71b1-18a1-48d1-99c9-62afba432253,NA,FALSE,https://davesredistricting.org/maps#viewmap::6eba71b1-18a1-48d1-99c9-62afba432253
OH,2024,99,lower,OH 2024 State House,OH 2024 State House,194951e2-47e3-4ce2-9317-f15dbf42ff70,NA,FALSE,https://davesredistricting.org/maps#viewmap::194951e2-47e3-4ce2-9317-f15dbf42ff70
OH,2024,33,upper,OH 2024 State Senate,OH 2024 State Senate,12110497-58f6-416f-a13d-100dcbd88450,NA,FALSE,https://davesredistricting.org/maps#viewmap::12110497-58f6-416f-a13d-100dcbd88450
OH,2026,15,congress,OH 2026 Congressional,OH 2026 Congressional,db6559b0-8923-471b-b219-152ba0decd9b,NA,NA,https://davesredistricting.org/maps#viewmap::db6559b0-8923-471b-b219-152ba0decd9b
OK,115,5,congress,Districts for the 116th US Congress,OK 116th Congressional,a161e79a-cc89-4a86-849b-e9a6983b9900,f327f85f-bc05-4b92-a075-d304ade1e109.png,NA,https://davesredistricting.org/maps#viewmap::a161e79a-cc89-4a86-849b-e9a6983b9900
OK,116,5,congress,Districts for the 116th US Congress,OK 116th Congressional,a161e79a-cc89-4a86-849b-e9a6983b9900,f327f85f-bc05-4b92-a075-d304ade1e109.png,NA,https://davesredistricting.org/maps#viewmap::a161e79a-cc89-4a86-849b-e9a6983b9900
OK,2018,101,lower,Districts for the 2018 Lower State House,OK 2018 Lower State House,37520fcb-1dc3-4f90-a834-5f8949219410,2329f6e3-9acc-4492-8923-0da721e2a7e0.png,NA,https://davesredistricting.org/maps#viewmap::37520fcb-1dc3-4f90-a834-5f8949219410
OK,2018,48,upper,Districts for the 2018 Upper State House,OK 2018 Upper State House,207bc3fe-c715-48ae-8e9e-d5742db0fa4d,d4ec9d91-baed-406d-a3e3-30d012a312ac.png,NA,https://davesredistricting.org/maps#viewmap::207bc3fe-c715-48ae-8e9e-d5742db0fa4d
OK,2020,5,congress,OK 2020 Congressional,OK 2020 Congressional,bae848ae-a6fd-4647-a2fc-3af07978eb28,NA,NA,https://davesredistricting.org/maps#viewmap::bae848ae-a6fd-4647-a2fc-3af07978eb28
OK,2020,101,lower,OK 2020 State House,OK 2020 State House,854457c5-2a04-4288-bcf8-60817508cb57,NA,NA,https://davesredistricting.org/maps#viewmap::854457c5-2a04-4288-bcf8-60817508cb57
OK,2020,48,upper,OK 2020 State Senate,OK 2020 State Senate,8a4e4017-50e4-4ee4-b07f-54ae5de6cf65,NA,NA,https://davesredistricting.org/maps#viewmap::8a4e4017-50e4-4ee4-b07f-54ae5de6cf65
OK,2022,5,congress,OK 2022 Congressional,OK 2022 Congressional,f726bcb3-b750-44b2-9d0b-e2df90fe6fa5,NA,NA,https://davesredistricting.org/maps#viewmap::f726bcb3-b750-44b2-9d0b-e2df90fe6fa5
OK,2022,101,lower,OK 2022 State House,OK 2022 State House,a4a178b9-581b-4591-bcf9-13e18bd850ea,NA,NA,https://davesredistricting.org/maps#viewmap::a4a178b9-581b-4591-bcf9-13e18bd850ea
OK,2022,48,upper,OK 2022 State Senate,OK 2022 State Senate,0fa6fe25-9db7-4777-a150-d2309188823f,NA,NA,https://davesredistricting.org/maps#viewmap::0fa6fe25-9db7-4777-a150-d2309188823f
OR,115,5,congress,Districts for the 116th US Congress,OR 116th Congressional,b4f95111-9fbb-4fd7-8642-53e793155f41,af7938cc-c8e6-4784-bfc8-63e79fc9d909.png,NA,https://davesredistricting.org/maps#viewmap::b4f95111-9fbb-4fd7-8642-53e793155f41
OR,116,5,congress,Districts for the 116th US Congress,OR 116th Congressional,b4f95111-9fbb-4fd7-8642-53e793155f41,af7938cc-c8e6-4784-bfc8-63e79fc9d909.png,NA,https://davesredistricting.org/maps#viewmap::b4f95111-9fbb-4fd7-8642-53e793155f41
OR,2018,60,lower,Districts for the 2018 Lower State House,OR 2018 Lower State House,62477823-1f28-4099-891e-aaf581940b12,e1af11f2-7bbf-4058-99eb-861c8bd06ca1.png,NA,https://davesredistricting.org/maps#viewmap::62477823-1f28-4099-891e-aaf581940b12
OR,2018,30,upper,Districts for the 2018 Upper State House,OR 2018 Upper State House,8a17970d-05bb-4c06-a63e-4e713c682e88,12411608-3d79-4faf-904a-c7b2b9bf275d.png,NA,https://davesredistricting.org/maps#viewmap::8a17970d-05bb-4c06-a63e-4e713c682e88
OR,2020,5,congress,OR 2020 Congressional,OR 2020 Congressional,d0da4067-8219-48b6-9403-6bb5782d2dba,NA,NA,https://davesredistricting.org/maps#viewmap::d0da4067-8219-48b6-9403-6bb5782d2dba
OR,2020,60,lower,OR 2020 State House,OR 2020 State House,9fa8e947-a539-492d-8689-9e40e195b2b9,NA,NA,https://davesredistricting.org/maps#viewmap::9fa8e947-a539-492d-8689-9e40e195b2b9
OR,2020,30,upper,OR 2020 State Senate,OR 2020 State Senate,239a73b1-7273-47c9-b7e6-0601f2714112,NA,NA,https://davesredistricting.org/maps#viewmap::239a73b1-7273-47c9-b7e6-0601f2714112
OR,2022,6,congress,OR 2022 Congressional,OR 2022 Congressional,9b2b545f-5cd2-4e0d-a9b9-cc3915a4750f,NA,NA,https://davesredistricting.org/maps#viewmap::9b2b545f-5cd2-4e0d-a9b9-cc3915a4750f
OR,2022,60,lower,OR 2022 State House,OR 2022 State House,c572dfa0-276b-4a76-8531-06669d885f27,NA,NA,https://davesredistricting.org/maps#viewmap::c572dfa0-276b-4a76-8531-06669d885f27
OR,2022,30,upper,OR 2022 State Senate,OR 2022 State Senate,a5aadfab-0234-489a-a4df-cc008a844926,NA,NA,https://davesredistricting.org/maps#viewmap::a5aadfab-0234-489a-a4df-cc008a844926
PA,115,18,congress,Districts for the 116th US Congress,PA 116th Congressional,bee23a27-3796-4f20-99da-98550eebd85a,ed6b904a-51e2-444a-b6e5-771563255c91.png,NA,https://davesredistricting.org/maps#viewmap::bee23a27-3796-4f20-99da-98550eebd85a
PA,116,18,congress,Districts for the 116th US Congress,PA 116th Congressional,bee23a27-3796-4f20-99da-98550eebd85a,ed6b904a-51e2-444a-b6e5-771563255c91.png,NA,https://davesredistricting.org/maps#viewmap::bee23a27-3796-4f20-99da-98550eebd85a
PA,2018,203,lower,Districts for the 2018 Lower State House,PA 2018 Lower State House,728464bc-3981-42a1-8f92-2013a074e318,b6811e23-3ca1-4cc8-9936-41a6f5e7d9ea.png,NA,https://davesredistricting.org/maps#viewmap::728464bc-3981-42a1-8f92-2013a074e318
PA,2018,50,upper,Districts for the 2018 Upper State House,PA 2018 Upper State House,e9610cd5-e72d-4abc-877a-f40faa6ee538,d5709cf5-a98d-457a-a4d1-c16fca0c4733.png,NA,https://davesredistricting.org/maps#viewmap::e9610cd5-e72d-4abc-877a-f40faa6ee538
PA,2020,18,congress,PA 2020 Congressional,PA 2020 Congressional,3d91ae72-035c-49d8-920b-d44012d3ea2d,NA,NA,https://davesredistricting.org/maps#viewmap::3d91ae72-035c-49d8-920b-d44012d3ea2d
PA,2020,203,lower,PA 2020 State House,PA 2020 State House,1f6aa7de-308c-4ea1-a1bb-bff32d498d77,NA,NA,https://davesredistricting.org/maps#viewmap::1f6aa7de-308c-4ea1-a1bb-bff32d498d77
PA,2020,50,upper,PA 2020 State Senate,PA 2020 State Senate,d395da42-e7b5-4c14-85c8-e76bc6bd6ae6,NA,NA,https://davesredistricting.org/maps#viewmap::d395da42-e7b5-4c14-85c8-e76bc6bd6ae6
PA,2022,17,congress,PA 2022 Congressional,PA 2022 Congressional,b0a94d77-5d99-41c5-bc01-5859a6e1f3e6,NA,NA,https://davesredistricting.org/maps#viewmap::b0a94d77-5d99-41c5-bc01-5859a6e1f3e6
PA,2022,203,lower,PA 2022 State House,PA 2022 State House,12a18072-adf1-48ac-a9d1-12280567b824,NA,NA,https://davesredistricting.org/maps#viewmap::12a18072-adf1-48ac-a9d1-12280567b824
PA,2022,50,upper,PA 2022 State Senate,PA 2022 State Senate,317011f0-6bcd-4df6-a1ee-435a92640426,NA,NA,https://davesredistricting.org/maps#viewmap::317011f0-6bcd-4df6-a1ee-435a92640426
RI,115,2,congress,Districts for the 116th US Congress,RI 116th Congressional,9949d8d8-2197-44b7-9768-e163ec5ad6f6,d648821c-945d-4796-a592-41c451e48a27.png,NA,https://davesredistricting.org/maps#viewmap::9949d8d8-2197-44b7-9768-e163ec5ad6f6
RI,116,2,congress,Districts for the 116th US Congress,RI 116th Congressional,9949d8d8-2197-44b7-9768-e163ec5ad6f6,d648821c-945d-4796-a592-41c451e48a27.png,NA,https://davesredistricting.org/maps#viewmap::9949d8d8-2197-44b7-9768-e163ec5ad6f6
RI,2018,75,lower,Districts for the 2018 Lower State House,RI 2018 Lower State House,9ea70b77-998f-4623-9636-2fc03571a43c,5af58129-ac5b-4661-a3d9-c7819eb40e37.png,NA,https://davesredistricting.org/maps#viewmap::9ea70b77-998f-4623-9636-2fc03571a43c
RI,2018,38,upper,Districts for the 2018 Upper State House,RI 2018 Upper State House,f6b62d62-4816-4894-bed7-8688bef0a6cd,a9c2b98c-426f-4376-b8b8-2e08b3ae8de7.png,NA,https://davesredistricting.org/maps#viewmap::f6b62d62-4816-4894-bed7-8688bef0a6cd
RI,2020,2,congress,RI 2020 Congressional,RI 2020 Congressional,413e574e-0568-48f4-8e4e-0a31aefa65c2,NA,NA,https://davesredistricting.org/maps#viewmap::413e574e-0568-48f4-8e4e-0a31aefa65c2
RI,2020,75,lower,RI 2020 State House,RI 2020 State House,e1f078e4-db50-4312-b37a-f59be0bea45e,NA,NA,https://davesredistricting.org/maps#viewmap::e1f078e4-db50-4312-b37a-f59be0bea45e
RI,2020,38,upper,RI 2020 State Senate,RI 2020 State Senate,921eba30-ae19-469d-9ef8-c34092bc123f,NA,NA,https://davesredistricting.org/maps#viewmap::921eba30-ae19-469d-9ef8-c34092bc123f
RI,2022,2,congress,RI 2022 Congressional,RI 2022 Congressional,cffbb279-824c-47b8-90c7-3070378e37ae,NA,NA,https://davesredistricting.org/maps#viewmap::cffbb279-824c-47b8-90c7-3070378e37ae
RI,2022,75,lower,RI 2022 State House,RI 2022 State House,90ec6599-f715-4a3a-b50b-5858788046ac,NA,NA,https://davesredistricting.org/maps#viewmap::90ec6599-f715-4a3a-b50b-5858788046ac
RI,2022,38,upper,RI 2022 State Senate,RI 2022 State Senate,2aab93a2-7e15-4047-87a8-02b0deb3eb4e,NA,NA,https://davesredistricting.org/maps#viewmap::2aab93a2-7e15-4047-87a8-02b0deb3eb4e
SC,115,7,congress,Districts for the 116th US Congress,SC 116th Congressional,ea290ec9-e65c-42d6-b244-0090ee40ca2d,b70ae7d0-1ba3-472c-8b4d-ececbc1fc211.png,NA,https://davesredistricting.org/maps#viewmap::ea290ec9-e65c-42d6-b244-0090ee40ca2d
SC,116,7,congress,Districts for the 116th US Congress,SC 116th Congressional,ea290ec9-e65c-42d6-b244-0090ee40ca2d,b70ae7d0-1ba3-472c-8b4d-ececbc1fc211.png,NA,https://davesredistricting.org/maps#viewmap::ea290ec9-e65c-42d6-b244-0090ee40ca2d
SC,2018,124,lower,Districts for the 2018 Lower State House,SC 2018 Lower State House,2d9c8c11-858d-4a51-95b7-b132145d68c0,78bcc124-f3d6-4674-997b-4ffec7758144.png,NA,https://davesredistricting.org/maps#viewmap::2d9c8c11-858d-4a51-95b7-b132145d68c0
SC,2018,46,upper,Districts for the 2018 Upper State House,SC 2018 Upper State House,4b582568-5d9e-48c2-9312-aeccbc285365,affee558-5d5a-47ed-b870-66c5d6cab406.png,NA,https://davesredistricting.org/maps#viewmap::4b582568-5d9e-48c2-9312-aeccbc285365
SC,2020,7,congress,SC 2020 Congressional,SC 2020 Congressional,ac3c139e-73a1-4391-87f4-1aaaf7ead166,NA,NA,https://davesredistricting.org/maps#viewmap::ac3c139e-73a1-4391-87f4-1aaaf7ead166
SC,2020,124,lower,SC 2020 State House,SC 2020 State House,daa5b74c-5f3f-4793-8bf4-59c3224d97c2,NA,NA,https://davesredistricting.org/maps#viewmap::daa5b74c-5f3f-4793-8bf4-59c3224d97c2
SC,2020,46,upper,SC 2020 State Senate,SC 2020 State Senate,b0cf2d82-6dc3-48cd-8ba4-af26dddd964a,NA,NA,https://davesredistricting.org/maps#viewmap::b0cf2d82-6dc3-48cd-8ba4-af26dddd964a
SC,2022,7,congress,SC 2022 Congressional,SC 2022 Congressional,839561a1-8c15-4c4b-ab56-3275d68092f9,NA,NA,https://davesredistricting.org/maps#viewmap::839561a1-8c15-4c4b-ab56-3275d68092f9
SC,2022,46,upper,SC 2022 State Senate,SC 2022 State Senate,7c9df455-6865-4f9e-8172-7c1a26ab28b9,NA,NA,https://davesredistricting.org/maps#viewmap::7c9df455-6865-4f9e-8172-7c1a26ab28b9
SC,2022,124,lower,SC 2022 State House,SC 2022 State House,f886f454-bdf5-463e-823e-7dfe56c8bbdd,NA,NA,https://davesredistricting.org/maps#viewmap::f886f454-bdf5-463e-823e-7dfe56c8bbdd
SC,2024,124,lower,SC 2024 State House,SC 2024 State House,1e28dcaf-fe98-47a0-a2b7-76f890b6c62a,NA,NA,https://davesredistricting.org/maps#viewmap::1e28dcaf-fe98-47a0-a2b7-76f890b6c62a
SD,2018,37,lower,Districts for the 2018 Lower State House,SD 2018 Lower State House,52ffade8-5e0a-4bea-b603-3a884b5ed4b1,5373d79d-5257-4eb6-ba62-2dc05d194938.png,NA,https://davesredistricting.org/maps#viewmap::52ffade8-5e0a-4bea-b603-3a884b5ed4b1
SD,2018,35,upper,Districts for the 2018 Upper State House,SD 2018 Upper State House,08f2c1ca-c66d-4240-a676-880334fa596b,c3c5446e-8309-4dc3-a9c9-018b127a53e4.png,NA,https://davesredistricting.org/maps#viewmap::08f2c1ca-c66d-4240-a676-880334fa596b
SD,2020,37,lower,SD 2020 State House,SD 2020 State House,f4e49e3f-d68f-4300-acf1-8de45271b8eb,NA,NA,https://davesredistricting.org/maps#viewmap::f4e49e3f-d68f-4300-acf1-8de45271b8eb
SD,2020,35,upper,SD 2020 State Senate,SD 2020 State Senate,106d8866-5d74-4f36-99d2-709a8fbd5b62,NA,NA,https://davesredistricting.org/maps#viewmap::106d8866-5d74-4f36-99d2-709a8fbd5b62
SD,2022,37,lower,SD 2022 State House,SD 2022 State House,364d2cd2-893a-4582-910c-9d91ffcd5c2a,NA,NA,https://davesredistricting.org/maps#viewmap::364d2cd2-893a-4582-910c-9d91ffcd5c2a
SD,2022,35,upper,SD 2022 State Senate,SD 2022 State Senate,0a226808-0b1c-4049-800b-612e18674828,NA,NA,https://davesredistricting.org/maps#viewmap::0a226808-0b1c-4049-800b-612e18674828
TN,115,9,congress,Districts for the 116th US Congress,TN 116th Congressional,47e18b49-85c5-4b07-b523-b29c3a4b3b74,91e34464-8d72-4c25-b271-6f410f24b99b.png,NA,https://davesredistricting.org/maps#viewmap::47e18b49-85c5-4b07-b523-b29c3a4b3b74
TN,116,9,congress,Districts for the 116th US Congress,TN 116th Congressional,47e18b49-85c5-4b07-b523-b29c3a4b3b74,91e34464-8d72-4c25-b271-6f410f24b99b.png,NA,https://davesredistricting.org/maps#viewmap::47e18b49-85c5-4b07-b523-b29c3a4b3b74
TN,2018,99,lower,Districts for the 2018 Lower State House,TN 2018 Lower State House,7aaedde7-1d83-4f09-8f40-7165415e093d,5bdd999c-4f25-47f8-b882-01fa446da231.png,NA,https://davesredistricting.org/maps#viewmap::7aaedde7-1d83-4f09-8f40-7165415e093d
TN,2018,33,upper,Districts for the 2018 Upper State House,TN 2018 Upper State House,cf60c146-2d69-48ec-9d83-aa59337182b1,79891cb2-d0f8-4bda-aae1-cc57c9c53dac.png,NA,https://davesredistricting.org/maps#viewmap::cf60c146-2d69-48ec-9d83-aa59337182b1
TN,2020,9,congress,TN 2020 Congressional,TN 2020 Congressional,5324d375-0bc2-4960-9f87-6b9aa8e39b0d,NA,NA,https://davesredistricting.org/maps#viewmap::5324d375-0bc2-4960-9f87-6b9aa8e39b0d
TN,2020,99,lower,TN 2020 State House,TN 2020 State House,e7c9e385-70d4-4fc2-9c84-5537bcab3488,NA,NA,https://davesredistricting.org/maps#viewmap::e7c9e385-70d4-4fc2-9c84-5537bcab3488
TN,2020,33,upper,TN 2020 State Senate,TN 2020 State Senate,0c73a0f5-005e-4de8-a189-885a0fbbe5b5,NA,NA,https://davesredistricting.org/maps#viewmap::0c73a0f5-005e-4de8-a189-885a0fbbe5b5
TN,2022,9,congress,TN 2022 Congressional,TN 2022 Congressional,9185d1ce-1556-46ab-9628-6749769d0262,NA,NA,https://davesredistricting.org/maps#viewmap::9185d1ce-1556-46ab-9628-6749769d0262
TN,2022,99,lower,TN 2022 State House,TN 2022 State House,c0ed8258-ce44-4eec-9736-2cc3b86a9d16,NA,NA,https://davesredistricting.org/maps#viewmap::c0ed8258-ce44-4eec-9736-2cc3b86a9d16
TN,2022,33,upper,TN 2022 State Senate,TN 2022 State Senate,62c62bed-a104-4afc-9286-9b3915b45f58,NA,NA,https://davesredistricting.org/maps#viewmap::62c62bed-a104-4afc-9286-9b3915b45f58
TX,115,36,congress,Districts for the 116th US Congress,TX 116th Congressional,c706c1de-408b-46b2-ac5b-498cf1f64058,6ecde762-3c69-4a0c-aabe-8e1193f6e841.png,NA,https://davesredistricting.org/maps#viewmap::c706c1de-408b-46b2-ac5b-498cf1f64058
TX,116,36,congress,Districts for the 116th US Congress,TX 116th Congressional,c706c1de-408b-46b2-ac5b-498cf1f64058,6ecde762-3c69-4a0c-aabe-8e1193f6e841.png,NA,https://davesredistricting.org/maps#viewmap::c706c1de-408b-46b2-ac5b-498cf1f64058
TX,2018,150,lower,Districts for the 2018 Lower State House,TX 2018 Lower State House,2c003259-5842-4a6f-b05c-2f5574b15705,43eae064-7e00-4eb9-a0e6-ed7068b88d25.png,NA,https://davesredistricting.org/maps#viewmap::2c003259-5842-4a6f-b05c-2f5574b15705
TX,2018,31,upper,Districts for the 2018 Upper State House,TX 2018 Upper State House,53df56e8-f151-4b26-88f0-7d5e255b9fac,289f0d55-90ff-4169-9cb4-36a01233bafb.png,NA,https://davesredistricting.org/maps#viewmap::53df56e8-f151-4b26-88f0-7d5e255b9fac
TX,2020,36,congress,TX 2020 Congressional,TX 2020 Congressional,19b1b774-7706-485b-a21a-896bbcbddbba,NA,NA,https://davesredistricting.org/maps#viewmap::19b1b774-7706-485b-a21a-896bbcbddbba
TX,2020,150,lower,TX 2020 State House,TX 2020 State House,d7ff882d-9e26-4958-aaf0-84726cfe22c9,NA,NA,https://davesredistricting.org/maps#viewmap::d7ff882d-9e26-4958-aaf0-84726cfe22c9
TX,2020,31,upper,TX 2020 State Senate,TX 2020 State Senate,2058bfdd-689b-4d8b-9e75-52dc536b66fd,NA,NA,https://davesredistricting.org/maps#viewmap::2058bfdd-689b-4d8b-9e75-52dc536b66fd
TX,2022,38,congress,TX 2022 Congressional,TX 2022 Congressional,1c2c1e0d-2fd1-43a8-a039-73e7023124d1,NA,NA,https://davesredistricting.org/maps#viewmap::1c2c1e0d-2fd1-43a8-a039-73e7023124d1
TX,2022,150,lower,TX 2022 State House,TX 2022 State House,e74af879-6ba8-4a5c-b946-0b9364aae40b,NA,NA,https://davesredistricting.org/maps#viewmap::e74af879-6ba8-4a5c-b946-0b9364aae40b
TX,2022,31,upper,TX 2022 State Senate,TX 2022 State Senate,94b33bee-887d-4170-b154-80aa55c8fe5b,NA,NA,https://davesredistricting.org/maps#viewmap::94b33bee-887d-4170-b154-80aa55c8fe5b
TX,2026,38,congress,TX 2026 Congressional,TX 2026 Congressional,1ea6b752-99fa-4bbb-8c4e-3110234ac5e6,NA,NA,https://davesredistricting.org/maps#viewmap::1ea6b752-99fa-4bbb-8c4e-3110234ac5e6
UT,115,4,congress,Districts for the 116th US Congress,UT 116th Congressional,4603c0e4-0e01-49cf-bc50-a02d5c60afff,a28e175e-82ca-42f7-a13f-33c26d971717.png,NA,https://davesredistricting.org/maps#viewmap::4603c0e4-0e01-49cf-bc50-a02d5c60afff
UT,116,4,congress,Districts for the 116th US Congress,UT 116th Congressional,4603c0e4-0e01-49cf-bc50-a02d5c60afff,a28e175e-82ca-42f7-a13f-33c26d971717.png,NA,https://davesredistricting.org/maps#viewmap::4603c0e4-0e01-49cf-bc50-a02d5c60afff
UT,2018,75,lower,Districts for the 2018 Lower State House,UT 2018 Lower State House,698dda4d-21fd-451c-aa85-8d6431b523bc,d78f362d-cf4e-4970-99a4-8a2a588b5520.png,NA,https://davesredistricting.org/maps#viewmap::698dda4d-21fd-451c-aa85-8d6431b523bc
UT,2018,29,upper,Districts for the 2018 Upper State House,UT 2018 Upper State House,86a37b77-8c22-4d94-a915-98d9617d4229,20b1b91c-dfaf-45c2-a8db-3f4237c7482d.png,NA,https://davesredistricting.org/maps#viewmap::86a37b77-8c22-4d94-a915-98d9617d4229
UT,2020,4,congress,UT 2020 Congressional,UT 2020 Congressional,34e5ac82-d619-4402-963a-9d1118f318f7,NA,NA,https://davesredistricting.org/maps#viewmap::34e5ac82-d619-4402-963a-9d1118f318f7
UT,2020,75,lower,UT 2020 State House,UT 2020 State House,6063bd3c-36d9-4506-906b-273165a9b739,NA,NA,https://davesredistricting.org/maps#viewmap::6063bd3c-36d9-4506-906b-273165a9b739
UT,2020,29,upper,UT 2020 State Senate,UT 2020 State Senate,d02d29a1-0927-448d-9f8a-1b50823844db,NA,NA,https://davesredistricting.org/maps#viewmap::d02d29a1-0927-448d-9f8a-1b50823844db
UT,2022,4,congress,UT 2022 Congressional,UT 2022 Congressional,b4d46a7e-4366-4f6c-ac54-ff6640d4e13f,NA,NA,https://davesredistricting.org/maps#viewmap::b4d46a7e-4366-4f6c-ac54-ff6640d4e13f
UT,2022,75,lower,UT 2022 State House,UT 2022 State House,927e8547-08f9-43e3-8abc-68a7faf89d71,NA,NA,https://davesredistricting.org/maps#viewmap::927e8547-08f9-43e3-8abc-68a7faf89d71
UT,2022,29,upper,UT 2022 State Senate,UT 2022 State Senate,cfd457c9-6d3e-496d-9377-4b68de384a57,NA,NA,https://davesredistricting.org/maps#viewmap::cfd457c9-6d3e-496d-9377-4b68de384a57
UT,2026,4,congress,UT 2026 Congressional,UT 2026 Congressional,6837b2c1-45d1-42e7-a66d-7f3f1aa1b0b1,NA,NA,https://davesredistricting.org/maps#viewmap::6837b2c1-45d1-42e7-a66d-7f3f1aa1b0b1
VA,115,11,congress,Districts for the 116th US Congress,VA 116th Congressional,5b68be53-e6bc-4c73-bc83-f91737056fda,893fc4ce-7d63-4e13-b17b-6c177f7e7bab.png,NA,https://davesredistricting.org/maps#viewmap::5b68be53-e6bc-4c73-bc83-f91737056fda
VA,116,11,congress,Districts for the 116th US Congress,VA 116th Congressional,5b68be53-e6bc-4c73-bc83-f91737056fda,893fc4ce-7d63-4e13-b17b-6c177f7e7bab.png,NA,https://davesredistricting.org/maps#viewmap::5b68be53-e6bc-4c73-bc83-f91737056fda
VA,2018,100,lower,Districts for the 2018 Lower State House,VA 2018 Lower State House,e3c011c1-df02-42a4-bb6e-1db1a137a734,909fe6c5-cebe-450e-8588-68d6498a5faa.png,NA,https://davesredistricting.org/maps#viewmap::e3c011c1-df02-42a4-bb6e-1db1a137a734
VA,2018,40,upper,Districts for the 2018 Upper State House,VA 2018 Upper State House,caa0ac18-8c6b-414f-a0bb-5f853eb98220,99f8b3a8-5737-443f-a815-4ca1f4e63509.png,NA,https://davesredistricting.org/maps#viewmap::caa0ac18-8c6b-414f-a0bb-5f853eb98220
VA,2020,11,congress,VA 2020 Congressional,VA 2020 Congressional,28033d62-2027-4661-95d0-557621f823e9,NA,NA,https://davesredistricting.org/maps#viewmap::28033d62-2027-4661-95d0-557621f823e9
VA,2020,100,lower,VA 2020 State House,VA 2020 State House,b3ec72b3-0825-4baf-adb9-024486acd234,NA,NA,https://davesredistricting.org/maps#viewmap::b3ec72b3-0825-4baf-adb9-024486acd234
VA,2020,40,upper,VA 2020 State Senate,VA 2020 State Senate,51e12bec-1f75-4a73-9cc3-975b959e293b,NA,NA,https://davesredistricting.org/maps#viewmap::51e12bec-1f75-4a73-9cc3-975b959e293b
VA,2022,11,congress,VA 2022 Congressional,VA 2022 Congressional,bc930c25-236f-46a7-bbe9-d8d77e21d011,NA,NA,https://davesredistricting.org/maps#viewmap::bc930c25-236f-46a7-bbe9-d8d77e21d011
VA,2022,100,lower,VA 2022 State House,VA 2022 State House,fa427b6b-e057-43e9-8000-9d1ae319870e,NA,NA,https://davesredistricting.org/maps#viewmap::fa427b6b-e057-43e9-8000-9d1ae319870e
VA,2022,40,upper,VA 2022 State Senate,VA 2022 State Senate,1b489a5a-f457-428d-b552-9ede8ceb9b99,NA,NA,https://davesredistricting.org/maps#viewmap::1b489a5a-f457-428d-b552-9ede8ceb9b99
VT,2018,104,lower,Districts for the 2018 Lower State House,VT 2018 Lower State House,48582d9b-ef19-49ef-90dc-229c6a38e808,431026e8-e96c-4399-9f24-a20fbc6f7e38.png,NA,https://davesredistricting.org/maps#viewmap::48582d9b-ef19-49ef-90dc-229c6a38e808
VT,2018,13,upper,Districts for the 2018 Upper State House,VT 2018 Upper State House,44092b13-bf69-4100-b17b-084cd468f40f,5b2f62f1-c005-4697-b219-10b89b697a45.png,NA,https://davesredistricting.org/maps#viewmap::44092b13-bf69-4100-b17b-084cd468f40f
VT,2020,104,lower,VT 2020 State House,VT 2020 State House,a1d50f6d-9296-43a9-ba86-1432b672a86a,NA,NA,https://davesredistricting.org/maps#viewmap::a1d50f6d-9296-43a9-ba86-1432b672a86a
VT,2020,13,upper,VT 2020 State Senate,VT 2020 State Senate,2826505f-ebf3-40dc-ab8b-099ecc3ff8e4,NA,NA,https://davesredistricting.org/maps#viewmap::2826505f-ebf3-40dc-ab8b-099ecc3ff8e4
VT,2022,104,lower,VT 2022 State House,VT 2022 State House,b627a7e1-8c66-4425-80f4-2f2958381ee0,NA,NA,https://davesredistricting.org/maps#viewmap::b627a7e1-8c66-4425-80f4-2f2958381ee0
VT,2022,13,upper,VT 2022 State Senate,VT 2022 State Senate,1cdffaa1-c558-45d1-83f3-8d1dd5f7f203,NA,NA,https://davesredistricting.org/maps#viewmap::1cdffaa1-c558-45d1-83f3-8d1dd5f7f203
WA,115,10,congress,Districts for the 116th US Congress,WA 116th Congressional,1ecd2316-a828-4da3-8fd6-52bfc6345df2,dcc3eea9-707f-47dd-9dac-c9592b693f2e.png,NA,https://davesredistricting.org/maps#viewmap::1ecd2316-a828-4da3-8fd6-52bfc6345df2
WA,116,10,congress,Districts for the 116th US Congress,WA 116th Congressional,1ecd2316-a828-4da3-8fd6-52bfc6345df2,dcc3eea9-707f-47dd-9dac-c9592b693f2e.png,NA,https://davesredistricting.org/maps#viewmap::1ecd2316-a828-4da3-8fd6-52bfc6345df2
WA,2018,49,lower,Districts for the 2018 Lower State House,WA 2018 Lower State House,333ad7d0-2466-422c-8fab-0b822b9ef158,dc9208f8-5792-4f15-bcc1-f2dc71899861.png,NA,https://davesredistricting.org/maps#viewmap::333ad7d0-2466-422c-8fab-0b822b9ef158
WA,2018,49,upper,Districts for the 2018 Lower State House,WA 2018 Lower State House,333ad7d0-2466-422c-8fab-0b822b9ef158,dc9208f8-5792-4f15-bcc1-f2dc71899861.png,NA,https://davesredistricting.org/maps#viewmap::333ad7d0-2466-422c-8fab-0b822b9ef158
WA,2020,10,congress,WA 2020 Congressional,WA 2020 Congressional,66454011-b7c9-4302-a075-0e1146d07d54,NA,NA,https://davesredistricting.org/maps#viewmap::66454011-b7c9-4302-a075-0e1146d07d54
WA,2020,49,upper,WA 2020 State Legislatures,WA 2020 State Legislatures,e68b6091-ab0b-4ff4-85ed-7ceb86d89053,NA,NA,https://davesredistricting.org/maps#viewmap::e68b6091-ab0b-4ff4-85ed-7ceb86d89053
WA,2022,10,congress,WA 2022 Congressional,WA 2022 Congressional,3dd8f07d-8f9b-4905-a155-573bdc084b06,NA,NA,https://davesredistricting.org/maps#viewmap::3dd8f07d-8f9b-4905-a155-573bdc084b06
WA,2022,49,upper,WA 2022 State Legislatures,WA 2022 State Legislatures,3e3c5f5c-3a83-4847-b1d8-5328fb3b9e31,NA,NA,https://davesredistricting.org/maps#viewmap::3e3c5f5c-3a83-4847-b1d8-5328fb3b9e31
WA,2024,49,upper,WA 2024 State Legislatures,WA 2024 State Legislatures,bab1e382-9bf0-4d3f-84df-7310e9b04184,NA,NA,https://davesredistricting.org/maps#viewmap::bab1e382-9bf0-4d3f-84df-7310e9b04184
WI,115,8,congress,Districts for the 116th US Congress,WI 116th Congressional,d604d323-9bba-4ab1-a794-2f32ff7932b0,2efc10ae-12d7-449e-8e52-145e329a5ae4.png,NA,https://davesredistricting.org/maps#viewmap::d604d323-9bba-4ab1-a794-2f32ff7932b0
WI,116,8,congress,Districts for the 116th US Congress,WI 116th Congressional,d604d323-9bba-4ab1-a794-2f32ff7932b0,2efc10ae-12d7-449e-8e52-145e329a5ae4.png,NA,https://davesredistricting.org/maps#viewmap::d604d323-9bba-4ab1-a794-2f32ff7932b0
WI,2018,99,lower,Districts for the 2018 Lower State House,WI 2018 Lower State House,eed28c2e-d221-4c13-bff4-ad2f0cd7a773,c5e19324-6797-49f3-b88c-11c3109b34a2.png,NA,https://davesredistricting.org/maps#viewmap::eed28c2e-d221-4c13-bff4-ad2f0cd7a773
WI,2018,33,upper,Districts for the 2018 Upper State House,WI 2018 Upper State House,75d8e83e-469c-4888-9fd4-c3d4df70802a,39d286b7-d164-409f-b66f-b2f775298440.png,NA,https://davesredistricting.org/maps#viewmap::75d8e83e-469c-4888-9fd4-c3d4df70802a
WI,2020,8,congress,WI 2020 Congressional,WI 2020 Congressional,7d07ec5b-34c7-42a4-bd43-cc076bf366d6,NA,NA,https://davesredistricting.org/maps#viewmap::7d07ec5b-34c7-42a4-bd43-cc076bf366d6
WI,2020,99,lower,WI 2020 State House,WI 2020 State House,a355b8c9-3876-46ac-95f6-02fe5cff742c,NA,NA,https://davesredistricting.org/maps#viewmap::a355b8c9-3876-46ac-95f6-02fe5cff742c
WI,2020,33,upper,WI 2020 State Senate,WI 2020 State Senate,a10ad20a-38fe-4b45-a33d-f6a7658ded24,NA,NA,https://davesredistricting.org/maps#viewmap::a10ad20a-38fe-4b45-a33d-f6a7658ded24
WI,2022,8,congress,WI 2022 Congressional,WI 2022 Congressional,aa64c8f5-837c-474f-819f-6eaa1094d776,NA,NA,https://davesredistricting.org/maps#viewmap::aa64c8f5-837c-474f-819f-6eaa1094d776
WI,2022,99,lower,WI 2022 State House,WI 2022 State House,6a8a362d-0c59-4d81-aea3-28cba004b502,NA,NA,https://davesredistricting.org/maps#viewmap::6a8a362d-0c59-4d81-aea3-28cba004b502
WI,2022,33,upper,WI 2022 State Senate,WI 2022 State Senate,cb8ed0b5-013f-4b1a-ba49-1b03445416c9,NA,NA,https://davesredistricting.org/maps#viewmap::cb8ed0b5-013f-4b1a-ba49-1b03445416c9
WI,2024,99,lower,WI 2024 State House,WI 2024 State House,c4f3821b-51c4-4f41-99d8-c4c9d67e116f,NA,NA,https://davesredistricting.org/maps#viewmap::c4f3821b-51c4-4f41-99d8-c4c9d67e116f
WI,2024,33,upper,WI 2024 State Senate,WI 2024 State Senate,1d0da539-5574-428f-8f96-6238b9509ea6,NA,NA,https://davesredistricting.org/maps#viewmap::1d0da539-5574-428f-8f96-6238b9509ea6
WV,115,3,congress,Districts for the 116th US Congress,WV 116th Congressional,c0cbb3ea-7c35-4bd3-be17-84a5626004e3,21a3e55a-0a4e-423b-9642-c3f20c6d3b44.png,NA,https://davesredistricting.org/maps#viewmap::c0cbb3ea-7c35-4bd3-be17-84a5626004e3
WV,116,3,congress,Districts for the 116th US Congress,WV 116th Congressional,c0cbb3ea-7c35-4bd3-be17-84a5626004e3,21a3e55a-0a4e-423b-9642-c3f20c6d3b44.png,NA,https://davesredistricting.org/maps#viewmap::c0cbb3ea-7c35-4bd3-be17-84a5626004e3
WV,2018,67,lower,Districts for the 2018 Lower State House,WV 2018 Lower State House,75694017-79d7-478f-92d1-c92316e04541,1f3a88e6-55db-4744-ab61-836dd3a1d235.png,NA,https://davesredistricting.org/maps#viewmap::75694017-79d7-478f-92d1-c92316e04541
WV,2018,17,upper,Districts for the 2018 Upper State House,WV 2018 Upper State House,4c7cdf16-5542-4788-a8fa-8c98c32bb365,fd76cd01-2146-429e-87b2-d683f143fe57.png,NA,https://davesredistricting.org/maps#viewmap::4c7cdf16-5542-4788-a8fa-8c98c32bb365
WV,2020,3,congress,WV 2020 Congressional,WV 2020 Congressional,8011bcb2-469b-4546-a6b8-27259586d5a3,NA,NA,https://davesredistricting.org/maps#viewmap::8011bcb2-469b-4546-a6b8-27259586d5a3
WV,2020,67,lower,WV 2020 State House,WV 2020 State House,a63592c7-2f60-4f52-b209-43765ee91f6e,NA,NA,https://davesredistricting.org/maps#viewmap::a63592c7-2f60-4f52-b209-43765ee91f6e
WV,2020,17,upper,WV 2020 State Senate,WV 2020 State Senate,66a6d69d-bcd7-44ab-a986-db9dba972e0a,NA,NA,https://davesredistricting.org/maps#viewmap::66a6d69d-bcd7-44ab-a986-db9dba972e0a
WV,2022,2,congress,WV 2022 Congressional,WV 2022 Congressional,aaaa571f-f204-4cbe-bcf1-404db0519d36,NA,NA,https://davesredistricting.org/maps#viewmap::aaaa571f-f204-4cbe-bcf1-404db0519d36
WV,2022,67,lower,WV 2022 State House,WV 2022 State House,bd6eb9ac-ac94-465f-82d6-4e086307d5e5,NA,NA,https://davesredistricting.org/maps#viewmap::bd6eb9ac-ac94-465f-82d6-4e086307d5e5
WV,2022,17,upper,WV 2022 State Senate,WV 2022 State Senate,c3ca956f-0b1d-4750-894d-b2e9dadc642c,NA,NA,https://davesredistricting.org/maps#viewmap::c3ca956f-0b1d-4750-894d-b2e9dadc642c
WY,2018,60,lower,Districts for the 2018 Lower State House,WY 2018 Lower State House,bf6e11ff-1f0f-476f-9e59-a71e9e9a37d4,5541b188-0697-4a4f-a715-b814b725f2ff.png,NA,https://davesredistricting.org/maps#viewmap::bf6e11ff-1f0f-476f-9e59-a71e9e9a37d4
WY,2018,30,upper,Districts for the 2018 Upper State House,WY 2018 Upper State House,f6a301b6-f0f1-4ca1-b0a2-6042bce68915,9fe8bc3d-95f9-4f2a-b101-7cb3d83b586f.png,NA,https://davesredistricting.org/maps#viewmap::f6a301b6-f0f1-4ca1-b0a2-6042bce68915
WY,2020,60,lower,WY 2020 State House,WY 2020 State House,0595f457-19bb-4433-8b08-e4e961309963,NA,NA,https://davesredistricting.org/maps#viewmap::0595f457-19bb-4433-8b08-e4e961309963
WY,2020,30,upper,WY 2020 State Senate,WY 2020 State Senate,ba7ba269-14e2-4936-a04a-6cd2a57182f0,NA,NA,https://davesredistricting.org/maps#viewmap::ba7ba269-14e2-4936-a04a-6cd2a57182f0
WY,2022,62,lower,WY 2022 State House,WY 2022 State House,483d3157-343b-451f-9a0e-aebef749205f,NA,NA,https://davesredistricting.org/maps#viewmap::483d3157-343b-451f-9a0e-aebef749205f
WY,2022,31,upper,WY 2022 State Senate,WY 2022 State Senate,e2618faf-bad1-4bb1-9a85-7e1c2ccdef91,NA,NA,https://davesredistricting.org/maps#viewmap::e2618faf-bad1-4bb1-9a85-7e1c2ccdef91
DC,2012,8,upper,Wards for 2012 Council,DC 2012 Council,b187c749-1cc0-44ca-bdec-cc72052f1567,NA,NA,https://davesredistricting.org/maps#viewmap::b187c749-1cc0-44ca-bdec-cc72052f1567
DC,2022,8,upper,Wards for 2022 Council,DC 2022 Council,0085842e-3e38-4a72-9df2-7374a1f5250e,NA,NA,https://davesredistricting.org/maps#viewmap::0085842e-3e38-4a72-9df2-7374a1f5250e
